date,Actual Usage (kWh),Predicted Usage (kWh)
2018-10-21 00:00:00,3.31,2.6826693770848213
2018-10-21 00:15:00,2.74,3.410865979902446
2018-10-21 00:30:00,2.74,4.119621565183625
2018-10-21 00:45:00,2.77,4.387442432912066
2018-10-21 01:00:00,2.81,4.4326218492817135
2018-10-21 01:15:00,2.84,4.143765970952809
2018-10-21 01:30:00,2.77,4.236451797792688
2018-10-21 01:45:00,2.74,4.3781865230202675
2018-10-21 02:00:00,2.77,4.443981470745057
2018-10-21 02:15:00,2.77,4.346474088551477
2018-10-21 02:30:00,2.74,4.148244252223521
2018-10-21 02:45:00,3.13,3.910123750064522
2018-10-21 03:00:00,3.85,3.5473160244803874
2018-10-21 03:15:00,3.89,3.2860756058432163
2018-10-21 03:30:00,2.92,2.940572907794267
2018-10-21 03:45:00,2.74,3.1185716067627074
2018-10-21 04:00:00,2.81,3.5604574152641
2018-10-21 04:15:00,2.81,3.629509817911312
2018-10-21 04:30:00,2.77,3.5010120556876063
2018-10-21 04:45:00,2.77,3.8204666223190724
2018-10-21 05:00:00,2.81,4.462979010725394
2018-10-21 05:15:00,2.77,5.247564205825328
2018-10-21 05:30:00,2.81,6.345696032531559
2018-10-21 05:45:00,2.81,7.463618746884166
2018-10-21 06:00:00,2.81,8.89332807637751
2018-10-21 06:15:00,2.74,10.270563906431198
2018-10-21 06:30:00,2.74,12.658277382180094
2018-10-21 06:45:00,3.06,14.749484009370207
2018-10-21 07:00:00,3.31,17.141896101757883
2018-10-21 07:15:00,2.74,18.77411580838263
2018-10-21 07:30:00,2.77,20.656353565678
2018-10-21 07:45:00,2.74,22.05182923465967
2018-10-21 08:00:00,3.42,23.56154135391116
2018-10-21 08:15:00,3.17,25.065907042473555
2018-10-21 08:30:00,2.74,26.612916185557843
2018-10-21 08:45:00,2.88,27.761489374041556
2018-10-21 09:00:00,3.02,28.007651976794005
2018-10-21 09:15:00,2.99,26.778253600299358
2018-10-21 09:30:00,3.06,24.30003365308046
2018-10-21 09:45:00,3.56,22.090895677804948
2018-10-21 10:00:00,3.35,19.359812687188388
2018-10-21 10:15:00,2.99,17.040805673524737
2018-10-21 10:30:00,2.99,13.84737880565226
2018-10-21 10:45:00,2.99,10.930018400549889
2018-10-21 11:00:00,3.02,7.974804098531603
2018-10-21 11:15:00,2.95,5.535000534951687
2018-10-21 11:30:00,2.95,2.302584972847253
2018-10-21 11:45:00,3.02,-0.19489986395463343
2018-10-21 12:00:00,2.99,-2.6934953594207762
2018-10-21 12:15:00,3.1,-4.493237309455871
2018-10-21 12:30:00,3.02,-5.683405324518681
2018-10-21 12:45:00,3.1,-6.456615741327405
2018-10-21 13:00:00,3.5299999999999994,-6.97140224300325
2018-10-21 13:15:00,3.49,-7.177538470178843
2018-10-21 13:30:00,2.99,-6.812064686641097
2018-10-21 13:45:00,3.31,-6.007780527248979
2018-10-21 14:00:00,3.64,-4.7551428040862085
2018-10-21 14:15:00,3.02,-3.1842375184595584
2018-10-21 14:30:00,2.99,-0.9962840169481932
2018-10-21 14:45:00,3.06,1.6045706665888428
2018-10-21 15:00:00,2.99,4.501741755949333
2018-10-21 15:15:00,3.13,7.034674343243241
2018-10-21 15:30:00,3.8200000000000003,7.294608327522873
2018-10-21 15:45:00,10.37,7.118496653623878
2018-10-21 16:00:00,24.88,6.6296120480448
2018-10-21 16:15:00,24.62,6.446432801447808
2018-10-21 16:30:00,20.41,6.293339858166873
2018-10-21 16:45:00,3.92,6.45323091942817
2018-10-21 17:00:00,4.75,6.6459833869151765
2018-10-21 17:15:00,3.49,6.870109926722943
2018-10-21 17:30:00,2.95,7.11250184752047
2018-10-21 17:45:00,2.95,7.046022316403686
2018-10-21 18:00:00,2.95,7.142546048536897
2018-10-21 18:15:00,2.99,7.017308548055588
2018-10-21 18:30:00,2.99,6.961706567071378
2018-10-21 18:45:00,3.02,6.665285607203841
2018-10-21 19:00:00,3.02,6.961030684821307
2018-10-21 19:15:00,3.06,9.174938008598982
2018-10-21 19:30:00,3.1,11.591735191568732
2018-10-21 19:45:00,3.02,14.16452700830996
2018-10-21 20:00:00,2.99,15.279834889173507
2018-10-21 20:15:00,3.49,15.778607921525836
2018-10-21 20:30:00,3.71,16.074852051734926
2018-10-21 20:45:00,3.24,16.017326837703585
2018-10-21 21:00:00,3.28,15.575030391439794
2018-10-21 21:15:00,3.67,14.778242686837912
2018-10-21 21:30:00,3.31,13.575833568498492
2018-10-21 21:45:00,3.02,12.025525850579141
2018-10-21 22:00:00,3.06,10.007432954199611
2018-10-21 22:15:00,2.88,7.6887301998212925
2018-10-21 22:30:00,2.88,4.9482589577510945
2018-10-21 22:45:00,2.84,2.092629225049168
2018-10-21 23:00:00,2.81,-1.1475463522411882
2018-10-21 23:15:00,2.81,-4.412587267011404
2018-10-21 23:30:00,2.81,-7.351591622307897
2018-10-21 23:45:00,3.2,-6.9994816700369125
2018-10-22 00:00:00,3.67,-4.424622911065817
2018-10-22 00:15:00,2.81,-3.2337531910091637
2018-10-22 00:30:00,2.81,-1.490792367029935
2018-10-22 00:45:00,2.88,-1.180684230234474
2018-10-22 01:00:00,2.88,-1.1053469366393982
2018-10-22 01:15:00,2.88,0.2762254302762449
2018-10-22 01:30:00,2.84,1.4392492507211865
2018-10-22 01:45:00,2.99,2.3460334233380853
2018-10-22 02:00:00,3.5299999999999994,3.08281215891242
2018-10-22 02:15:00,3.13,3.6981597225740552
2018-10-22 02:30:00,2.88,3.8619966113567354
2018-10-22 02:45:00,2.88,4.055837703971192
2018-10-22 03:00:00,3.4599999999999995,2.72396275119856
2018-10-22 03:15:00,3.24,3.3973401951231064
2018-10-22 03:30:00,2.92,3.8470796262566003
2018-10-22 03:45:00,2.92,3.5886579565797003
2018-10-22 04:00:00,2.95,2.297193913720548
2018-10-22 04:15:00,2.88,0.9264954480715096
2018-10-22 04:30:00,2.92,-0.6309348562173545
2018-10-22 04:45:00,2.92,-2.139370995108038
2018-10-22 05:00:00,2.88,-3.6563367792218924
2018-10-22 05:15:00,2.88,-5.024755826368929
2018-10-22 05:30:00,2.84,-3.696108295544982
2018-10-22 05:45:00,2.84,-3.47669805534184
2018-10-22 06:00:00,2.84,-2.631069437712431
2018-10-22 06:15:00,2.81,-1.6082184875197707
2018-10-22 06:30:00,3.89,1.654999397676438
2018-10-22 06:45:00,4.1,6.801948549076914
2018-10-22 07:00:00,2.84,13.598016428127885
2018-10-22 07:15:00,2.99,20.29083936393261
2018-10-22 07:30:00,3.6,26.867568857371808
2018-10-22 07:45:00,3.92,32.636136288940904
2018-10-22 08:00:00,3.9599999999999995,38.18876270979643
2018-10-22 08:15:00,13.5,44.059381624758245
2018-10-22 08:30:00,43.52,49.50682190567255
2018-10-22 08:45:00,48.349999999999994,57.89149824529886
2018-10-22 09:00:00,61.129999999999995,65.34295409768819
2018-10-22 09:15:00,47.41,74.61812438815832
2018-10-22 09:30:00,48.38,80.48901724874975
2018-10-22 09:45:00,49.1,82.88258350551129
2018-10-22 10:00:00,53.6,80.6605161947012
2018-10-22 10:15:00,49.39,77.24120319157839
2018-10-22 10:30:00,40.75,73.96765171796083
2018-10-22 10:45:00,41.94,67.60557434350252
2018-10-22 11:00:00,63.97,61.4232681748271
2018-10-22 11:15:00,58.1,57.49931139469147
2018-10-22 11:30:00,94.0,54.40507305383682
2018-10-22 11:45:00,88.42,54.2460633340478
2018-10-22 12:00:00,112.61,54.452200683951375
2018-10-22 12:15:00,5.44,58.38693565279245
2018-10-22 12:30:00,5.26,56.909960036277774
2018-10-22 12:45:00,4.61,50.02582761913538
2018-10-22 13:00:00,4.46,46.340975973606106
2018-10-22 13:15:00,25.56,43.9625081628561
2018-10-22 13:30:00,63.11,43.05766574829817
2018-10-22 13:45:00,120.27999999999999,49.51261967301369
2018-10-22 14:00:00,85.97,61.366291974782946
2018-10-22 14:15:00,99.97,68.82296177595853
2018-10-22 14:30:00,105.73,77.43702940762044
2018-10-22 14:45:00,92.56,83.46520747780801
2018-10-22 15:00:00,65.63,89.24025080442429
2018-10-22 15:15:00,40.43,90.39742408931257
2018-10-22 15:30:00,47.84,89.98561644434929
2018-10-22 15:45:00,46.50999999999999,86.28697320818902
2018-10-22 16:00:00,50.65,83.92225656986237
2018-10-22 16:15:00,52.38,79.26686944961548
2018-10-22 16:30:00,51.12,76.83096287488938
2018-10-22 16:45:00,52.52,73.43483195930719
2018-10-22 17:00:00,42.01,71.26535771846771
2018-10-22 17:15:00,55.66,68.10861486494541
2018-10-22 17:30:00,52.13,65.26558915734292
2018-10-22 17:45:00,32.04,62.56238799363375
2018-10-22 18:00:00,30.67,59.02588464289904
2018-10-22 18:15:00,40.1,53.585575930178166
2018-10-22 18:30:00,93.01999999999998,49.41416990101337
2018-10-22 18:45:00,82.26,50.446819179058075
2018-10-22 19:00:00,105.08,51.60002698868513
2018-10-22 19:15:00,76.18,54.664926201701164
2018-10-22 19:30:00,95.22,55.91846547544002
2018-10-22 19:45:00,46.15,57.19963733047247
2018-10-22 20:00:00,62.17,56.43840978950262
2018-10-22 20:15:00,65.59,51.22649987727404
2018-10-22 20:30:00,69.84,46.756358384490014
2018-10-22 20:45:00,61.6,40.90660424649715
2018-10-22 21:00:00,17.06,36.30150635838508
2018-10-22 21:15:00,5.51,32.202967621237036
2018-10-22 21:30:00,4.07,28.292550940662622
2018-10-22 21:45:00,4.1,24.00278692677617
2018-10-22 22:00:00,4.0,19.396495578810573
2018-10-22 22:15:00,3.85,14.982192962616681
2018-10-22 22:30:00,3.8200000000000003,10.132123686149717
2018-10-22 22:45:00,3.74,5.686871108133345
2018-10-22 23:00:00,3.71,0.7848936257697642
2018-10-22 23:15:00,4.61,-3.6525251176953315
2018-10-22 23:30:00,4.32,-8.361777358725668
2018-10-22 23:45:00,3.6,-9.419108688905835
2018-10-23 00:00:00,4.82,-6.663642291799188
2018-10-23 00:15:00,3.64,-5.124843658506871
2018-10-23 00:30:00,3.6,-3.2371842477470634
2018-10-23 00:45:00,3.71,-2.3130129481107
2018-10-23 01:00:00,3.71,-1.3521090761385857
2018-10-23 01:15:00,3.71,0.781839805636555
2018-10-23 01:30:00,3.67,2.8891626317612826
2018-10-23 01:45:00,3.67,3.9531995952036234
2018-10-23 02:00:00,3.64,5.193008607327938
2018-10-23 02:15:00,3.71,5.8776874312013385
2018-10-23 02:30:00,3.8200000000000003,6.472164323572069
2018-10-23 02:45:00,4.86,6.918739486206323
2018-10-23 03:00:00,4.1,6.5238566850125785
2018-10-23 03:15:00,3.38,6.456702113691717
2018-10-23 03:30:00,3.06,6.3310674481838936
2018-10-23 03:45:00,3.1,5.298902065902948
2018-10-23 04:00:00,3.2,3.6546345055568965
2018-10-23 04:15:00,3.1,2.087460185382515
2018-10-23 04:30:00,3.02,-0.12334504095837469
2018-10-23 04:45:00,3.1,-1.853254432734102
2018-10-23 05:00:00,3.1,-4.161803515851497
2018-10-23 05:15:00,3.1,-5.707673090025783
2018-10-23 05:30:00,3.38,-7.223149294778705
2018-10-23 05:45:00,3.64,-6.880314198434354
2018-10-23 06:00:00,4.68,-6.175664289072157
2018-10-23 06:15:00,4.32,-5.133277591168881
2018-10-23 06:30:00,2.99,-2.775929416641593
2018-10-23 06:45:00,3.06,1.4979581007361413
2018-10-23 07:00:00,2.95,8.4291709934175
2018-10-23 07:15:00,3.02,14.269090034216642
2018-10-23 07:30:00,3.17,22.743068158179522
2018-10-23 07:45:00,4.0,27.992129139602184
2018-10-23 08:00:00,4.68,35.17058245390653
2018-10-23 08:15:00,37.33,40.565043446421626
2018-10-23 08:30:00,81.86,49.14154010862112
2018-10-23 08:45:00,86.98,63.93717290848493
2018-10-23 09:00:00,68.76,76.14061539739372
2018-10-23 09:15:00,66.85,88.73150233387948
2018-10-23 09:30:00,66.67,93.8196966034174
2018-10-23 09:45:00,56.47999999999999,94.8162120038271
2018-10-23 10:00:00,46.62,89.20396423578264
2018-10-23 10:15:00,52.24,84.62047661602497
2018-10-23 10:30:00,47.02,75.01334260433912
2018-10-23 10:45:00,44.32,68.8195576646924
2018-10-23 11:00:00,48.17,60.51843923300505
2018-10-23 11:15:00,54.0,56.36692794382572
2018-10-23 11:30:00,62.32,52.55790707349777
2018-10-23 11:45:00,69.05,51.82362949520349
2018-10-23 12:00:00,91.3,49.897895010113714
2018-10-23 12:15:00,12.85,52.900824128985406
2018-10-23 12:30:00,4.82,49.969138837456704
2018-10-23 12:45:00,4.64,45.99705744475126
2018-10-23 13:00:00,4.25,41.88276683390141
2018-10-23 13:15:00,48.349999999999994,41.85870901852846
2018-10-23 13:30:00,89.89,44.7522035947442
2018-10-23 13:45:00,96.40999999999998,55.38466220706701
2018-10-23 14:00:00,55.76,63.16222114056349
2018-10-23 14:15:00,64.37,69.44931375801563
2018-10-23 14:30:00,118.48,72.3679978594184
2018-10-23 14:45:00,110.23,81.95975498855115
2018-10-23 15:00:00,55.44,85.45352282106877
2018-10-23 15:15:00,78.48000000000002,88.46593674600125
2018-10-23 15:30:00,84.1,87.62359435319901
2018-10-23 15:45:00,53.5,89.28391145050526
2018-10-23 16:00:00,74.52,87.23661246955396
2018-10-23 16:15:00,58.64,85.57247809708119
2018-10-23 16:30:00,46.800000000000004,83.00922722280026
2018-10-23 16:45:00,44.57000000000001,80.47655945897102
2018-10-23 17:00:00,66.74,75.48892119914294
2018-10-23 17:15:00,55.370000000000005,73.67558076769113
2018-10-23 17:30:00,51.440000000000005,69.86600751519204
2018-10-23 17:45:00,31.0,67.21605509459972
2018-10-23 18:00:00,31.1,61.69191901922226
2018-10-23 18:15:00,74.05,56.473075138926504
2018-10-23 18:30:00,125.28,54.27142800480127
2018-10-23 18:45:00,75.63999999999999,59.42750689953566
2018-10-23 19:00:00,47.02,59.43918327063322
2018-10-23 19:15:00,63.58,59.64528918415308
2018-10-23 19:30:00,59.26,57.1171752050519
2018-10-23 19:45:00,70.74,56.493634533882144
2018-10-23 20:00:00,51.59000000000001,52.097045197188855
2018-10-23 20:15:00,61.2,48.53271166503429
2018-10-23 20:30:00,55.510000000000005,42.02473354279995
2018-10-23 20:45:00,62.75,38.73767116054893
2018-10-23 21:00:00,34.09,35.64308701947331
2018-10-23 21:15:00,32.98,33.61740953415632
2018-10-23 21:30:00,29.99,29.83106776922941
2018-10-23 21:45:00,29.88,27.149838392287492
2018-10-23 22:00:00,37.48,22.478928434848786
2018-10-23 22:15:00,62.5,19.341218066215514
2018-10-23 22:30:00,92.99,15.957900845184922
2018-10-23 22:45:00,76.1,14.51294430822134
2018-10-23 23:00:00,71.17,11.570590855330229
2018-10-23 23:15:00,32.33,10.264164918251335
2018-10-23 23:30:00,17.93,9.417414133995772
2018-10-23 23:45:00,6.37,8.873382813632487
2018-10-24 00:00:00,2.92,8.086925890631973
2018-10-24 00:15:00,4.86,5.84255839511752
2018-10-24 00:30:00,4.9,5.390444534625858
2018-10-24 00:45:00,3.89,4.941857162751257
2018-10-24 01:00:00,3.8200000000000003,5.209588212240487
2018-10-24 01:15:00,3.74,4.4073332433495676
2018-10-24 01:30:00,3.74,5.459993323385715
2018-10-24 01:45:00,3.78,5.36861786045134
2018-10-24 02:00:00,3.74,5.966699551716446
2018-10-24 02:15:00,3.78,6.205563580486923
2018-10-24 02:30:00,3.78,5.976831049099564
2018-10-24 02:45:00,3.78,6.034127226620912
2018-10-24 03:00:00,3.78,5.188617056794464
2018-10-24 03:15:00,3.74,4.260258683459833
2018-10-24 03:30:00,3.78,4.226939905919135
2018-10-24 03:45:00,3.8200000000000003,4.390013760691509
2018-10-24 04:00:00,4.68,2.9410402433201672
2018-10-24 04:15:00,4.72,1.6328246778249742
2018-10-24 04:30:00,3.2,-0.1042794355936348
2018-10-24 04:45:00,3.24,-1.5489277837239206
2018-10-24 05:00:00,3.24,-3.551585135012865
2018-10-24 05:15:00,3.17,-5.06312393270433
2018-10-24 05:30:00,3.13,-6.890930714309216
2018-10-24 05:45:00,3.13,-7.140622051134706
2018-10-24 06:00:00,3.13,-7.051521235108376
2018-10-24 06:15:00,3.2,-6.752131221070886
2018-10-24 06:30:00,3.1,-5.681913219019771
2018-10-24 06:45:00,3.42,-3.600478816255927
2018-10-24 07:00:00,3.74,2.2816581651568413
2018-10-24 07:15:00,3.64,7.94369948092848
2018-10-24 07:30:00,3.78,16.204500189125536
2018-10-24 07:45:00,5.4,22.00726142436266
2018-10-24 08:00:00,4.18,28.64499995678663
2018-10-24 08:15:00,34.16,33.516516706049444
2018-10-24 08:30:00,58.75,41.375262345969674
2018-10-24 08:45:00,68.98,53.1706336286664
2018-10-24 09:00:00,44.21,66.21861007541418
2018-10-24 09:15:00,43.85,74.90602777212858
2018-10-24 09:30:00,66.53,79.96870917081834
2018-10-24 09:45:00,52.67,86.62723164379598
2018-10-24 10:00:00,49.57,83.37173363626005
2018-10-24 10:15:00,80.78,81.66686669230462
2018-10-24 10:30:00,129.85,77.97711546182633
2018-10-24 10:45:00,90.43,80.47627204060555
2018-10-24 11:00:00,111.89,74.18838453173638
2018-10-24 11:15:00,91.55,72.75795272678137
2018-10-24 11:30:00,59.36,68.57943758398294
2018-10-24 11:45:00,61.63,66.21735262006521
2018-10-24 12:00:00,44.419999999999995,61.283766976594926
2018-10-24 12:15:00,5.290000000000001,57.27253830432892
2018-10-24 12:30:00,5.1499999999999995,52.13973580628633
2018-10-24 12:45:00,5.44,46.11099637210369
2018-10-24 13:00:00,4.75,42.06110543876886
2018-10-24 13:15:00,31.21,41.56613059520721
2018-10-24 13:30:00,54.07,44.098039394915105
2018-10-24 13:45:00,60.3,51.273605052828785
2018-10-24 14:00:00,69.52,57.29473239123821
2018-10-24 14:15:00,52.99000000000001,63.98302062869072
2018-10-24 14:30:00,54.07,68.46094936281443
2018-10-24 14:45:00,59.83,72.92571972489357
2018-10-24 15:00:00,51.19,73.19808455348014
2018-10-24 15:15:00,57.96,74.42282360881568
2018-10-24 15:30:00,55.33,73.77139886528253
2018-10-24 15:45:00,59.69,73.94872701495886
2018-10-24 16:00:00,46.87,72.26856906861067
2018-10-24 16:15:00,56.99,71.1062447077036
2018-10-24 16:30:00,55.48,68.44656497180462
2018-10-24 16:45:00,52.13,67.74717728853226
2018-10-24 17:00:00,56.23,65.22796878784895
2018-10-24 17:15:00,57.78,64.23434553474188
2018-10-24 17:30:00,62.28,61.687257452607156
2018-10-24 17:45:00,52.92,59.24485701918602
2018-10-24 18:00:00,33.52,56.38060277074575
2018-10-24 18:15:00,15.91,53.59347993522882
2018-10-24 18:30:00,3.89,47.69965198725462
2018-10-24 18:45:00,3.92,42.5824015173316
2018-10-24 19:00:00,3.89,38.23705348610878
2018-10-24 19:15:00,3.92,36.01534544825554
2018-10-24 19:30:00,3.8200000000000003,33.08139673709869
2018-10-24 19:45:00,3.85,29.70897559121251
2018-10-24 20:00:00,3.78,25.29288896024227
2018-10-24 20:15:00,4.72,21.01090208314359
2018-10-24 20:30:00,4.64,18.699251183271407
2018-10-24 20:45:00,3.85,17.39445600859821
2018-10-24 21:00:00,3.89,15.775615851432084
2018-10-24 21:15:00,3.8200000000000003,13.893582430630921
2018-10-24 21:30:00,3.8200000000000003,11.796213149502872
2018-10-24 21:45:00,3.92,9.357731036767364
2018-10-24 22:00:00,3.85,6.7146104159951205
2018-10-24 22:15:00,3.64,3.595780963972211
2018-10-24 22:30:00,3.56,0.5901598240621388
2018-10-24 22:45:00,3.64,-2.7890361431986093
2018-10-24 23:00:00,3.6,-5.84555306904018
2018-10-24 23:15:00,2.95,-8.676844023689629
2018-10-24 23:30:00,2.92,-10.65214694954455
2018-10-24 23:45:00,2.92,-9.003094182163478
2018-10-25 00:00:00,4.1,-6.236000813990832
2018-10-25 00:15:00,3.1,-3.9973328471183778
2018-10-25 00:30:00,3.67,-2.523687241822481
2018-10-25 00:45:00,3.02,-1.4366179346852004
2018-10-25 01:00:00,2.99,0.821189176235348
2018-10-25 01:15:00,2.95,3.570857384977862
2018-10-25 01:30:00,3.13,4.917764823492616
2018-10-25 01:45:00,3.02,6.209566667135804
2018-10-25 02:00:00,2.99,7.221905515156686
2018-10-25 02:15:00,2.99,8.632709228023886
2018-10-25 02:30:00,3.13,8.754567878618836
2018-10-25 02:45:00,3.71,8.643738907799124
2018-10-25 03:00:00,3.17,6.885353204645216
2018-10-25 03:15:00,3.02,6.788327051736414
2018-10-25 03:30:00,3.02,6.007558710779994
2018-10-25 03:45:00,3.49,5.009953141491859
2018-10-25 04:00:00,3.56,3.4921548545733097
2018-10-25 04:15:00,3.02,2.0021300513111053
2018-10-25 04:30:00,3.02,0.12122721759602433
2018-10-25 04:45:00,3.13,-1.7121774857677519
2018-10-25 05:00:00,3.1,-3.6798893669992685
2018-10-25 05:15:00,3.13,-5.384871951937676
2018-10-25 05:30:00,3.06,-7.837602605596185
2018-10-25 05:45:00,3.02,-8.038186942860484
2018-10-25 06:00:00,3.35,-7.024158108532429
2018-10-25 06:15:00,3.42,-5.540708842426539
2018-10-25 06:30:00,2.95,-2.616324651017785
2018-10-25 06:45:00,2.95,3.448628935851157
2018-10-25 07:00:00,2.95,10.64332531735301
2018-10-25 07:15:00,2.84,17.03364266894758
2018-10-25 07:30:00,2.92,23.237551246881484
2018-10-25 07:45:00,4.43,27.982502869814635
2018-10-25 08:00:00,5.9,32.85372097343206
2018-10-25 08:15:00,36.58,36.74532297834754
2018-10-25 08:30:00,54.36,43.07425966799259
2018-10-25 08:45:00,76.25,53.349883888661864
2018-10-25 09:00:00,74.56,68.24308624178171
2018-10-25 09:15:00,64.84,77.14784162282945
2018-10-25 09:30:00,55.26,84.72503402829172
2018-10-25 09:45:00,84.05999999999999,83.90467914044858
2018-10-25 10:00:00,67.79,81.3214975988865
2018-10-25 10:15:00,78.12,76.94231503695251
2018-10-25 10:30:00,58.72,72.25001262038946
2018-10-25 10:45:00,70.2,66.95299543559551
2018-10-25 11:00:00,67.43,61.87282193481922
2018-10-25 11:15:00,74.34,59.57699588596821
2018-10-25 11:30:00,58.93,56.74577678591013
2018-10-25 11:45:00,79.92,55.24384517163038
2018-10-25 12:00:00,52.45,53.5795985263586
2018-10-25 12:15:00,8.46,52.805670686364174
2018-10-25 12:30:00,5.83,49.027183526456355
2018-10-25 12:45:00,4.93,44.829285607635974
2018-10-25 13:00:00,4.68,40.89409256577492
2018-10-25 13:15:00,29.48,42.01684750139713
2018-10-25 13:30:00,50.26,43.35192826360464
2018-10-25 13:45:00,58.36,49.44755534052849
2018-10-25 14:00:00,59.14999999999999,53.70577069789171
2018-10-25 14:15:00,54.97,59.99677040874958
2018-10-25 14:30:00,60.16,63.2944111341238
2018-10-25 14:45:00,58.28,66.15240954220295
2018-10-25 15:00:00,60.23,65.90491089314223
2018-10-25 15:15:00,47.41,67.3247216913104
2018-10-25 15:30:00,47.38000000000001,66.24483251035214
2018-10-25 15:45:00,66.53,66.28096638798714
2018-10-25 16:00:00,66.28,65.85904071837663
2018-10-25 16:15:00,60.37,66.801790920794
2018-10-25 16:30:00,57.67,65.73213652819395
2018-10-25 16:45:00,57.42,64.91461989670992
2018-10-25 17:00:00,46.84,61.56590402960777
2018-10-25 17:15:00,60.19,58.68511424332857
2018-10-25 17:30:00,51.73,54.86479423850775
2018-10-25 17:45:00,29.84,52.83532866895199
2018-10-25 18:00:00,30.02,47.70659493714571
2018-10-25 18:15:00,51.98,42.93711170762777
2018-10-25 18:30:00,57.6,39.27226033851504
2018-10-25 18:45:00,65.12,39.41323680132628
2018-10-25 19:00:00,67.32,40.940932777524
2018-10-25 19:15:00,48.489999999999995,42.469239517748356
2018-10-25 19:30:00,51.300000000000004,43.287483676970005
2018-10-25 19:45:00,56.34,43.037366826236244
2018-10-25 20:00:00,57.06000000000001,41.20627831071615
2018-10-25 20:15:00,53.5,39.053907708078626
2018-10-25 20:30:00,56.66,35.99393502548337
2018-10-25 20:45:00,81.00000000000001,33.10594181641936
2018-10-25 21:00:00,75.02,32.154198562800886
2018-10-25 21:15:00,8.89,31.206930502951145
2018-10-25 21:30:00,4.07,28.94484243020415
2018-10-25 21:45:00,3.89,22.43702822625637
2018-10-25 22:00:00,3.89,17.804474025145172
2018-10-25 22:15:00,3.71,12.74838865339756
2018-10-25 22:30:00,3.64,9.030003368258475
2018-10-25 22:45:00,3.5299999999999994,4.557646733149886
2018-10-25 23:00:00,3.56,0.6146089101396501
2018-10-25 23:15:00,3.4599999999999995,-3.555639305785298
2018-10-25 23:30:00,3.5299999999999994,-7.17065053395927
2018-10-25 23:45:00,3.42,-7.236080875769258
2018-10-26 00:00:00,3.6,-4.741503904461861
2018-10-26 00:15:00,4.57,-3.360943676829338
2018-10-26 00:30:00,3.49,-1.7504327579401433
2018-10-26 00:45:00,3.5299999999999994,-1.4729988124780355
2018-10-26 01:00:00,3.49,-0.4440725004486739
2018-10-26 01:15:00,3.5299999999999994,1.8905365027301013
2018-10-26 01:30:00,3.5299999999999994,3.6518318958114833
2018-10-26 01:45:00,3.49,4.612739276308567
2018-10-26 02:00:00,3.49,5.838248242363333
2018-10-26 02:15:00,3.35,6.418075218554586
2018-10-26 02:30:00,2.92,7.290423920303582
2018-10-26 02:45:00,2.88,7.538289701417088
2018-10-26 03:00:00,2.88,6.138390203472226
2018-10-26 03:15:00,2.88,4.823585066720843
2018-10-26 03:30:00,2.95,4.365283711934462
2018-10-26 03:45:00,2.84,3.4371288330480456
2018-10-26 04:00:00,2.84,2.131851727385074
2018-10-26 04:15:00,2.92,0.6448389226384461
2018-10-26 04:30:00,2.88,-1.2025656373985112
2018-10-26 04:45:00,3.17,-2.8904005170613525
2018-10-26 05:00:00,3.5299999999999994,-4.835985955744982
2018-10-26 05:15:00,3.2,-6.347614571675659
2018-10-26 05:30:00,3.38,-7.874312442690134
2018-10-26 05:45:00,2.88,-8.312496336326003
2018-10-26 06:00:00,2.92,-7.53623659029603
2018-10-26 06:15:00,2.84,-6.368580394163728
2018-10-26 06:30:00,2.81,-4.251504991352558
2018-10-26 06:45:00,2.84,0.2481263555027545
2018-10-26 07:00:00,2.81,7.312492823041975
2018-10-26 07:15:00,2.84,13.192776741907
2018-10-26 07:30:00,3.28,20.83606189869344
2018-10-26 07:45:00,5.9,26.211293928921222
2018-10-26 08:00:00,5.54,32.20324156686664
2018-10-26 08:15:00,25.99,36.021432879418136
2018-10-26 08:30:00,100.69,41.67658008396626
2018-10-26 08:45:00,80.68,55.925637461841106
2018-10-26 09:00:00,104.65,70.12778726428748
2018-10-26 09:15:00,121.18,83.70599221348763
2018-10-26 09:30:00,106.06,93.91700568377972
2018-10-26 09:45:00,106.52000000000001,100.42350180506708
2018-10-26 10:00:00,122.69,98.76256496191026
2018-10-26 10:15:00,93.2,96.41858735501766
2018-10-26 10:30:00,52.45,90.92727984607221
2018-10-26 10:45:00,74.27,85.53302094459535
2018-10-26 11:00:00,60.26,77.27052435576917
2018-10-26 11:15:00,72.18,73.6261942088604
2018-10-26 11:30:00,72.9,68.63222825407982
2018-10-26 11:45:00,65.2,67.92970591425896
2018-10-26 12:00:00,60.23,64.74388440579176
2018-10-26 12:15:00,8.39,62.710570124685766
2018-10-26 12:30:00,4.32,58.96160622000694
2018-10-26 12:45:00,4.68,53.42591502815485
2018-10-26 13:00:00,4.28,50.414057976305486
2018-10-26 13:15:00,33.66,49.245383465886114
2018-10-26 13:30:00,66.02,50.99428380161524
2018-10-26 13:45:00,63.76,57.98863667100668
2018-10-26 14:00:00,68.11,62.72943644583225
2018-10-26 14:15:00,69.91,68.37017006844282
2018-10-26 14:30:00,55.55,69.27610826551914
2018-10-26 14:45:00,52.34,71.58619745075703
2018-10-26 15:00:00,58.64,70.1078027060628
2018-10-26 15:15:00,67.61,70.82041612505913
2018-10-26 15:30:00,45.36,70.96772701919079
2018-10-26 15:45:00,49.1,71.08385302066803
2018-10-26 16:00:00,58.07,68.47088775098324
2018-10-26 16:15:00,50.43999999999999,67.70874855488539
2018-10-26 16:30:00,48.06,65.35669628828764
2018-10-26 16:45:00,55.62,63.641648446917536
2018-10-26 17:00:00,47.12,60.9737233966589
2018-10-26 17:15:00,54.86,59.229749591350554
2018-10-26 17:30:00,62.53000000000001,56.468503390550616
2018-10-26 17:45:00,31.5,55.8208150857687
2018-10-26 18:00:00,31.21,52.69386045128107
2018-10-26 18:15:00,39.92,47.817399207949634
2018-10-26 18:30:00,51.77,44.42352273017168
2018-10-26 18:45:00,52.06,42.6113768813014
2018-10-26 19:00:00,51.12,40.2617362344265
2018-10-26 19:15:00,63.14,37.916831254214046
2018-10-26 19:30:00,65.02,36.53638554483652
2018-10-26 19:45:00,51.37,35.95483040958643
2018-10-26 20:00:00,58.72,33.86622851133347
2018-10-26 20:15:00,51.12,30.39021999016404
2018-10-26 20:30:00,49.97,27.658739553838966
2018-10-26 20:45:00,60.26,24.03257065489888
2018-10-26 21:00:00,47.02,21.73017215639353
2018-10-26 21:15:00,5.72,19.948485917896033
2018-10-26 21:30:00,5.04,17.442041711732745
2018-10-26 21:45:00,4.07,12.674561428949236
2018-10-26 22:00:00,3.9599999999999995,8.829954010881483
2018-10-26 22:15:00,3.78,5.295000586137175
2018-10-26 22:30:00,3.85,3.213209436554462
2018-10-26 22:45:00,3.67,1.3912835041619838
2018-10-26 23:00:00,3.71,0.6821207896433771
2018-10-26 23:15:00,3.64,-0.4524115625955164
2018-10-26 23:30:00,3.56,-0.4347050194628536
2018-10-26 23:45:00,3.67,-1.385453536082059
2018-10-27 00:00:00,2.74,-1.8009824629686773
2018-10-27 00:15:00,3.64,-1.0265179589949547
2018-10-27 00:30:00,3.64,0.49691165084019306
2018-10-27 00:45:00,3.67,1.5295143356733025
2018-10-27 01:00:00,3.67,3.2620509109459817
2018-10-27 01:15:00,3.74,3.351611203402281
2018-10-27 01:30:00,3.64,4.118621635567397
2018-10-27 01:45:00,3.64,3.7728002231102438
2018-10-27 02:00:00,4.5,3.858702387092635
2018-10-27 02:15:00,3.6,3.0978583980724217
2018-10-27 02:30:00,3.17,2.6492870250716805
2018-10-27 02:45:00,3.13,2.512263968195766
2018-10-27 03:00:00,3.17,2.6637477615848186
2018-10-27 03:15:00,3.13,2.404846406374127
2018-10-27 03:30:00,3.13,2.25170462442562
2018-10-27 03:45:00,3.13,1.8772894351743161
2018-10-27 04:00:00,3.17,1.5170964027382434
2018-10-27 04:15:00,3.17,1.3987976419180632
2018-10-27 04:30:00,3.13,1.1887293406389654
2018-10-27 04:45:00,3.1,0.8306391777284444
2018-10-27 05:00:00,3.42,0.3843789402954281
2018-10-27 05:15:00,3.64,0.5151402624882758
2018-10-27 05:30:00,3.1,0.8527445691265166
2018-10-27 05:45:00,3.1,2.23679956831038
2018-10-27 06:00:00,3.06,3.8763484432548285
2018-10-27 06:15:00,3.1,5.601352636441588
2018-10-27 06:30:00,3.67,7.657137195542454
2018-10-27 06:45:00,3.49,9.846796401552856
2018-10-27 07:00:00,3.1,12.79345607765019
2018-10-27 07:15:00,3.13,15.321024410948157
2018-10-27 07:30:00,3.24,17.839503138437866
2018-10-27 07:45:00,3.2,19.482191160842778
2018-10-27 08:00:00,3.38,20.979866513311862
2018-10-27 08:15:00,30.74,22.411351437121628
2018-10-27 08:30:00,46.55,25.614413556605577
2018-10-27 08:45:00,47.02,32.28880017608404
2018-10-27 09:00:00,45.72,38.443597263544795
2018-10-27 09:15:00,46.15,42.406447586715224
2018-10-27 09:30:00,44.71000000000001,43.89827913999557
2018-10-27 09:45:00,45.25,45.26113170176745
2018-10-27 10:00:00,46.08,44.53668922066689
2018-10-27 10:15:00,42.34,44.896312468647956
2018-10-27 10:30:00,48.6,43.82182136386633
2018-10-27 10:45:00,37.48,43.95743343234062
2018-10-27 11:00:00,40.36,43.0903416237235
2018-10-27 11:15:00,46.58,42.23539773195982
2018-10-27 11:30:00,45.58,41.03409225523472
2018-10-27 11:45:00,47.3,40.33613268196583
2018-10-27 12:00:00,23.0,39.54933164283633
2018-10-27 12:15:00,3.8200000000000003,38.782281634509566
2018-10-27 12:30:00,4.46,35.7733885845542
2018-10-27 12:45:00,5.54,32.23424008667469
2018-10-27 13:00:00,4.97,28.801910175234077
2018-10-27 13:15:00,29.66,26.205871152728797
2018-10-27 13:30:00,37.76,24.384087806791065
2018-10-27 13:45:00,36.9,24.682136160880326
2018-10-27 14:00:00,48.85,23.816560035049914
2018-10-27 14:15:00,39.92,25.14438123807311
2018-10-27 14:30:00,47.089999999999996,24.655091889053583
2018-10-27 14:45:00,34.42,25.27483549416065
2018-10-27 15:00:00,43.63,24.566225723177194
2018-10-27 15:15:00,50.18000000000001,24.14350516214967
2018-10-27 15:30:00,40.54,24.48700154528022
2018-10-27 15:45:00,53.89,24.28537531644106
2018-10-27 16:00:00,53.5,24.452147577553987
2018-10-27 16:15:00,49.39,25.34167598232627
2018-10-27 16:30:00,41.87,25.198970518410206
2018-10-27 16:45:00,48.31,24.58440493479371
2018-10-27 17:00:00,9.069999999999999,23.47355091586709
2018-10-27 17:15:00,5.04,22.587294140458106
2018-10-27 17:30:00,3.64,19.330602673068643
2018-10-27 17:45:00,3.5299999999999994,16.97852907463908
2018-10-27 18:00:00,3.6,14.660891789123415
2018-10-27 18:15:00,3.5299999999999994,14.013476307243108
2018-10-27 18:30:00,3.5299999999999994,13.165037501454353
2018-10-27 18:45:00,3.67,13.043643660247325
2018-10-27 19:00:00,3.64,11.644662834480405
2018-10-27 19:15:00,3.71,10.440632496923207
2018-10-27 19:30:00,3.64,9.612877147532998
2018-10-27 19:45:00,3.6,9.143612774945796
2018-10-27 20:00:00,3.6,8.546717807166278
2018-10-27 20:15:00,3.67,7.976471349596976
2018-10-27 20:30:00,3.67,7.360237392187118
2018-10-27 20:45:00,3.64,6.6321365019306535
2018-10-27 21:00:00,4.14,5.883458814434706
2018-10-27 21:15:00,4.61,5.023867390155792
2018-10-27 21:30:00,3.67,4.2631979853380475
2018-10-27 21:45:00,3.64,3.4073804708570243
2018-10-27 22:00:00,3.67,2.7546118219196796
2018-10-27 22:15:00,3.38,2.3818130802921953
2018-10-27 22:30:00,3.35,2.1252935925126075
2018-10-27 22:45:00,3.42,1.6792584620416164
2018-10-27 23:00:00,3.35,1.1764843078143896
2018-10-27 23:15:00,3.38,1.2430250276066364
2018-10-27 23:30:00,2.84,1.2669632724486293
2018-10-27 23:45:00,2.7,1.616256580874324
2018-10-28 00:00:00,2.74,1.8839382303319872
2018-10-28 00:15:00,2.74,2.505832140222192
2018-10-28 00:30:00,2.95,3.1540009725838902
2018-10-28 00:45:00,3.38,3.408289880529046
2018-10-28 01:00:00,2.99,3.545343531742692
2018-10-28 01:15:00,2.84,3.597211038749665
2018-10-28 01:30:00,2.81,3.7678348182328047
2018-10-28 01:45:00,2.81,3.8668698121979834
2018-10-28 02:00:00,2.84,4.073677009688691
2018-10-28 02:15:00,2.81,4.033168001417071
2018-10-28 02:30:00,2.84,4.117030168641358
2018-10-28 02:45:00,2.77,4.017030189968645
2018-10-28 03:00:00,2.95,3.9882306732703
2018-10-28 03:15:00,3.4599999999999995,3.8287416889704766
2018-10-28 03:30:00,2.88,3.812331335302442
2018-10-28 03:45:00,2.84,3.792646124428138
2018-10-28 04:00:00,2.81,4.030068149436265
2018-10-28 04:15:00,2.81,4.408830541465432
2018-10-28 04:30:00,2.84,4.573871696358546
2018-10-28 04:45:00,2.81,4.644040371309966
2018-10-28 05:00:00,3.28,4.790179277760908
2018-10-28 05:15:00,3.28,5.237125080972909
2018-10-28 05:30:00,2.84,6.012084146626293
2018-10-28 05:45:00,2.74,7.045995932295918
2018-10-28 06:00:00,2.84,8.042559610009192
2018-10-28 06:15:00,3.35,9.197587361708283
2018-10-28 06:30:00,2.92,10.409835506789387
2018-10-28 06:45:00,2.74,11.824874149635434
2018-10-28 07:00:00,2.74,13.570411915034056
2018-10-28 07:15:00,2.81,15.338529985770583
2018-10-28 07:30:00,2.7,16.605555468127132
2018-10-28 07:45:00,2.77,17.905854117199777
2018-10-28 08:00:00,2.74,19.084369338452817
2018-10-28 08:15:00,2.77,20.48425283752382
2018-10-28 08:30:00,2.81,21.660632630139588
2018-10-28 08:45:00,2.95,22.96560631856322
2018-10-28 09:00:00,3.5299999999999994,23.753193267285823
2018-10-28 09:15:00,3.67,23.36826597586274
2018-10-28 09:30:00,3.49,21.661928258240223
2018-10-28 09:45:00,3.02,19.675954925566913
2018-10-28 10:00:00,3.17,17.700382544994355
2018-10-28 10:15:00,3.06,15.498232428729533
2018-10-28 10:30:00,3.02,12.960375416129827
2018-10-28 10:45:00,2.99,10.106475526578723
2018-10-28 11:00:00,2.99,7.620630572214722
2018-10-28 11:15:00,3.06,4.924815274588763
2018-10-28 11:30:00,3.1,2.196152324154973
2018-10-28 11:45:00,3.06,-0.4509357366524636
2018-10-28 12:00:00,3.06,-2.7374647556990386
2018-10-28 12:15:00,3.2,-4.533063839450478
2018-10-28 12:30:00,3.74,-5.652202468216419
2018-10-28 12:45:00,3.17,-6.50806362874806
2018-10-28 13:00:00,3.2,-7.038175367489457
2018-10-28 13:15:00,3.38,-7.324510300457478
2018-10-28 13:30:00,3.67,-7.2080721805989745
2018-10-28 13:45:00,3.2,-6.426729844957591
2018-10-28 14:00:00,3.02,-5.245422399193049
2018-10-28 14:15:00,3.1,-3.6801947490125895
2018-10-28 14:30:00,3.06,-1.636852542180568
2018-10-28 14:45:00,3.06,1.0526361832208933
2018-10-28 15:00:00,3.06,3.910651432219893
2018-10-28 15:15:00,3.06,6.6786180020868775
2018-10-28 15:30:00,3.5299999999999994,6.9204095440916715
2018-10-28 15:45:00,3.49,6.691240552198141
2018-10-28 16:00:00,3.13,6.285616050958633
2018-10-28 16:15:00,3.06,5.82747903548181
2018-10-28 16:30:00,3.02,5.505702106002718
2018-10-28 16:45:00,3.02,5.301754356361925
2018-10-28 17:00:00,3.02,5.463027495779096
2018-10-28 17:15:00,3.02,5.634304422270506
2018-10-28 17:30:00,3.06,5.835504295155405
2018-10-28 17:45:00,3.02,5.943373474311083
2018-10-28 18:00:00,2.92,6.050825840700417
2018-10-28 18:15:00,2.95,6.0978745991736645
2018-10-28 18:30:00,3.28,6.079701001197099
2018-10-28 18:45:00,4.82,5.909434810578823
2018-10-28 19:00:00,3.49,5.755353585984557
2018-10-28 19:15:00,2.95,8.149068323522807
2018-10-28 19:30:00,2.99,10.708719731867314
2018-10-28 19:45:00,2.95,13.444817948415874
2018-10-28 20:00:00,2.92,14.870428759381175
2018-10-28 20:15:00,3.06,15.447349273487925
2018-10-28 20:30:00,2.95,15.788980805426835
2018-10-28 20:45:00,2.95,15.810002764314413
2018-10-28 21:00:00,2.99,15.43403933316469
2018-10-28 21:15:00,2.99,14.699915568605064
2018-10-28 21:30:00,3.02,13.57858088389039
2018-10-28 21:45:00,2.95,12.0425149705261
2018-10-28 22:00:00,2.99,10.123306341879069
2018-10-28 22:15:00,3.17,7.79922235224396
2018-10-28 22:30:00,3.31,5.195741327255964
2018-10-28 22:45:00,2.77,2.294171529971063
2018-10-28 23:00:00,3.2,-0.8237903339974582
2018-10-28 23:15:00,3.13,-4.213987912833691
2018-10-28 23:30:00,2.74,-7.2315473001450306
2018-10-28 23:45:00,2.77,-7.2818859323114165
2018-10-29 00:00:00,3.64,-4.6135701727122065
2018-10-29 00:15:00,2.77,-3.379473179578781
2018-10-29 00:30:00,2.77,-1.6498767482303083
2018-10-29 00:45:00,2.84,-1.2326031020469963
2018-10-29 01:00:00,2.74,-1.1680338926054536
2018-10-29 01:15:00,2.81,0.1642619428224862
2018-10-29 01:30:00,3.2,1.3082726454362275
2018-10-29 01:45:00,3.38,2.2671404501982035
2018-10-29 02:00:00,2.77,3.0183322063460944
2018-10-29 02:15:00,2.77,3.672185270180926
2018-10-29 02:30:00,3.24,3.8335214227065446
2018-10-29 02:45:00,3.38,4.030550501449033
2018-10-29 03:00:00,2.77,2.839561070520431
2018-10-29 03:15:00,2.81,3.3299678145721554
2018-10-29 03:30:00,2.81,3.7852566094789655
2018-10-29 03:45:00,2.81,3.577340577756986
2018-10-29 04:00:00,2.81,2.3222585354186593
2018-10-29 04:15:00,2.74,0.9104269650764764
2018-10-29 04:30:00,2.81,-0.6196368444524705
2018-10-29 04:45:00,2.77,-2.1793502161093055
2018-10-29 05:00:00,2.77,-3.6721728575229644
2018-10-29 05:15:00,3.42,-5.096699113249779
2018-10-29 05:30:00,3.17,-4.048795330002904
2018-10-29 05:45:00,2.74,-3.604562177956104
2018-10-29 06:00:00,2.7,-2.7360018411278726
2018-10-29 06:15:00,2.66,-1.7300058448873459
2018-10-29 06:30:00,2.7,1.174346633721143
2018-10-29 06:45:00,3.02,6.243585886601358
2018-10-29 07:00:00,3.28,12.648364816755056
2018-10-29 07:15:00,2.84,19.3848427850008
2018-10-29 07:30:00,2.92,26.009995536655186
2018-10-29 07:45:00,4.0,31.980847115665675
2018-10-29 08:00:00,3.89,37.475428499430414
2018-10-29 08:15:00,23.72,43.39299765348434
2018-10-29 08:30:00,68.29,49.6855377471447
2018-10-29 08:45:00,57.96,61.87261086195707
2018-10-29 09:00:00,67.82,69.363097230196
2018-10-29 09:15:00,107.63999999999999,80.84229932904245
2018-10-29 09:30:00,101.23,89.0065527278185
2018-10-29 09:45:00,112.0,95.93794301152231
2018-10-29 10:00:00,93.74,96.09137950956823
2018-10-29 10:15:00,94.93,95.436658436656
2018-10-29 10:30:00,113.51,88.39014811575413
2018-10-29 10:45:00,78.43999999999998,84.07916005194188
2018-10-29 11:00:00,111.2,76.93856961637736
2018-10-29 11:15:00,90.83,71.96970785945653
2018-10-29 11:30:00,107.92999999999999,68.22878717809915
2018-10-29 11:45:00,88.42,66.57773034125566
2018-10-29 12:00:00,87.3,64.43053551465273
2018-10-29 12:15:00,5.33,63.0006875282526
2018-10-29 12:30:00,6.01,60.3773168155551
2018-10-29 12:45:00,6.01,53.87950162708759
2018-10-29 13:00:00,5.290000000000001,51.66102255493402
2018-10-29 13:15:00,61.56000000000001,49.289385421276094
2018-10-29 13:30:00,89.46,52.419420821368696
2018-10-29 13:45:00,101.47999999999999,60.23682761669159
2018-10-29 14:00:00,87.98,70.85588085681199
2018-10-29 14:15:00,118.15,77.90915000021458
2018-10-29 14:30:00,83.16,87.76463593423367
2018-10-29 14:45:00,77.33000000000001,92.44483983397484
2018-10-29 15:00:00,83.48,95.11309721171857
2018-10-29 15:15:00,109.15,94.9192335242033
2018-10-29 15:30:00,88.96,98.12236749827862
2018-10-29 15:45:00,111.31000000000002,97.43952433466912
2018-10-29 16:00:00,115.24,98.98029335558415
2018-10-29 16:15:00,73.76,98.84888927161694
2018-10-29 16:30:00,134.6,98.85678429484368
2018-10-29 16:45:00,101.27,98.6675731921196
2018-10-29 17:00:00,75.06,99.08609924137593
2018-10-29 17:15:00,55.58,96.84221508026124
2018-10-29 17:30:00,59.94,92.61000659406186
2018-10-29 17:45:00,31.39,85.69620272159577
2018-10-29 18:00:00,30.64,78.72901088774205
2018-10-29 18:15:00,47.38000000000001,70.27797234207392
2018-10-29 18:30:00,59.18,64.58166817486286
2018-10-29 18:45:00,72.43,61.91912323713303
2018-10-29 19:00:00,49.72,61.51141130387783
2018-10-29 19:15:00,47.77,60.459729540944096
2018-10-29 19:30:00,54.86,59.75998707562685
2018-10-29 19:45:00,57.82,55.75522082567215
2018-10-29 20:00:00,52.02,51.94134977042675
2018-10-29 20:15:00,61.02,46.49938840210438
2018-10-29 20:30:00,57.42,41.09529889434576
2018-10-29 20:45:00,48.82,35.98404154643416
2018-10-29 21:00:00,31.5,32.92118345290422
2018-10-29 21:15:00,22.75,29.52697689309716
2018-10-29 21:30:00,4.03,26.13128159597516
2018-10-29 21:45:00,4.0,21.650168805271388
2018-10-29 22:00:00,4.0,17.06188040062785
2018-10-29 22:15:00,3.64,12.22699602022767
2018-10-29 22:30:00,3.6,7.179561267644167
2018-10-29 22:45:00,3.89,2.539620358403772
2018-10-29 23:00:00,4.68,-2.5650171045958996
2018-10-29 23:15:00,4.46,-6.969901155680419
2018-10-29 23:30:00,3.64,-9.72786786802113
2018-10-29 23:45:00,3.67,-7.290936242640019
2018-10-30 00:00:00,3.67,-5.164317651912571
2018-10-30 00:15:00,3.6,-4.0915286027640105
2018-10-30 00:30:00,3.67,-2.102588180694729
2018-10-30 00:45:00,3.71,-1.4629470287822186
2018-10-30 01:00:00,3.67,0.35568201286718254
2018-10-30 01:15:00,3.64,2.292063608169556
2018-10-30 01:30:00,3.67,3.907698096241802
2018-10-30 01:45:00,3.71,4.887273496054113
2018-10-30 02:00:00,3.71,6.033522076234221
2018-10-30 02:15:00,3.67,6.493953947722911
2018-10-30 02:30:00,3.6,6.614715131707489
2018-10-30 02:45:00,3.6,6.795678674615919
2018-10-30 03:00:00,3.2,6.318958826810121
2018-10-30 03:15:00,2.99,6.878255037609487
2018-10-30 03:30:00,2.88,6.105916699767112
2018-10-30 03:45:00,2.88,4.511035978933796
2018-10-30 04:00:00,2.92,2.516805402915925
2018-10-30 04:15:00,2.88,0.5290452486462892
2018-10-30 04:30:00,3.2,-1.9178668672032653
2018-10-30 04:45:00,3.56,-3.8390091141313314
2018-10-30 05:00:00,2.95,-5.782777978926897
2018-10-30 05:15:00,2.84,-7.101680230796338
2018-10-30 05:30:00,2.84,-7.330821154490113
2018-10-30 05:45:00,2.88,-6.991280142068863
2018-10-30 06:00:00,2.88,-6.26755171597004
2018-10-30 06:15:00,2.81,-4.992773796841503
2018-10-30 06:30:00,2.81,-1.3302939099259674
2018-10-30 06:45:00,2.84,4.2453082972019915
2018-10-30 07:00:00,2.92,11.713007778152823
2018-10-30 07:15:00,3.5299999999999994,19.57006034426391
2018-10-30 07:30:00,3.78,26.865770247131586
2018-10-30 07:45:00,4.5,32.23163086682558
2018-10-30 08:00:00,5.1499999999999995,39.39140423282981
2018-10-30 08:15:00,26.349999999999998,44.289954026639464
2018-10-30 08:30:00,66.46,51.55809534370899
2018-10-30 08:45:00,54.22,63.465573261678216
2018-10-30 09:00:00,75.49,72.48492773413658
2018-10-30 09:15:00,68.36,83.2374374049902
2018-10-30 09:30:00,63.25,89.60223627209665
2018-10-30 09:45:00,66.02,90.03067825496197
2018-10-30 10:00:00,59.76,86.72181024968624
2018-10-30 10:15:00,55.55,82.71401263415814
2018-10-30 10:30:00,74.3,75.22650374054909
2018-10-30 10:45:00,64.51,69.97142269164324
2018-10-30 11:00:00,65.77,63.87625368773937
2018-10-30 11:15:00,61.31,60.43510587066412
2018-10-30 11:30:00,69.91,55.777693349123
2018-10-30 11:45:00,61.16,53.80038523107767
2018-10-30 12:00:00,48.74,51.12068950057029
2018-10-30 12:15:00,4.97,49.5209727692604
2018-10-30 12:30:00,4.93,45.392796258628366
2018-10-30 12:45:00,4.61,40.58965813487768
2018-10-30 13:00:00,5.62,37.554697586447
2018-10-30 13:15:00,34.31,38.22447893261909
2018-10-30 13:30:00,65.09,41.41576139003038
2018-10-30 13:45:00,57.46,48.57230803579092
2018-10-30 14:00:00,63.49999999999999,54.634661945998666
2018-10-30 14:15:00,65.02,61.21499764174223
2018-10-30 14:30:00,61.63,66.53125838428736
2018-10-30 14:45:00,59.08,70.47956488907337
2018-10-30 15:00:00,59.76,71.19928293079138
2018-10-30 15:15:00,54.4,72.3856201979518
2018-10-30 15:30:00,57.78,72.17137226104737
2018-10-30 15:45:00,59.9,72.20185208052396
2018-10-30 16:00:00,54.97,71.62400194764137
2018-10-30 16:15:00,70.16,70.34481956660747
2018-10-30 16:30:00,68.98,69.53398092120885
2018-10-30 16:45:00,57.85,68.80942167639732
2018-10-30 17:00:00,46.3,67.45880684971809
2018-10-30 17:15:00,61.52,65.04292974233627
2018-10-30 17:30:00,41.8,61.96017915427685
2018-10-30 17:45:00,30.1,59.20683695852757
2018-10-30 18:00:00,30.89,54.71071554005146
2018-10-30 18:15:00,36.29,50.23799626380205
2018-10-30 18:30:00,45.14,45.52568234354258
2018-10-30 18:45:00,67.61,43.71062189280987
2018-10-30 19:00:00,55.66,44.82228876680136
2018-10-30 19:15:00,52.27,45.83324694007635
2018-10-30 19:30:00,52.6,46.25140024363994
2018-10-30 19:45:00,59.36,45.800382446348664
2018-10-30 20:00:00,59.08,43.416265068352224
2018-10-30 20:15:00,51.16,40.54966656386852
2018-10-30 20:30:00,113.98,36.54663829684257
2018-10-30 20:45:00,110.09,37.99976941630244
2018-10-30 21:00:00,63.4,38.06220207437873
2018-10-30 21:15:00,4.64,38.45379612460732
2018-10-30 21:30:00,4.43,33.15022894471884
2018-10-30 21:45:00,4.03,28.36717417925596
2018-10-30 22:00:00,4.07,23.08394633963704
2018-10-30 22:15:00,3.85,18.915980349034072
2018-10-30 22:30:00,3.8200000000000003,13.909186104238033
2018-10-30 22:45:00,4.0,9.741850525401532
2018-10-30 23:00:00,4.54,4.863263957984745
2018-10-30 23:15:00,3.56,0.6665766206197441
2018-10-30 23:30:00,3.71,-3.717353677302599
2018-10-30 23:45:00,3.56,-5.11618630297482
2018-10-31 00:00:00,3.85,-3.4401689774543045
2018-10-31 00:15:00,3.64,-2.0942670821957288
2018-10-31 00:30:00,3.6,-1.1685093679092824
2018-10-31 00:45:00,3.67,-0.41983729405328624
2018-10-31 01:00:00,3.56,-0.017248929981142233
2018-10-31 01:15:00,3.6,2.0665308515541256
2018-10-31 01:30:00,3.6,3.822409503106028
2018-10-31 01:45:00,3.6,5.039988080002367
2018-10-31 02:00:00,4.07,6.038332965672016
2018-10-31 02:15:00,4.72,7.206071120947599
2018-10-31 02:30:00,3.64,8.19640029013157
2018-10-31 02:45:00,3.6,8.368123220317065
2018-10-31 03:00:00,3.6,7.15068554578349
2018-10-31 03:15:00,3.64,6.31726631436497
2018-10-31 03:30:00,3.38,5.744878533836454
2018-10-31 03:45:00,2.99,4.966559423990547
2018-10-31 04:00:00,2.95,3.56428395293653
2018-10-31 04:15:00,2.95,2.126455054618418
2018-10-31 04:30:00,3.02,0.23170421319082385
2018-10-31 04:45:00,2.95,-1.4833700122870503
2018-10-31 05:00:00,2.92,-3.516778321862221
2018-10-31 05:15:00,2.88,-5.1647858294844635
2018-10-31 05:30:00,2.92,-6.958060866296292
2018-10-31 05:45:00,3.38,-8.703152908682824
2018-10-31 06:00:00,3.5299999999999994,-8.173999979645014
2018-10-31 06:15:00,2.88,-7.034582637920976
2018-10-31 06:30:00,2.84,-5.340711691901088
2018-10-31 06:45:00,2.84,-2.5034736470878123
2018-10-31 07:00:00,3.42,3.610568133648485
2018-10-31 07:15:00,3.28,10.048626405522226
2018-10-31 07:30:00,2.95,17.22912083931267
2018-10-31 07:45:00,4.39,22.650925872027873
2018-10-31 08:00:00,4.25,28.54977465957403
2018-10-31 08:15:00,27.79,32.939694992005826
2018-10-31 08:30:00,59.0,39.36561517089605
2018-10-31 08:45:00,115.56,50.61597835987806
2018-10-31 09:00:00,139.43,69.26016103714704
2018-10-31 09:15:00,105.88,87.34205010056496
2018-10-31 09:30:00,64.87,99.25492160379888
2018-10-31 09:45:00,86.98,100.89989774584771
2018-10-31 10:00:00,124.85,93.8145230728388
2018-10-31 10:15:00,89.21,92.98256366848946
2018-10-31 10:30:00,77.4,84.56364861607553
2018-10-31 10:45:00,71.71,80.19999113678934
2018-10-31 11:00:00,111.31000000000002,72.42578242361546
2018-10-31 11:15:00,117.46999999999998,70.90786316275596
2018-10-31 11:30:00,103.5,69.3923689943552
2018-10-31 11:45:00,69.37,68.67696222811938
2018-10-31 12:00:00,97.34,66.60978197991848
2018-10-31 12:15:00,7.02,63.8431826120615
2018-10-31 12:30:00,6.34,61.24685168027878
2018-10-31 12:45:00,5.98,53.156123492121694
2018-10-31 13:00:00,6.01,51.6389003226161
2018-10-31 13:15:00,38.77,50.5719180226326
2018-10-31 13:30:00,71.06,54.488316597938535
2018-10-31 13:45:00,87.3,61.87727242857218
2018-10-31 14:00:00,96.37,70.20052207440138
2018-10-31 14:15:00,112.25,78.59039439916612
2018-10-31 14:30:00,97.09,87.30853891551496
2018-10-31 14:45:00,48.56,91.35306320905686
2018-10-31 15:00:00,49.18,93.42041860282421
2018-10-31 15:15:00,49.46,90.88997833132744
2018-10-31 15:30:00,61.16,89.2147064971924
2018-10-31 15:45:00,58.1,86.92273365080358
2018-10-31 16:00:00,56.88,84.4994645023346
2018-10-31 16:15:00,50.76,81.77704672634603
2018-10-31 16:30:00,67.75,78.37823473632336
2018-10-31 16:45:00,59.9,76.11675069123507
2018-10-31 17:00:00,73.51,73.12027501285075
2018-10-31 17:15:00,62.35,71.01626928657294
2018-10-31 17:30:00,97.96,67.01567958474159
2018-10-31 17:45:00,31.36,66.13387554854154
2018-10-31 18:00:00,31.72,61.67963637501001
2018-10-31 18:15:00,46.76,56.503209158182145
2018-10-31 18:30:00,50.33,51.562918583154676
2018-10-31 18:45:00,113.58,50.46142362475395
2018-10-31 19:00:00,97.23999999999998,53.648933716118336
2018-10-31 19:15:00,96.48,56.588442176282406
2018-10-31 19:30:00,119.23,59.3696414989233
2018-10-31 19:45:00,101.77,60.93725270062685
2018-10-31 20:00:00,103.86,60.348583960831164
2018-10-31 20:15:00,91.66000000000001,57.99536854803562
2018-10-31 20:30:00,82.33,53.74964241683483
2018-10-31 20:45:00,82.76,48.90886595994234
2018-10-31 21:00:00,45.07,43.969046930670736
2018-10-31 21:15:00,6.84,39.704800278544425
2018-10-31 21:30:00,4.43,33.85335082128644
2018-10-31 21:45:00,4.43,28.433325312435628
2018-10-31 22:00:00,4.39,23.177123780995608
2018-10-31 22:15:00,4.18,17.475900942459702
2018-10-31 22:30:00,4.14,12.232108923494815
2018-10-31 22:45:00,4.07,6.861306616552174
2018-10-31 23:00:00,3.9599999999999995,1.4214099450036883
2018-10-31 23:15:00,3.89,-3.7855874709039927
2018-10-31 23:30:00,3.89,-7.562139047756792
2018-10-31 23:45:00,3.92,-6.369222594574095
2018-11-01 00:00:00,3.06,-3.964120307713747
2018-11-01 00:15:00,3.89,-2.656553117632866
2018-11-01 00:30:00,3.9599999999999995,-0.9439177380315958
2018-11-01 00:45:00,5.11,0.06673056231811647
2018-11-01 01:00:00,4.72,0.708305051829666
2018-11-01 01:15:00,3.89,3.2440841756016017
2018-11-01 01:30:00,3.89,5.1736696176975965
2018-11-01 01:45:00,3.92,6.467509774006903
2018-11-01 02:00:00,3.9599999999999995,7.994387842863798
2018-11-01 02:15:00,3.9599999999999995,8.718908353559673
2018-11-01 02:30:00,3.89,9.555776324681938
2018-11-01 02:45:00,3.92,9.845314961969851
2018-11-01 03:00:00,3.89,8.94004029713571
2018-11-01 03:15:00,3.31,8.952781014367938
2018-11-01 03:30:00,3.28,8.406906174644828
2018-11-01 03:45:00,3.24,6.763104686755686
2018-11-01 04:00:00,3.31,4.72625016361475
2018-11-01 04:15:00,3.24,2.449177601747215
2018-11-01 04:30:00,3.28,-0.3047571136988699
2018-11-01 04:45:00,3.28,-2.7203689765930177
2018-11-01 05:00:00,3.31,-5.3974566099792725
2018-11-01 05:15:00,4.0,-7.177953879535199
2018-11-01 05:30:00,3.8200000000000003,-8.470677482858301
2018-11-01 05:45:00,3.5299999999999994,-8.461263408660889
2018-11-01 06:00:00,3.9599999999999995,-7.985309822708369
2018-11-01 06:15:00,3.35,-6.961087740957738
2018-11-01 06:30:00,3.17,-4.405652176216245
2018-11-01 06:45:00,3.17,0.9418291055969894
2018-11-01 07:00:00,3.17,8.512606524005532
2018-11-01 07:15:00,3.17,15.693866658285259
2018-11-01 07:30:00,3.67,23.706487782895564
2018-11-01 07:45:00,4.5,28.733967168182133
2018-11-01 08:00:00,4.79,35.342469863742586
2018-11-01 08:15:00,47.27,39.72356330871582
2018-11-01 08:30:00,106.48999999999998,47.93173782646656
2018-11-01 08:45:00,110.7,64.18281681090593
2018-11-01 09:00:00,71.1,81.18883605957032
2018-11-01 09:15:00,64.84,92.45833951532842
2018-11-01 09:30:00,52.06,96.9746161466837
2018-11-01 09:45:00,53.71,98.32885064840318
2018-11-01 10:00:00,65.92,91.54592093229294
2018-11-01 10:15:00,58.43,87.94047310113908
2018-11-01 10:30:00,56.52,79.82016776680948
2018-11-01 10:45:00,77.87,73.34629812091589
2018-11-01 11:00:00,104.18,67.77774243533611
2018-11-01 11:15:00,84.82,67.97611499845982
2018-11-01 11:30:00,102.60000000000001,65.00497255444526
2018-11-01 11:45:00,114.66000000000001,64.9361089104414
2018-11-01 12:00:00,89.42000000000002,65.23113488078117
2018-11-01 12:15:00,6.26,65.07009975969791
2018-11-01 12:30:00,6.44,62.702697556018826
2018-11-01 12:45:00,6.080000000000001,53.99778326630592
2018-11-01 13:00:00,6.05,50.4410708117485
2018-11-01 13:15:00,49.64,47.39522204726934
2018-11-01 13:30:00,110.66,50.498523048460484
2018-11-01 13:45:00,120.17,62.00236678123474
2018-11-01 14:00:00,98.24,71.77472593486308
2018-11-01 14:15:00,90.47,80.69253639698029
2018-11-01 14:30:00,113.9,85.58740588843823
2018-11-01 14:45:00,82.8,91.55974395930768
2018-11-01 15:00:00,66.6,95.60098090529442
2018-11-01 15:15:00,60.37,96.74051388800144
2018-11-01 15:30:00,52.92,96.01232149541379
2018-11-01 15:45:00,50.83,94.49048615932466
2018-11-01 16:00:00,57.31,90.54228294551373
2018-11-01 16:15:00,59.0,87.96945744693281
2018-11-01 16:30:00,63.35999999999999,85.04006252050401
2018-11-01 16:45:00,59.69,83.31009137868882
2018-11-01 17:00:00,49.36,80.0055885398388
2018-11-01 17:15:00,52.16,77.3407262915373
2018-11-01 17:30:00,52.49,72.19393011182547
2018-11-01 17:45:00,36.25,68.33341195404529
2018-11-01 18:00:00,30.74,63.129823701679705
2018-11-01 18:15:00,16.31,57.991151581704614
2018-11-01 18:30:00,3.89,51.12746628671884
2018-11-01 18:45:00,3.8200000000000003,45.786590855717655
2018-11-01 19:00:00,3.89,40.81631446152925
2018-11-01 19:15:00,3.85,37.35087305620313
2018-11-01 19:30:00,3.89,33.39653974756598
2018-11-01 19:45:00,3.89,28.307896386832
2018-11-01 20:00:00,3.85,23.048600617051125
2018-11-01 20:15:00,3.85,18.753568763434888
2018-11-01 20:30:00,4.61,17.039760413765908
2018-11-01 20:45:00,4.86,15.291987296938895
2018-11-01 21:00:00,3.92,13.54418162100017
2018-11-01 21:15:00,3.92,11.311437167003751
2018-11-01 21:30:00,3.92,9.000884856469929
2018-11-01 21:45:00,3.92,6.362899032160639
2018-11-01 22:00:00,3.92,3.5533184089977294
2018-11-01 22:15:00,3.71,0.5925074482895435
2018-11-01 22:30:00,3.74,-2.4103444830328224
2018-11-01 22:45:00,3.71,-5.003394803628326
2018-11-01 23:00:00,3.67,-7.38653765372932
2018-11-01 23:15:00,3.6,-9.230769945830108
2018-11-01 23:30:00,3.64,-10.628667339086533
2018-11-01 23:45:00,3.71,-8.03979918025434
2018-11-02 00:00:00,3.8200000000000003,-4.878935915008188
2018-11-02 00:15:00,3.02,-3.172749765664339
2018-11-02 00:30:00,3.38,-2.152838117349893
2018-11-02 00:45:00,3.74,-0.4846400309167802
2018-11-02 01:00:00,3.28,2.1492469941824677
2018-11-02 01:15:00,3.1,4.084816576465965
2018-11-02 01:30:00,3.1,5.337736104354262
2018-11-02 01:45:00,3.06,6.309692391343415
2018-11-02 02:00:00,3.1,7.616688674241304
2018-11-02 02:15:00,3.13,7.8644769871234885
2018-11-02 02:30:00,3.13,7.8598468568921085
2018-11-02 02:45:00,3.24,6.657274381630122
2018-11-02 03:00:00,3.74,5.2658054481633005
2018-11-02 03:15:00,3.31,4.9168006808310745
2018-11-02 03:30:00,3.06,4.279045852283016
2018-11-02 03:45:00,3.13,3.3023705992102625
2018-11-02 04:00:00,3.13,1.8868037128448487
2018-11-02 04:15:00,3.1,0.44133324714377525
2018-11-02 04:30:00,3.06,-1.3513938984088598
2018-11-02 04:45:00,3.06,-2.8618023896962406
2018-11-02 05:00:00,3.2,-4.634250822290778
2018-11-02 05:15:00,3.71,-6.028539767786861
2018-11-02 05:30:00,3.24,-7.591418671011925
2018-11-02 05:45:00,3.06,-6.545520079955459
2018-11-02 06:00:00,3.06,-5.172842525541783
2018-11-02 06:15:00,3.31,-3.3924979469925165
2018-11-02 06:30:00,3.6,1.609693393725902
2018-11-02 06:45:00,3.17,7.78635532811284
2018-11-02 07:00:00,2.99,14.858091101497411
2018-11-02 07:15:00,2.95,20.601827158108353
2018-11-02 07:30:00,3.28,26.388327923864125
2018-11-02 07:45:00,5.0,30.375406717061995
2018-11-02 08:00:00,5.1499999999999995,34.89169682115316
2018-11-02 08:15:00,24.37,37.50250196218491
2018-11-02 08:30:00,44.53,41.79507279604673
2018-11-02 08:45:00,51.37,48.56551777690649
2018-11-02 09:00:00,54.65,58.46112551838159
2018-11-02 09:15:00,64.44,65.35614839702845
2018-11-02 09:30:00,66.28,71.85954129815102
2018-11-02 09:45:00,63.54,75.63238787263633
2018-11-02 10:00:00,59.0,73.77383743047714
2018-11-02 10:15:00,53.32,69.97099605500698
2018-11-02 10:30:00,56.77,65.31904897332191
2018-11-02 10:45:00,60.26,60.955647476017475
2018-11-02 11:00:00,62.06,57.48859158784151
2018-11-02 11:15:00,63.58,54.9172795265913
2018-11-02 11:30:00,62.53000000000001,53.11108413606882
2018-11-02 11:45:00,66.06,51.9427464440465
2018-11-02 12:00:00,52.6,51.32049915552139
2018-11-02 12:15:00,7.88,50.66077969759703
2018-11-02 12:30:00,5.870000000000001,48.767195651233195
2018-11-02 12:45:00,5.940000000000001,44.401458879709246
2018-11-02 13:00:00,5.98,41.48936294615269
2018-11-02 13:15:00,44.68,40.04987297177315
2018-11-02 13:30:00,57.13,42.6765669593215
2018-11-02 13:45:00,57.35,48.73476677596569
2018-11-02 14:00:00,62.32,52.91647944808006
2018-11-02 14:15:00,54.97,57.55305862903595
2018-11-02 14:30:00,79.26999999999998,59.168650734126565
2018-11-02 14:45:00,55.76,63.00148241966963
2018-11-02 15:00:00,62.75,63.97848480761051
2018-11-02 15:15:00,68.76,65.5401410600543
2018-11-02 15:30:00,58.68,65.30349245429039
2018-11-02 15:45:00,65.81,66.12073963105678
2018-11-02 16:00:00,82.98000000000002,64.01906917899846
2018-11-02 16:15:00,61.63,67.14706570506095
2018-11-02 16:30:00,63.54,64.95775061517953
2018-11-02 16:45:00,60.23,64.73582770973444
2018-11-02 17:00:00,53.53,61.498136168122294
2018-11-02 17:15:00,68.0,60.23740245342255
2018-11-02 17:30:00,72.72,56.0029215657711
2018-11-02 17:45:00,31.72,56.047655539810656
2018-11-02 18:00:00,30.02,52.04564221888781
2018-11-02 18:15:00,47.66,46.474679404497145
2018-11-02 18:30:00,51.8,42.906524106264115
2018-11-02 18:45:00,58.82,41.90066760897636
2018-11-02 19:00:00,56.3,40.51981098115444
2018-11-02 19:15:00,58.46000000000001,38.58214189752936
2018-11-02 19:30:00,74.77,35.861637250036
2018-11-02 19:45:00,62.14,35.35282815217972
2018-11-02 20:00:00,76.93,32.825241855233905
2018-11-02 20:15:00,79.13,31.86110817551613
2018-11-02 20:30:00,72.0,30.678817220032215
2018-11-02 20:45:00,64.08,29.399457447975873
2018-11-02 21:00:00,48.02,26.06890956521034
2018-11-02 21:15:00,6.23,23.657554806172847
2018-11-02 21:30:00,4.25,19.96459706455469
2018-11-02 21:45:00,4.18,15.604825346842407
2018-11-02 22:00:00,4.14,11.018300747871399
2018-11-02 22:15:00,3.92,7.302586993984877
2018-11-02 22:30:00,3.92,4.714011726817116
2018-11-02 22:45:00,3.9599999999999995,2.5843133528716864
2018-11-02 23:00:00,3.92,1.1818936112709344
2018-11-02 23:15:00,3.85,-0.19900568021461362
2018-11-02 23:30:00,3.8200000000000003,-0.3019289618916809
2018-11-02 23:45:00,3.85,-1.306387662831694
2018-11-03 00:00:00,2.88,-2.000328431259841
2018-11-03 00:15:00,4.93,-1.0428429853357375
2018-11-03 00:30:00,4.43,0.1194151346199215
2018-11-03 00:45:00,3.8200000000000003,1.6064214836806059
2018-11-03 01:00:00,3.8200000000000003,3.8073845957778394
2018-11-03 01:15:00,3.78,4.192725612465292
2018-11-03 01:30:00,3.85,4.982653449047357
2018-11-03 01:45:00,3.8200000000000003,4.787730748355388
2018-11-03 02:00:00,3.78,4.6025245567131785
2018-11-03 02:15:00,3.8200000000000003,3.8767496781703086
2018-11-03 02:30:00,3.8200000000000003,2.9990628258511425
2018-11-03 02:45:00,3.56,3.086991233173758
2018-11-03 03:00:00,3.17,3.2429892351292073
2018-11-03 03:15:00,3.2,2.943404708467424
2018-11-03 03:30:00,3.2,2.6805805416591464
2018-11-03 03:45:00,3.2,2.298982419408858
2018-11-03 04:00:00,3.28,1.6807707766443492
2018-11-03 04:15:00,3.31,1.3366821544989944
2018-11-03 04:30:00,3.85,0.9825700975395739
2018-11-03 04:45:00,3.4599999999999995,0.7895018628053367
2018-11-03 05:00:00,3.17,0.013601951096206953
2018-11-03 05:15:00,3.6,-0.07317818617448206
2018-11-03 05:30:00,3.78,0.09404934113845234
2018-11-03 05:45:00,3.24,1.2418559870868922
2018-11-03 06:00:00,3.24,3.008238881714642
2018-11-03 06:15:00,3.17,4.766595534281804
2018-11-03 06:30:00,3.24,6.928136438801884
2018-11-03 06:45:00,3.13,9.085300528593361
2018-11-03 07:00:00,3.17,12.250493594333529
2018-11-03 07:15:00,3.24,15.095524494126439
2018-11-03 07:30:00,3.17,17.85100773215294
2018-11-03 07:45:00,3.31,19.893446423634888
2018-11-03 08:00:00,3.28,21.380368287414313
2018-11-03 08:15:00,22.139999999999997,23.072770705223082
2018-11-03 08:30:00,41.03999999999999,25.39705566316843
2018-11-03 08:45:00,40.89999999999999,31.03607600286603
2018-11-03 09:00:00,43.52,36.428794521540404
2018-11-03 09:15:00,40.06999999999999,41.232869000434874
2018-11-03 09:30:00,38.12,42.996436654627324
2018-11-03 09:45:00,57.24,43.93777221977711
2018-11-03 10:00:00,73.87,43.94955637276173
2018-11-03 10:15:00,92.41,47.14693299770355
2018-11-03 10:30:00,88.88,50.17287804037333
2018-11-03 10:45:00,68.62,53.16292722374201
2018-11-03 11:00:00,92.59,54.10333766102791
2018-11-03 11:15:00,71.39,53.35712323874235
2018-11-03 11:30:00,92.02,53.271310892999175
2018-11-03 11:45:00,74.92,52.70913853377104
2018-11-03 12:00:00,59.18,52.61159143507481
2018-11-03 12:15:00,3.85,51.850359403192996
2018-11-03 12:30:00,3.6,49.76941900074482
2018-11-03 12:45:00,3.6,43.76188116192817
2018-11-03 13:00:00,3.67,39.304541013687846
2018-11-03 13:15:00,26.46,35.644869911521674
2018-11-03 13:30:00,91.55,33.147107760906216
2018-11-03 13:45:00,71.53,36.40091494008899
2018-11-03 14:00:00,92.23000000000002,38.37051216229796
2018-11-03 14:15:00,61.269999999999996,42.861700313985345
2018-11-03 14:30:00,32.54,43.04902523368597
2018-11-03 14:45:00,32.18,43.478531562685966
2018-11-03 15:00:00,32.04,39.176743132025
2018-11-03 15:15:00,29.59,36.49273388057947
2018-11-03 15:30:00,30.349999999999998,32.7296864759922
2018-11-03 15:45:00,30.96,31.092773766368627
2018-11-03 16:00:00,30.2,27.982821724563838
2018-11-03 16:15:00,30.38,26.4508189637959
2018-11-03 16:30:00,29.34,24.086546925753353
2018-11-03 16:45:00,28.15,22.50725710749626
2018-11-03 17:00:00,26.139999999999997,20.05488348133862
2018-11-03 17:15:00,5.290000000000001,18.548801141679288
2018-11-03 17:30:00,3.85,16.032930511310695
2018-11-03 17:45:00,3.89,14.476189562007784
2018-11-03 18:00:00,3.74,12.577253471314906
2018-11-03 18:15:00,4.03,11.142418327182531
2018-11-03 18:30:00,4.82,10.212067532688378
2018-11-03 18:45:00,4.46,9.307426086440682
2018-11-03 19:00:00,3.71,8.514259179607032
2018-11-03 19:15:00,3.71,7.8703482931479805
2018-11-03 19:30:00,3.67,7.474775294922292
2018-11-03 19:45:00,3.71,7.021030391342937
2018-11-03 20:00:00,3.74,6.519792971052229
2018-11-03 20:15:00,3.74,6.038387417979538
2018-11-03 20:30:00,3.74,5.453981114998459
2018-11-03 20:45:00,3.74,4.7956953807175156
2018-11-03 21:00:00,3.71,3.991975392140448
2018-11-03 21:15:00,3.78,3.3126168955303728
2018-11-03 21:30:00,3.71,2.5216407116875055
2018-11-03 21:45:00,3.67,2.099052071198821
2018-11-03 22:00:00,3.67,1.5281013824976981
2018-11-03 22:15:00,3.42,1.1122861599735916
2018-11-03 22:30:00,3.49,0.7455027142353357
2018-11-03 22:45:00,3.4599999999999995,0.7618552474118769
2018-11-03 23:00:00,3.89,0.8983239573426545
2018-11-03 23:15:00,4.54,1.2514104022830725
2018-11-03 23:30:00,3.85,1.5410458748601377
2018-11-03 23:45:00,3.28,2.0910560024529694
2018-11-04 00:00:00,2.92,2.473801552709192
2018-11-04 00:15:00,2.88,2.825833475384861
2018-11-04 00:30:00,2.92,3.2621292212232946
2018-11-04 00:45:00,2.95,3.3091572092287245
2018-11-04 01:00:00,2.92,3.5303814971819523
2018-11-04 01:15:00,2.99,3.6794571793731303
2018-11-04 01:30:00,2.95,3.9779769388772546
2018-11-04 01:45:00,2.95,3.973226817091927
2018-11-04 02:00:00,2.92,4.101661846889183
2018-11-04 02:15:00,3.13,3.9957692303601653
2018-11-04 02:30:00,3.67,3.988885083347559
2018-11-04 02:45:00,3.28,3.866414124974981
2018-11-04 03:00:00,2.92,3.8122250971663743
2018-11-04 03:15:00,2.95,3.777715666592121
2018-11-04 03:30:00,3.28,4.0485333760082725
2018-11-04 03:45:00,3.64,4.3460240149684255
2018-11-04 04:00:00,3.31,4.581207320364192
2018-11-04 04:15:00,2.95,4.691206314517185
2018-11-04 04:30:00,2.99,4.7755567280761895
2018-11-04 04:45:00,2.95,5.01118421273306
2018-11-04 05:00:00,2.99,5.572526595294475
2018-11-04 05:15:00,2.92,6.177669403571635
2018-11-04 05:30:00,2.95,7.054692021943628
2018-11-04 05:45:00,2.99,7.886836115047335
2018-11-04 06:00:00,2.99,9.045205105245113
2018-11-04 06:15:00,2.92,10.15010810445994
2018-11-04 06:30:00,3.49,11.571363292187451
2018-11-04 06:45:00,3.4599999999999995,13.077236804440616
2018-11-04 07:00:00,2.95,15.132356708571315
2018-11-04 07:15:00,2.95,16.48337459459901
2018-11-04 07:30:00,2.92,18.01630472868681
2018-11-04 07:45:00,3.13,18.969737687930465
2018-11-04 08:00:00,3.17,20.302867148891092
2018-11-04 08:15:00,26.53,21.42966502800584
2018-11-04 08:30:00,29.299999999999997,23.681848394423724
2018-11-04 08:45:00,33.73,28.30455290287733
2018-11-04 09:00:00,36.4,31.50600278496742
2018-11-04 09:15:00,40.93,33.45297254726291
2018-11-04 09:30:00,47.88,34.30971055835485
2018-11-04 09:45:00,83.12,35.474902366548775
2018-11-04 10:00:00,69.34,38.874855048209426
2018-11-04 10:15:00,60.05,40.44151642203331
2018-11-04 10:30:00,86.69,41.9019969189167
2018-11-04 10:45:00,91.73,42.246741775572296
2018-11-04 11:00:00,75.17,44.59371931165457
2018-11-04 11:15:00,93.31,45.11314267992973
2018-11-04 11:30:00,63.790000000000006,46.08560026496649
2018-11-04 11:45:00,93.31,46.076348986327645
2018-11-04 12:00:00,61.34,46.418349895775314
2018-11-04 12:15:00,6.01,46.44175652891398
2018-11-04 12:30:00,3.4599999999999995,44.95440241485834
2018-11-04 12:45:00,3.38,38.96509318768978
2018-11-04 13:00:00,3.35,34.51600733563304
2018-11-04 13:15:00,37.69,31.535970640480517
2018-11-04 13:30:00,92.05,30.6033474445343
2018-11-04 13:45:00,66.96,34.76918025195599
2018-11-04 14:00:00,95.15,38.909969488829375
2018-11-04 14:15:00,71.93,45.94142402738333
2018-11-04 14:30:00,89.46,49.58906846731901
2018-11-04 14:45:00,81.58,55.635591912865635
2018-11-04 15:00:00,75.89,56.63046813040972
2018-11-04 15:15:00,93.60000000000001,58.46711639493704
2018-11-04 15:30:00,70.96,58.85994095504284
2018-11-04 15:45:00,91.66000000000001,59.39810938984156
2018-11-04 16:00:00,71.28,59.028049262464044
2018-11-04 16:15:00,93.88999999999999,58.84627061903477
2018-11-04 16:30:00,71.53,57.61510057777166
2018-11-04 16:45:00,83.81000000000002,56.71920405983925
2018-11-04 17:00:00,9.47,53.79407549977302
2018-11-04 17:15:00,3.89,52.07337360024452
2018-11-04 17:30:00,3.89,45.70610922247171
2018-11-04 17:45:00,3.92,41.577622838914394
2018-11-04 18:00:00,4.72,34.823949168771506
2018-11-04 18:15:00,4.39,32.26027165785432
2018-11-04 18:30:00,3.74,30.057344613820312
2018-11-04 18:45:00,3.78,29.515444231182336
2018-11-04 19:00:00,3.17,28.331502865552903
2018-11-04 19:15:00,3.13,28.130835446417333
2018-11-04 19:30:00,3.13,25.863409924805165
2018-11-04 19:45:00,3.17,24.175922810137273
2018-11-04 20:00:00,3.17,20.998923698216675
2018-11-04 20:15:00,3.2,20.38150975368917
2018-11-04 20:30:00,3.13,19.017431172952055
2018-11-04 20:45:00,3.13,18.29787031315267
2018-11-04 21:00:00,3.13,16.541769922822713
2018-11-04 21:15:00,3.13,15.318717204928397
2018-11-04 21:30:00,3.13,13.111744971945882
2018-11-04 21:45:00,3.24,11.362525781467557
2018-11-04 22:00:00,3.8200000000000003,8.670215079262853
2018-11-04 22:15:00,3.1,6.360971027519553
2018-11-04 22:30:00,2.95,3.364973069895059
2018-11-04 22:45:00,3.4599999999999995,0.7561343869380653
2018-11-04 23:00:00,3.42,-2.369535566046834
2018-11-04 23:15:00,2.92,-5.191802033111453
2018-11-04 23:30:00,2.84,-5.360013631507755
2018-11-04 23:45:00,2.92,-3.8567089208960534
2018-11-05 00:00:00,3.78,-2.7354045498371122
2018-11-05 00:15:00,2.95,-1.839457228463143
2018-11-05 00:30:00,2.95,-0.40113208437338466
2018-11-05 00:45:00,3.5299999999999994,-0.9079275695793331
2018-11-05 01:00:00,3.38,0.7364916993863881
2018-11-05 01:15:00,2.92,1.2407641341164708
2018-11-05 01:30:00,2.95,2.0320810659043493
2018-11-05 01:45:00,2.95,2.626611849218607
2018-11-05 02:00:00,2.92,2.9645903049595654
2018-11-05 02:15:00,2.99,3.345641377996653
2018-11-05 02:30:00,2.95,3.1536487166769804
2018-11-05 02:45:00,3.56,2.8948975263349714
2018-11-05 03:00:00,3.31,1.8920566764287652
2018-11-05 03:15:00,2.92,2.9722776235081256
2018-11-05 03:30:00,2.95,2.42412364596501
2018-11-05 03:45:00,2.92,1.7521939597837628
2018-11-05 04:00:00,3.02,0.36026218170300134
2018-11-05 04:15:00,3.64,-0.7273120723478496
2018-11-05 04:30:00,3.35,-2.045852244440466
2018-11-05 04:45:00,2.92,-3.1433960423618554
2018-11-05 05:00:00,2.88,-4.247932470887899
2018-11-05 05:15:00,2.95,-4.846631662547589
2018-11-05 05:30:00,2.88,-3.554420023187995
2018-11-05 05:45:00,2.92,-3.0802571883797647
2018-11-05 06:00:00,2.88,-1.7768449339084327
2018-11-05 06:15:00,2.84,-0.3376199233345687
2018-11-05 06:30:00,2.92,4.590914847590029
2018-11-05 06:45:00,3.5299999999999994,9.590739197023213
2018-11-05 07:00:00,3.31,16.11871591158211
2018-11-05 07:15:00,3.31,21.69222619578242
2018-11-05 07:30:00,4.32,27.418298372924326
2018-11-05 07:45:00,5.22,32.852459027171136
2018-11-05 08:00:00,5.22,38.5155349367857
2018-11-05 08:15:00,37.69,44.073635779321194
2018-11-05 08:30:00,94.86,50.40278578728437
2018-11-05 08:45:00,59.47,64.97005122303963
2018-11-05 09:00:00,78.62,74.06369885206223
2018-11-05 09:15:00,82.26,86.49326774001122
2018-11-05 09:30:00,73.48,88.2130714571476
2018-11-05 09:45:00,65.66,89.16931235909463
2018-11-05 10:00:00,83.22999999999999,84.74087796568871
2018-11-05 10:15:00,61.56000000000001,80.92812963843346
2018-11-05 10:30:00,63.0,73.80777076125145
2018-11-05 10:45:00,61.959999999999994,67.94762465298176
2018-11-05 11:00:00,64.3,61.715024761259556
2018-11-05 11:15:00,68.94,58.04855441838503
2018-11-05 11:30:00,66.1,54.67362958908081
2018-11-05 11:45:00,73.8,52.7313820207119
2018-11-05 12:00:00,55.94,51.773353735804555
2018-11-05 12:15:00,6.16,50.525481992959975
2018-11-05 12:30:00,6.62,48.358846008479595
2018-11-05 12:45:00,6.88,44.00678855478763
2018-11-05 13:00:00,6.84,42.84132953733206
2018-11-05 13:15:00,48.31,43.20428055107593
2018-11-05 13:30:00,68.87,46.49408912599087
2018-11-05 13:45:00,69.26,53.91971325278282
2018-11-05 14:00:00,59.720000000000006,61.04443280547857
2018-11-05 14:15:00,52.74,66.84658776760101
2018-11-05 14:30:00,68.47,70.81297019302845
2018-11-05 14:45:00,45.67999999999999,73.97944036185741
2018-11-05 15:00:00,46.4,74.8457597336173
2018-11-05 15:15:00,64.15,74.59658597439527
2018-11-05 15:30:00,73.44,76.02543697834015
2018-11-05 15:45:00,53.14,76.75794513732195
2018-11-05 16:00:00,55.58,76.55976568341256
2018-11-05 16:15:00,59.26,75.17950185596943
2018-11-05 16:30:00,67.43,73.29331434160471
2018-11-05 16:45:00,54.65,73.13689138710498
2018-11-05 17:00:00,51.7,71.65376771211623
2018-11-05 17:15:00,43.99,69.37268532723188
2018-11-05 17:30:00,62.75,64.46941333949566
2018-11-05 17:45:00,31.539999999999996,61.21377162277698
2018-11-05 18:00:00,32.22,57.1345460525155
2018-11-05 18:15:00,40.50000000000001,51.71755415469408
2018-11-05 18:30:00,56.66,46.909588300585746
2018-11-05 18:45:00,44.39,45.333224311470985
2018-11-05 19:00:00,60.8,44.82417494982481
2018-11-05 19:15:00,58.1,44.42576369524002
2018-11-05 19:30:00,52.16,45.133962547779085
2018-11-05 19:45:00,64.26,44.24569608926773
2018-11-05 20:00:00,59.9,42.30021506428719
2018-11-05 20:15:00,51.00999999999999,39.473401548862455
2018-11-05 20:30:00,56.45,35.71151729047298
2018-11-05 20:45:00,55.33,30.99047079190612
2018-11-05 21:00:00,45.22,29.48546290293336
2018-11-05 21:15:00,42.59,27.480908422023056
2018-11-05 21:30:00,59.33,25.439620526731012
2018-11-05 21:45:00,74.88,22.522214089781045
2018-11-05 22:00:00,61.38,20.538652376830576
2018-11-05 22:15:00,73.87,17.72699681200087
2018-11-05 22:30:00,24.44,15.579265321418642
2018-11-05 22:45:00,4.39,12.599919103980064
2018-11-05 23:00:00,4.86,8.317987801916896
2018-11-05 23:15:00,3.8200000000000003,3.598949583042413
2018-11-05 23:30:00,3.78,-0.1287695012427866
2018-11-05 23:45:00,3.74,-1.3562098401226104
2018-11-06 00:00:00,3.49,-1.111343426834792
2018-11-06 00:15:00,3.74,-1.0868135043419898
2018-11-06 00:30:00,3.71,-0.36493028169497843
2018-11-06 00:45:00,3.74,0.2469255979172886
2018-11-06 01:00:00,3.64,0.295292158368975
2018-11-06 01:15:00,3.71,0.8102044055797161
2018-11-06 01:30:00,3.71,2.1368175532855096
2018-11-06 01:45:00,3.67,2.8053885986842215
2018-11-06 02:00:00,3.71,3.7330295488331466
2018-11-06 02:15:00,4.75,4.146359893633052
2018-11-06 02:30:00,4.14,4.6460064083617185
2018-11-06 02:45:00,3.67,4.605160581693053
2018-11-06 03:00:00,3.64,4.5057577539701015
2018-11-06 03:15:00,3.71,3.091583190653473
2018-11-06 03:30:00,3.38,3.5256202884577217
2018-11-06 03:45:00,3.13,3.3683339561335743
2018-11-06 04:00:00,3.06,2.557729399520904
2018-11-06 04:15:00,3.1,1.080013343896717
2018-11-06 04:30:00,3.06,-0.4736923102848231
2018-11-06 04:45:00,3.1,-2.0465567562542857
2018-11-06 05:00:00,3.1,-3.694704885557294
2018-11-06 05:15:00,3.06,-5.099978601709009
2018-11-06 05:30:00,3.17,-6.5274261956661945
2018-11-06 05:45:00,3.71,-6.488465288951994
2018-11-06 06:00:00,3.31,-5.88585114479065
2018-11-06 06:15:00,3.02,-5.02073870562017
2018-11-06 06:30:00,3.38,-3.7283350797742605
2018-11-06 06:45:00,3.5299999999999994,-0.5969150753878056
2018-11-06 07:00:00,2.99,5.370397384315729
2018-11-06 07:15:00,3.02,11.3872448836267
2018-11-06 07:30:00,3.31,19.477545312419533
2018-11-06 07:45:00,4.39,24.985683636665343
2018-11-06 08:00:00,4.07,31.20488938346505
2018-11-06 08:15:00,35.03,36.674092623740435
2018-11-06 08:30:00,54.93999999999999,45.10834638595581
2018-11-06 08:45:00,60.37,57.35902877777815
2018-11-06 09:00:00,76.1,67.92327043741942
2018-11-06 09:15:00,70.96,78.33541838169099
2018-11-06 09:30:00,76.54,86.34848972022534
2018-11-06 09:45:00,76.0,92.34740500807763
2018-11-06 10:00:00,66.67,90.50998430669308
2018-11-06 10:15:00,63.32,88.8161021333933
2018-11-06 10:30:00,56.52,82.88711034476758
2018-11-06 10:45:00,60.23,76.12883573532105
2018-11-06 11:00:00,74.77,68.62506075859069
2018-11-06 11:15:00,85.74999999999999,64.72336991995573
2018-11-06 11:30:00,64.12,61.045173805952075
2018-11-06 11:45:00,60.62,58.47373599916696
2018-11-06 12:00:00,52.99000000000001,55.53871845096349
2018-11-06 12:15:00,6.05,53.32703861951828
2018-11-06 12:30:00,5.9,49.048263867199424
2018-11-06 12:45:00,5.76,43.98543875932693
2018-11-06 13:00:00,4.93,40.44509118795395
2018-11-06 13:15:00,44.39,39.44983099743724
2018-11-06 13:30:00,53.03,42.38873542994261
2018-11-06 13:45:00,60.34,49.64879310548305
2018-11-06 14:00:00,59.65,55.03157772690058
2018-11-06 14:15:00,51.19,61.41306482285261
2018-11-06 14:30:00,50.9,65.30324994504451
2018-11-06 14:45:00,49.900000000000006,70.20214778453112
2018-11-06 15:00:00,50.69,70.55415444582701
2018-11-06 15:15:00,50.62,71.20239064186812
2018-11-06 15:30:00,51.91,71.48745127856732
2018-11-06 15:45:00,49.97,71.42941971421241
2018-11-06 16:00:00,49.18,70.38684102982283
2018-11-06 16:15:00,58.64,69.1590930634737
2018-11-06 16:30:00,55.58,68.30348002582788
2018-11-06 16:45:00,55.84,67.46624829083682
2018-11-06 17:00:00,48.71,66.09685247033835
2018-11-06 17:15:00,42.52,64.65875018775463
2018-11-06 17:30:00,60.77,62.1606893914938
2018-11-06 17:45:00,31.03,60.42498784601688
2018-11-06 18:00:00,31.32,57.29582368284464
2018-11-06 18:15:00,43.92,53.163039496541025
2018-11-06 18:30:00,51.52,49.541877964437006
2018-11-06 18:45:00,52.81,48.659746091663834
2018-11-06 19:00:00,66.46,47.58481038659811
2018-11-06 19:15:00,48.349999999999994,47.6924844917655
2018-11-06 19:30:00,46.50999999999999,48.1242587313056
2018-11-06 19:45:00,73.62,47.66392678260803
2018-11-06 20:00:00,50.98,47.39941206812858
2018-11-06 20:15:00,49.25,45.386859273016455
2018-11-06 20:30:00,42.66,41.809996096491815
2018-11-06 20:45:00,30.349999999999998,36.928871041089295
2018-11-06 21:00:00,8.28,32.72197782561183
2018-11-06 21:15:00,7.599999999999999,27.68912955507636
2018-11-06 21:30:00,4.21,24.72982964590192
2018-11-06 21:45:00,3.85,20.77196311227977
2018-11-06 22:00:00,3.85,17.175097413882614
2018-11-06 22:15:00,3.67,13.016771165803075
2018-11-06 22:30:00,3.64,9.101660359501839
2018-11-06 22:45:00,3.64,5.227669465839862
2018-11-06 23:00:00,3.5299999999999994,1.2187533325515687
2018-11-06 23:15:00,3.5299999999999994,-2.4829973340034486
2018-11-06 23:30:00,3.6,-5.672261126488448
2018-11-06 23:45:00,3.5299999999999994,-5.981979115307332
2018-11-07 00:00:00,0.0,-3.873973109200597
2018-11-07 00:15:00,3.5299999999999994,-2.5320616699010134
2018-11-07 00:30:00,3.56,-1.4511555780656635
2018-11-07 00:45:00,3.64,-1.1100842873938381
2018-11-07 01:00:00,3.74,0.18700392099097377
2018-11-07 01:15:00,4.68,2.3118831253796817
2018-11-07 01:30:00,3.85,4.134671312868595
2018-11-07 01:45:00,2.95,4.98844812888652
2018-11-07 02:00:00,2.92,6.463274844028056
2018-11-07 02:15:00,2.95,7.371221601478755
2018-11-07 02:30:00,2.95,7.866148729100823
2018-11-07 02:45:00,2.95,7.51192524138838
2018-11-07 03:00:00,2.92,6.236727983355522
2018-11-07 03:15:00,2.95,5.158733405880629
2018-11-07 03:30:00,2.99,4.760991858541965
2018-11-07 03:45:00,2.99,3.8306340469978752
2018-11-07 04:00:00,2.95,2.666189975645393
2018-11-07 04:15:00,2.95,1.3894164075143636
2018-11-07 04:30:00,3.02,-0.2433551199175417
2018-11-07 04:45:00,3.42,-1.6474252716638147
2018-11-07 05:00:00,3.56,-3.445470499023795
2018-11-07 05:15:00,3.06,-4.65262538857758
2018-11-07 05:30:00,3.6,-6.539467453360558
2018-11-07 05:45:00,3.1,-7.70860901862383
2018-11-07 06:00:00,2.95,-6.797636509239674
2018-11-07 06:15:00,2.95,-5.523600713312626
2018-11-07 06:30:00,2.88,-3.801589712947607
2018-11-07 06:45:00,2.88,-0.5757830891571939
2018-11-07 07:00:00,2.88,5.8990714698657385
2018-11-07 07:15:00,2.84,11.726739864200352
2018-11-07 07:30:00,3.24,18.027561199516057
2018-11-07 07:45:00,4.82,22.718087460398674
2018-11-07 08:00:00,5.72,28.17119302675128
2018-11-07 08:15:00,29.92,32.07789123222232
2018-11-07 08:30:00,54.93999999999999,38.58761856466532
2018-11-07 08:45:00,64.4,49.04324302762747
2018-11-07 09:00:00,62.099999999999994,62.32285622239113
2018-11-07 09:15:00,54.79,72.30381374567747
2018-11-07 09:30:00,51.41,78.24091163039208
2018-11-07 09:45:00,44.35,78.3272898310423
2018-11-07 10:00:00,48.02,73.51552915632725
2018-11-07 10:15:00,64.12,68.49300998330116
2018-11-07 10:30:00,52.52,64.31929113447666
2018-11-07 10:45:00,70.52,59.65066929668188
2018-11-07 11:00:00,55.26,56.668703754842284
2018-11-07 11:15:00,49.0,53.65686915755272
2018-11-07 11:30:00,43.27,50.60907133728266
2018-11-07 11:45:00,50.54,46.865303417742254
2018-11-07 12:00:00,47.63,44.14771337211132
2018-11-07 12:15:00,4.18,43.03813477218151
2018-11-07 12:30:00,4.28,40.180086964070796
2018-11-07 12:45:00,4.57,36.20545922428369
2018-11-07 13:00:00,4.75,33.94299391493201
2018-11-07 13:15:00,30.64,34.54427538096905
2018-11-07 13:30:00,58.28,36.0686278732121
2018-11-07 13:45:00,47.95,43.244411340355875
2018-11-07 14:00:00,66.49,47.79315277427435
2018-11-07 14:15:00,52.06,54.95524569630623
2018-11-07 14:30:00,61.2,58.460802172720435
2018-11-07 14:45:00,51.05,60.61162116527557
2018-11-07 15:00:00,43.06,60.25477779179811
2018-11-07 15:15:00,42.55,60.79443720936775
2018-11-07 15:30:00,64.58,59.33066487401724
2018-11-07 15:45:00,56.92000000000001,61.081702883839604
2018-11-07 16:00:00,55.90999999999999,60.26184199631214
2018-11-07 16:15:00,46.22,60.108468371033666
2018-11-07 16:30:00,50.76,57.84213414102793
2018-11-07 16:45:00,68.4,56.52019378721714
2018-11-07 17:00:00,62.06,55.37943029463291
2018-11-07 17:15:00,53.75,54.34138294041157
2018-11-07 17:30:00,60.19,52.30445347517729
2018-11-07 17:45:00,32.0,50.24138690233231
2018-11-07 18:00:00,32.29,47.14083883017302
2018-11-07 18:15:00,41.15,42.146536056995394
2018-11-07 18:30:00,52.63,38.92047822281718
2018-11-07 18:45:00,52.49,37.94118546977639
2018-11-07 19:00:00,65.66,39.453392290622
2018-11-07 19:15:00,61.85,40.62024124532938
2018-11-07 19:30:00,45.94,42.113173072040084
2018-11-07 19:45:00,59.33,42.50965323448181
2018-11-07 20:00:00,55.66,40.98803346216678
2018-11-07 20:15:00,63.29,39.48277632758021
2018-11-07 20:30:00,50.69,36.57594598829746
2018-11-07 20:45:00,33.08,34.33635289356113
2018-11-07 21:00:00,10.510000000000002,31.640117134302855
2018-11-07 21:15:00,5.26,26.916510815918446
2018-11-07 21:30:00,4.1,23.601589061319828
2018-11-07 21:45:00,4.0,19.9844985409081
2018-11-07 22:00:00,5.0,16.185152217671273
2018-11-07 22:15:00,4.5,12.41362709403038
2018-11-07 22:30:00,3.74,8.447757755294441
2018-11-07 22:45:00,3.74,4.618670367598534
2018-11-07 23:00:00,3.64,0.504865617286414
2018-11-07 23:15:00,3.56,-3.5031001267582176
2018-11-07 23:30:00,3.6,-7.221557266488672
2018-11-07 23:45:00,3.56,-8.366628666371108
2018-11-08 00:00:00,3.5299999999999994,-5.993270390704275
2018-11-08 00:15:00,3.64,-3.9388409642875195
2018-11-08 00:30:00,3.64,-2.546847997531295
2018-11-08 00:45:00,3.67,-1.2006440884433687
2018-11-08 01:00:00,3.67,-0.6658000512234866
2018-11-08 01:15:00,3.6,1.8337943914718926
2018-11-08 01:30:00,3.74,3.983211096767336
2018-11-08 01:45:00,3.6,5.272035465780645
2018-11-08 02:00:00,3.64,6.4682928767800325
2018-11-08 02:15:00,3.35,7.353193958140909
2018-11-08 02:30:00,3.17,8.291311223506927
2018-11-08 02:45:00,3.74,8.830356508865952
2018-11-08 03:00:00,3.38,7.945670991279185
2018-11-08 03:15:00,3.06,6.9380512496829025
2018-11-08 03:30:00,3.06,6.402509156335145
2018-11-08 03:45:00,3.06,5.5402119575999675
2018-11-08 04:00:00,3.13,4.070896433480084
2018-11-08 04:15:00,3.17,2.6078864304348826
2018-11-08 04:30:00,3.13,0.533551317434758
2018-11-08 04:45:00,3.06,-1.2164840962924062
2018-11-08 05:00:00,3.06,-3.4911453191190955
2018-11-08 05:15:00,3.1,-5.193454688712955
2018-11-08 05:30:00,3.13,-7.2040191325545315
2018-11-08 05:45:00,3.13,-8.869662451446057
2018-11-08 06:00:00,3.67,-8.703981481939556
2018-11-08 06:15:00,3.4599999999999995,-7.502230282202364
2018-11-08 06:30:00,3.02,-5.55930346339941
2018-11-08 06:45:00,3.02,-1.470464254040271
2018-11-08 07:00:00,2.99,5.402656727656722
2018-11-08 07:15:00,2.95,11.931719681546092
2018-11-08 07:30:00,3.2,19.651404232606293
2018-11-08 07:45:00,4.68,25.32341368883848
2018-11-08 08:00:00,5.0,31.472201936095953
2018-11-08 08:15:00,22.279999999999998,35.50152898356318
2018-11-08 08:30:00,46.84,41.29422833055258
2018-11-08 08:45:00,63.04,49.870949538350104
2018-11-08 09:00:00,66.85,61.514667215049265
2018-11-08 09:15:00,54.65,72.38376994222402
2018-11-08 09:30:00,56.34,78.50064801454545
2018-11-08 09:45:00,55.98,83.0203826481104
2018-11-08 10:00:00,66.1,80.81282996475697
2018-11-08 10:15:00,53.24,78.20743637263776
2018-11-08 10:30:00,67.07,72.4105941593647
2018-11-08 10:45:00,62.93,67.03964758187533
2018-11-08 11:00:00,52.85000000000001,62.397724215686324
2018-11-08 11:15:00,52.13,57.76394736379385
2018-11-08 11:30:00,53.6,53.31537123024464
2018-11-08 11:45:00,58.25,50.4742766147852
2018-11-08 12:00:00,48.489999999999995,48.0611659091711
2018-11-08 12:15:00,7.31,45.78122421592474
2018-11-08 12:30:00,7.63,42.84398366630077
2018-11-08 12:45:00,7.88,39.3432347111404
2018-11-08 13:00:00,7.919999999999998,35.742277791947124
2018-11-08 13:15:00,45.18,36.06056444078684
2018-11-08 13:30:00,59.8,38.589612529575824
2018-11-08 13:45:00,59.0,45.681031970083716
2018-11-08 14:00:00,62.53000000000001,49.62650021851063
2018-11-08 14:15:00,60.26,56.00285420209169
2018-11-08 14:30:00,54.61,59.48159095227718
2018-11-08 14:45:00,52.13,64.87964467436075
2018-11-08 15:00:00,59.76,64.22977378636598
2018-11-08 15:15:00,43.92,66.53739297002554
2018-11-08 15:30:00,48.6,65.53860965907573
2018-11-08 15:45:00,63.68,65.72769950717688
2018-11-08 16:00:00,54.04,65.52642581492663
2018-11-08 16:15:00,56.47999999999999,65.44387387126685
2018-11-08 16:30:00,109.08,63.785460920631884
2018-11-08 16:45:00,70.06,67.85355801105499
2018-11-08 17:00:00,62.96000000000001,67.87437787890434
2018-11-08 17:15:00,64.84,68.11712514311075
2018-11-08 17:30:00,71.57,63.933005342185496
2018-11-08 17:45:00,32.36,62.42443616002798
2018-11-08 18:00:00,32.26,57.72410399287939
2018-11-08 18:15:00,52.02,51.64656630933285
2018-11-08 18:30:00,46.93999999999999,48.165431412160395
2018-11-08 18:45:00,73.94,46.276001459360124
2018-11-08 19:00:00,74.3,46.20754648834467
2018-11-08 19:15:00,80.17,47.249658117890355
2018-11-08 19:30:00,85.43,48.75635908067226
2018-11-08 19:45:00,94.21,49.12355849713087
2018-11-08 20:00:00,83.2,48.35469191491604
2018-11-08 20:15:00,70.7,46.27914060682058
2018-11-08 20:30:00,91.19,43.88632433235645
2018-11-08 20:45:00,80.13999999999999,41.73513708502054
2018-11-08 21:00:00,28.66,39.02496153503656
2018-11-08 21:15:00,19.760000000000005,35.95956607624888
2018-11-08 21:30:00,4.1,29.604925651997327
2018-11-08 21:45:00,4.1,23.803363490253687
2018-11-08 22:00:00,4.07,18.5359874471277
2018-11-08 22:15:00,3.92,14.020256461575627
2018-11-08 22:30:00,3.78,9.08055307328701
2018-11-08 22:45:00,3.9599999999999995,4.87811147429049
2018-11-08 23:00:00,4.9,0.03263331325724726
2018-11-08 23:15:00,4.25,-4.049887744337321
2018-11-08 23:30:00,3.56,-7.502495246008039
2018-11-08 23:45:00,3.5299999999999994,-6.380128774270416
2018-11-09 00:00:00,4.9,-4.175895997583866
2018-11-09 00:15:00,3.56,-2.5582403184473512
2018-11-09 00:30:00,3.64,-1.3222888593561948
2018-11-09 00:45:00,3.6,-0.7822774665616452
2018-11-09 01:00:00,3.38,0.34044827813282613
2018-11-09 01:15:00,2.88,2.8651087459363045
2018-11-09 01:30:00,2.84,4.211158981630579
2018-11-09 01:45:00,2.88,5.384535617213696
2018-11-09 02:00:00,2.88,6.3137611575797195
2018-11-09 02:15:00,2.95,7.059216615743934
2018-11-09 02:30:00,2.92,7.795353992953896
2018-11-09 02:45:00,2.88,8.039817908257245
2018-11-09 03:00:00,2.92,6.1083406694978475
2018-11-09 03:15:00,2.88,5.2942256231419735
2018-11-09 03:30:00,2.99,4.593531224830076
2018-11-09 03:45:00,3.28,3.658862137803808
2018-11-09 04:00:00,3.5299999999999994,2.1680975971370935
2018-11-09 04:15:00,3.17,0.6609051601774991
2018-11-09 04:30:00,3.49,-1.2471862159110605
2018-11-09 04:45:00,3.24,-2.989316221177578
2018-11-09 05:00:00,2.88,-4.9105508124828345
2018-11-09 05:15:00,2.88,-6.562220658808947
2018-11-09 05:30:00,2.88,-7.9836223625391725
2018-11-09 05:45:00,2.84,-8.395629853084683
2018-11-09 06:00:00,2.84,-7.711785216107965
2018-11-09 06:15:00,2.95,-6.527193790972233
2018-11-09 06:30:00,2.84,-4.472785696387291
2018-11-09 06:45:00,2.88,0.3267880466766656
2018-11-09 07:00:00,2.84,7.351007445380091
2018-11-09 07:15:00,2.84,13.812982910946012
2018-11-09 07:30:00,3.42,21.121358308270572
2018-11-09 07:45:00,5.72,26.67387806996703
2018-11-09 08:00:00,6.05,32.51336822867393
2018-11-09 08:15:00,35.96,36.74085452094674
2018-11-09 08:30:00,90.18,43.50552643448114
2018-11-09 08:45:00,80.53,57.58999188899994
2018-11-09 09:00:00,108.50000000000001,70.72304417192936
2018-11-09 09:15:00,102.89000000000001,84.11091079950333
2018-11-09 09:30:00,108.46999999999998,93.12213223040105
2018-11-09 09:45:00,83.63,99.85746726155281
2018-11-09 10:00:00,76.57,96.92815317153932
2018-11-09 10:15:00,59.4,91.60826377213002
2018-11-09 10:30:00,56.81,84.18278335452081
2018-11-09 10:45:00,55.98,76.4610240021348
2018-11-09 11:00:00,61.6,69.91935954928398
2018-11-09 11:15:00,68.08,66.36360365897417
2018-11-09 11:30:00,64.19,63.15173486113548
2018-11-09 11:45:00,56.95,61.14378075987101
2018-11-09 12:00:00,51.440000000000005,59.37859188646078
2018-11-09 12:15:00,5.1499999999999995,57.221755071878434
2018-11-09 12:30:00,4.82,53.63802080005407
2018-11-09 12:45:00,4.97,48.55909577280283
2018-11-09 13:00:00,4.72,45.228828572034836
2018-11-09 13:15:00,37.26,44.13512983679772
2018-11-09 13:30:00,68.62,46.26776961773634
2018-11-09 13:45:00,53.35,53.797668229341504
2018-11-09 14:00:00,53.28,57.01025557309389
2018-11-09 14:15:00,54.97,61.628040287494656
2018-11-09 14:30:00,70.38,61.98789257198572
2018-11-09 14:45:00,60.12,66.0326593747735
2018-11-09 15:00:00,65.63,66.4370435422659
2018-11-09 15:15:00,51.59000000000001,69.13109671831131
2018-11-09 15:30:00,53.78,68.60406125426293
2018-11-09 15:45:00,55.87,68.21451505988836
2018-11-09 16:00:00,57.38,66.17789995849132
2018-11-09 16:15:00,59.720000000000006,65.6337810653448
2018-11-09 16:30:00,66.28,63.86595602661371
2018-11-09 16:45:00,59.720000000000006,64.1018097409606
2018-11-09 17:00:00,64.04,61.846334536075595
2018-11-09 17:15:00,69.48,61.12378272891045
2018-11-09 17:30:00,56.92000000000001,59.98645029306412
2018-11-09 17:45:00,28.8,58.07768247336149
2018-11-09 18:00:00,29.12,53.863334344029425
2018-11-09 18:15:00,53.5,48.102118535339834
2018-11-09 18:30:00,58.79,45.506169331073764
2018-11-09 18:45:00,53.71,44.07890810996294
2018-11-09 19:00:00,63.0,42.15649240881204
2018-11-09 19:15:00,53.14,38.58204983383417
2018-11-09 19:30:00,55.510000000000005,36.844302677959206
2018-11-09 19:45:00,63.76,33.584603422284125
2018-11-09 20:00:00,52.45,31.761091075241566
2018-11-09 20:15:00,66.49,28.606658795922993
2018-11-09 20:30:00,51.73,26.206859153360128
2018-11-09 20:45:00,42.48,23.353210193514823
2018-11-09 21:00:00,29.27,20.846893978342415
2018-11-09 21:15:00,16.6,18.255064063072204
2018-11-09 21:30:00,6.55,14.968589990288018
2018-11-09 21:45:00,6.44,11.024192824363707
2018-11-09 22:00:00,5.9,7.297078890465199
2018-11-09 22:15:00,4.93,4.469849263979122
2018-11-09 22:30:00,4.93,2.295844675358385
2018-11-09 22:45:00,4.97,0.9047689773701132
2018-11-09 23:00:00,4.82,0.05279301704838877
2018-11-09 23:15:00,4.82,-0.7348770135454833
2018-11-09 23:30:00,4.82,-0.7229463445581495
2018-11-09 23:45:00,4.82,-1.457538286689669
2018-11-10 00:00:00,2.7,-1.3190913300402463
2018-11-10 00:15:00,4.82,-0.2761567408777773
2018-11-10 00:30:00,4.86,1.1718182502873242
2018-11-10 00:45:00,4.9,2.1537061890773477
2018-11-10 01:00:00,4.86,3.7112693962920456
2018-11-10 01:15:00,4.9,3.7532474941387775
2018-11-10 01:30:00,4.97,4.505637201052159
2018-11-10 01:45:00,4.9,4.12072099656798
2018-11-10 02:00:00,6.01,4.1953763732500375
2018-11-10 02:15:00,5.54,3.267937093116343
2018-11-10 02:30:00,4.0,3.205015767682344
2018-11-10 02:45:00,3.8200000000000003,3.1181416019424795
2018-11-10 03:00:00,3.74,3.1938721310161053
2018-11-10 03:15:00,3.74,2.922521125804633
2018-11-10 03:30:00,3.78,2.6370689377188685
2018-11-10 03:45:00,3.74,2.2570350562408565
2018-11-10 04:00:00,3.78,1.7948042938299478
2018-11-10 04:15:00,3.78,1.6620734260603787
2018-11-10 04:30:00,3.78,1.371505808569491
2018-11-10 04:45:00,3.74,1.0438390480540694
2018-11-10 05:00:00,3.74,0.9500620699487627
2018-11-10 05:15:00,3.78,1.1089084328152239
2018-11-10 05:30:00,3.78,1.4107625541090967
2018-11-10 05:45:00,3.74,2.8305149704217913
2018-11-10 06:00:00,5.51,4.360729365842417
2018-11-10 06:15:00,5.69,6.23145621407777
2018-11-10 06:30:00,4.07,8.182537967637181
2018-11-10 06:45:00,3.74,10.749031280353664
2018-11-10 07:00:00,3.71,13.585786552131175
2018-11-10 07:15:00,3.71,16.08400565303862
2018-11-10 07:30:00,3.78,18.40106810182333
2018-11-10 07:45:00,3.8200000000000003,20.047256790101528
2018-11-10 08:00:00,4.14,21.648008676618335
2018-11-10 08:15:00,26.17,23.039877020567655
2018-11-10 08:30:00,42.15999999999999,25.660973086357117
2018-11-10 08:45:00,55.510000000000005,31.172678317427636
2018-11-10 09:00:00,57.78,37.83588032066822
2018-11-10 09:15:00,45.14,42.74761318653822
2018-11-10 09:30:00,56.09000000000001,45.25362738788128
2018-11-10 09:45:00,50.72,46.56544971704483
2018-11-10 10:00:00,50.58,46.982327601611615
2018-11-10 10:15:00,58.61,47.25003984540701
2018-11-10 10:30:00,44.86,47.68542926907539
2018-11-10 10:45:00,58.54,47.46457520067692
2018-11-10 11:00:00,44.5,46.75573863863945
2018-11-10 11:15:00,56.52,46.06794649004936
2018-11-10 11:30:00,53.14,44.87118581622839
2018-11-10 11:45:00,62.21,44.47316976189613
2018-11-10 12:00:00,30.1,44.03379240840673
2018-11-10 12:15:00,4.07,43.57072549432516
2018-11-10 12:30:00,4.57,40.56346713632345
2018-11-10 12:45:00,5.080000000000001,36.69326432690024
2018-11-10 13:00:00,5.080000000000001,32.83022901296616
2018-11-10 13:15:00,28.66,29.963266744613648
2018-11-10 13:30:00,49.97,27.705442792773248
2018-11-10 13:45:00,60.77,28.276134411990643
2018-11-10 14:00:00,63.43,29.42508708253503
2018-11-10 14:15:00,61.269999999999996,31.475783438384532
2018-11-10 14:30:00,52.52,32.39197214201093
2018-11-10 14:45:00,50.36,33.13403696164489
2018-11-10 15:00:00,47.84,32.074933966696264
2018-11-10 15:15:00,67.68,31.380506495684386
2018-11-10 15:30:00,46.36999999999999,31.765373159796
2018-11-10 15:45:00,55.15,31.68165133357048
2018-11-10 16:00:00,51.26,31.043441098481416
2018-11-10 16:15:00,37.15,30.925525468587875
2018-11-10 16:30:00,48.82,29.55076300829649
2018-11-10 16:45:00,30.6,27.829883717745542
2018-11-10 17:00:00,5.870000000000001,26.227124393582343
2018-11-10 17:15:00,5.0,23.64897940978408
2018-11-10 17:30:00,3.67,19.46953689366579
2018-11-10 17:45:00,3.71,17.06995506033301
2018-11-10 18:00:00,4.5,15.423174694404006
2018-11-10 18:15:00,4.61,14.941893764138221
2018-11-10 18:30:00,3.64,13.138710652813314
2018-11-10 18:45:00,3.67,12.089873882606625
2018-11-10 19:00:00,3.74,10.386015148386358
2018-11-10 19:15:00,3.8200000000000003,9.736365999169648
2018-11-10 19:30:00,3.71,8.957041767090558
2018-11-10 19:45:00,3.67,8.495735851861536
2018-11-10 20:00:00,3.71,7.692617084123194
2018-11-10 20:15:00,3.74,7.139893042296171
2018-11-10 20:30:00,3.71,6.317823468130081
2018-11-10 20:45:00,3.71,5.6960979674384
2018-11-10 21:00:00,3.67,4.745347345704213
2018-11-10 21:15:00,3.74,3.882801462719217
2018-11-10 21:30:00,3.67,2.9861511732824146
2018-11-10 21:45:00,3.71,2.3860207841172816
2018-11-10 22:00:00,3.78,1.9776192151941359
2018-11-10 22:15:00,4.21,1.6507647483795882
2018-11-10 22:30:00,4.43,1.062410091739148
2018-11-10 22:45:00,3.4599999999999995,0.7924540760554374
2018-11-10 23:00:00,3.42,0.9170246761105956
2018-11-10 23:15:00,3.49,0.861604577060789
2018-11-10 23:30:00,3.35,1.196344804596156
2018-11-10 23:45:00,2.74,1.6637999010272324
2018-11-11 00:00:00,2.7,2.3869621915370227
2018-11-11 00:15:00,2.7,2.883643862325698
2018-11-11 00:30:00,2.81,3.3321105409413576
2018-11-11 00:45:00,2.77,3.4831514181382954
2018-11-11 01:00:00,2.77,3.515683584380895
2018-11-11 01:15:00,2.77,3.53139279441908
2018-11-11 01:30:00,2.81,3.8715103276632727
2018-11-11 01:45:00,2.77,3.939567852970213
2018-11-11 02:00:00,2.84,4.082619117107242
2018-11-11 02:15:00,2.81,4.0050903988163915
2018-11-11 02:30:00,4.21,3.9921489939559254
2018-11-11 02:45:00,4.28,3.853670741263777
2018-11-11 03:00:00,2.84,3.7950146594643592
2018-11-11 03:15:00,2.92,3.7460572634078564
2018-11-11 03:30:00,2.81,3.6856128162611275
2018-11-11 03:45:00,2.88,3.956522168349475
2018-11-11 04:00:00,2.88,4.365238101109862
2018-11-11 04:15:00,2.84,4.390778198111803
2018-11-11 04:30:00,2.84,4.450466066934168
2018-11-11 04:45:00,2.84,4.537209996227175
2018-11-11 05:00:00,2.81,4.977495917342603
2018-11-11 05:15:00,2.84,5.6156415955722325
2018-11-11 05:30:00,2.84,6.495261925831437
2018-11-11 05:45:00,2.95,7.489077165424823
2018-11-11 06:00:00,3.49,8.604030264243484
2018-11-11 06:15:00,3.38,9.735412241742015
2018-11-11 06:30:00,2.99,11.111925034970044
2018-11-11 06:45:00,3.4599999999999995,12.867909784317016
2018-11-11 07:00:00,3.13,14.875415917113424
2018-11-11 07:15:00,2.84,16.490865435749292
2018-11-11 07:30:00,2.81,17.89362424120307
2018-11-11 07:45:00,2.77,19.103675768971442
2018-11-11 08:00:00,2.81,20.198555614054204
2018-11-11 08:15:00,2.81,21.52316806048155
2018-11-11 08:30:00,2.84,22.521183425486086
2018-11-11 08:45:00,2.95,23.76281729161739
2018-11-11 09:00:00,2.92,24.297723078876732
2018-11-11 09:15:00,2.95,23.34034148529172
2018-11-11 09:30:00,3.5299999999999994,21.42080894961953
2018-11-11 09:45:00,3.6,19.46958853915334
2018-11-11 10:00:00,3.2,17.33379164710641
2018-11-11 10:15:00,2.99,15.213238032981753
2018-11-11 10:30:00,2.99,12.439724906161427
2018-11-11 10:45:00,2.95,9.741004549860953
2018-11-11 11:00:00,2.95,7.163629757463932
2018-11-11 11:15:00,2.95,4.551547373002395
2018-11-11 11:30:00,3.02,1.7243556385859848
2018-11-11 11:45:00,2.95,-0.8157027629204094
2018-11-11 12:00:00,3.35,-3.12298035658896
2018-11-11 12:15:00,3.64,-4.7447979883849625
2018-11-11 12:30:00,3.02,-5.852095205038786
2018-11-11 12:45:00,2.99,-6.636829301938415
2018-11-11 13:00:00,3.02,-7.162993529066444
2018-11-11 13:15:00,3.42,-7.384655961617828
2018-11-11 13:30:00,3.56,-7.22213771685958
2018-11-11 13:45:00,3.28,-6.384172840490938
2018-11-11 14:00:00,2.88,-5.230596776083112
2018-11-11 14:15:00,2.84,-3.6073555251955987
2018-11-11 14:30:00,2.95,-1.542522059176117
2018-11-11 14:45:00,2.88,1.161168613936752
2018-11-11 15:00:00,2.92,3.9649151214398444
2018-11-11 15:15:00,2.88,6.6457641742751
2018-11-11 15:30:00,2.92,6.829229155145585
2018-11-11 15:45:00,2.95,6.620714709404855
2018-11-11 16:00:00,2.99,6.207528354469686
2018-11-11 16:15:00,2.95,5.765574340242892
2018-11-11 16:30:00,3.4599999999999995,5.417429582551121
2018-11-11 16:45:00,4.03,5.266521748621016
2018-11-11 17:00:00,3.85,5.419029750619083
2018-11-11 17:15:00,3.49,5.6181115971505635
2018-11-11 17:30:00,2.95,5.8063313310593365
2018-11-11 17:45:00,2.92,5.934600758478045
2018-11-11 18:00:00,2.88,6.022324267942458
2018-11-11 18:15:00,2.84,6.0868878637440496
2018-11-11 18:30:00,2.88,6.047008284851908
2018-11-11 18:45:00,3.02,5.889786228705197
2018-11-11 19:00:00,2.92,5.746753489580005
2018-11-11 19:15:00,2.95,8.161395876854657
2018-11-11 19:30:00,2.95,10.744309086427092
2018-11-11 19:45:00,2.99,13.48635439313948
2018-11-11 20:00:00,2.95,14.873096361085771
2018-11-11 20:15:00,2.99,15.458163389489055
2018-11-11 20:30:00,3.2,15.794714577272535
2018-11-11 20:45:00,3.56,15.814191662445664
2018-11-11 21:00:00,3.49,15.435202479362488
2018-11-11 21:15:00,2.95,14.699948127716779
2018-11-11 21:30:00,2.99,13.566895530968903
2018-11-11 21:45:00,2.95,12.023977608680724
2018-11-11 22:00:00,2.92,10.0947604213655
2018-11-11 22:15:00,3.35,7.768642048612237
2018-11-11 22:30:00,3.24,5.107578550465404
2018-11-11 22:45:00,2.74,2.216795081663877
2018-11-11 23:00:00,2.74,-0.963969659935683
2018-11-11 23:15:00,2.63,-4.312703771367669
2018-11-11 23:30:00,2.66,-7.3135311434417964
2018-11-11 23:45:00,2.66,-7.304019391909242
2018-11-12 00:00:00,4.82,-4.613753177374601
2018-11-12 00:15:00,3.24,-3.370875328630209
2018-11-12 00:30:00,3.42,-1.6187092578597366
2018-11-12 00:45:00,2.88,-1.2448863076232373
2018-11-12 01:00:00,2.77,-1.1816407944820821
2018-11-12 01:15:00,2.77,0.1808665284328163
2018-11-12 01:30:00,2.77,1.3118378681689502
2018-11-12 01:45:00,2.84,2.253556002881378
2018-11-12 02:00:00,2.84,2.981509535089135
2018-11-12 02:15:00,2.77,3.611331588681787
2018-11-12 02:30:00,2.81,3.7646410781238226
2018-11-12 02:45:00,2.77,3.96532028590329
2018-11-12 03:00:00,2.81,2.7352343788556754
2018-11-12 03:15:00,3.38,3.1677190245315434
2018-11-12 03:30:00,3.49,3.655579281160608
2018-11-12 03:45:00,3.38,3.317619210090488
2018-11-12 04:00:00,3.31,2.074399490673095
2018-11-12 04:15:00,2.74,0.7329551062174142
2018-11-12 04:30:00,2.74,-0.7543484850786626
2018-11-12 04:45:00,2.74,-2.3333275883644817
2018-11-12 05:00:00,2.74,-3.8575767896324398
2018-11-12 05:15:00,2.7,-5.315701803192497
2018-11-12 05:30:00,2.66,-4.206940549239516
2018-11-12 05:45:00,2.66,-4.037519772797823
2018-11-12 06:00:00,2.7,-3.2511756839603185
2018-11-12 06:15:00,2.74,-2.3649514676630496
2018-11-12 06:30:00,2.59,0.744318797569722
2018-11-12 06:45:00,2.59,5.9029235495999455
2018-11-12 07:00:00,2.63,12.453445764929056
2018-11-12 07:15:00,3.5299999999999994,19.03657031700015
2018-11-12 07:30:00,5.72,25.49563342615962
2018-11-12 07:45:00,5.080000000000001,31.551156659275293
2018-11-12 08:00:00,5.0,37.35333183050155
2018-11-12 08:15:00,15.05,43.54372164070606
2018-11-12 08:30:00,50.58,49.156189463436604
2018-11-12 08:45:00,61.16,58.29348875671625
2018-11-12 09:00:00,55.01,66.74454077512026
2018-11-12 09:15:00,62.14,76.44385524570943
2018-11-12 09:30:00,62.5,82.5365946662426
2018-11-12 09:45:00,67.07,85.37397080659868
2018-11-12 10:00:00,57.88999999999999,83.6440086466074
2018-11-12 10:15:00,51.98,81.26758869171144
2018-11-12 10:30:00,70.02,76.17673131138088
2018-11-12 10:45:00,60.08,70.07177211940288
2018-11-12 11:00:00,57.71,64.80055073291064
2018-11-12 11:15:00,52.06,59.45094047814607
2018-11-12 11:30:00,57.17,55.05840643495321
2018-11-12 11:45:00,78.19,51.57323869884014
2018-11-12 12:00:00,59.9,51.775927028357984
2018-11-12 12:15:00,4.93,49.844727103412154
2018-11-12 12:30:00,5.0,48.74533389180898
2018-11-12 12:45:00,4.97,42.99763123720884
2018-11-12 13:00:00,5.870000000000001,40.49522772908211
2018-11-12 13:15:00,43.81,39.53440609693527
2018-11-12 13:30:00,78.72999999999999,41.693447949290274
2018-11-12 13:45:00,69.05,50.60894559174776
2018-11-12 14:00:00,70.06,57.35386422902346
2018-11-12 14:15:00,55.07999999999999,64.35408222943545
2018-11-12 14:30:00,59.28999999999999,68.31387648701667
2018-11-12 14:45:00,73.4,72.57201549887657
2018-11-12 15:00:00,68.18,75.2507142469287
2018-11-12 15:15:00,75.34999999999998,76.56445868641138
2018-11-12 15:30:00,61.959999999999994,78.53335981726647
2018-11-12 15:45:00,82.04,79.2450166720152
2018-11-12 16:00:00,115.13,78.69227522790433
2018-11-12 16:15:00,105.70000000000002,81.35827816784382
2018-11-12 16:30:00,104.4,82.55406431376935
2018-11-12 16:45:00,107.5,84.94841198921205
2018-11-12 17:00:00,96.26,84.88471289396287
2018-11-12 17:15:00,86.83,84.6787686532736
2018-11-12 17:30:00,108.97,81.74446066915989
2018-11-12 17:45:00,33.05,79.30283267259598
2018-11-12 18:00:00,32.26,74.9256306028366
2018-11-12 18:15:00,90.86,67.2635330158472
2018-11-12 18:30:00,96.34,63.488732894659044
2018-11-12 18:45:00,108.61,62.337474140822884
2018-11-12 19:00:00,109.37,63.686377930045126
2018-11-12 19:15:00,108.50000000000001,63.3045111951232
2018-11-12 19:30:00,90.25000000000001,65.75060764908791
2018-11-12 19:45:00,108.0,65.52729256093502
2018-11-12 20:00:00,123.73,63.298174518346784
2018-11-12 20:15:00,86.83,62.03484505653381
2018-11-12 20:30:00,111.35,57.653134111166
2018-11-12 20:45:00,100.19,52.95056546986103
2018-11-12 21:00:00,23.620000000000005,47.967638176679614
2018-11-12 21:15:00,6.84,42.751978352963924
2018-11-12 21:30:00,5.359999999999999,36.40763334438205
2018-11-12 21:45:00,5.33,31.31354026198387
2018-11-12 22:00:00,5.4,25.108972642719745
2018-11-12 22:15:00,5.1499999999999995,20.225071080997587
2018-11-12 22:30:00,4.97,13.930403417795896
2018-11-12 22:45:00,5.0,9.054677561298012
2018-11-12 23:00:00,5.04,2.7478805062547327
2018-11-12 23:15:00,4.9,-2.1543824297003447
2018-11-12 23:30:00,5.44,-8.017950893566013
2018-11-12 23:45:00,6.01,-9.757281095907093
2018-11-13 00:00:00,31.5,-6.365293046608568
2018-11-13 00:15:00,4.79,-4.451831101179123
2018-11-13 00:30:00,4.79,-2.2957599870860577
2018-11-13 00:45:00,4.86,-0.9887190757505595
2018-11-13 01:00:00,4.79,0.10102316604927188
2018-11-13 01:15:00,4.82,1.565535659827292
2018-11-13 01:30:00,4.36,3.868618461042643
2018-11-13 01:45:00,3.67,4.988978617861867
2018-11-13 02:00:00,3.78,6.340203647203743
2018-11-13 02:15:00,3.67,7.023631752096116
2018-11-13 02:30:00,3.67,6.8555666697025295
2018-11-13 02:45:00,3.67,6.558062277324497
2018-11-13 03:00:00,3.74,6.0221564201079305
2018-11-13 03:15:00,3.74,6.317039523310959
2018-11-13 03:30:00,4.36,7.991321672722697
2018-11-13 03:45:00,4.82,7.113186150230467
2018-11-13 04:00:00,4.75,5.117524797730147
2018-11-13 04:15:00,4.79,3.3759912417083977
2018-11-13 04:30:00,3.9599999999999995,0.7660059727914632
2018-11-13 04:45:00,3.67,-1.049481675941497
2018-11-13 05:00:00,3.71,-3.4434058022499086
2018-11-13 05:15:00,3.67,-5.031626921668649
2018-11-13 05:30:00,3.67,-6.439651321396232
2018-11-13 05:45:00,3.71,-5.562971415743232
2018-11-13 06:00:00,3.74,-5.301617180556059
2018-11-13 06:15:00,3.67,-4.523238846808672
2018-11-13 06:30:00,3.6,-3.223888902887702
2018-11-13 06:45:00,3.64,0.43286170309409505
2018-11-13 07:00:00,3.64,7.464268245026469
2018-11-13 07:15:00,3.6,13.570545519664883
2018-11-13 07:30:00,4.54,23.307106491327286
2018-11-13 07:45:00,6.91,28.878064814805985
2018-11-13 08:00:00,7.269999999999999,35.83137973070144
2018-11-13 08:15:00,62.17,41.17702900111675
2018-11-13 08:30:00,103.1,52.9364684972167
2018-11-13 08:45:00,105.70000000000002,70.16561421573162
2018-11-13 09:00:00,130.46,84.34081854641438
2018-11-13 09:15:00,92.16,99.79356158435345
2018-11-13 09:30:00,72.14,108.32639310956002
2018-11-13 09:45:00,115.34,110.75650640785695
2018-11-13 10:00:00,106.42,105.4048662608862
2018-11-13 10:15:00,87.55,103.87714783012868
2018-11-13 10:30:00,102.42,94.7837606739998
2018-11-13 10:45:00,103.99999999999999,87.79069220542908
2018-11-13 11:00:00,83.38,80.60105652034284
2018-11-13 11:15:00,107.75,75.0628953269124
2018-11-13 11:30:00,84.17,69.6784894862771
2018-11-13 11:45:00,100.15,67.00364843159915
2018-11-13 12:00:00,95.94,64.83246764421463
2018-11-13 12:15:00,36.72,63.932991869449616
2018-11-13 12:30:00,31.14,61.23261099845171
2018-11-13 12:45:00,32.69,57.07055055707693
2018-11-13 13:00:00,31.43,55.87106389969587
2018-11-13 13:15:00,44.1,54.816135207414625
2018-11-13 13:30:00,82.26,55.850428159236905
2018-11-13 13:45:00,78.84,63.64094337373972
2018-11-13 14:00:00,100.32999999999998,69.36266610264778
2018-11-13 14:15:00,66.38,80.46332025051117
2018-11-13 14:30:00,85.79000000000002,84.88537754893304
2018-11-13 14:45:00,112.03,91.86050033330918
2018-11-13 15:00:00,70.31,93.87952453255654
2018-11-13 15:15:00,88.88,96.2645850020647
2018-11-13 15:30:00,77.29,96.66204867422582
2018-11-13 15:45:00,107.89,96.90008497178556
2018-11-13 16:00:00,60.08,96.5626647925377
2018-11-13 16:15:00,56.95,96.1682998496294
2018-11-13 16:30:00,53.06,92.88418575108052
2018-11-13 16:45:00,92.7,90.85202114343645
2018-11-13 17:00:00,114.91,88.39713597476484
2018-11-13 17:15:00,92.56,90.34305710911751
2018-11-13 17:30:00,90.79,88.38683382272721
2018-11-13 17:45:00,39.38000000000001,87.56571547985078
2018-11-13 18:00:00,35.35,82.59659325003625
2018-11-13 18:15:00,71.17,76.70081624627115
2018-11-13 18:30:00,107.17,72.39187154740095
2018-11-13 18:45:00,76.36,74.18565854817629
2018-11-13 19:00:00,93.92000000000002,71.98577634245157
2018-11-13 19:15:00,74.45,70.52967448472977
2018-11-13 19:30:00,104.26,68.82376564919949
2018-11-13 19:45:00,62.64,68.0589049604535
2018-11-13 20:00:00,90.14,63.50041824758053
2018-11-13 20:15:00,70.38,59.001243008971215
2018-11-13 20:30:00,100.73,53.014017564952375
2018-11-13 20:45:00,68.98,48.21837477326393
2018-11-13 21:00:00,49.60999999999999,43.38229131937027
2018-11-13 21:15:00,32.15,39.69047651484608
2018-11-13 21:30:00,31.14,34.722858740538356
2018-11-13 21:45:00,32.26,30.29402914687991
2018-11-13 22:00:00,32.11,25.742651547640563
2018-11-13 22:15:00,32.22,20.897878179103134
2018-11-13 22:30:00,32.54,16.681094852760435
2018-11-13 22:45:00,33.48,12.149576066210866
2018-11-13 23:00:00,33.34,7.873393692821264
2018-11-13 23:15:00,31.749999999999996,4.615531921843067
2018-11-13 23:30:00,31.5,3.8496070273034273
2018-11-13 23:45:00,32.26,4.2681712493114174
2018-11-14 00:00:00,4.75,4.7377042345702645
2018-11-14 00:15:00,31.64,4.8410858699493104
2018-11-14 00:30:00,32.47,5.489121939726173
2018-11-14 00:45:00,29.299999999999997,7.032781423851847
2018-11-14 01:00:00,26.93,8.731583391204476
2018-11-14 01:15:00,32.29,9.176042211577295
2018-11-14 01:30:00,3.8200000000000003,8.561782009974122
2018-11-14 01:45:00,3.74,8.12974112253636
2018-11-14 02:00:00,3.71,6.6894441874139
2018-11-14 02:15:00,3.6,6.006955525167286
2018-11-14 02:30:00,3.67,4.732570139812305
2018-11-14 02:45:00,3.64,3.5079303055629136
2018-11-14 03:00:00,3.67,3.267031893674284
2018-11-14 03:15:00,3.67,3.845177023336291
2018-11-14 03:30:00,3.64,4.534047271478921
2018-11-14 03:45:00,3.13,5.0339767136611036
2018-11-14 04:00:00,3.02,4.119548587864265
2018-11-14 04:15:00,3.35,2.661286461148411
2018-11-14 04:30:00,3.67,0.7062195845879615
2018-11-14 04:45:00,3.06,-0.9371639678068459
2018-11-14 05:00:00,3.02,-2.1622841892950238
2018-11-14 05:15:00,3.02,-2.6615054707974193
2018-11-14 05:30:00,3.02,-2.7326594799011947
2018-11-14 05:45:00,3.02,-3.1904619224369526
2018-11-14 06:00:00,3.35,-3.2471540722995997
2018-11-14 06:15:00,3.64,-3.0870710245519875
2018-11-14 06:30:00,3.13,-0.8190232309512794
2018-11-14 06:45:00,2.95,2.749919380284846
2018-11-14 07:00:00,2.92,8.369852221421898
2018-11-14 07:15:00,2.99,14.273269950523972
2018-11-14 07:30:00,3.13,21.601754528880118
2018-11-14 07:45:00,4.61,26.12025640711188
2018-11-14 08:00:00,4.79,30.9174979634583
2018-11-14 08:15:00,51.23,34.48604846194387
2018-11-14 08:30:00,103.03,42.59749098151922
2018-11-14 08:45:00,123.77,59.49342450529337
2018-11-14 09:00:00,95.18,76.91587254732848
2018-11-14 09:15:00,97.78,90.62902041912079
2018-11-14 09:30:00,82.04,98.88980147957803
2018-11-14 09:45:00,71.89,103.78229078769685
2018-11-14 10:00:00,76.43,99.60030866086484
2018-11-14 10:15:00,78.41,95.91132088541985
2018-11-14 10:30:00,58.97,89.42468357682229
2018-11-14 10:45:00,58.1,82.37226321578026
2018-11-14 11:00:00,75.2,73.77147521078587
2018-11-14 11:15:00,71.93,69.7891141206026
2018-11-14 11:30:00,59.47,65.2092237213254
2018-11-14 11:45:00,60.48,62.29700204223394
2018-11-14 12:00:00,52.02,58.17932528376579
2018-11-14 12:15:00,6.19,55.67648615717888
2018-11-14 12:30:00,6.91,51.76776704132557
2018-11-14 12:45:00,7.129999999999999,47.295330692529674
2018-11-14 13:00:00,7.059999999999999,44.46080179035663
2018-11-14 13:15:00,42.95,43.73781885564327
2018-11-14 13:30:00,62.17,47.292761890888215
2018-11-14 13:45:00,68.72,55.4271237796545
2018-11-14 14:00:00,81.65,61.90607713788748
2018-11-14 14:15:00,116.59999999999998,70.29864400982856
2018-11-14 14:30:00,120.64,79.58143088698388
2018-11-14 14:45:00,87.26,86.44061628818513
2018-11-14 15:00:00,107.06,89.83093147277833
2018-11-14 15:15:00,61.78,93.025020750165
2018-11-14 15:30:00,68.58,93.80225390136243
2018-11-14 15:45:00,69.95,92.28899620711805
2018-11-14 16:00:00,74.63,91.29447477161885
2018-11-14 16:15:00,69.41,89.71893711030484
2018-11-14 16:30:00,65.27,88.02902490317823
2018-11-14 16:45:00,120.85,86.01834481835365
2018-11-14 17:00:00,97.45,87.16027594804764
2018-11-14 17:15:00,119.59,86.73976491570474
2018-11-14 17:30:00,108.97,87.20228393852712
2018-11-14 17:45:00,68.15,85.20011862277985
2018-11-14 18:00:00,30.64,82.030217397213
2018-11-14 18:15:00,19.01,76.34680663824082
2018-11-14 18:30:00,5.18,68.95488680571317
2018-11-14 18:45:00,5.18,62.58493686258793
2018-11-14 19:00:00,5.18,55.38996148318052
2018-11-14 19:15:00,5.1499999999999995,51.07827732801437
2018-11-14 19:30:00,5.11,46.38601532965898
2018-11-14 19:45:00,5.080000000000001,40.52598149418831
2018-11-14 20:00:00,5.080000000000001,34.46311112910509
2018-11-14 20:15:00,5.1499999999999995,28.860750103741882
2018-11-14 20:30:00,5.11,23.692271801084278
2018-11-14 20:45:00,5.1499999999999995,20.81822961002588
2018-11-14 21:00:00,5.080000000000001,18.921828639134763
2018-11-14 21:15:00,5.080000000000001,16.334025949165223
2018-11-14 21:30:00,5.11,13.71454212076962
2018-11-14 21:45:00,4.97,10.639323914796114
2018-11-14 22:00:00,5.65,7.237151038534939
2018-11-14 22:15:00,5.83,3.657581385849044
2018-11-14 22:30:00,4.93,-0.24147455053403968
2018-11-14 22:45:00,4.82,-3.8638247708976268
2018-11-14 23:00:00,4.79,-7.666363009810448
2018-11-14 23:15:00,4.75,-10.571593461707234
2018-11-14 23:30:00,4.64,-9.403895724639296
2018-11-14 23:45:00,4.72,-6.676427918151021
2018-11-15 00:00:00,3.92,-4.645587006807327
2018-11-15 00:15:00,4.75,-2.6819099292904136
2018-11-15 00:30:00,3.67,-1.3336138165928424
2018-11-15 00:45:00,3.64,-0.3061369463987648
2018-11-15 01:00:00,3.6,2.910687853470445
2018-11-15 01:15:00,3.56,4.711090809609741
2018-11-15 01:30:00,3.56,6.341011449992656
2018-11-15 01:45:00,3.5299999999999994,7.4524835306778545
2018-11-15 02:00:00,3.56,8.583085773587227
2018-11-15 02:15:00,3.6,9.656143154725433
2018-11-15 02:30:00,3.56,10.28756593775004
2018-11-15 02:45:00,4.75,9.280911742225289
2018-11-15 03:00:00,4.39,8.839764408059418
2018-11-15 03:15:00,3.56,8.173547161892056
2018-11-15 03:30:00,4.07,7.053521016649902
2018-11-15 03:45:00,4.43,5.533772831894457
2018-11-15 04:00:00,3.6,3.4980382299236954
2018-11-15 04:15:00,3.6,1.5198142465204
2018-11-15 04:30:00,3.6,-0.9933654855377971
2018-11-15 04:45:00,3.6,-3.0451012068241834
2018-11-15 05:00:00,3.56,-5.493123139292003
2018-11-15 05:15:00,3.5299999999999994,-7.186652776002885
2018-11-15 05:30:00,3.6,-8.880556281134487
2018-11-15 05:45:00,3.5299999999999994,-8.63349998690188
2018-11-15 06:00:00,3.56,-7.354426510483027
2018-11-15 06:15:00,3.92,-5.713442789167166
2018-11-15 06:30:00,4.54,-1.208921961914748
2018-11-15 06:45:00,3.6,5.355337391737848
2018-11-15 07:00:00,3.49,13.283475199863314
2018-11-15 07:15:00,4.18,20.124861994236706
2018-11-15 07:30:00,4.9,26.943665115088223
2018-11-15 07:45:00,5.359999999999999,32.09759510844946
2018-11-15 08:00:00,5.76,37.52714584156871
2018-11-15 08:15:00,52.13,40.90646502822638
2018-11-15 08:30:00,115.31,48.44492331802845
2018-11-15 08:45:00,119.12,64.90216659784316
2018-11-15 09:00:00,87.3,84.21406704723836
2018-11-15 09:15:00,107.24,96.14012386798859
2018-11-15 09:30:00,123.48,100.73746146023274
2018-11-15 09:45:00,113.15,103.42475132286549
2018-11-15 10:00:00,117.43,99.85625471532346
2018-11-15 10:15:00,108.50000000000001,96.09761289536954
2018-11-15 10:30:00,88.42,89.7058326292038
2018-11-15 10:45:00,99.76,85.01459904968739
2018-11-15 11:00:00,112.82,78.35943577885628
2018-11-15 11:15:00,123.98,77.70204710423947
2018-11-15 11:30:00,115.56,76.32040456682445
2018-11-15 11:45:00,121.64,75.67351564437152
2018-11-15 12:00:00,97.23999999999998,75.32735165953636
2018-11-15 12:15:00,4.46,74.87823800891638
2018-11-15 12:30:00,4.54,71.6247968390584
2018-11-15 12:45:00,4.43,63.41528852045536
2018-11-15 13:00:00,4.54,60.63205481469631
2018-11-15 13:15:00,54.0,58.28212674945593
2018-11-15 13:30:00,85.97,61.97097530663014
2018-11-15 13:45:00,125.71,70.42888045668602
2018-11-15 14:00:00,111.74,82.67394471764565
2018-11-15 14:15:00,54.86,89.737727085948
2018-11-15 14:30:00,58.1,95.49954916775228
2018-11-15 14:45:00,49.54,95.60233716070653
2018-11-15 15:00:00,49.43,94.98690258562566
2018-11-15 15:15:00,50.29,92.52341282963754
2018-11-15 15:30:00,61.67,90.12958609998228
2018-11-15 15:45:00,45.47,88.07237118542196
2018-11-15 16:00:00,48.64000000000001,84.45396258234979
2018-11-15 16:15:00,51.59000000000001,81.86369438171387
2018-11-15 16:30:00,55.87,77.93506256222726
2018-11-15 16:45:00,49.54,75.79271792054178
2018-11-15 17:00:00,49.21,71.42367134690285
2018-11-15 17:15:00,56.47999999999999,68.08459297686815
2018-11-15 17:30:00,50.69,62.489433128833774
2018-11-15 17:45:00,33.52,59.74813106805086
2018-11-15 18:00:00,30.13,54.223918647170066
2018-11-15 18:15:00,38.45,49.558512302339075
2018-11-15 18:30:00,57.46,44.79012485533953
2018-11-15 18:45:00,55.370000000000005,45.08600409895182
2018-11-15 19:00:00,56.59,45.86907543569803
2018-11-15 19:15:00,58.75,47.388494661152365
2018-11-15 19:30:00,58.14,47.45861126959324
2018-11-15 19:45:00,55.04,47.22499852031469
2018-11-15 20:00:00,51.26,44.16598240196705
2018-11-15 20:15:00,55.370000000000005,42.10475710302591
2018-11-15 20:30:00,46.04,37.749448229074474
2018-11-15 20:45:00,42.7,34.97524799272418
2018-11-15 21:00:00,28.37,30.716727253347635
2018-11-15 21:15:00,19.66,27.567356231808663
2018-11-15 21:30:00,4.07,21.950437915325164
2018-11-15 21:45:00,4.03,18.081356711164116
2018-11-15 22:00:00,4.07,13.408865952715278
2018-11-15 22:15:00,3.89,9.73635084234178
2018-11-15 22:30:00,3.85,5.006550433635711
2018-11-15 22:45:00,3.74,1.5494680188782515
2018-11-15 23:00:00,3.78,-3.15111816547811
2018-11-15 23:15:00,3.67,-6.621170614659786
2018-11-15 23:30:00,3.78,-8.5559632691741
2018-11-15 23:45:00,3.67,-6.402935870662332
2018-11-16 00:00:00,4.25,-3.920914366468787
2018-11-16 00:15:00,4.79,-2.8875936970859764
2018-11-16 00:30:00,4.0,-1.4154859484545885
2018-11-16 00:45:00,3.78,-0.9568173212744295
2018-11-16 01:00:00,3.71,0.972898918632418
2018-11-16 01:15:00,3.67,2.8543959561362864
2018-11-16 01:30:00,3.74,4.324371082950384
2018-11-16 01:45:00,3.8200000000000003,5.431023011691868
2018-11-16 02:00:00,3.74,6.410020767953246
2018-11-16 02:15:00,3.74,7.103355824630707
2018-11-16 02:30:00,3.67,7.413214996494353
2018-11-16 02:45:00,3.1,7.809281433671712
2018-11-16 03:00:00,3.1,6.084567465670406
2018-11-16 03:15:00,3.1,5.7416015715152025
2018-11-16 03:30:00,3.17,4.669823538921774
2018-11-16 03:45:00,3.1,3.597354326909408
2018-11-16 04:00:00,3.13,1.6563806337863207
2018-11-16 04:15:00,3.67,0.06736602636054163
2018-11-16 04:30:00,3.5299999999999994,-2.271042007654905
2018-11-16 04:45:00,3.2,-3.9176640689373015
2018-11-16 05:00:00,3.1,-5.928061226308346
2018-11-16 05:15:00,3.1,-7.249440216124058
2018-11-16 05:30:00,3.24,-7.709048005267978
2018-11-16 05:45:00,3.8200000000000003,-7.418049260228873
2018-11-16 06:00:00,3.2,-6.246187325045467
2018-11-16 06:15:00,3.1,-4.939215180799366
2018-11-16 06:30:00,3.02,-0.41343493768945333
2018-11-16 06:45:00,3.06,4.803263269076123
2018-11-16 07:00:00,3.13,12.079398830458521
2018-11-16 07:15:00,3.1,18.680790166929363
2018-11-16 07:30:00,3.35,25.437062952369452
2018-11-16 07:45:00,4.46,30.174031979292632
2018-11-16 08:00:00,5.8,35.78628423824906
2018-11-16 08:15:00,28.94,39.044517211169
2018-11-16 08:30:00,50.65,44.88988597363233
2018-11-16 08:45:00,58.72,53.56651200890541
2018-11-16 09:00:00,60.16,63.75550653785467
2018-11-16 09:15:00,65.3,71.74128660440445
2018-11-16 09:30:00,69.23,77.78682654023171
2018-11-16 09:45:00,71.32,83.39902041733265
2018-11-16 10:00:00,65.23,82.78937911868096
2018-11-16 10:15:00,67.68,80.56954828202726
2018-11-16 10:30:00,64.51,75.11700183421374
2018-11-16 10:45:00,63.18,70.20205347537994
2018-11-16 11:00:00,60.52,64.85019327372312
2018-11-16 11:15:00,58.39,61.27787490010262
2018-11-16 11:30:00,58.25,57.49110200762749
2018-11-16 11:45:00,62.099999999999994,55.278335375487806
2018-11-16 12:00:00,68.26,53.729092003703116
2018-11-16 12:15:00,9.29,54.236349491477014
2018-11-16 12:30:00,5.47,51.85180547684431
2018-11-16 12:45:00,6.23,46.312984119355676
2018-11-16 13:00:00,5.83,43.01290482878685
2018-11-16 13:15:00,32.08,40.18547605842352
2018-11-16 13:30:00,73.22,42.02214228659868
2018-11-16 13:45:00,72.18,49.58896966725588
2018-11-16 14:00:00,59.14999999999999,55.702421173751354
2018-11-16 14:15:00,51.37,61.5459643805027
2018-11-16 14:30:00,59.26,62.99043028533459
2018-11-16 14:45:00,96.19,64.32855139493942
2018-11-16 15:00:00,98.86,69.2416764435172
2018-11-16 15:15:00,101.77,72.60182617247105
2018-11-16 15:30:00,105.84,76.60285598367453
2018-11-16 15:45:00,55.21999999999999,78.50618979990483
2018-11-16 16:00:00,54.93999999999999,80.20111386477949
2018-11-16 16:15:00,60.16,76.20277860075237
2018-11-16 16:30:00,58.79,74.19002820551395
2018-11-16 16:45:00,56.34,70.10910057961941
2018-11-16 17:00:00,57.24,67.64429498642683
2018-11-16 17:15:00,64.8,64.61232763081789
2018-11-16 17:30:00,59.62,63.0936673694849
2018-11-16 17:45:00,36.29,60.15850611209869
2018-11-16 18:00:00,32.08,57.226946566104886
2018-11-16 18:15:00,40.209999999999994,51.33582214713097
2018-11-16 18:30:00,47.56,47.4713025867939
2018-11-16 18:45:00,49.07,43.78091813772917
2018-11-16 19:00:00,53.64,40.86814856737852
2018-11-16 19:15:00,50.4,38.39475859597325
2018-11-16 19:30:00,59.04,35.68381060913205
2018-11-16 19:45:00,95.18,33.216465405225755
2018-11-16 20:00:00,94.71999999999998,33.842644487172365
2018-11-16 20:15:00,122.80000000000001,33.78058232933283
2018-11-16 20:30:00,80.35,36.19504255399108
2018-11-16 20:45:00,119.34,35.38737673789263
2018-11-16 21:00:00,23.0,34.7631826390326
2018-11-16 21:15:00,4.61,32.88779127702117
2018-11-16 21:30:00,4.36,24.502962246388197
2018-11-16 21:45:00,4.36,18.676480014175176
2018-11-16 22:00:00,4.36,12.870829999819398
2018-11-16 22:15:00,4.18,9.314669366069138
2018-11-16 22:30:00,4.07,5.734774823971092
2018-11-16 22:45:00,4.07,3.6135101020056757
2018-11-16 23:00:00,4.03,1.492739099673927
2018-11-16 23:15:00,3.92,0.44684022793546324
2018-11-16 23:30:00,3.89,-0.46370059253647916
2018-11-16 23:45:00,3.92,-0.7849759432859719
2018-11-17 00:00:00,3.24,-2.039712045062333
2018-11-17 00:15:00,5.0,-1.4829220438189803
2018-11-17 00:30:00,4.03,-0.4145767520554363
2018-11-17 00:45:00,3.9599999999999995,0.5590636269189417
2018-11-17 01:00:00,4.0,3.180766246505082
2018-11-17 01:15:00,3.9599999999999995,3.4771077733673157
2018-11-17 01:30:00,3.9599999999999995,4.66358874971047
2018-11-17 01:45:00,3.89,4.426954037705436
2018-11-17 02:00:00,4.0,4.820664570536464
2018-11-17 02:15:00,3.49,4.1663598893675955
2018-11-17 02:30:00,3.31,3.1861095896922054
2018-11-17 02:45:00,3.35,2.9267195671238007
2018-11-17 03:00:00,3.42,3.0911630097031595
2018-11-17 03:15:00,3.35,2.825850877668709
2018-11-17 03:30:00,3.38,2.664021707214415
2018-11-17 03:45:00,3.56,2.2191483195312323
2018-11-17 04:00:00,3.85,1.6726222975738347
2018-11-17 04:15:00,3.2,1.268375944942236
2018-11-17 04:30:00,3.24,0.8488211961649359
2018-11-17 04:45:00,3.6,0.759355493541807
2018-11-17 05:00:00,3.64,-0.05951570926234121
2018-11-17 05:15:00,3.17,-0.03833600709214802
2018-11-17 05:30:00,3.17,-0.20588238915428514
2018-11-17 05:45:00,3.13,0.515716221947223
2018-11-17 06:00:00,3.28,2.0242337586171923
2018-11-17 06:15:00,3.2,3.7523866424523296
2018-11-17 06:30:00,3.13,5.700193117782473
2018-11-17 06:45:00,3.13,7.8938846013695
2018-11-17 07:00:00,3.17,10.982224129363894
2018-11-17 07:15:00,3.2,13.73043321274221
2018-11-17 07:30:00,3.31,16.666483670696614
2018-11-17 07:45:00,4.57,18.784999533519148
2018-11-17 08:00:00,4.9,20.65666792951524
2018-11-17 08:15:00,45.65,22.151356825530527
2018-11-17 08:30:00,82.62,26.78295333966613
2018-11-17 08:45:00,102.71,38.07009485214949
2018-11-17 09:00:00,105.59,48.32768806129694
2018-11-17 09:15:00,115.45,57.59272685438395
2018-11-17 09:30:00,104.04,62.381251550614834
2018-11-17 09:45:00,123.62,66.57848481446504
2018-11-17 10:00:00,105.01,69.32402629613877
2018-11-17 10:15:00,113.00000000000001,70.58879734069109
2018-11-17 10:30:00,117.72,69.8197196856141
2018-11-17 10:45:00,100.87,69.6992240267992
2018-11-17 11:00:00,106.48999999999998,68.4692620408535
2018-11-17 11:15:00,92.81,67.51992816150188
2018-11-17 11:30:00,93.82,66.25262424260377
2018-11-17 11:45:00,127.98,64.88949324429035
2018-11-17 12:00:00,78.72999999999999,67.49862776607274
2018-11-17 12:15:00,4.0,67.26303901553153
2018-11-17 12:30:00,4.14,66.69677992641925
2018-11-17 12:45:00,4.5,57.173612495660784
2018-11-17 13:00:00,4.79,52.60283415675163
2018-11-17 13:15:00,46.33,46.80132139503956
2018-11-17 13:30:00,107.1,45.19492218673229
2018-11-17 13:45:00,75.02,47.43310288965702
2018-11-17 14:00:00,121.43000000000002,48.60309772819281
2018-11-17 14:15:00,103.0,53.510752846002575
2018-11-17 14:30:00,105.08,55.538678032755854
2018-11-17 14:45:00,100.01,58.69259161174297
2018-11-17 15:00:00,133.42,57.69393404632807
2018-11-17 15:15:00,101.19999999999999,61.869058550596236
2018-11-17 15:30:00,95.18,60.935299153923985
2018-11-17 15:45:00,132.3,61.127752695083615
2018-11-17 16:00:00,81.5,61.885378524661064
2018-11-17 16:15:00,110.34,61.11288777649403
2018-11-17 16:30:00,128.16,58.23309497267008
2018-11-17 16:45:00,74.74,59.1852087265253
2018-11-17 17:00:00,23.11,56.352305534482
2018-11-17 17:15:00,4.54,53.03118632137775
2018-11-17 17:30:00,4.9,43.49550720989704
2018-11-17 17:45:00,5.0,37.259278661310674
2018-11-17 18:00:00,4.03,30.798044196218253
2018-11-17 18:15:00,4.03,26.307495999485255
2018-11-17 18:30:00,4.03,21.753673098683358
2018-11-17 18:45:00,4.14,19.057204934731125
2018-11-17 19:00:00,4.14,15.589185745939613
2018-11-17 19:15:00,4.14,13.871201970875262
2018-11-17 19:30:00,4.14,12.001002103090286
2018-11-17 19:45:00,4.1,10.321069825068117
2018-11-17 20:00:00,4.18,8.235809726677834
2018-11-17 20:15:00,4.07,6.388772860057651
2018-11-17 20:30:00,4.07,4.7735818495415145
2018-11-17 20:45:00,4.07,3.9318962526135146
2018-11-17 21:00:00,4.1,3.086126171257347
2018-11-17 21:15:00,4.36,1.9653826028294863
2018-11-17 21:30:00,5.26,0.7835497203655541
2018-11-17 21:45:00,4.28,-0.049646368864923664
2018-11-17 22:00:00,4.03,-0.2303191252239048
2018-11-17 22:15:00,3.85,-0.6798032760806382
2018-11-17 22:30:00,3.78,-1.0634989348985253
2018-11-17 22:45:00,3.89,-0.1849002871103584
2018-11-17 23:00:00,3.78,0.6168655933998526
2018-11-17 23:15:00,3.8200000000000003,2.312441401872784
2018-11-17 23:30:00,3.35,3.1920238400623204
2018-11-17 23:45:00,3.13,3.917125923857093
2018-11-18 00:00:00,3.13,4.136728010205552
2018-11-18 00:15:00,3.13,4.009793225685135
2018-11-18 00:30:00,3.2,3.6426318416371943
2018-11-18 00:45:00,3.2,3.2762682961672547
2018-11-18 01:00:00,3.2,3.692025277176872
2018-11-18 01:15:00,3.74,3.7715754672139883
2018-11-18 01:30:00,3.56,4.104237805921584
2018-11-18 01:45:00,3.2,4.12590168453753
2018-11-18 02:00:00,3.31,4.466495675472543
2018-11-18 02:15:00,3.24,4.260446740398184
2018-11-18 02:30:00,3.35,3.859651092244312
2018-11-18 02:45:00,3.8200000000000003,3.3115458130277693
2018-11-18 03:00:00,3.42,3.4206949020922184
2018-11-18 03:15:00,3.35,3.731321318196133
2018-11-18 03:30:00,3.28,3.9278650977648795
2018-11-18 03:45:00,3.31,3.6995173813961446
2018-11-18 04:00:00,3.28,4.181571871247143
2018-11-18 04:15:00,3.24,4.577892325632274
2018-11-18 04:30:00,3.24,5.362285674586892
2018-11-18 04:45:00,3.67,6.145209933966398
2018-11-18 05:00:00,3.8200000000000003,7.228027189522981
2018-11-18 05:15:00,3.31,8.43461622416973
2018-11-18 05:30:00,3.28,10.047645141258835
2018-11-18 05:45:00,3.42,12.29698912858963
2018-11-18 06:00:00,3.8200000000000003,14.480805096775294
2018-11-18 06:15:00,3.35,16.986365716010333
2018-11-18 06:30:00,3.24,18.953101104572415
2018-11-18 06:45:00,3.24,20.883472456261515
2018-11-18 07:00:00,3.17,22.456287502199412
2018-11-18 07:15:00,3.17,24.1701744428277
2018-11-18 07:30:00,3.17,25.383737863749264
2018-11-18 07:45:00,4.07,26.8169136159122
2018-11-18 08:00:00,5.0,27.805147774666548
2018-11-18 08:15:00,44.21,29.300224011838434
2018-11-18 08:30:00,86.22,31.99184984996915
2018-11-18 08:45:00,69.16,40.334466553628445
2018-11-18 09:00:00,70.6,42.939289799928666
2018-11-18 09:15:00,34.74,47.631277852654456
2018-11-18 09:30:00,36.4,46.308915353119374
2018-11-18 09:45:00,38.2,45.86456206917763
2018-11-18 10:00:00,32.76,42.07865143179893
2018-11-18 10:15:00,32.58,39.881452545970674
2018-11-18 10:30:00,31.72,36.23999882817268
2018-11-18 10:45:00,31.57,33.665792374163864
2018-11-18 11:00:00,32.54,30.490167481303214
2018-11-18 11:15:00,37.51,28.442500245571136
2018-11-18 11:30:00,37.22,26.370386730581522
2018-11-18 11:45:00,36.0,25.70643458813429
2018-11-18 12:00:00,34.52,24.649069576114417
2018-11-18 12:15:00,3.8200000000000003,24.91369656339288
2018-11-18 12:30:00,3.71,22.761595415472986
2018-11-18 12:45:00,4.18,21.971397001445293
2018-11-18 13:00:00,4.25,19.43684530004859
2018-11-18 13:15:00,16.45,19.218675674274564
2018-11-18 13:30:00,36.29,17.20095496222377
2018-11-18 13:45:00,35.5,18.83352608270943
2018-11-18 14:00:00,35.1,19.62310250543058
2018-11-18 14:15:00,35.89,22.553102582246066
2018-11-18 14:30:00,34.34,24.544096754491328
2018-11-18 14:45:00,36.36,27.44525507196784
2018-11-18 15:00:00,34.34,28.455407126545907
2018-11-18 15:15:00,37.01,28.998935464769602
2018-11-18 15:30:00,33.52,28.794951507151126
2018-11-18 15:45:00,37.12,28.696971035450698
2018-11-18 16:00:00,34.49,27.469907933175563
2018-11-18 16:15:00,38.41,26.852019074708224
2018-11-18 16:30:00,34.02,25.581284099072217
2018-11-18 16:45:00,36.94,24.420724666565658
2018-11-18 17:00:00,7.16,23.147106525450944
2018-11-18 17:15:00,4.03,22.084812737554312
2018-11-18 17:30:00,3.9599999999999995,19.928448591455815
2018-11-18 17:45:00,3.85,18.64666821785271
2018-11-18 18:00:00,3.85,17.33111618630588
2018-11-18 18:15:00,3.74,16.39652933910489
2018-11-18 18:30:00,3.78,15.086629120260477
2018-11-18 18:45:00,3.89,14.85456573560834
2018-11-18 19:00:00,3.8200000000000003,15.648543252050876
2018-11-18 19:15:00,3.78,16.352600361034273
2018-11-18 19:30:00,3.78,17.26990168809891
2018-11-18 19:45:00,3.8200000000000003,16.831998476460576
2018-11-18 20:00:00,3.89,16.03983304299414
2018-11-18 20:15:00,3.74,15.75557627953589
2018-11-18 20:30:00,3.78,15.68931175082922
2018-11-18 20:45:00,4.39,15.153190049156546
2018-11-18 21:00:00,3.8200000000000003,14.566222242265939
2018-11-18 21:15:00,3.24,13.497126968204975
2018-11-18 21:30:00,3.13,12.367863578423858
2018-11-18 21:45:00,3.1,10.763500998690724
2018-11-18 22:00:00,3.1,9.02487923771143
2018-11-18 22:15:00,2.95,6.8555436537787315
2018-11-18 22:30:00,2.99,4.565585683109239
2018-11-18 22:45:00,2.92,2.107825067713857
2018-11-18 23:00:00,2.92,-0.5954544062726199
2018-11-18 23:15:00,2.88,-3.3057627188414336
2018-11-18 23:30:00,2.88,-5.0309937030822045
2018-11-18 23:45:00,2.92,-3.947738583609462
2018-11-19 00:00:00,4.14,-2.879827787578106
2018-11-19 00:15:00,3.42,-1.995352500807494
2018-11-19 00:30:00,3.31,-0.6019578081555664
2018-11-19 00:45:00,3.49,-0.8669244206510484
2018-11-19 01:00:00,2.95,-0.49492141248658295
2018-11-19 01:15:00,2.92,0.12309543697163468
2018-11-19 01:30:00,2.88,0.8864045156352223
2018-11-19 01:45:00,2.92,1.425626630652696
2018-11-19 02:00:00,2.95,1.9704006355814636
2018-11-19 02:15:00,2.95,2.3687010207772254
2018-11-19 02:30:00,2.92,2.458928775023669
2018-11-19 02:45:00,3.31,2.5568848273903133
2018-11-19 03:00:00,3.4599999999999995,1.3210178535804153
2018-11-19 03:15:00,2.95,1.8731639711745083
2018-11-19 03:30:00,2.92,2.265280089918524
2018-11-19 03:45:00,2.95,1.862612854205072
2018-11-19 04:00:00,2.92,0.973265489321202
2018-11-19 04:15:00,2.92,-0.18681397696956986
2018-11-19 04:30:00,3.13,-1.3478977234475313
2018-11-19 04:45:00,3.64,-2.5715682224184273
2018-11-19 05:00:00,3.13,-3.685953220874071
2018-11-19 05:15:00,2.92,-4.692107241079211
2018-11-19 05:30:00,2.88,-3.263469555452466
2018-11-19 05:45:00,2.92,-2.8610277073830366
2018-11-19 06:00:00,3.38,-1.828098589386791
2018-11-19 06:15:00,3.42,-0.6747476319409906
2018-11-19 06:30:00,2.77,3.2161372304707765
2018-11-19 06:45:00,2.77,8.018520319648086
2018-11-19 07:00:00,2.81,14.052305854782462
2018-11-19 07:15:00,3.2,20.07979906089604
2018-11-19 07:30:00,3.64,25.40287363961339
2018-11-19 07:45:00,4.07,30.789985254704952
2018-11-19 08:00:00,5.76,36.42516586467624
2018-11-19 08:15:00,16.99,42.029121163785454
2018-11-19 08:30:00,57.02,47.57423877984285
2018-11-19 08:45:00,58.54,57.2607766059041
2018-11-19 09:00:00,58.86,65.95033646762371
2018-11-19 09:15:00,62.75,76.70547781288624
2018-11-19 09:30:00,68.83,81.83641658246518
2018-11-19 09:45:00,72.18,84.04840628683567
2018-11-19 10:00:00,67.5,82.26407714664937
2018-11-19 10:15:00,67.72,80.72399972617627
2018-11-19 10:30:00,64.37,75.05245844751596
2018-11-19 10:45:00,61.31,69.04131889730692
2018-11-19 11:00:00,65.45,63.473531157672404
2018-11-19 11:15:00,59.18,58.41560114383697
2018-11-19 11:30:00,62.03,55.06852895051241
2018-11-19 11:45:00,60.34,52.04774396568537
2018-11-19 12:00:00,46.12,50.42687054812908
2018-11-19 12:15:00,5.940000000000001,48.74817663908005
2018-11-19 12:30:00,6.080000000000001,46.44498549461365
2018-11-19 12:45:00,6.05,41.729518954157825
2018-11-19 13:00:00,5.11,39.6983401016891
2018-11-19 13:15:00,29.299999999999997,39.2298167295754
2018-11-19 13:30:00,69.52,41.19393279373646
2018-11-19 13:45:00,60.23,47.85148972064257
2018-11-19 14:00:00,58.79,54.31492697805166
2018-11-19 14:15:00,58.21,60.167231954038144
2018-11-19 14:30:00,68.62,64.72158253699541
2018-11-19 14:45:00,60.66,69.50603846698999
2018-11-19 15:00:00,64.44,70.72940779417753
2018-11-19 15:15:00,63.35999999999999,72.6462188372016
2018-11-19 15:30:00,60.05,73.81462389290333
2018-11-19 15:45:00,65.52,74.00727054327726
2018-11-19 16:00:00,61.42,73.4119642356038
2018-11-19 16:15:00,61.42,72.00023258805275
2018-11-19 16:30:00,59.08,70.90970892757177
2018-11-19 16:45:00,62.89,69.3684773427248
2018-11-19 17:00:00,62.89,68.01680266082286
2018-11-19 17:15:00,56.05,66.05313793331385
2018-11-19 17:30:00,59.11,63.828865584731105
2018-11-19 17:45:00,30.89,59.92871063798666
2018-11-19 18:00:00,31.609999999999996,57.13159552335739
2018-11-19 18:15:00,34.99,51.34988768339157
2018-11-19 18:30:00,43.06,47.416886206567284
2018-11-19 18:45:00,43.49,43.1131509655714
2018-11-19 19:00:00,63.32,42.604631531536576
2018-11-19 19:15:00,45.53999999999999,42.61307444602251
2018-11-19 19:30:00,45.79,43.45922064125538
2018-11-19 19:45:00,53.21,42.36052352100611
2018-11-19 20:00:00,44.78,40.61989095419645
2018-11-19 20:15:00,44.17,37.10515505373478
2018-11-19 20:30:00,52.81,33.41378934040666
2018-11-19 20:45:00,40.39,29.333643133193252
2018-11-19 21:00:00,26.64,26.78259406670928
2018-11-19 21:15:00,13.43,23.808577439039944
2018-11-19 21:30:00,3.8200000000000003,21.05455487012863
2018-11-19 21:45:00,3.89,17.964938800409435
2018-11-19 22:00:00,3.78,14.505733026340604
2018-11-19 22:15:00,3.67,10.992202935740352
2018-11-19 22:30:00,3.64,7.24074376810342
2018-11-19 22:45:00,3.6,3.568015479752794
2018-11-19 23:00:00,3.56,-0.21518868146464223
2018-11-19 23:15:00,3.56,-3.9881365821510553
2018-11-19 23:30:00,3.64,-7.616762009933591
2018-11-19 23:45:00,4.57,-8.70603607416153
2018-11-20 00:00:00,4.61,-6.438862043619157
2018-11-20 00:15:00,3.5299999999999994,-5.097840927615763
2018-11-20 00:30:00,3.64,-3.7175512774288655
2018-11-20 00:45:00,3.71,-2.9918558318912982
2018-11-20 01:00:00,3.6,-2.204030584152788
2018-11-20 01:15:00,3.64,-0.4481974030844867
2018-11-20 01:30:00,3.5299999999999994,1.3477735843136907
2018-11-20 01:45:00,3.6,2.358262176606804
2018-11-20 02:00:00,3.71,3.3120763020031156
2018-11-20 02:15:00,3.56,4.042511063069105
2018-11-20 02:30:00,3.56,4.4880246863886715
2018-11-20 02:45:00,3.02,4.765559396687895
2018-11-20 03:00:00,3.02,4.566480777999386
2018-11-20 03:15:00,3.13,4.010540120480583
2018-11-20 03:30:00,3.31,3.7045305022131654
2018-11-20 03:45:00,3.67,3.108263841085136
2018-11-20 04:00:00,2.95,1.8219852577894926
2018-11-20 04:15:00,2.88,0.7543430744297803
2018-11-20 04:30:00,2.95,-1.0488007414154707
2018-11-20 04:45:00,2.88,-2.4133522713184354
2018-11-20 05:00:00,2.84,-4.300233631581068
2018-11-20 05:15:00,2.81,-5.618383655697108
2018-11-20 05:30:00,2.88,-7.262713106423617
2018-11-20 05:45:00,3.17,-7.940585953220726
2018-11-20 06:00:00,3.4599999999999995,-7.272011539638043
2018-11-20 06:15:00,3.42,-6.379183437302709
2018-11-20 06:30:00,2.81,-4.390040643513203
2018-11-20 06:45:00,2.77,-0.6343675970472394
2018-11-20 07:00:00,2.84,5.668949001226574
2018-11-20 07:15:00,2.7,11.455479799956082
2018-11-20 07:30:00,3.71,18.688257430791854
2018-11-20 07:45:00,5.51,24.34553557306528
2018-11-20 08:00:00,5.33,31.07053926125169
2018-11-20 08:15:00,25.88,36.24849563360214
2018-11-20 08:30:00,60.16,43.38413259327412
2018-11-20 08:45:00,67.54,54.920369274020196
2018-11-20 09:00:00,78.98,66.23931767046452
2018-11-20 09:15:00,70.24,78.55642514109613
2018-11-20 09:30:00,77.47,86.35589972496034
2018-11-20 09:45:00,74.88,88.1508004719019
2018-11-20 10:00:00,54.18,86.01248866915704
2018-11-20 10:15:00,54.79,82.72668598771097
2018-11-20 10:30:00,59.54,73.21611556500197
2018-11-20 10:45:00,52.16,68.0641728001833
2018-11-20 11:00:00,61.81,60.72892378568649
2018-11-20 11:15:00,52.2,57.134222706854345
2018-11-20 11:30:00,46.93999999999999,52.98893582165241
2018-11-20 11:45:00,48.56,50.210112191438675
2018-11-20 12:00:00,52.699999999999996,46.878740226328375
2018-11-20 12:15:00,6.12,46.563846461474895
2018-11-20 12:30:00,5.44,43.029292166531086
2018-11-20 12:45:00,5.4,40.58398611307144
2018-11-20 13:00:00,5.58,37.21096543043852
2018-11-20 13:15:00,28.15,39.2506298610568
2018-11-20 13:30:00,53.24,40.68197781205177
2018-11-20 13:45:00,48.67,47.31186173945665
2018-11-20 14:00:00,57.85,52.207005176544186
2018-11-20 14:15:00,55.12,58.78849503666162
2018-11-20 14:30:00,52.63,63.29306386053562
2018-11-20 14:45:00,56.77,65.61485187143087
2018-11-20 15:00:00,47.41,66.5800072336197
2018-11-20 15:15:00,51.16,67.55490338385106
2018-11-20 15:30:00,46.50999999999999,66.78752329349518
2018-11-20 15:45:00,56.99,66.5125357723236
2018-11-20 16:00:00,44.57000000000001,65.0666372665763
2018-11-20 16:15:00,43.09,64.19366685420275
2018-11-20 16:30:00,67.32,61.75785009771585
2018-11-20 16:45:00,45.47,62.20650567531586
2018-11-20 17:00:00,64.84,60.150597616136075
2018-11-20 17:15:00,41.15,59.60881848812103
2018-11-20 17:30:00,31.97,56.421735033392906
2018-11-20 17:45:00,27.83,54.12672633051872
2018-11-20 18:00:00,22.97,49.04235831797123
2018-11-20 18:15:00,8.14,45.4219961681962
2018-11-20 18:30:00,8.17,39.52642799183726
2018-11-20 18:45:00,8.39,36.95392808437347
2018-11-20 19:00:00,8.32,35.52098585963249
2018-11-20 19:15:00,8.71,34.52177591204643
2018-11-20 19:30:00,7.38,32.714426357150074
2018-11-20 19:45:00,7.599999999999999,30.103908634483815
2018-11-20 20:00:00,6.44,26.356595139950514
2018-11-20 20:15:00,5.0,23.12079876318574
2018-11-20 20:30:00,4.86,21.45854608282447
2018-11-20 20:45:00,5.0,19.84780977629125
2018-11-20 21:00:00,4.1,18.14174600429833
2018-11-20 21:15:00,3.89,16.172299227640032
2018-11-20 21:30:00,3.8200000000000003,13.915394790023566
2018-11-20 21:45:00,3.85,11.527133423015474
2018-11-20 22:00:00,3.92,8.70452452391386
2018-11-20 22:15:00,3.71,5.914022838510572
2018-11-20 22:30:00,3.64,2.6259892965480685
2018-11-20 22:45:00,3.64,-0.25365895604714744
2018-11-20 23:00:00,3.64,-3.7244942273199557
2018-11-20 23:15:00,3.6,-6.555754868313671
2018-11-20 23:30:00,3.49,-8.59745592750609
2018-11-20 23:45:00,3.56,-7.8684574162215
2018-11-21 00:00:00,3.71,-5.398736519888044
2018-11-21 00:15:00,4.0,-3.750854757800698
2018-11-21 00:30:00,3.64,-2.5193321799486874
2018-11-21 00:45:00,3.4599999999999995,-1.8485170819796621
2018-11-21 01:00:00,3.4599999999999995,-0.20221555953845377
2018-11-21 01:15:00,3.4599999999999995,1.9971139833331109
2018-11-21 01:30:00,3.13,3.537710104137659
2018-11-21 01:45:00,2.95,4.515239332187921
2018-11-21 02:00:00,2.77,5.842953314688057
2018-11-21 02:15:00,2.88,6.737016979176551
2018-11-21 02:30:00,2.92,6.999788097087293
2018-11-21 02:45:00,2.88,6.789161799997091
2018-11-21 03:00:00,2.95,5.404285525288432
2018-11-21 03:15:00,2.84,4.403964919038117
2018-11-21 03:30:00,2.88,3.9440824825596064
2018-11-21 03:45:00,3.38,3.1391820858418944
2018-11-21 04:00:00,3.74,1.9765919190831482
2018-11-21 04:15:00,3.71,0.8716737630404533
2018-11-21 04:30:00,3.49,-0.6766916354559361
2018-11-21 04:45:00,2.92,-1.8680199898965657
2018-11-21 05:00:00,2.95,-3.6054502557963133
2018-11-21 05:15:00,2.92,-4.755815318152309
2018-11-21 05:30:00,2.92,-7.023621444553137
2018-11-21 05:45:00,2.88,-8.332128357961775
2018-11-21 06:00:00,2.84,-7.494476722702385
2018-11-21 06:15:00,2.92,-6.120591112971306
2018-11-21 06:30:00,2.88,-4.355117066651583
2018-11-21 06:45:00,2.84,-0.8482540155388414
2018-11-21 07:00:00,2.88,5.520682665575295
2018-11-21 07:15:00,2.77,11.057486200183629
2018-11-21 07:30:00,3.56,16.592383623346684
2018-11-21 07:45:00,5.83,20.581192540377376
2018-11-21 08:00:00,6.26,25.362938205003736
2018-11-21 08:15:00,24.98,29.049509869813917
2018-11-21 08:30:00,50.08,34.91919018417597
2018-11-21 08:45:00,64.04,44.006388863623144
2018-11-21 09:00:00,77.89999999999999,56.69191727876663
2018-11-21 09:15:00,65.12,68.45432975858449
2018-11-21 09:30:00,67.43,75.94431763559581
2018-11-21 09:45:00,67.43,77.39370108902455
2018-11-21 10:00:00,75.67000000000002,74.61152274757623
2018-11-21 10:15:00,69.66,71.5963109844923
2018-11-21 10:30:00,69.08,66.60659792333841
2018-11-21 10:45:00,69.66,62.735966231822964
2018-11-21 11:00:00,68.87,58.38048221230507
2018-11-21 11:15:00,81.32,55.46033407360315
2018-11-21 11:30:00,96.26,53.84196658492088
2018-11-21 11:45:00,83.95,53.51861643284559
2018-11-21 12:00:00,109.33000000000001,53.10862311631441
2018-11-21 12:15:00,7.599999999999999,54.7066871920228
2018-11-21 12:30:00,6.66,52.88334549963474
2018-11-21 12:45:00,6.730000000000001,47.35294460207224
2018-11-21 13:00:00,6.66,44.0035101890564
2018-11-21 13:15:00,47.3,43.71333440363407
2018-11-21 13:30:00,74.52,47.21788940668106
2018-11-21 13:45:00,109.19,55.0474531006813
2018-11-21 14:00:00,79.38,63.789053650200366
2018-11-21 14:15:00,94.0,70.23294645875693
2018-11-21 14:30:00,85.14,77.02639838159085
2018-11-21 14:45:00,91.76,80.47335294783116
2018-11-21 15:00:00,127.33,82.60477569162846
2018-11-21 15:15:00,94.82,87.37954921543599
2018-11-21 15:30:00,122.98,88.5278035491705
2018-11-21 15:45:00,86.51,91.21886577785016
2018-11-21 16:00:00,79.16,90.22202703177929
2018-11-21 16:15:00,70.6,89.3043900090456
2018-11-21 16:30:00,103.9,85.4916596454382
2018-11-21 16:45:00,106.13,84.21454308390618
2018-11-21 17:00:00,103.54,81.22234724462034
2018-11-21 17:15:00,126.22,80.12337617874147
2018-11-21 17:30:00,115.48999999999998,77.21211555480957
2018-11-21 17:45:00,44.6,76.55742591828108
2018-11-21 18:00:00,33.77,72.22311654865742
2018-11-21 18:15:00,74.27,66.33513576805592
2018-11-21 18:30:00,127.4,60.3490016156435
2018-11-21 18:45:00,106.52000000000001,64.65519338548184
2018-11-21 19:00:00,119.59,65.68461369782686
2018-11-21 19:15:00,83.38,69.63205345660448
2018-11-21 19:30:00,93.53,69.31050865113735
2018-11-21 19:45:00,99.32,68.83204689085484
2018-11-21 20:00:00,119.45000000000002,64.69425084680319
2018-11-21 20:15:00,95.65,62.7478402030468
2018-11-21 20:30:00,98.6,57.483476439118384
2018-11-21 20:45:00,86.83,52.722548396885394
2018-11-21 21:00:00,47.63,47.59061713576317
2018-11-21 21:15:00,24.73,43.76849178433418
2018-11-21 21:30:00,5.4,38.22844216242432
2018-11-21 21:45:00,5.359999999999999,32.70646172478795
2018-11-21 22:00:00,4.1,26.31857957020402
2018-11-21 22:15:00,3.89,20.467285049408673
2018-11-21 22:30:00,3.85,13.8894586507231
2018-11-21 22:45:00,3.89,8.157959206476807
2018-11-21 23:00:00,3.92,1.6546215997077525
2018-11-21 23:15:00,3.74,-3.9853095530718563
2018-11-21 23:30:00,3.71,-8.147540649101138
2018-11-21 23:45:00,3.71,-7.862126353085041
2018-11-22 00:00:00,3.78,-5.026264772787691
2018-11-22 00:15:00,3.8200000000000003,-3.1462769623845817
2018-11-22 00:30:00,3.71,-1.292411944810301
2018-11-22 00:45:00,3.74,-0.02338239299133415
2018-11-22 01:00:00,3.74,0.6998307009600103
2018-11-22 01:15:00,3.85,2.9243820474483075
2018-11-22 01:30:00,3.8200000000000003,5.076182584948837
2018-11-22 01:45:00,3.74,6.691744376383721
2018-11-22 02:00:00,4.68,8.333244552575051
2018-11-22 02:15:00,4.32,9.419363189786672
2018-11-22 02:30:00,3.71,9.861755067929625
2018-11-22 02:45:00,3.4599999999999995,10.262360133007169
2018-11-22 03:00:00,3.17,9.590655553787947
2018-11-22 03:15:00,3.2,9.503692411854862
2018-11-22 03:30:00,3.17,9.587964374795556
2018-11-22 03:45:00,3.2,8.26455100186169
2018-11-22 04:00:00,3.2,5.978274035248905
2018-11-22 04:15:00,3.24,3.8760655158013106
2018-11-22 04:30:00,3.2,0.7856155398674309
2018-11-22 04:45:00,3.2,-1.6466713598184286
2018-11-22 05:00:00,3.42,-4.83865804836154
2018-11-22 05:15:00,3.78,-6.804476168155671
2018-11-22 05:30:00,4.39,-9.038364681974054
2018-11-22 05:45:00,3.49,-8.981116781756283
2018-11-22 06:00:00,3.1,-8.744889198988677
2018-11-22 06:15:00,3.17,-8.079567328393459
2018-11-22 06:30:00,3.13,-6.351916865333915
2018-11-22 06:45:00,3.17,-2.3473650564253328
2018-11-22 07:00:00,3.1,5.235152728576213
2018-11-22 07:15:00,3.06,12.004499400779604
2018-11-22 07:30:00,3.17,21.44169169023633
2018-11-22 07:45:00,4.79,26.72535514831543
2018-11-22 08:00:00,6.3,33.262649943828585
2018-11-22 08:15:00,41.51,38.1633351662755
2018-11-22 08:30:00,101.47999999999999,46.49314603447914
2018-11-22 08:45:00,120.67,61.93178311794996
2018-11-22 09:00:00,124.49000000000001,80.74499923050405
2018-11-22 09:15:00,139.61,95.38267767488958
2018-11-22 09:30:00,120.81999999999998,108.39947821080685
2018-11-22 09:45:00,157.18,115.28442348301411
2018-11-22 10:00:00,136.4,117.88389805316926
2018-11-22 10:15:00,139.57,115.01266941845418
2018-11-22 10:30:00,103.5,109.12334136426449
2018-11-22 10:45:00,113.87,101.67477765917779
2018-11-22 11:00:00,133.13,92.95842052578926
2018-11-22 11:15:00,134.6,90.66330404102803
2018-11-22 11:30:00,96.62,88.13818999111653
2018-11-22 11:45:00,70.63,86.3883330911398
2018-11-22 12:00:00,55.69,81.43764156401159
2018-11-22 12:15:00,5.22,75.18257813066244
2018-11-22 12:30:00,6.44,69.28530116230249
2018-11-22 12:45:00,6.62,62.22824168920517
2018-11-22 13:00:00,6.55,58.07028145045042
2018-11-22 13:15:00,41.87,57.042136557102204
2018-11-22 13:30:00,75.34999999999998,59.85400880843401
2018-11-22 13:45:00,93.67,68.04812228083611
2018-11-22 14:00:00,83.63,77.22280392527581
2018-11-22 14:15:00,87.77,84.62777883887291
2018-11-22 14:30:00,89.06,90.46082678437234
2018-11-22 14:45:00,85.54,96.1855359697342
2018-11-22 15:00:00,70.52,97.31307821750642
2018-11-22 15:15:00,79.34,98.58397935688497
2018-11-22 15:30:00,80.24,97.72343080699444
2018-11-22 15:45:00,80.57,98.18450375616551
2018-11-22 16:00:00,79.6,95.80686227321625
2018-11-22 16:15:00,81.07,95.45109222769739
2018-11-22 16:30:00,97.96,93.11687786340714
2018-11-22 16:45:00,95.04000000000002,93.52732925295831
2018-11-22 17:00:00,84.67,91.94174991250038
2018-11-22 17:15:00,58.07,90.60811073303223
2018-11-22 17:30:00,46.12,85.1752299886942
2018-11-22 17:45:00,32.94,79.15624930620194
2018-11-22 18:00:00,32.87,70.86400940746068
2018-11-22 18:15:00,45.67999999999999,64.23606555402279
2018-11-22 18:30:00,70.16,59.29250110417605
2018-11-22 18:45:00,67.79,58.51487275272608
2018-11-22 19:00:00,82.37,56.942950275540355
2018-11-22 19:15:00,67.21,58.35019550204277
2018-11-22 19:30:00,71.71,57.92223853766918
2018-11-22 19:45:00,75.53,55.68972985655069
2018-11-22 20:00:00,71.78,52.443384327590465
2018-11-22 20:15:00,72.86,48.82286948680878
2018-11-22 20:30:00,74.88,44.34591977149248
2018-11-22 20:45:00,68.98,40.05964295074344
2018-11-22 21:00:00,43.6,36.96121458902955
2018-11-22 21:15:00,18.65,33.438017810434104
2018-11-22 21:30:00,4.97,27.511862032711505
2018-11-22 21:45:00,4.07,22.187304330319165
2018-11-22 22:00:00,4.07,16.625198717042803
2018-11-22 22:15:00,3.74,11.398850522860885
2018-11-22 22:30:00,3.8200000000000003,6.152620500065386
2018-11-22 22:45:00,3.78,1.1817454111762344
2018-11-22 23:00:00,3.74,-3.769141751304269
2018-11-22 23:15:00,3.71,-7.954108089134097
2018-11-22 23:30:00,3.67,-7.6045938839763405
2018-11-22 23:45:00,3.74,-5.023898062184453
2018-11-23 00:00:00,3.5299999999999994,-3.569262487217784
2018-11-23 00:15:00,3.78,-1.7903519129939376
2018-11-23 00:30:00,4.64,-0.9157187404669821
2018-11-23 00:45:00,4.18,-0.33812346683815114
2018-11-23 01:00:00,3.67,1.8405585469305517
2018-11-23 01:15:00,3.67,3.5432844486087562
2018-11-23 01:30:00,3.6,4.92967500269413
2018-11-23 01:45:00,3.64,6.193848194591701
2018-11-23 02:00:00,3.67,7.0754299306496975
2018-11-23 02:15:00,3.2,7.814687368944287
2018-11-23 02:30:00,3.06,8.429273161664605
2018-11-23 02:45:00,3.02,8.007773005962372
2018-11-23 03:00:00,3.02,6.36463841849938
2018-11-23 03:15:00,3.06,5.818522192258388
2018-11-23 03:30:00,3.02,4.57961515173316
2018-11-23 03:45:00,3.2,3.1514638880081476
2018-11-23 04:00:00,3.67,1.1284961066953838
2018-11-23 04:15:00,3.42,-0.8683205329068004
2018-11-23 04:30:00,3.06,-3.178225310072303
2018-11-23 04:45:00,3.56,-5.2546231550723315
2018-11-23 05:00:00,3.56,-7.099259629249573
2018-11-23 05:15:00,2.95,-8.244782365784049
2018-11-23 05:30:00,2.99,-8.900041225403548
2018-11-23 05:45:00,2.99,-8.43993157684803
2018-11-23 06:00:00,2.95,-7.514695931077004
2018-11-23 06:15:00,2.99,-6.0347697854042055
2018-11-23 06:30:00,2.92,-1.72081912310794
2018-11-23 06:45:00,2.92,4.184085659217089
2018-11-23 07:00:00,2.99,11.56105889469385
2018-11-23 07:15:00,3.02,19.142339152768255
2018-11-23 07:30:00,3.5299999999999994,25.31093119904399
2018-11-23 07:45:00,6.12,30.39094976335764
2018-11-23 08:00:00,6.59,35.86288796901703
2018-11-23 08:15:00,42.23,39.85401082843542
2018-11-23 08:30:00,82.39999999999999,47.060626651644704
2018-11-23 08:45:00,90.9,61.145559161007405
2018-11-23 09:00:00,99.25,74.35881464064121
2018-11-23 09:15:00,93.06000000000002,86.95804120063782
2018-11-23 09:30:00,73.69,93.98903092980386
2018-11-23 09:45:00,63.35999999999999,97.46204176723958
2018-11-23 10:00:00,75.67000000000002,91.43633369863034
2018-11-23 10:15:00,70.96,86.59443900465966
2018-11-23 10:30:00,100.69,80.42224636971952
2018-11-23 10:45:00,83.66,78.9956453126669
2018-11-23 11:00:00,65.77,74.24935764342547
2018-11-23 11:15:00,73.66,72.3398084050417
2018-11-23 11:30:00,67.03,66.21392156332732
2018-11-23 11:45:00,66.89,64.36561489135026
2018-11-23 12:00:00,66.42,61.41966197252273
2018-11-23 12:15:00,24.8,60.34764985114336
2018-11-23 12:30:00,10.119999999999997,57.3322809061408
2018-11-23 12:45:00,6.52,52.37762390375137
2018-11-23 13:00:00,6.7,50.31581927716732
2018-11-23 13:15:00,57.17,47.32277465552092
2018-11-23 13:30:00,80.35,51.36137543618679
2018-11-23 13:45:00,92.52,58.886540626585486
2018-11-23 14:00:00,85.9,67.46950420200825
2018-11-23 14:15:00,80.64,73.00923272371293
2018-11-23 14:30:00,87.95,77.5162446036935
2018-11-23 14:45:00,72.54,79.14281249761582
2018-11-23 15:00:00,74.3,81.32271014511586
2018-11-23 15:15:00,78.23,81.14825617909432
2018-11-23 15:30:00,110.48000000000002,81.94216857731342
2018-11-23 15:45:00,80.32,85.5246139574051
2018-11-23 16:00:00,89.38999999999999,85.58107370257379
2018-11-23 16:15:00,86.03999999999999,85.06020875155926
2018-11-23 16:30:00,76.0,83.19188159406185
2018-11-23 16:45:00,104.28999999999999,81.42131260812283
2018-11-23 17:00:00,86.11,79.59352042198182
2018-11-23 17:15:00,86.98,79.29289877533914
2018-11-23 17:30:00,52.699999999999996,76.3625742301345
2018-11-23 17:45:00,34.13,73.20596610397101
2018-11-23 18:00:00,34.27,65.91744502842427
2018-11-23 18:15:00,54.61,59.738489080071446
2018-11-23 18:30:00,63.9,54.22559824824333
2018-11-23 18:45:00,56.02,52.32436168789864
2018-11-23 19:00:00,68.8,48.00449060022831
2018-11-23 19:15:00,65.23,44.56740256756544
2018-11-23 19:30:00,69.48,41.23638987541199
2018-11-23 19:45:00,66.17,38.253523905724286
2018-11-23 20:00:00,72.94,33.82666133150458
2018-11-23 20:15:00,59.580000000000005,30.649805928766728
2018-11-23 20:30:00,53.39,25.96435664385557
2018-11-23 20:45:00,45.67999999999999,23.415317260473966
2018-11-23 21:00:00,23.36,20.82321901321411
2018-11-23 21:15:00,7.519999999999999,17.92787193581462
2018-11-23 21:30:00,5.290000000000001,13.738806518092751
2018-11-23 21:45:00,5.22,9.927424550801515
2018-11-23 22:00:00,5.26,5.987200284134596
2018-11-23 22:15:00,4.93,3.572682238984853
2018-11-23 22:30:00,4.86,1.29390762148425
2018-11-23 22:45:00,4.86,-0.11774599647149439
2018-11-23 23:00:00,4.75,-0.8143543666042387
2018-11-23 23:15:00,4.68,-0.9887959826178848
2018-11-23 23:30:00,4.61,-1.6617074944265187
2018-11-23 23:45:00,3.92,-1.2809960466064512
2018-11-24 00:00:00,3.02,-0.5476160893402994
2018-11-24 00:15:00,3.49,0.6402924356423318
2018-11-24 00:30:00,3.56,2.8996247725374995
2018-11-24 00:45:00,3.56,3.5501301421876996
2018-11-24 01:00:00,3.56,5.147894589863717
2018-11-24 01:15:00,3.6,4.92751150585711
2018-11-24 01:30:00,3.56,4.736246933639049
2018-11-24 01:45:00,3.49,4.037306657470763
2018-11-24 02:00:00,3.56,3.151333090197295
2018-11-24 02:15:00,3.6,2.258338824119419
2018-11-24 02:30:00,3.6,2.7905169437266886
2018-11-24 02:45:00,3.56,2.8978901577927174
2018-11-24 03:00:00,3.56,3.0196281151287256
2018-11-24 03:15:00,3.64,2.540820554625243
2018-11-24 03:30:00,3.56,2.0400796607881784
2018-11-24 03:45:00,3.89,1.4916405103355648
2018-11-24 04:00:00,4.79,0.7846432574279607
2018-11-24 04:15:00,4.25,0.6597392071597279
2018-11-24 04:30:00,3.64,-0.14847674565389749
2018-11-24 04:45:00,3.6,-0.47569076610729094
2018-11-24 05:00:00,3.13,-0.8855824757553636
2018-11-24 05:15:00,3.02,-0.6342614992521702
2018-11-24 05:30:00,3.02,0.6786970306374133
2018-11-24 05:45:00,3.1,2.291501963492483
2018-11-24 06:00:00,3.02,4.2342036753334105
2018-11-24 06:15:00,3.06,6.264895544536412
2018-11-24 06:30:00,3.02,9.005076561421156
2018-11-24 06:45:00,3.02,12.006393442898988
2018-11-24 07:00:00,3.1,15.56380086608231
2018-11-24 07:15:00,3.64,17.993231545761226
2018-11-24 07:30:00,3.71,20.42070306509733
2018-11-24 07:45:00,3.5299999999999994,21.96720024421811
2018-11-24 08:00:00,3.35,23.790431909263134
2018-11-24 08:15:00,3.92,25.042495918422937
2018-11-24 08:30:00,3.13,26.22180939927697
2018-11-24 08:45:00,3.2,26.52649307578802
2018-11-24 09:00:00,3.24,26.25464694753289
2018-11-24 09:15:00,3.38,25.731709440648554
2018-11-24 09:30:00,3.42,25.102777429670095
2018-11-24 09:45:00,3.38,24.17757322028279
2018-11-24 10:00:00,3.4599999999999995,21.594048123955726
2018-11-24 10:15:00,3.42,19.123724322691558
2018-11-24 10:30:00,3.74,16.180314382761715
2018-11-24 10:45:00,3.85,14.24116105273366
2018-11-24 11:00:00,3.92,11.850461120530962
2018-11-24 11:15:00,3.78,9.746715867146849
2018-11-24 11:30:00,3.24,7.311022049374878
2018-11-24 11:45:00,3.28,4.830956056658178
2018-11-24 12:00:00,3.78,3.463372319135815
2018-11-24 12:15:00,4.18,3.505053876452148
2018-11-24 12:30:00,3.4599999999999995,3.7715041739866138
2018-11-24 12:45:00,3.35,4.094771384531632
2018-11-24 13:00:00,3.4599999999999995,4.5508115651458505
2018-11-24 13:15:00,3.89,5.001770699899644
2018-11-24 13:30:00,5.72,5.465669274739921
2018-11-24 13:45:00,5.83,5.917392425891012
2018-11-24 14:00:00,5.26,6.279861508645117
2018-11-24 14:15:00,4.57,6.750703875422477
2018-11-24 14:30:00,4.57,7.164649755842984
2018-11-24 14:45:00,4.64,7.2753512970358125
2018-11-24 15:00:00,4.61,7.076209945920854
2018-11-24 15:15:00,4.57,6.880568418633192
2018-11-24 15:30:00,4.54,6.686013411357998
2018-11-24 15:45:00,5.33,6.491715508792549
2018-11-24 16:00:00,5.44,6.320925004202872
2018-11-24 16:15:00,4.61,6.149664918631315
2018-11-24 16:30:00,4.61,6.017861704863607
2018-11-24 16:45:00,5.69,5.8934592333249745
2018-11-24 17:00:00,5.83,5.8934592333249745
2018-11-24 17:15:00,5.9,5.8934592333249745
2018-11-24 17:30:00,4.79,5.8934592333249745
2018-11-24 17:45:00,3.85,5.8934592333249745
2018-11-24 18:00:00,3.67,5.8934592333249745
2018-11-24 18:15:00,3.6,5.8934592333249745
2018-11-24 18:30:00,3.71,5.8934592333249745
2018-11-24 18:45:00,3.71,5.8934592333249745
2018-11-24 19:00:00,3.74,5.8934592333249745
2018-11-24 19:15:00,3.67,5.8934592333249745
2018-11-24 19:30:00,4.14,5.8934592333249745
2018-11-24 19:45:00,3.9599999999999995,5.8934592333249745
2018-11-24 20:00:00,3.2,5.8934592333249745
2018-11-24 20:15:00,3.1,5.8934592333249745
2018-11-24 20:30:00,3.06,5.8934592333249745
2018-11-24 20:45:00,3.06,5.8934592333249745
2018-11-24 21:00:00,3.2,5.8934592333249745
2018-11-24 21:15:00,3.06,5.8934592333249745
2018-11-24 21:30:00,3.1,5.8934592333249745
2018-11-24 21:45:00,3.06,5.887417553327977
2018-11-24 22:00:00,3.06,5.807317647598683
2018-11-24 22:15:00,3.5299999999999994,5.772066795527935
2018-11-24 22:30:00,3.4599999999999995,5.718717287573963
2018-11-24 22:45:00,3.38,5.709552458990365
2018-11-24 23:00:00,2.92,5.677630214728414
2018-11-24 23:15:00,2.84,5.706085755638778
2018-11-24 23:30:00,2.84,5.723422640580684
2018-11-24 23:45:00,2.77,5.791607595514505
2018-11-25 00:00:00,2.88,5.8594669593311846
2018-11-25 00:15:00,3.38,5.8934592333249745
2018-11-25 00:30:00,3.28,5.8934592333249745
2018-11-25 00:45:00,2.88,5.8934592333249745
2018-11-25 01:00:00,2.77,5.8934592333249745
2018-11-25 01:15:00,2.77,5.8934592333249745
2018-11-25 01:30:00,3.31,5.789894031919538
2018-11-25 01:45:00,3.4599999999999995,5.651398236602544
2018-11-25 02:00:00,3.4599999999999995,5.532522954959422
2018-11-25 02:15:00,3.2,5.41346635274589
2018-11-25 02:30:00,2.84,5.288846914023161
2018-11-25 02:45:00,2.84,5.241930918134749
2018-11-25 03:00:00,2.88,5.3744066459685556
2018-11-25 03:15:00,2.92,5.415637708678841
2018-11-25 03:30:00,2.84,5.579933231845498
2018-11-25 03:45:00,2.92,5.563078558575362
2018-11-25 04:00:00,2.92,5.625314458571374
2018-11-25 04:15:00,2.88,5.63438946891576
2018-11-25 04:30:00,2.88,5.738996842578053
2018-11-25 04:45:00,2.84,5.8553263385035095
2018-11-25 05:00:00,2.88,6.019213188681751
2018-11-25 05:15:00,2.88,6.2144915134645995
2018-11-25 05:30:00,4.18,6.44252514667809
2018-11-25 05:45:00,4.28,6.6496100790053605
2018-11-25 06:00:00,3.5299999999999994,6.893862921446561
2018-11-25 06:15:00,3.13,7.322966752462088
2018-11-25 06:30:00,2.88,7.880864324867725
2018-11-25 06:45:00,2.84,8.504294407330454
2018-11-25 07:00:00,2.81,9.444432583078742
2018-11-25 07:15:00,2.95,10.281455490663648
2018-11-25 07:30:00,2.84,10.878782708719372
2018-11-25 07:45:00,2.88,11.331530629843472
2018-11-25 08:00:00,2.92,11.776441909596324
2018-11-25 08:15:00,2.88,12.412458334192634
2018-11-25 08:30:00,2.92,13.417887072116136
2018-11-25 08:45:00,2.92,14.450602591112256
2018-11-25 09:00:00,3.4599999999999995,15.015649133995176
2018-11-25 09:15:00,4.93,14.76563220605254
2018-11-25 09:30:00,4.32,13.692699447721242
2018-11-25 09:45:00,3.49,12.600974468290806
2018-11-25 10:00:00,2.88,11.343804292231798
2018-11-25 10:15:00,2.95,9.562778779156506
2018-11-25 10:30:00,3.56,7.377784507945179
2018-11-25 10:45:00,2.95,5.260402039028704
2018-11-25 11:00:00,2.99,3.0033328410796822
2018-11-25 11:15:00,2.95,0.9386181035451592
2018-11-25 11:30:00,2.95,-1.2830068524368108
2018-11-25 11:45:00,2.99,-3.3981374096870423
2018-11-25 12:00:00,2.99,-5.051792239099742
2018-11-25 12:15:00,3.1,-6.2286042819917204
2018-11-25 12:30:00,3.02,-7.159671376943589
2018-11-25 12:45:00,3.17,-7.791496657952667
2018-11-25 13:00:00,3.71,-8.193470328450204
2018-11-25 13:15:00,3.67,-8.312887045666576
2018-11-25 13:30:00,3.64,-8.006030890494586
2018-11-25 13:45:00,3.2,-7.089137113690377
2018-11-25 14:00:00,3.67,-5.776262788400055
2018-11-25 14:15:00,3.1,-4.078858617395163
2018-11-25 14:30:00,2.95,-1.6628201178647577
2018-11-25 14:45:00,3.06,1.0471016955934465
2018-11-25 15:00:00,2.99,4.038496047435329
2018-11-25 15:15:00,2.99,6.312188215665519
2018-11-25 15:30:00,2.95,6.46697311002761
2018-11-25 15:45:00,2.95,6.222171814963221
2018-11-25 16:00:00,2.95,6.052809420377016
2018-11-25 16:15:00,3.35,5.573730721063911
2018-11-25 16:30:00,3.56,5.282118966542184
2018-11-25 16:45:00,3.6,5.210443450286984
2018-11-25 17:00:00,3.42,5.356277115065604
2018-11-25 17:15:00,2.95,5.541900259815156
2018-11-25 17:30:00,2.92,5.701560600474476
2018-11-25 17:45:00,2.99,5.818588152527808
2018-11-25 18:00:00,3.17,5.902692828997969
2018-11-25 18:15:00,3.4599999999999995,5.959227516259998
2018-11-25 18:30:00,3.02,5.9178575159609315
2018-11-25 18:45:00,3.02,5.750130936056375
2018-11-25 19:00:00,2.99,5.878281354308128
2018-11-25 19:15:00,3.02,8.276316068470477
2018-11-25 19:30:00,2.99,10.981972638294101
2018-11-25 19:45:00,3.02,13.70791128925979
2018-11-25 20:00:00,3.1,14.9227007291466
2018-11-25 20:15:00,3.6,15.521752457395195
2018-11-25 20:30:00,3.6,15.83467808008194
2018-11-25 20:45:00,3.6,15.839707901477814
2018-11-25 21:00:00,3.38,15.419981656000017
2018-11-25 21:15:00,2.99,14.66412636846304
2018-11-25 21:30:00,2.95,13.486924738958477
2018-11-25 21:45:00,2.92,11.930343217030167
2018-11-25 22:00:00,3.13,9.960500117391348
2018-11-25 22:15:00,3.4599999999999995,7.621491143219172
2018-11-25 22:30:00,2.92,4.897195885349064
2018-11-25 22:45:00,2.74,1.967615989483893
2018-11-25 23:00:00,2.77,-1.2636319355107843
2018-11-25 23:15:00,2.84,-4.54784904435277
2018-11-25 23:30:00,2.88,-7.467776005640626
2018-11-25 23:45:00,2.88,-7.237242899239064
2018-11-26 00:00:00,4.68,-4.536220950558781
2018-11-26 00:15:00,3.2,-3.3303010617941617
2018-11-26 00:30:00,3.5299999999999994,-1.568834312353283
2018-11-26 00:45:00,3.4599999999999995,-1.2978195641748607
2018-11-26 01:00:00,3.49,-1.2255899816565214
2018-11-26 01:15:00,2.92,0.17847511781379585
2018-11-26 01:30:00,2.92,1.3366560510732235
2018-11-26 01:45:00,3.06,2.2586790107004346
2018-11-26 02:00:00,3.56,2.992800810486078
2018-11-26 02:15:00,3.13,3.6096459529455753
2018-11-26 02:30:00,2.92,3.7547001638170334
2018-11-26 02:45:00,2.92,3.947258680043742
2018-11-26 03:00:00,2.88,2.626476560495794
2018-11-26 03:15:00,2.95,3.198837956916541
2018-11-26 03:30:00,2.95,3.629688331661746
2018-11-26 03:45:00,3.31,3.1381662976928055
2018-11-26 04:00:00,3.49,1.768624803237617
2018-11-26 04:15:00,3.4599999999999995,0.3823243480734528
2018-11-26 04:30:00,3.24,-1.145110593866557
2018-11-26 04:45:00,2.88,-2.662292503118515
2018-11-26 05:00:00,2.95,-4.17637315697968
2018-11-26 05:15:00,2.84,-5.572190135270358
2018-11-26 05:30:00,2.88,-4.403909702375532
2018-11-26 05:45:00,2.84,-4.166261868700385
2018-11-26 06:00:00,3.17,-3.3521875212341548
2018-11-26 06:15:00,3.38,-2.3799567272514106
2018-11-26 06:30:00,2.88,1.1589568397961558
2018-11-26 06:45:00,2.88,6.439600720945745
2018-11-26 07:00:00,2.99,13.123908606991172
2018-11-26 07:15:00,3.35,19.663584708571435
2018-11-26 07:30:00,3.5299999999999994,26.039069700688124
2018-11-26 07:45:00,5.22,31.86500404164195
2018-11-26 08:00:00,5.58,37.506835692226886
2018-11-26 08:15:00,45.36,43.5368101271987
2018-11-26 08:30:00,88.92,51.54339658886194
2018-11-26 08:45:00,88.99,66.56568571537733
2018-11-26 09:00:00,90.61,77.36799959987403
2018-11-26 09:15:00,93.31,91.42403758168221
2018-11-26 09:30:00,92.19999999999999,96.41292880594732
2018-11-26 09:45:00,94.43,98.8230755096674
2018-11-26 10:00:00,85.43,95.15656025767328
2018-11-26 10:15:00,64.55,92.19326792776586
2018-11-26 10:30:00,70.06,83.49124578535557
2018-11-26 10:45:00,73.12,75.63347018241883
2018-11-26 11:00:00,80.75,69.35848506361246
2018-11-26 11:15:00,82.66000000000001,64.72408397495747
2018-11-26 11:30:00,79.13,61.09634774774313
2018-11-26 11:45:00,84.74,58.90371836483479
2018-11-26 12:00:00,61.34,57.45306847423315
2018-11-26 12:15:00,7.239999999999999,55.92211658686399
2018-11-26 12:30:00,6.84,53.07397123962641
2018-11-26 12:45:00,6.3,47.92476793110371
2018-11-26 13:00:00,6.01,46.20568725079298
2018-11-26 13:15:00,56.52,45.175674138069155
2018-11-26 13:30:00,93.17,49.04093918979168
2018-11-26 13:45:00,82.58,59.507705605328084
2018-11-26 14:00:00,90.65,67.78127229213715
2018-11-26 14:15:00,77.51,76.0153997901082
2018-11-26 14:30:00,88.63,80.7946238076687
2018-11-26 14:45:00,69.05,85.95382837712765
2018-11-26 15:00:00,71.6,86.99006140291692
2018-11-26 15:15:00,67.97,87.62795951962472
2018-11-26 15:30:00,64.51,87.48857957601548
2018-11-26 15:45:00,70.96,86.49052828371525
2018-11-26 16:00:00,65.34,84.17205007493497
2018-11-26 16:15:00,64.22,82.3136927419901
2018-11-26 16:30:00,61.45,79.72490654230118
2018-11-26 16:45:00,51.52,77.81497557640077
2018-11-26 17:00:00,65.34,74.51265082985162
2018-11-26 17:15:00,74.05,72.31444373428822
2018-11-26 17:30:00,50.65,70.30329210370779
2018-11-26 17:45:00,32.58,67.41523153096438
2018-11-26 18:00:00,32.72,62.54635992884636
2018-11-26 18:15:00,43.16,56.97263520359993
2018-11-26 18:30:00,61.88,51.81298154294491
2018-11-26 18:45:00,71.03,51.328636687994006
2018-11-26 19:00:00,58.43,51.35330526739359
2018-11-26 19:15:00,59.33,52.20988834202289
2018-11-26 19:30:00,60.05,51.711689023673536
2018-11-26 19:45:00,66.17,50.930782306492326
2018-11-26 20:00:00,78.98,47.45796008735895
2018-11-26 20:15:00,58.18000000000001,45.97317028403282
2018-11-26 20:30:00,51.77,41.57725458413363
2018-11-26 20:45:00,43.6,37.231302525252104
2018-11-26 21:00:00,40.64000000000001,31.50671010360122
2018-11-26 21:15:00,16.09,28.260685674846172
2018-11-26 21:30:00,6.23,24.960916257202626
2018-11-26 21:45:00,5.26,21.19214293986559
2018-11-26 22:00:00,5.11,16.78427355505526
2018-11-26 22:15:00,4.79,12.62727437146008
2018-11-26 22:30:00,4.72,7.858513617403805
2018-11-26 22:45:00,4.75,3.8304144133348017
2018-11-26 23:00:00,4.72,-1.012021856550127
2018-11-26 23:15:00,4.82,-4.8815462575852875
2018-11-26 23:30:00,4.64,-8.70118701197207
2018-11-26 23:45:00,4.64,-7.414575539827347
2018-11-27 00:00:00,23.65,-4.8662131614238024
2018-11-27 00:15:00,4.72,-3.84399627186358
2018-11-27 00:30:00,4.79,-2.1179218382202087
2018-11-27 00:45:00,4.72,-1.504068625513464
2018-11-27 01:00:00,4.75,-0.014570100996643255
2018-11-27 01:15:00,5.62,1.8301306493580343
2018-11-27 01:30:00,5.940000000000001,3.2165411318652333
2018-11-27 01:45:00,4.72,4.055821003392339
2018-11-27 02:00:00,4.68,5.043849141560495
2018-11-27 02:15:00,4.72,5.40871300311759
2018-11-27 02:30:00,4.72,5.725811244379728
2018-11-27 02:45:00,4.72,5.524389632716774
2018-11-27 03:00:00,4.72,4.394576246561483
2018-11-27 03:15:00,4.18,5.128082931749522
2018-11-27 03:30:00,3.71,5.078670830857008
2018-11-27 03:45:00,3.71,3.7784121789690106
2018-11-27 04:00:00,3.74,2.0187026391737164
2018-11-27 04:15:00,3.78,0.3113409936241806
2018-11-27 04:30:00,3.74,-1.8523764594458043
2018-11-27 04:45:00,3.71,-3.3914695281535385
2018-11-27 05:00:00,3.71,-5.27013251952827
2018-11-27 05:15:00,3.74,-6.5078974650055175
2018-11-27 05:30:00,3.78,-6.983295300602913
2018-11-27 05:45:00,3.92,-6.667776176258922
2018-11-27 06:00:00,5.9,-5.94458104595542
2018-11-27 06:15:00,5.62,-4.7551820995658645
2018-11-27 06:30:00,4.64,-1.0646109969727695
2018-11-27 06:45:00,3.8200000000000003,4.18552415445447
2018-11-27 07:00:00,3.71,11.56762573070824
2018-11-27 07:15:00,3.71,18.37166722394526
2018-11-27 07:30:00,3.78,25.504806113839148
2018-11-27 07:45:00,5.11,30.188088533729314
2018-11-27 08:00:00,6.88,37.02625871241093
2018-11-27 08:15:00,49.60999999999999,41.86273287564516
2018-11-27 08:30:00,72.36,50.832628934681416
2018-11-27 08:45:00,73.62,64.39493605554104
2018-11-27 09:00:00,111.64,74.79313522726298
2018-11-27 09:15:00,81.54,88.21825396955015
2018-11-27 09:30:00,103.1,95.56485600948335
2018-11-27 09:45:00,126.43,97.63710649728776
2018-11-27 10:00:00,104.44,98.13265168666841
2018-11-27 10:15:00,129.2,94.8078229802847
2018-11-27 10:30:00,131.8,89.76948681533338
2018-11-27 10:45:00,133.42,86.52778488934041
2018-11-27 11:00:00,151.67,82.77532256424428
2018-11-27 11:15:00,126.11,82.47015611469746
2018-11-27 11:30:00,145.01,79.26518984854222
2018-11-27 11:45:00,123.8,79.72460116028786
2018-11-27 12:00:00,108.61,77.69107131540775
2018-11-27 12:15:00,7.81,77.08257519930602
2018-11-27 12:30:00,5.51,73.81671665787697
2018-11-27 12:45:00,5.76,65.26304730117322
2018-11-27 13:00:00,6.34,62.368699451684954
2018-11-27 13:15:00,71.06,58.08116293013096
2018-11-27 13:30:00,121.25,62.867684679627416
2018-11-27 13:45:00,132.59,74.63989632934332
2018-11-27 14:00:00,126.68,86.08598693430424
2018-11-27 14:15:00,93.46,95.50488437116147
2018-11-27 14:30:00,77.36,101.51358086526395
2018-11-27 14:45:00,76.72,106.06700632035734
2018-11-27 15:00:00,107.42,106.13708251059056
2018-11-27 15:15:00,81.58,106.52521406769753
2018-11-27 15:30:00,79.38,106.49833146870137
2018-11-27 15:45:00,57.85,105.58207764685154
2018-11-27 16:00:00,59.08,102.54201766788961
2018-11-27 16:15:00,59.26,98.96268898069859
2018-11-27 16:30:00,53.46,94.75862953066827
2018-11-27 16:45:00,59.4,91.3393928730488
2018-11-27 17:00:00,47.48,87.10043005526066
2018-11-27 17:15:00,62.78,83.72972219228745
2018-11-27 17:30:00,50.15,79.08591264307499
2018-11-27 17:45:00,34.13,77.15894315719605
2018-11-27 18:00:00,31.93,70.93584603518248
2018-11-27 18:15:00,36.76,66.24008112549782
2018-11-27 18:30:00,56.84,60.011370363533494
2018-11-27 18:45:00,48.17,60.10352387696504
2018-11-27 19:00:00,61.16,56.62895020216703
2018-11-27 19:15:00,41.98,57.5697064396739
2018-11-27 19:30:00,43.38,56.47610650449991
2018-11-27 19:45:00,47.48,53.9255514383316
2018-11-27 20:00:00,48.46,49.15323444336653
2018-11-27 20:15:00,49.60999999999999,45.1236783593893
2018-11-27 20:30:00,49.21,39.65096322596073
2018-11-27 20:45:00,35.5,35.65470725417137
2018-11-27 21:00:00,29.99,32.8172862046957
2018-11-27 21:15:00,25.96,29.05942580342293
2018-11-27 21:30:00,25.020000000000003,25.93426977917552
2018-11-27 21:45:00,25.13,22.177134660184382
2018-11-27 22:00:00,25.2,18.56927857749164
2018-11-27 22:15:00,24.88,14.703220879808068
2018-11-27 22:30:00,24.77,10.666343486607074
2018-11-27 22:45:00,24.88,7.0675764483585946
2018-11-27 23:00:00,23.65,2.705486297346652
2018-11-27 23:15:00,23.620000000000005,-0.2742576464824378
2018-11-27 23:30:00,23.58,-1.823815943468362
2018-11-27 23:45:00,23.539999999999996,0.017913787942379765
2018-11-28 00:00:00,3.92,0.33752357171848424
2018-11-28 00:15:00,23.51,1.0840181146375836
2018-11-28 00:30:00,23.65,1.9069429268501699
2018-11-28 00:45:00,23.65,3.3340882262960077
2018-11-28 01:00:00,23.65,5.159772490635514
2018-11-28 01:15:00,23.58,6.72682766130194
2018-11-28 01:30:00,23.65,7.4338950847089285
2018-11-28 01:45:00,23.620000000000005,7.275491076670587
2018-11-28 02:00:00,23.65,6.485954791475087
2018-11-28 02:15:00,23.58,6.131436026301235
2018-11-28 02:30:00,23.65,5.275080304089933
2018-11-28 02:45:00,24.66,5.55664757264778
2018-11-28 03:00:00,24.12,6.410263277199119
2018-11-28 03:15:00,22.46,7.156439807415008
2018-11-28 03:30:00,22.39,8.116558050476014
2018-11-28 03:45:00,22.54,8.875826992467045
2018-11-28 04:00:00,22.46,10.029747734367847
2018-11-28 04:15:00,22.54,12.035185802206396
2018-11-28 04:30:00,22.5,13.073916897773742
2018-11-28 04:45:00,22.46,13.58858102209866
2018-11-28 05:00:00,22.46,15.034873605370521
2018-11-28 05:15:00,22.46,16.612066167742014
2018-11-28 05:30:00,22.54,19.02685647442937
2018-11-28 05:45:00,22.5,20.635805398002265
2018-11-28 06:00:00,23.620000000000005,23.227846386134622
2018-11-28 06:15:00,23.87,26.213456303030252
2018-11-28 06:30:00,24.55,30.41289460465312
2018-11-28 06:45:00,23.11,34.48438682451844
2018-11-28 07:00:00,22.5,40.52572102129459
2018-11-28 07:15:00,22.46,45.002697682082655
2018-11-28 07:30:00,22.93,50.669105848371984
2018-11-28 07:45:00,24.62,54.015993914306165
2018-11-28 08:00:00,25.090000000000003,59.12710530757904
2018-11-28 08:15:00,54.18,61.509179320633415
2018-11-28 08:30:00,52.27,68.47162875145673
2018-11-28 08:45:00,51.88,72.53033085405826
2018-11-28 09:00:00,54.43,79.60020289897919
2018-11-28 09:15:00,58.72,81.44350669503213
2018-11-28 09:30:00,52.78,83.77182898283006
2018-11-28 09:45:00,58.97,82.28392697751522
2018-11-28 10:00:00,51.16,81.41515107691289
2018-11-28 10:15:00,50.0,79.22818473398686
2018-11-28 10:30:00,48.56,75.76001509964468
2018-11-28 10:45:00,66.2,72.85919135510922
2018-11-28 11:00:00,62.099999999999994,70.39232892423868
2018-11-28 11:15:00,51.98,69.40055143594742
2018-11-28 11:30:00,53.89,66.54507692039013
2018-11-28 11:45:00,63.94,64.93975104004144
2018-11-28 12:00:00,51.77,65.02100061923265
2018-11-28 12:15:00,8.5,63.79967914789915
2018-11-28 12:30:00,6.98,61.72124916523695
2018-11-28 12:45:00,7.419999999999999,58.06850754022598
2018-11-28 13:00:00,8.28,54.95836238920688
2018-11-28 13:15:00,60.88,53.01389181941747
2018-11-28 13:30:00,71.89,56.33908878058195
2018-11-28 13:45:00,79.24,65.55857625365257
2018-11-28 14:00:00,58.39,69.97785816848278
2018-11-28 14:15:00,84.46,74.89467025578021
2018-11-28 14:30:00,62.39000000000001,77.97471731483937
2018-11-28 14:45:00,92.81,80.75098112523557
2018-11-28 15:00:00,98.53,81.2253381919861
2018-11-28 15:15:00,105.91,84.59186052501202
2018-11-28 15:30:00,96.91,86.53755711376668
2018-11-28 15:45:00,65.66,88.76542668282987
2018-11-28 16:00:00,73.44,88.29739282011987
2018-11-28 16:15:00,100.84,87.47719960510732
2018-11-28 16:30:00,97.63,88.73749321043492
2018-11-28 16:45:00,83.3,90.23565245866776
2018-11-28 17:00:00,111.78,89.93331528365613
2018-11-28 17:15:00,83.74,91.60520097017289
2018-11-28 17:30:00,90.11,90.71155439913274
2018-11-28 17:45:00,37.91,90.20653338551521
2018-11-28 18:00:00,31.679999999999996,86.08714558959008
2018-11-28 18:15:00,35.17,82.46705738544465
2018-11-28 18:30:00,60.73,76.97207181960346
2018-11-28 18:45:00,50.43999999999999,73.83225970417261
2018-11-28 19:00:00,62.21,67.76188502520323
2018-11-28 19:15:00,50.65,64.7938413104415
2018-11-28 19:30:00,54.07,58.63203615486622
2018-11-28 19:45:00,40.86,56.83247384130955
2018-11-28 20:00:00,50.8,52.208756632208825
2018-11-28 20:15:00,49.82,49.04719053924084
2018-11-28 20:30:00,41.44,44.050583928227425
2018-11-28 20:45:00,20.449999999999996,40.558549587726596
2018-11-28 21:00:00,8.859999999999998,33.95416954934597
2018-11-28 21:15:00,6.34,28.188563874214886
2018-11-28 21:30:00,5.54,21.1495331671834
2018-11-28 21:45:00,5.54,16.388865597844124
2018-11-28 22:00:00,5.54,10.323870470039546
2018-11-28 22:15:00,5.18,6.05021451530978
2018-11-28 22:30:00,5.22,3.205089025683701
2018-11-28 22:45:00,5.1499999999999995,1.8900876922160388
2018-11-28 23:00:00,5.11,1.0181386816315354
2018-11-28 23:15:00,5.11,0.5778900912217796
2018-11-28 23:30:00,4.61,-0.22860247412696474
2018-11-28 23:45:00,3.92,0.19338270006701355
2018-11-29 00:00:00,4.07,0.9053511118330062
2018-11-29 00:15:00,3.89,1.6157594930566848
2018-11-29 00:30:00,4.03,1.273627224434167
2018-11-29 00:45:00,4.0,0.7626074751652777
2018-11-29 01:00:00,4.0,1.6279537224397065
2018-11-29 01:15:00,4.0,2.79478218736127
2018-11-29 01:30:00,4.0,4.01159702854231
2018-11-29 01:45:00,4.1,4.85490468673408
2018-11-29 02:00:00,4.0,5.665809573084116
2018-11-29 02:15:00,3.9599999999999995,6.052769844215363
2018-11-29 02:30:00,4.03,5.687413666434586
2018-11-29 02:45:00,4.03,5.3371640744432804
2018-11-29 03:00:00,4.79,6.4312035576254125
2018-11-29 03:15:00,5.1499999999999995,6.162463175673038
2018-11-29 03:30:00,4.18,4.907631922699511
2018-11-29 03:45:00,4.0,3.5493113928008824
2018-11-29 04:00:00,4.0,1.4937195218913257
2018-11-29 04:15:00,4.07,-0.19958332376554602
2018-11-29 04:30:00,3.71,-2.374797792136669
2018-11-29 04:45:00,3.35,-4.0654588588327165
2018-11-29 05:00:00,3.35,-6.176099907532334
2018-11-29 05:15:00,3.38,-7.650203585848213
2018-11-29 05:30:00,3.4599999999999995,-7.746874956712127
2018-11-29 05:45:00,3.38,-7.720971376523376
2018-11-29 06:00:00,3.38,-7.287163876593113
2018-11-29 06:15:00,3.35,-6.1201016035676
2018-11-29 06:30:00,3.31,-2.804016702771187
2018-11-29 06:45:00,3.71,2.0861280686222017
2018-11-29 07:00:00,4.68,8.936329681128264
2018-11-29 07:15:00,3.89,15.499898557066917
2018-11-29 07:30:00,4.25,22.578471743911503
2018-11-29 07:45:00,5.62,27.929018353819846
2018-11-29 08:00:00,5.69,33.932514371871946
2018-11-29 08:15:00,41.58,37.787418889701364
2018-11-29 08:30:00,73.98,45.72191274166107
2018-11-29 08:45:00,88.06,58.11051553070545
2018-11-29 09:00:00,100.58,71.94904068261386
2018-11-29 09:15:00,82.07999999999998,83.42995381891728
2018-11-29 09:30:00,102.82,91.5422563481331
2018-11-29 09:45:00,128.41,97.05662918090822
2018-11-29 10:00:00,104.26,100.91450219154359
2018-11-29 10:15:00,104.9,96.98831342816354
2018-11-29 10:30:00,116.71,91.92364255547524
2018-11-29 10:45:00,93.01999999999998,86.79474265992643
2018-11-29 11:00:00,56.05,81.32574600160123
2018-11-29 11:15:00,55.55,75.81007978618146
2018-11-29 11:30:00,57.35,67.55755302190781
2018-11-29 11:45:00,64.58,63.29918946444988
2018-11-29 12:00:00,46.01,59.47054779976607
2018-11-29 12:15:00,9.36,56.57024949193001
2018-11-29 12:30:00,6.84,52.58037510603666
2018-11-29 12:45:00,6.19,48.91437181800604
2018-11-29 13:00:00,6.34,46.2597263944149
2018-11-29 13:15:00,40.209999999999994,46.95350941956043
2018-11-29 13:30:00,62.24,49.61806179493666
2018-11-29 13:45:00,77.36,57.07091432094574
2018-11-29 14:00:00,64.76,64.5185708618164
2018-11-29 14:15:00,57.28,70.46458769768476
2018-11-29 14:30:00,50.54,74.48461855739355
2018-11-29 14:45:00,59.51,76.61166715294124
2018-11-29 15:00:00,57.46,76.39662881553174
2018-11-29 15:15:00,59.69,77.51752900451423
2018-11-29 15:30:00,57.67,76.81078071653843
2018-11-29 15:45:00,66.2,76.37206352710724
2018-11-29 16:00:00,63.49999999999999,75.26323041856288
2018-11-29 16:15:00,50.36,74.43007194072008
2018-11-29 16:30:00,70.24,72.16820616811513
2018-11-29 16:45:00,59.22,71.09482880949975
2018-11-29 17:00:00,56.88,69.17733514785766
2018-11-29 17:15:00,59.8,66.65090526074171
2018-11-29 17:30:00,51.7,62.34182134360075
2018-11-29 17:45:00,33.59,58.520746865570544
2018-11-29 18:00:00,33.05,53.77956087231636
2018-11-29 18:15:00,43.99,48.63845018714666
2018-11-29 18:30:00,46.91,44.58806974440813
2018-11-29 18:45:00,59.83,43.34282967597246
2018-11-29 19:00:00,51.88,43.744366605281826
2018-11-29 19:15:00,39.89,44.41630583465099
2018-11-29 19:30:00,39.49,44.197692731320856
2018-11-29 19:45:00,63.49999999999999,41.107379447519776
2018-11-29 20:00:00,40.57,39.82213433533907
2018-11-29 20:15:00,39.82,36.46164329707622
2018-11-29 20:30:00,54.07,32.80231799513101
2018-11-29 20:45:00,33.41,29.37838608905673
2018-11-29 21:00:00,27.679999999999996,27.262066282182932
2018-11-29 21:15:00,5.72,23.39952721402049
2018-11-29 21:30:00,5.69,19.45640883527696
2018-11-29 21:45:00,5.65,15.226150527596474
2018-11-29 22:00:00,4.61,12.103158000186085
2018-11-29 22:15:00,4.21,7.7783693639189
2018-11-29 22:30:00,4.14,4.430373446140439
2018-11-29 22:45:00,4.18,0.3075366298295558
2018-11-29 23:00:00,4.03,-3.2270853094756604
2018-11-29 23:15:00,4.03,-7.1691842512041335
2018-11-29 23:30:00,3.9599999999999995,-9.367258864864707
2018-11-29 23:45:00,4.0,-6.821681974604727
2018-11-30 00:00:00,3.9599999999999995,-4.544852483347058
2018-11-30 00:15:00,4.07,-3.2358863741904496
2018-11-30 00:30:00,4.0,-2.0835545730777083
2018-11-30 00:45:00,4.0,-1.5409945877455173
2018-11-30 01:00:00,4.0,0.04304605400189762
2018-11-30 01:15:00,4.97,2.319041639044881
2018-11-30 01:30:00,5.18,3.71734447744675
2018-11-30 01:45:00,4.0,4.90404592949897
2018-11-30 02:00:00,4.0,5.926865723989904
2018-11-30 02:15:00,4.1,6.618046546336263
2018-11-30 02:30:00,4.1,7.187743709236383
2018-11-30 02:45:00,4.07,7.530442394129931
2018-11-30 03:00:00,3.85,5.703552881292999
2018-11-30 03:15:00,3.4599999999999995,5.221065579801797
2018-11-30 03:30:00,3.42,4.627108791172504
2018-11-30 03:45:00,3.4599999999999995,3.4185389836691322
2018-11-30 04:00:00,3.42,1.995730501767248
2018-11-30 04:15:00,3.42,0.18580765431746846
2018-11-30 04:30:00,3.4599999999999995,-1.678597814310342
2018-11-30 04:45:00,3.4599999999999995,-3.6488695153594017
2018-11-30 05:00:00,3.4599999999999995,-5.517394272983075
2018-11-30 05:15:00,3.4599999999999995,-7.228684343770147
2018-11-30 05:30:00,3.92,-8.312791613787413
2018-11-30 05:45:00,4.93,-7.812975567132235
2018-11-30 06:00:00,5.11,-6.818665204495192
2018-11-30 06:15:00,3.67,-5.065413175076246
2018-11-30 06:30:00,3.42,-1.4975422077067195
2018-11-30 06:45:00,3.31,4.409957058662549
2018-11-30 07:00:00,3.35,10.79525960534811
2018-11-30 07:15:00,3.28,17.93719506904483
2018-11-30 07:30:00,3.74,24.053576895594595
2018-11-30 07:45:00,5.22,29.677283225506542
2018-11-30 08:00:00,5.33,34.76795423299074
2018-11-30 08:15:00,35.57,38.414469208568335
2018-11-30 08:30:00,62.71,44.39239621937275
2018-11-30 08:45:00,63.18,54.88839398086071
2018-11-30 09:00:00,68.11,65.50723165720702
2018-11-30 09:15:00,51.48,74.22070562511682
2018-11-30 09:30:00,57.67,79.23258582770825
2018-11-30 09:45:00,59.26,82.0919764184952
2018-11-30 10:00:00,63.21999999999999,80.78939638614655
2018-11-30 10:15:00,49.21,78.30802381873131
2018-11-30 10:30:00,60.34,73.32513694375753
2018-11-30 10:45:00,73.26,68.34486377954482
2018-11-30 11:00:00,60.34,65.99260044008493
2018-11-30 11:15:00,69.62,61.8099716219306
2018-11-30 11:30:00,54.18,59.4797541692853
2018-11-30 11:45:00,49.32,56.8301655125618
2018-11-30 12:00:00,61.06,54.50739848285913
2018-11-30 12:15:00,5.65,53.08311473637819
2018-11-30 12:30:00,6.34,51.06335851848125
2018-11-30 12:45:00,6.48,45.89811816334724
2018-11-30 13:00:00,6.41,42.56306814134121
2018-11-30 13:15:00,41.76,39.865774772316215
2018-11-30 13:30:00,62.96000000000001,42.553174662292
2018-11-30 13:45:00,50.72,48.0699770784378
2018-11-30 14:00:00,48.24,51.54263313382864
2018-11-30 14:15:00,50.29,54.97302072584629
2018-11-30 14:30:00,51.77,57.57103125870228
2018-11-30 14:45:00,52.96,58.49919497907162
2018-11-30 15:00:00,44.71000000000001,58.81017266869545
2018-11-30 15:15:00,51.19,59.38221156150102
2018-11-30 15:30:00,42.77,58.752545286417
2018-11-30 15:45:00,41.72,58.7657350948453
2018-11-30 16:00:00,45.72,56.92406149983406
2018-11-30 16:15:00,67.68,55.93666714161635
2018-11-30 16:30:00,44.75,56.662614078223704
2018-11-30 16:45:00,48.28,56.658114184439185
2018-11-30 17:00:00,66.13,55.367093759477136
2018-11-30 17:15:00,44.419999999999995,55.05830763489008
2018-11-30 17:30:00,49.43,54.33958657562733
2018-11-30 17:45:00,28.8,52.047883183956145
2018-11-30 18:00:00,28.66,47.88170906722546
2018-11-30 18:15:00,42.84,43.5422126942873
2018-11-30 18:30:00,50.54,40.98773257106542
2018-11-30 18:45:00,45.61,40.2035340154171
2018-11-30 19:00:00,63.11,38.092273220866915
2018-11-30 19:15:00,44.96,36.41180540159345
2018-11-30 19:30:00,66.46,35.683406427055594
2018-11-30 19:45:00,45.61,34.521697321087125
2018-11-30 20:00:00,38.09,33.10791781768203
2018-11-30 20:15:00,54.79,30.248071399331092
2018-11-30 20:30:00,52.63,26.92848358720541
2018-11-30 20:45:00,37.91,25.759384685605763
2018-11-30 21:00:00,9.139999999999999,23.02282502785325
2018-11-30 21:15:00,5.69,19.04752701945603
2018-11-30 21:30:00,5.58,14.688057315573095
2018-11-30 21:45:00,5.47,10.948629862442612
2018-11-30 22:00:00,5.44,7.605032512247562
2018-11-30 22:15:00,5.22,5.204099195096641
2018-11-30 22:30:00,5.18,3.117263628654182
2018-11-30 22:45:00,5.11,1.7032225296273829
2018-11-30 23:00:00,3.92,0.865105242934078
2018-11-30 23:15:00,3.92,0.25449895957484847
2018-11-30 23:30:00,3.89,-0.4492959924228489
2018-11-30 23:45:00,3.8200000000000003,-0.9644619761593639
2018-12-01 00:00:00,3.35,-1.757819185387343
2018-12-01 00:15:00,3.89,-1.8350336801819502
2018-12-01 00:30:00,3.85,-1.2008534772135318
2018-12-01 00:45:00,3.89,-0.2899107201211154
2018-12-01 01:00:00,3.89,1.8984562259726228
2018-12-01 01:15:00,4.03,2.3218487397022547
2018-12-01 01:30:00,3.89,3.1425831096060572
2018-12-01 01:45:00,3.92,2.9337464409321545
2018-12-01 02:00:00,3.92,3.132479399740696
2018-12-01 02:15:00,3.9599999999999995,2.753451482541859
2018-12-01 02:30:00,4.03,2.2430304279737174
2018-12-01 02:45:00,4.14,1.883186844624579
2018-12-01 03:00:00,5.080000000000001,2.1703868395090105
2018-12-01 03:15:00,4.72,2.1510576737485825
2018-12-01 03:30:00,3.9599999999999995,2.2124930686876176
2018-12-01 03:45:00,3.92,2.2720565953850747
2018-12-01 04:00:00,3.35,2.1844630416855217
2018-12-01 04:15:00,3.28,2.3181089327670636
2018-12-01 04:30:00,3.35,2.008262952957302
2018-12-01 04:45:00,3.24,2.161857755649835
2018-12-01 05:00:00,3.31,1.1490032947994768
2018-12-01 05:15:00,3.31,1.3720750316604973
2018-12-01 05:30:00,3.28,1.7022673687897623
2018-12-01 05:45:00,3.28,2.375546854697168
2018-12-01 06:00:00,3.2,3.192317714113742
2018-12-01 06:15:00,3.4599999999999995,4.642902486491948
2018-12-01 06:30:00,4.03,6.1986492601595815
2018-12-01 06:45:00,3.89,7.96440988279879
2018-12-01 07:00:00,3.89,9.578395364135503
2018-12-01 07:15:00,4.46,11.809820612743497
2018-12-01 07:30:00,3.67,14.21744230121374
2018-12-01 07:45:00,3.4599999999999995,16.440909653827546
2018-12-01 08:00:00,3.4599999999999995,17.779850354865193
2018-12-01 08:15:00,3.71,19.024065372645854
2018-12-01 08:30:00,4.72,19.71429159551859
2018-12-01 08:45:00,4.46,20.519826473891733
2018-12-01 09:00:00,5.22,20.31015477627516
2018-12-01 09:15:00,28.58,20.957067276015877
2018-12-01 09:30:00,30.560000000000002,22.04299336537719
2018-12-01 09:45:00,28.08,24.3389676143229
2018-12-01 10:00:00,28.58,27.209351957589387
2018-12-01 10:15:00,28.73,27.73518161177635
2018-12-01 10:30:00,29.56,27.78771629989147
2018-12-01 10:45:00,30.06,27.2643723654747
2018-12-01 11:00:00,29.2,26.73415059939027
2018-12-01 11:15:00,27.94,25.858510339856146
2018-12-01 11:30:00,27.94,24.90761586859822
2018-12-01 11:45:00,25.63,23.467088493555785
2018-12-01 12:00:00,3.64,21.78465365484357
2018-12-01 12:15:00,3.85,19.626410062089562
2018-12-01 12:30:00,3.71,17.12067092910409
2018-12-01 12:45:00,3.74,14.092852053418754
2018-12-01 13:00:00,3.71,11.752713053524493
2018-12-01 13:15:00,11.3,9.046416528746485
2018-12-01 13:30:00,27.29,8.115145658664405
2018-12-01 13:45:00,26.86,8.252736535221338
2018-12-01 14:00:00,25.31,8.65982310898602
2018-12-01 14:15:00,26.209999999999997,9.060282219424844
2018-12-01 14:30:00,26.279999999999998,9.579613524004817
2018-12-01 14:45:00,18.68,9.569046969525516
2018-12-01 15:00:00,5.18,9.436900200992822
2018-12-01 15:15:00,5.080000000000001,9.445736070275306
2018-12-01 15:30:00,4.75,9.306144492439925
2018-12-01 15:45:00,4.75,9.012735250405967
2018-12-01 16:00:00,4.72,8.815650456286967
2018-12-01 16:15:00,4.64,8.517623995393514
2018-12-01 16:30:00,4.72,8.345626558214425
2018-12-01 16:45:00,4.68,8.062416177242994
2018-12-01 17:00:00,4.64,7.917155384421348
2018-12-01 17:15:00,4.79,7.668958398550749
2018-12-01 17:30:00,4.75,7.562292503118514
2018-12-01 17:45:00,4.72,7.342146876081824
2018-12-01 18:00:00,4.68,7.263113561943173
2018-12-01 18:15:00,5.76,7.061657707076519
2018-12-01 18:30:00,5.4,7.006836583409458
2018-12-01 18:45:00,4.79,6.828265012484043
2018-12-01 19:00:00,4.79,6.792765195481478
2018-12-01 19:15:00,4.79,6.631907465420663
2018-12-01 19:30:00,4.79,6.58602999292314
2018-12-01 19:45:00,4.9,6.367604946531355
2018-12-01 20:00:00,4.75,6.085467332154512
2018-12-01 20:15:00,4.79,5.9175139611959455
2018-12-01 20:30:00,4.75,5.758189596887678
2018-12-01 20:45:00,4.82,5.703519760817289
2018-12-01 21:00:00,4.82,5.707821493111551
2018-12-01 21:15:00,4.75,5.618723203223198
2018-12-01 21:30:00,4.79,5.567501826174556
2018-12-01 21:45:00,4.79,5.447504377905279
2018-12-01 22:00:00,4.9,5.378275285940616
2018-12-01 22:15:00,5.76,5.328037699293345
2018-12-01 22:30:00,4.61,5.220803422816097
2018-12-01 22:45:00,3.42,5.302405538596212
2018-12-01 23:00:00,3.42,5.162732001617551
2018-12-01 23:15:00,3.28,5.293706361446529
2018-12-01 23:30:00,3.38,5.182216945886611
2018-12-01 23:45:00,3.31,5.353141897153109
2018-12-02 00:00:00,4.36,5.027273185513913
2018-12-02 00:15:00,3.35,4.957477957960218
2018-12-02 00:30:00,3.35,4.751326433615758
2018-12-02 00:45:00,3.38,4.856000188570469
2018-12-02 01:00:00,3.89,4.987656044289469
2018-12-02 01:15:00,4.46,5.13717253755778
2018-12-02 01:30:00,4.43,4.94859240796417
2018-12-02 01:45:00,4.14,4.930632689669728
2018-12-02 02:00:00,3.4599999999999995,4.993527630995959
2018-12-02 02:15:00,3.38,5.185909598246217
2018-12-02 02:30:00,3.38,5.174823501389473
2018-12-02 02:45:00,3.38,5.214342965278774
2018-12-02 03:00:00,4.32,5.1566386761330065
2018-12-02 03:15:00,4.64,5.241297418866306
2018-12-02 03:30:00,3.8200000000000003,5.242111677341163
2018-12-02 03:45:00,3.4599999999999995,5.39951196655631
2018-12-02 04:00:00,3.42,5.455272252187132
2018-12-02 04:15:00,3.4599999999999995,5.635004443172365
2018-12-02 04:30:00,4.32,5.7525063478015355
2018-12-02 04:45:00,4.5,5.9900194541178635
2018-12-02 05:00:00,4.54,6.454584087338298
2018-12-02 05:15:00,4.39,6.809313644692302
2018-12-02 05:30:00,3.35,7.062668162267655
2018-12-02 05:45:00,3.4599999999999995,7.431756849251687
2018-12-02 06:00:00,3.35,7.986777992546558
2018-12-02 06:15:00,3.42,8.808105724193155
2018-12-02 06:30:00,3.42,9.610671548396349
2018-12-02 06:45:00,3.38,10.471597334891557
2018-12-02 07:00:00,3.4599999999999995,11.328680023476482
2018-12-02 07:15:00,3.38,12.304107224047183
2018-12-02 07:30:00,3.4599999999999995,12.827873304188252
2018-12-02 07:45:00,3.4599999999999995,13.806985298022628
2018-12-02 08:00:00,3.49,14.858654710948468
2018-12-02 08:15:00,4.57,15.948667530193925
2018-12-02 08:30:00,4.54,17.366080181375146
2018-12-02 08:45:00,5.54,18.55150467067957
2018-12-02 09:00:00,4.75,19.513987940251827
2018-12-02 09:15:00,3.74,19.04075472421944
2018-12-02 09:30:00,3.71,17.80112155936658
2018-12-02 09:45:00,3.6,16.062708625793455
2018-12-02 10:00:00,3.56,14.466691283211112
2018-12-02 10:15:00,3.6,12.181141563653945
2018-12-02 10:30:00,3.64,10.039096128977835
2018-12-02 10:45:00,3.64,7.69415746692568
2018-12-02 11:00:00,3.64,5.37321150202304
2018-12-02 11:15:00,3.64,2.9234232377447187
2018-12-02 11:30:00,3.56,0.522768637817353
2018-12-02 11:45:00,3.64,-1.8494017916359007
2018-12-02 12:00:00,4.03,-3.782949060127139
2018-12-02 12:15:00,4.86,-5.005129418373109
2018-12-02 12:30:00,4.75,-5.905568493753672
2018-12-02 12:45:00,5.359999999999999,-6.596887130960822
2018-12-02 13:00:00,4.9,-6.973982271924616
2018-12-02 13:15:00,3.78,-7.115055289343
2018-12-02 13:30:00,3.64,-6.804308881685138
2018-12-02 13:45:00,3.6,-5.938667637631298
2018-12-02 14:00:00,3.6,-4.752586352452636
2018-12-02 14:15:00,3.6,-3.073149197474122
2018-12-02 14:30:00,3.56,-1.0276580892689526
2018-12-02 14:45:00,3.56,1.7096493053250015
2018-12-02 15:00:00,3.64,4.57642463946715
2018-12-02 15:15:00,3.6,6.978696248382329
2018-12-02 15:30:00,3.56,7.202830927968025
2018-12-02 15:45:00,3.85,6.895313205327838
2018-12-02 16:00:00,4.68,6.530466746054589
2018-12-02 16:15:00,4.72,5.958524688538163
2018-12-02 16:30:00,4.72,5.595759205594659
2018-12-02 16:45:00,3.89,5.517735785283148
2018-12-02 17:00:00,3.5299999999999994,5.681267011370509
2018-12-02 17:15:00,3.6,5.839653055761009
2018-12-02 17:30:00,3.6,6.017164490781724
2018-12-02 17:45:00,3.74,6.104000483769923
2018-12-02 18:00:00,4.72,6.1959684664011
2018-12-02 18:15:00,3.89,6.226421901769935
2018-12-02 18:30:00,3.5299999999999994,6.182913946695625
2018-12-02 18:45:00,3.5299999999999994,5.96417088760063
2018-12-02 19:00:00,3.56,6.294275932628661
2018-12-02 19:15:00,3.67,8.671498357355594
2018-12-02 19:30:00,3.56,11.196203734278678
2018-12-02 19:45:00,4.39,13.91737079128623
2018-12-02 20:00:00,4.72,14.943027719408274
2018-12-02 20:15:00,4.68,15.517446795552969
2018-12-02 20:30:00,4.75,15.809063040986656
2018-12-02 20:45:00,3.71,15.779046908169985
2018-12-02 21:00:00,3.5299999999999994,15.35926115810871
2018-12-02 21:15:00,3.6,14.555831394717098
2018-12-02 21:30:00,3.6,13.402077939286828
2018-12-02 21:45:00,3.6,11.825499509125947
2018-12-02 22:00:00,3.56,9.890727063715458
2018-12-02 22:15:00,4.07,7.521733393110335
2018-12-02 22:30:00,4.32,4.849097937569022
2018-12-02 22:45:00,3.35,1.929549335613847
2018-12-02 23:00:00,3.31,-1.224504303690046
2018-12-02 23:15:00,3.31,-4.5475885714590545
2018-12-02 23:30:00,3.28,-7.323840031847358
2018-12-02 23:45:00,3.35,-6.977457115054131
2018-12-03 00:00:00,4.57,-4.403404474779964
2018-12-03 00:15:00,4.43,-3.180764920786023
2018-12-03 00:30:00,4.36,-1.4438730029575526
2018-12-03 00:45:00,4.21,-1.0963510786183177
2018-12-03 01:00:00,3.35,-1.0456992053426801
2018-12-03 01:15:00,3.38,0.20848226880654697
2018-12-03 01:30:00,3.35,1.3185329758562148
2018-12-03 01:45:00,3.42,2.2273509702272714
2018-12-03 02:00:00,3.49,2.913239533510059
2018-12-03 02:15:00,3.42,3.502395537253469
2018-12-03 02:30:00,3.38,3.634207592504099
2018-12-03 02:45:00,4.36,3.796747309435159
2018-12-03 03:00:00,4.14,2.506335683725774
2018-12-03 03:15:00,3.42,3.0996965844742954
2018-12-03 03:30:00,3.38,3.610963193560019
2018-12-03 03:45:00,3.35,3.222644842583686
2018-12-03 04:00:00,3.35,2.0175072145462036
2018-12-03 04:15:00,4.1,0.5383240341208876
2018-12-03 04:30:00,4.43,-0.954321496952325
2018-12-03 04:45:00,4.5,-2.492703317478299
2018-12-03 05:00:00,3.78,-3.889691301062703
2018-12-03 05:15:00,3.31,-5.246065722331405
2018-12-03 05:30:00,3.38,-3.755591547191143
2018-12-03 05:45:00,3.31,-3.5500009658187626
2018-12-03 06:00:00,3.31,-2.7784173818677664
2018-12-03 06:15:00,3.35,-1.8716132808290422
2018-12-03 06:30:00,3.31,1.6315015428885817
2018-12-03 06:45:00,3.24,6.835156036205589
2018-12-03 07:00:00,3.24,13.413713892176746
2018-12-03 07:15:00,4.21,19.980172669962048
2018-12-03 07:30:00,5.76,26.274741533100606
2018-12-03 07:45:00,5.98,32.22694010928273
2018-12-03 08:00:00,5.58,37.911134532392026
2018-12-03 08:15:00,34.99,43.956045740544795
2018-12-03 08:30:00,56.84,51.01581323355436
2018-12-03 08:45:00,61.06,62.02209984838962
2018-12-03 09:00:00,57.88999999999999,69.58982092052698
2018-12-03 09:15:00,70.49,79.47522081911565
2018-12-03 09:30:00,50.11,85.98216603159905
2018-12-03 09:45:00,66.38,87.2800485700369
2018-12-03 10:00:00,56.88,83.49138949453831
2018-12-03 10:15:00,47.089999999999996,81.43403985261918
2018-12-03 10:30:00,55.8,74.9898057347536
2018-12-03 10:45:00,66.89,68.87288724422454
2018-12-03 11:00:00,62.89,63.522486588954926
2018-12-03 11:15:00,63.790000000000006,59.192304367423056
2018-12-03 11:30:00,58.1,55.28847136378288
2018-12-03 11:45:00,54.5,52.806434141397474
2018-12-03 12:00:00,35.35,50.046593596041205
2018-12-03 12:15:00,6.34,48.049520974457266
2018-12-03 12:30:00,5.76,43.865639191865924
2018-12-03 12:45:00,6.3,40.26346523553133
2018-12-03 13:00:00,6.19,37.67973131179809
2018-12-03 13:15:00,35.35,37.64052789583802
2018-12-03 13:30:00,51.95,40.22563828408718
2018-12-03 13:45:00,48.46,45.68293611675501
2018-12-03 14:00:00,65.02,50.64370974123478
2018-12-03 14:15:00,69.91,57.45977789670229
2018-12-03 14:30:00,55.12,64.46997021257877
2018-12-03 14:45:00,56.84,69.07568335562944
2018-12-03 15:00:00,54.22,70.10657219618558
2018-12-03 15:15:00,49.97,70.70647270679474
2018-12-03 15:30:00,48.17,70.83164789587259
2018-12-03 15:45:00,49.86,69.75465984404087
2018-12-03 16:00:00,58.75,67.58130096435546
2018-12-03 16:15:00,65.7,66.62926355600356
2018-12-03 16:30:00,51.88,66.63195810317993
2018-12-03 16:45:00,57.199999999999996,65.8095867958665
2018-12-03 17:00:00,76.03,64.67647132635116
2018-12-03 17:15:00,72.18,64.83575050085783
2018-12-03 17:30:00,61.42,63.38881459444761
2018-12-03 17:45:00,36.61,61.252047665417194
2018-12-03 18:00:00,29.56,58.209279666543004
2018-12-03 18:15:00,34.13,52.607877450883386
2018-12-03 18:30:00,42.26,47.469838549494746
2018-12-03 18:45:00,56.81,43.94423464208841
2018-12-03 19:00:00,43.019999999999996,44.20837661087513
2018-12-03 19:15:00,47.74,43.677016398608686
2018-12-03 19:30:00,39.17,43.36991885691881
2018-12-03 19:45:00,43.67,41.77171556293964
2018-12-03 20:00:00,50.43999999999999,38.25676409870386
2018-12-03 20:15:00,46.22,34.95494682520628
2018-12-03 20:30:00,45.36,30.98056608557701
2018-12-03 20:45:00,50.11,27.78883902788162
2018-12-03 21:00:00,25.45,25.56429947003722
2018-12-03 21:15:00,8.6,24.374378455132245
2018-12-03 21:30:00,6.19,20.93044627264142
2018-12-03 21:45:00,5.62,18.0534086433053
2018-12-03 22:00:00,4.93,14.02804819382727
2018-12-03 22:15:00,4.72,10.63376753397286
2018-12-03 22:30:00,4.75,6.491769680418074
2018-12-03 22:45:00,4.68,2.940837590917945
2018-12-03 23:00:00,4.68,-1.0787461423687636
2018-12-03 23:15:00,4.61,-4.805887863785029
2018-12-03 23:30:00,4.57,-8.333915740922095
2018-12-03 23:45:00,4.61,-7.956196363195778
2018-12-04 00:00:00,3.89,-5.549040606841445
2018-12-04 00:15:00,4.61,-4.5459415294975045
2018-12-04 00:30:00,4.57,-3.1105090940743683
2018-12-04 00:45:00,4.61,-2.521970590725541
2018-12-04 01:00:00,4.64,-1.4237750492058694
2018-12-04 01:15:00,5.04,0.7672752167843283
2018-12-04 01:30:00,5.8,2.1322502958215774
2018-12-04 01:45:00,4.68,3.220106915961951
2018-12-04 02:00:00,3.6,4.021611341191456
2018-12-04 02:15:00,3.56,4.7647795217577364
2018-12-04 02:30:00,3.64,4.926177424322813
2018-12-04 02:45:00,3.67,5.203162278588861
2018-12-04 03:00:00,3.64,4.429169881734997
2018-12-04 03:15:00,3.64,4.626443013474345
2018-12-04 03:30:00,3.71,4.012536471188069
2018-12-04 03:45:00,3.67,3.3523993584513665
2018-12-04 04:00:00,3.71,1.8252799030765892
2018-12-04 04:15:00,3.67,0.6641369326971471
2018-12-04 04:30:00,3.6,-1.2033150583319365
2018-12-04 04:45:00,4.36,-2.5834567891061306
2018-12-04 05:00:00,4.64,-4.435446008890867
2018-12-04 05:15:00,4.72,-5.693307785391808
2018-12-04 05:30:00,5.44,-6.8800323937088255
2018-12-04 05:45:00,4.43,-6.371465805098415
2018-12-04 06:00:00,3.64,-5.295778995007277
2018-12-04 06:15:00,3.56,-4.281182060316205
2018-12-04 06:30:00,3.67,-2.02487575603649
2018-12-04 06:45:00,3.64,2.1916667451523244
2018-12-04 07:00:00,3.56,8.574711345508694
2018-12-04 07:15:00,3.56,14.358708427846432
2018-12-04 07:30:00,3.8200000000000003,21.42565464362502
2018-12-04 07:45:00,4.54,26.85842311516404
2018-12-04 08:00:00,5.940000000000001,33.2856389221549
2018-12-04 08:15:00,28.4,38.65835267350077
2018-12-04 08:30:00,55.04,45.7627396222949
2018-12-04 08:45:00,61.129999999999995,57.390797488987445
2018-12-04 09:00:00,82.33,67.00254815816879
2018-12-04 09:15:00,82.37,79.40649190247059
2018-12-04 09:30:00,64.08,88.54019846618176
2018-12-04 09:45:00,59.36,90.50136175572872
2018-12-04 10:00:00,52.16,87.01154592573644
2018-12-04 10:15:00,56.95,81.72087439954282
2018-12-04 10:30:00,53.42,73.87359405785799
2018-12-04 10:45:00,58.86,67.76165598869324
2018-12-04 11:00:00,59.98,61.330050315260884
2018-12-04 11:15:00,61.24,57.83828542947769
2018-12-04 11:30:00,84.1,54.49163538187742
2018-12-04 11:45:00,63.86,54.88309021383524
2018-12-04 12:00:00,49.86,52.37029922634363
2018-12-04 12:15:00,6.91,51.58660365283489
2018-12-04 12:30:00,7.38,47.21971720784902
2018-12-04 12:45:00,6.62,42.92067496985197
2018-12-04 13:00:00,6.55,39.709336099624636
2018-12-04 13:15:00,32.51,40.19246840834617
2018-12-04 13:30:00,57.28,42.95404244571924
2018-12-04 13:45:00,55.510000000000005,49.37045985490084
2018-12-04 14:00:00,56.12,55.11837358236313
2018-12-04 14:15:00,58.82,60.74099984794855
2018-12-04 14:30:00,52.88,65.42792215198278
2018-12-04 14:45:00,53.46,68.27969166517258
2018-12-04 15:00:00,62.96000000000001,68.59138340979814
2018-12-04 15:15:00,64.62,70.74550322264433
2018-12-04 15:30:00,60.01,71.35483464837074
2018-12-04 15:45:00,55.66,72.08548356980086
2018-12-04 16:00:00,53.81999999999999,70.8707098481059
2018-12-04 16:15:00,71.86,69.47874719500541
2018-12-04 16:30:00,60.73,69.09171142041683
2018-12-04 16:45:00,68.22,68.2089598017931
2018-12-04 17:00:00,80.46,67.11588979423045
2018-12-04 17:15:00,61.52,67.08585457503796
2018-12-04 17:30:00,71.1,65.04331146985292
2018-12-04 17:45:00,35.21,62.86568173289299
2018-12-04 18:00:00,30.31,58.97011649817228
2018-12-04 18:15:00,43.56,54.025864938795564
2018-12-04 18:30:00,40.97,49.26500875115394
2018-12-04 18:45:00,38.56,46.38327587336302
2018-12-04 19:00:00,41.65,45.364638240635394
2018-12-04 19:15:00,49.07,44.35107084751129
2018-12-04 19:30:00,40.46,44.37263171583414
2018-12-04 19:45:00,48.64000000000001,43.1695747834444
2018-12-04 20:00:00,49.74999999999999,39.674863859415055
2018-12-04 20:15:00,48.89,36.84074587568641
2018-12-04 20:30:00,37.84000000000001,33.165221854299304
2018-12-04 20:45:00,30.67,31.242734298557043
2018-12-04 21:00:00,5.080000000000001,28.733003867566584
2018-12-04 21:15:00,5.69,25.894226562678814
2018-12-04 21:30:00,5.44,22.379995889812708
2018-12-04 21:45:00,5.4,19.234224334210158
2018-12-04 22:00:00,5.44,15.226069691181182
2018-12-04 22:15:00,5.26,11.843369970545172
2018-12-04 22:30:00,4.64,7.586015184186398
2018-12-04 22:45:00,3.92,4.119623389616609
2018-12-04 23:00:00,3.9599999999999995,-0.09328175356611604
2018-12-04 23:15:00,3.92,-3.5954613448679447
2018-12-04 23:30:00,3.85,-6.5422439596802
2018-12-04 23:45:00,3.89,-6.536690947040916
2018-12-05 00:00:00,3.9599999999999995,-4.244052322953939
2018-12-05 00:15:00,3.89,-2.8967248438298703
2018-12-05 00:30:00,3.92,-1.6957749911956488
2018-12-05 00:45:00,3.89,-1.0781331328861414
2018-12-05 01:00:00,3.9599999999999995,-0.0029167458228766415
2018-12-05 01:15:00,3.78,2.2946110779792073
2018-12-05 01:30:00,3.85,3.838688778281212
2018-12-05 01:45:00,3.8200000000000003,4.922782575562596
2018-12-05 02:00:00,3.8200000000000003,5.945256569832563
2018-12-05 02:15:00,3.85,7.2309232663735745
2018-12-05 02:30:00,4.64,7.662692453637718
2018-12-05 02:45:00,4.86,7.654403352886438
2018-12-05 03:00:00,3.8200000000000003,6.208734164331108
2018-12-05 03:15:00,3.49,5.569404569435864
2018-12-05 03:30:00,3.13,4.830383746065199
2018-12-05 03:45:00,3.2,4.08485924012959
2018-12-05 04:00:00,3.13,2.548534818645567
2018-12-05 04:15:00,3.1,1.332213416416198
2018-12-05 04:30:00,3.17,-0.6058677083812654
2018-12-05 04:45:00,3.06,-2.032659067828208
2018-12-05 05:00:00,3.17,-4.034916166588664
2018-12-05 05:15:00,3.06,-5.392606425061822
2018-12-05 05:30:00,3.1,-7.503353010192514
2018-12-05 05:45:00,3.02,-9.067594905197621
2018-12-05 06:00:00,3.1,-8.267360425665975
2018-12-05 06:15:00,3.02,-7.10393803678453
2018-12-05 06:30:00,4.61,-5.322728957682848
2018-12-05 06:45:00,4.9,-2.2914610616117717
2018-12-05 07:00:00,3.85,4.521621339106932
2018-12-05 07:15:00,3.49,10.665402640551328
2018-12-05 07:30:00,3.2,17.32857545286417
2018-12-05 07:45:00,4.32,22.250480234324932
2018-12-05 08:00:00,4.72,27.37841233834624
2018-12-05 08:15:00,27.65,31.343249890059234
2018-12-05 08:30:00,61.56000000000001,37.23746405646205
2018-12-05 08:45:00,57.71,48.940859216749665
2018-12-05 09:00:00,57.82,61.257450232505796
2018-12-05 09:15:00,68.08,71.89468268424272
2018-12-05 09:30:00,64.08,77.87208201289178
2018-12-05 09:45:00,64.76,80.75373854517937
2018-12-05 10:00:00,62.68,76.91374834597111
2018-12-05 10:15:00,49.28,73.53273384004831
2018-12-05 10:30:00,56.52,66.41630451083184
2018-12-05 10:45:00,59.04,61.00653849035501
2018-12-05 11:00:00,66.85,56.95613110214472
2018-12-05 11:15:00,68.83,54.18595247745514
2018-12-05 11:30:00,60.3,51.94104438841343
2018-12-05 11:45:00,53.21,49.662220932245255
2018-12-05 12:00:00,40.97,46.88441224813461
2018-12-05 12:15:00,10.69,44.42805855125189
2018-12-05 12:30:00,9.43,41.34512383580208
2018-12-05 12:45:00,10.33,37.35657202348113
2018-12-05 13:00:00,26.68,36.176151532828804
2018-12-05 13:15:00,43.34,37.598019168674945
2018-12-05 13:30:00,46.50999999999999,41.572790617644785
2018-12-05 13:45:00,50.43999999999999,46.37239439368248
2018-12-05 14:00:00,63.4,52.026564824879166
2018-12-05 14:15:00,54.36,58.17491520822048
2018-12-05 14:30:00,61.52,62.77805954962969
2018-12-05 14:45:00,58.93,64.41901632547379
2018-12-05 15:00:00,85.46000000000001,65.69675263285637
2018-12-05 15:15:00,109.3,68.17078705012798
2018-12-05 15:30:00,87.16000000000001,72.37815630227327
2018-12-05 15:45:00,96.01,74.67984748214484
2018-12-05 16:00:00,105.91,75.92660098791123
2018-12-05 16:15:00,68.18,77.01276397287846
2018-12-05 16:30:00,64.91,76.90740717828274
2018-12-05 16:45:00,56.05,74.27959944456816
2018-12-05 17:00:00,62.96000000000001,70.90675839841366
2018-12-05 17:15:00,47.12,65.53366067409516
2018-12-05 17:30:00,44.57000000000001,61.91862923681736
2018-12-05 17:45:00,44.24,56.66526371628046
2018-12-05 18:00:00,27.32,52.74948937773704
2018-12-05 18:15:00,5.870000000000001,46.6125414198637
2018-12-05 18:30:00,5.359999999999999,40.88641759723425
2018-12-05 18:45:00,5.47,37.50884537532926
2018-12-05 19:00:00,5.58,35.678668514937165
2018-12-05 19:15:00,5.58,32.95465646520257
2018-12-05 19:30:00,5.47,31.43457932114601
2018-12-05 19:45:00,5.44,27.326472696065903
2018-12-05 20:00:00,5.44,23.516268470436334
2018-12-05 20:15:00,5.44,21.47520512074232
2018-12-05 20:30:00,5.51,20.471726561337707
2018-12-05 20:45:00,5.44,18.65905527576804
2018-12-05 21:00:00,4.82,17.07164139777422
2018-12-05 21:15:00,4.28,14.685121381878853
2018-12-05 21:30:00,4.25,12.455410538911819
2018-12-05 21:45:00,4.28,9.559324706494808
2018-12-05 22:00:00,4.36,6.723553786482661
2018-12-05 22:15:00,4.03,3.324468973558396
2018-12-05 22:30:00,4.0,0.027894839774817277
2018-12-05 22:45:00,4.03,-3.4873662167042494
2018-12-05 23:00:00,4.0,-6.653679203614593
2018-12-05 23:15:00,4.0,-9.497738943696023
2018-12-05 23:30:00,3.92,-11.38436207652092
2018-12-05 23:45:00,4.0,-9.300281403884291
2018-12-06 00:00:00,4.0,-6.264311522990465
2018-12-06 00:15:00,3.9599999999999995,-4.198257370963693
2018-12-06 00:30:00,4.79,-2.5254633975028993
2018-12-06 00:45:00,5.18,-1.4627943377755581
2018-12-06 01:00:00,4.03,0.8375523753277958
2018-12-06 01:15:00,3.92,3.4756656292639674
2018-12-06 01:30:00,4.0,5.025710348151624
2018-12-06 01:45:00,3.92,6.276110755112022
2018-12-06 02:00:00,4.07,7.394875234775244
2018-12-06 02:15:00,3.4599999999999995,8.614961143955588
2018-12-06 02:30:00,3.28,9.243257129527628
2018-12-06 02:45:00,3.38,8.976786061525344
2018-12-06 03:00:00,3.31,7.382104765251278
2018-12-06 03:15:00,3.35,6.996758415605872
2018-12-06 03:30:00,3.35,6.166250417865812
2018-12-06 03:45:00,3.38,5.012180633824318
2018-12-06 04:00:00,3.42,3.3643171160668137
2018-12-06 04:15:00,3.31,1.681770004555583
2018-12-06 04:30:00,4.61,-0.4721822411380708
2018-12-06 04:45:00,5.04,-2.3147071446478367
2018-12-06 05:00:00,4.07,-4.391457526236772
2018-12-06 05:15:00,3.71,-5.957072517573834
2018-12-06 05:30:00,3.31,-8.53595962457359
2018-12-06 05:45:00,3.31,-8.86140815526247
2018-12-06 06:00:00,3.38,-7.945977293029428
2018-12-06 06:15:00,3.31,-6.604444213062525
2018-12-06 06:30:00,3.28,-3.9685348741710187
2018-12-06 06:45:00,3.31,1.9429297271184625
2018-12-06 07:00:00,3.24,9.482542461976408
2018-12-06 07:15:00,3.28,16.244366014599798
2018-12-06 07:30:00,3.4599999999999995,22.813907803446053
2018-12-06 07:45:00,4.21,27.596093577444552
2018-12-06 08:00:00,6.44,32.678746061623094
2018-12-06 08:15:00,32.29,36.53942589223385
2018-12-06 08:30:00,64.98,42.60942333459854
2018-12-06 08:45:00,60.84,53.72688696593046
2018-12-06 09:00:00,59.87,66.41157558053732
2018-12-06 09:15:00,67.0,74.84941084504128
2018-12-06 09:30:00,71.17,80.36544531524183
2018-12-06 09:45:00,76.86,84.14614649474622
2018-12-06 10:00:00,66.67,82.00913705646992
2018-12-06 10:15:00,63.18,78.203304733634
2018-12-06 10:30:00,68.87,71.31745678812266
2018-12-06 10:45:00,71.06,66.19422891438008
2018-12-06 11:00:00,62.78,61.65729857891798
2018-12-06 11:15:00,60.88,57.7167164427042
2018-12-06 11:30:00,74.45,54.320082544982434
2018-12-06 11:45:00,67.82,53.19862099200487
2018-12-06 12:00:00,69.26,51.45462473213673
2018-12-06 12:15:00,9.94,51.19804545909166
2018-12-06 12:30:00,6.88,48.49246860295534
2018-12-06 12:45:00,7.02,43.406798225939276
2018-12-06 13:00:00,6.95,40.49037754416466
2018-12-06 13:15:00,35.78,40.65185277462005
2018-12-06 13:30:00,61.78,43.35805835843086
2018-12-06 13:45:00,60.8,49.87720088779926
2018-12-06 14:00:00,71.78,54.606926073729994
2018-12-06 14:15:00,72.11,61.60866200238466
2018-12-06 14:30:00,68.22,66.9005954748392
2018-12-06 14:45:00,73.44,71.11450349479914
2018-12-06 15:00:00,56.88,72.10590823739767
2018-12-06 15:15:00,50.29,73.9524948900938
2018-12-06 15:30:00,48.78000000000001,72.31437187969685
2018-12-06 15:45:00,48.96,71.41366559505462
2018-12-06 16:00:00,49.97,68.90066802561283
2018-12-06 16:15:00,62.28,66.9267685097456
2018-12-06 16:30:00,47.95,64.96419956475496
2018-12-06 16:45:00,57.35,63.01891613990068
2018-12-06 17:00:00,47.77,59.80754134237766
2018-12-06 17:15:00,48.6,56.85721876621246
2018-12-06 17:30:00,57.46,52.84263538271189
2018-12-06 17:45:00,31.86,50.546445569992066
2018-12-06 18:00:00,31.609999999999996,46.48699797600508
2018-12-06 18:15:00,36.61,42.42811623692513
2018-12-06 18:30:00,40.06999999999999,38.08687963560224
2018-12-06 18:45:00,37.87,36.15800375759601
2018-12-06 19:00:00,47.23,35.99646789982915
2018-12-06 19:15:00,53.03,36.454722801744936
2018-12-06 19:30:00,38.63,37.49722289517522
2018-12-06 19:45:00,37.51,37.87018864259124
2018-12-06 20:00:00,38.3,35.74319842889905
2018-12-06 20:15:00,54.36,32.710689918398856
2018-12-06 20:30:00,38.84,30.71250130519271
2018-12-06 20:45:00,27.72,27.90054821744561
2018-12-06 21:00:00,8.859999999999998,25.696428836286067
2018-12-06 21:15:00,5.51,21.536193950623275
2018-12-06 21:30:00,5.58,17.939393370449544
2018-12-06 21:45:00,5.62,14.786474528461694
2018-12-06 22:00:00,5.54,11.614882474541664
2018-12-06 22:15:00,5.26,8.306584815084934
2018-12-06 22:30:00,5.22,4.864962084069847
2018-12-06 22:45:00,5.26,1.4638423266634346
2018-12-06 23:00:00,4.18,-2.1542151432298122
2018-12-06 23:15:00,3.9599999999999995,-5.596676832735539
2018-12-06 23:30:00,4.0,-8.852427454069257
2018-12-06 23:45:00,4.0,-9.072456317394971
2018-12-07 00:00:00,4.03,-6.683675127327443
2018-12-07 00:15:00,3.9599999999999995,-4.455566417202354
2018-12-07 00:30:00,4.03,-2.9278985092043874
2018-12-07 00:45:00,4.03,-2.2953131413459777
2018-12-07 01:00:00,4.0,-1.5021397788263857
2018-12-07 01:15:00,4.03,1.1738116538338363
2018-12-07 01:30:00,4.03,2.966405756119639
2018-12-07 01:45:00,4.03,4.2446620269026605
2018-12-07 02:00:00,4.1,5.3278137150593095
2018-12-07 02:15:00,4.0,6.211384925115853
2018-12-07 02:30:00,4.72,6.872610241957008
2018-12-07 02:45:00,4.79,7.488684771992266
2018-12-07 03:00:00,4.14,6.446058933027088
2018-12-07 03:15:00,4.07,5.147977952416986
2018-12-07 03:30:00,4.03,4.777444454850628
2018-12-07 03:45:00,4.0,4.029638705980033
2018-12-07 04:00:00,3.42,2.796409020218998
2018-12-07 04:15:00,3.49,1.3416549974493683
2018-12-07 04:30:00,3.4599999999999995,-0.477631401438266
2018-12-07 04:45:00,3.38,-2.24393289828673
2018-12-07 05:00:00,3.42,-4.180064686611295
2018-12-07 05:15:00,3.42,-5.853077592030168
2018-12-07 05:30:00,3.74,-7.409576032087207
2018-12-07 05:45:00,4.07,-8.172899706214666
2018-12-07 06:00:00,3.49,-7.412053892761469
2018-12-07 06:15:00,3.42,-6.033036293387413
2018-12-07 06:30:00,3.64,-3.978485612347722
2018-12-07 06:45:00,4.1,0.9081349158845843
2018-12-07 07:00:00,4.0,7.864320366568863
2018-12-07 07:15:00,4.0,14.331051146537066
2018-12-07 07:30:00,3.8200000000000003,21.632629548609255
2018-12-07 07:45:00,4.54,27.389673300087452
2018-12-07 08:00:00,4.79,32.89152547031641
2018-12-07 08:15:00,47.66,36.58662088602781
2018-12-07 08:30:00,60.19,43.79782642126084
2018-12-07 08:45:00,60.19,54.360761225521564
2018-12-07 09:00:00,53.32,65.072596706748
2018-12-07 09:15:00,58.86,71.45081441879272
2018-12-07 09:30:00,49.5,76.80667153209448
2018-12-07 09:45:00,48.42,80.47567025840283
2018-12-07 10:00:00,62.78,77.8132959753275
2018-12-07 10:15:00,48.02,76.18281649708749
2018-12-07 10:30:00,46.22,70.83749955415726
2018-12-07 10:45:00,57.46,66.78108332574368
2018-12-07 11:00:00,48.78000000000001,61.2468606621027
2018-12-07 11:15:00,47.02,57.595277692377564
2018-12-07 11:30:00,58.0,53.82978274077177
2018-12-07 11:45:00,51.48,52.0086191406846
2018-12-07 12:00:00,44.279999999999994,50.391760598421094
2018-12-07 12:15:00,26.6,49.10021473675966
2018-12-07 12:30:00,12.49,46.881071009635924
2018-12-07 12:45:00,9.79,44.45694858789444
2018-12-07 13:00:00,10.76,42.10315384745598
2018-12-07 13:15:00,44.06,39.59915382012725
2018-12-07 13:30:00,49.82,41.062721818983555
2018-12-07 13:45:00,54.36,44.778107174932956
2018-12-07 14:00:00,55.98,48.67416191905737
2018-12-07 14:15:00,56.47999999999999,52.22999864578247
2018-12-07 14:30:00,47.41,55.865117932260034
2018-12-07 14:45:00,47.95,58.11554535210133
2018-12-07 15:00:00,58.86,57.93364096313715
2018-12-07 15:15:00,50.08,58.97969112247229
2018-12-07 15:30:00,51.88,58.878290821313854
2018-12-07 15:45:00,53.81999999999999,59.13878167867661
2018-12-07 16:00:00,49.900000000000006,58.348084773421284
2018-12-07 16:15:00,57.1,57.81564225137234
2018-12-07 16:30:00,50.33,57.28597062200308
2018-12-07 16:45:00,68.54,56.7250108090043
2018-12-07 17:00:00,60.12,56.44112679123879
2018-12-07 17:15:00,72.11,56.49997121065855
2018-12-07 17:30:00,46.33,56.62508801788091
2018-12-07 17:45:00,34.16,55.54072139769792
2018-12-07 18:00:00,30.349999999999998,50.86379586368799
2018-12-07 18:15:00,42.48,46.66612249046564
2018-12-07 18:30:00,52.85000000000001,43.184718138575555
2018-12-07 18:45:00,58.97,42.159222883284095
2018-12-07 19:00:00,57.17,40.05035799026489
2018-12-07 19:15:00,44.39,38.525235306620594
2018-12-07 19:30:00,47.84,36.652920219302175
2018-12-07 19:45:00,54.07,34.0294664247334
2018-12-07 20:00:00,43.38,31.903836957365275
2018-12-07 20:15:00,57.64,29.55420304685831
2018-12-07 20:30:00,41.72,26.9221244558692
2018-12-07 20:45:00,31.9,24.828910391032696
2018-12-07 21:00:00,19.690000000000005,21.312683507800102
2018-12-07 21:15:00,5.62,17.82205482274294
2018-12-07 21:30:00,5.62,14.317605356127023
2018-12-07 21:45:00,5.1499999999999995,10.662958461716771
2018-12-07 22:00:00,4.28,7.274553037434816
2018-12-07 22:15:00,4.0,4.5948866381961855
2018-12-07 22:30:00,4.07,2.4929412581212818
2018-12-07 22:45:00,4.03,0.999673735741526
2018-12-07 23:00:00,4.0,0.1653476207889617
2018-12-07 23:15:00,3.9599999999999995,-0.46253576224669807
2018-12-07 23:30:00,4.03,-1.1749128470011054
2018-12-07 23:45:00,4.0,-1.293628981951624
2018-12-08 00:00:00,3.78,-2.036553249862045
2018-12-08 00:15:00,4.0,-2.0160348344780505
2018-12-08 00:30:00,3.9599999999999995,-0.6396674345247447
2018-12-08 00:45:00,4.0,0.39687883237376814
2018-12-08 01:00:00,4.0,2.454834466725588
2018-12-08 01:15:00,5.1499999999999995,2.7442355698347094
2018-12-08 01:30:00,4.79,3.6187003331631424
2018-12-08 01:45:00,3.9599999999999995,3.413510004319251
2018-12-08 02:00:00,3.9599999999999995,3.6692009188421073
2018-12-08 02:15:00,4.1,3.1317204356193544
2018-12-08 02:30:00,4.0,2.5492295065894726
2018-12-08 02:45:00,4.0,2.3289965874515475
2018-12-08 03:00:00,4.0,2.563090144991875
2018-12-08 03:15:00,3.9599999999999995,2.433679464571178
2018-12-08 03:30:00,3.64,2.419450290706009
2018-12-08 03:45:00,3.38,2.253433344848454
2018-12-08 04:00:00,3.31,1.92546934209764
2018-12-08 04:15:00,3.35,1.9414258329756557
2018-12-08 04:30:00,3.35,1.620417130123824
2018-12-08 04:45:00,3.42,1.6868003873154522
2018-12-08 05:00:00,3.49,0.6687726765684784
2018-12-08 05:15:00,4.0,0.801181602086872
2018-12-08 05:30:00,3.5299999999999994,1.1014175916649402
2018-12-08 05:45:00,3.35,1.8840945702046157
2018-12-08 06:00:00,3.38,3.0525922509655357
2018-12-08 06:15:00,4.03,4.742435410320758
2018-12-08 06:30:00,4.03,6.330750838890672
2018-12-08 06:45:00,4.0,8.44923638805747
2018-12-08 07:00:00,3.78,10.325612382516264
2018-12-08 07:15:00,3.35,12.946197607070207
2018-12-08 07:30:00,3.31,15.383856760188937
2018-12-08 07:45:00,3.5299999999999994,17.477175238728524
2018-12-08 08:00:00,3.67,18.877264197021724
2018-12-08 08:15:00,29.230000000000004,20.03068981587887
2018-12-08 08:30:00,38.16,22.733334106504916
2018-12-08 08:45:00,33.08,27.232363390475513
2018-12-08 09:00:00,51.52,32.46931013688445
2018-12-08 09:15:00,47.77,36.556486866772175
2018-12-08 09:30:00,42.05,40.452173356115814
2018-12-08 09:45:00,32.4,41.573944782018664
2018-12-08 10:00:00,31.43,41.67087213486433
2018-12-08 10:15:00,31.57,40.10004993110895
2018-12-08 10:30:00,31.43,38.563733649402856
2018-12-08 10:45:00,47.66,36.58979371532798
2018-12-08 11:00:00,49.28,36.60105916798115
2018-12-08 11:15:00,38.16,37.42499780356884
2018-12-08 11:30:00,44.13999999999999,37.74896321058273
2018-12-08 11:45:00,38.27,36.73265411570668
2018-12-08 12:00:00,22.46,35.87359654858708
2018-12-08 12:15:00,3.92,34.08902040824294
2018-12-08 12:30:00,4.57,31.148474547415972
2018-12-08 12:45:00,5.359999999999999,27.84435119062662
2018-12-08 13:00:00,6.080000000000001,24.447225538045167
2018-12-08 13:15:00,34.09,21.997361208945513
2018-12-08 13:30:00,55.69,20.393263593018055
2018-12-08 13:45:00,40.61,22.7348520347476
2018-12-08 14:00:00,50.51,23.270108113139866
2018-12-08 14:15:00,37.98,25.014726364314555
2018-12-08 14:30:00,48.89,24.20703584820032
2018-12-08 14:45:00,37.73,24.700548899918793
2018-12-08 15:00:00,40.03,23.69428597509861
2018-12-08 15:15:00,43.67,23.232088052481412
2018-12-08 15:30:00,46.15,22.153647190630437
2018-12-08 15:45:00,49.68,22.55127029016614
2018-12-08 16:00:00,49.32,22.491372751891614
2018-12-08 16:15:00,49.46,23.028995540887117
2018-12-08 16:30:00,49.54,22.97051937624812
2018-12-08 16:45:00,34.63,23.261487807631493
2018-12-08 17:00:00,27.0,22.461351005434988
2018-12-08 17:15:00,9.9,21.23960963383317
2018-12-08 17:30:00,5.22,19.317707019373774
2018-12-08 17:45:00,5.290000000000001,17.170948933959007
2018-12-08 18:00:00,5.22,15.438014912977815
2018-12-08 18:15:00,5.18,13.8762587377429
2018-12-08 18:30:00,5.1499999999999995,13.050406973659992
2018-12-08 18:45:00,5.33,12.557925708964467
2018-12-08 19:00:00,5.1499999999999995,12.161518523842096
2018-12-08 19:15:00,4.1,11.542063459828496
2018-12-08 19:30:00,4.14,10.535376143828033
2018-12-08 19:45:00,4.1,9.830085156783461
2018-12-08 20:00:00,4.14,9.381004626639188
2018-12-08 20:15:00,4.1,8.820031340904533
2018-12-08 20:30:00,4.03,8.298278312049806
2018-12-08 20:45:00,4.14,7.621822347976267
2018-12-08 21:00:00,4.1,6.976995315477252
2018-12-08 21:15:00,4.14,6.208446745965629
2018-12-08 21:30:00,4.1,5.438285097014158
2018-12-08 21:45:00,4.14,4.52950724016875
2018-12-08 22:00:00,4.1,3.6301347563788293
2018-12-08 22:15:00,3.8200000000000003,2.842039492558688
2018-12-08 22:30:00,3.89,2.3243280037865044
2018-12-08 22:45:00,5.0,2.0631508789397777
2018-12-08 23:00:00,4.75,1.5722245925106109
2018-12-08 23:15:00,3.8200000000000003,1.031231374088675
2018-12-08 23:30:00,3.71,1.1429983841441573
2018-12-08 23:45:00,3.8200000000000003,1.4255901419930161
2018-12-09 00:00:00,3.17,1.681439922526479
2018-12-09 00:15:00,3.74,2.1460618148744106
2018-12-09 00:30:00,3.74,2.980347792301327
2018-12-09 00:45:00,3.8200000000000003,3.2694808441028
2018-12-09 01:00:00,3.85,3.5203914635255935
2018-12-09 01:15:00,3.78,3.54529132489115
2018-12-09 01:30:00,3.8200000000000003,3.612488138852641
2018-12-09 01:45:00,3.78,3.6056714958604426
2018-12-09 02:00:00,3.78,3.9150925231259315
2018-12-09 02:15:00,3.17,3.9090391948260366
2018-12-09 02:30:00,3.13,4.016689863046631
2018-12-09 02:45:00,3.35,3.886905454546213
2018-12-09 03:00:00,3.67,3.813809687383473
2018-12-09 03:15:00,3.02,3.655176221812144
2018-12-09 03:30:00,3.13,3.5207754364982247
2018-12-09 03:45:00,3.06,3.4466501277685166
2018-12-09 04:00:00,3.06,3.367148074693978
2018-12-09 04:15:00,3.06,3.6391278075799347
2018-12-09 04:30:00,3.2,3.9832569882739337
2018-12-09 04:45:00,3.78,4.063255427461118
2018-12-09 05:00:00,3.78,4.142348386524246
2018-12-09 05:15:00,3.74,4.404381170440465
2018-12-09 05:30:00,3.74,5.089111359119415
2018-12-09 05:45:00,3.13,6.072593010291457
2018-12-09 06:00:00,3.74,7.115497847162187
2018-12-09 06:15:00,3.56,8.281713021919131
2018-12-09 06:30:00,3.1,9.464383459463715
2018-12-09 06:45:00,2.95,10.751280104517937
2018-12-09 07:00:00,3.06,12.353832846730947
2018-12-09 07:15:00,3.02,13.845690222755074
2018-12-09 07:30:00,2.95,15.174682431071997
2018-12-09 07:45:00,3.02,16.367143056690693
2018-12-09 08:00:00,2.99,17.685249294415115
2018-12-09 08:15:00,3.13,18.952184958532452
2018-12-09 08:30:00,3.74,20.259617421254514
2018-12-09 08:45:00,3.8200000000000003,21.263926799371838
2018-12-09 09:00:00,3.9599999999999995,22.158270584493874
2018-12-09 09:15:00,4.03,21.50252333819866
2018-12-09 09:30:00,3.35,19.960446339175103
2018-12-09 09:45:00,3.31,18.156496404632925
2018-12-09 10:00:00,3.89,16.233962817043064
2018-12-09 10:15:00,4.03,14.172758849933743
2018-12-09 10:30:00,3.31,11.303660030215978
2018-12-09 10:45:00,3.35,8.620313188284635
2018-12-09 11:00:00,3.42,6.1346950249746435
2018-12-09 11:15:00,3.35,3.696606568740681
2018-12-09 11:30:00,3.31,0.9637273536808789
2018-12-09 11:45:00,3.38,-1.4467213638685643
2018-12-09 12:00:00,3.89,-3.597867350950837
2018-12-09 12:15:00,4.18,-5.104008072465659
2018-12-09 12:30:00,4.1,-6.083601716607809
2018-12-09 12:45:00,4.1,-6.7345616507530215
2018-12-09 13:00:00,3.6,-7.125392245948315
2018-12-09 13:15:00,3.42,-7.2347437067329885
2018-12-09 13:30:00,3.42,-6.830490898415447
2018-12-09 13:45:00,3.35,-5.931560769453645
2018-12-09 14:00:00,3.92,-4.6454399294406175
2018-12-09 14:15:00,3.78,-2.9226643513143062
2018-12-09 14:30:00,3.42,-0.7060756724141538
2018-12-09 14:45:00,3.38,2.008372980300337
2018-12-09 15:00:00,3.4599999999999995,4.983178885746747
2018-12-09 15:15:00,3.42,7.106178082115948
2018-12-09 15:30:00,3.5299999999999994,7.289861433580517
2018-12-09 15:45:00,4.07,6.923088092394173
2018-12-09 16:00:00,4.03,6.478438969627022
2018-12-09 16:15:00,4.14,5.8996173963509495
2018-12-09 16:30:00,4.0,5.51712221443653
2018-12-09 16:45:00,3.31,5.444294217899441
2018-12-09 17:00:00,3.35,5.550483234617858
2018-12-09 17:15:00,3.49,5.729448602385818
2018-12-09 17:30:00,4.1,5.872415661923587
2018-12-09 17:45:00,3.64,5.996244700141251
2018-12-09 18:00:00,3.24,6.067271840982139
2018-12-09 18:15:00,3.28,6.112845896240323
2018-12-09 18:30:00,3.31,6.048118382152169
2018-12-09 18:45:00,3.42,5.872668275721371
2018-12-09 19:00:00,3.64,6.222376993503421
2018-12-09 19:15:00,4.07,8.60378438681364
2018-12-09 19:30:00,4.03,11.231156502068043
2018-12-09 19:45:00,4.03,13.943322648778558
2018-12-09 20:00:00,4.0,14.97651869535446
2018-12-09 20:15:00,3.31,15.561084987074135
2018-12-09 20:30:00,3.31,15.845955882743
2018-12-09 20:45:00,3.35,15.819064301922918
2018-12-09 21:00:00,3.35,15.383606391847133
2018-12-09 21:15:00,3.67,14.603878539055586
2018-12-09 21:30:00,4.14,13.414457138106226
2018-12-09 21:45:00,3.38,11.857146965712309
2018-12-09 22:00:00,3.28,9.878429824039339
2018-12-09 22:15:00,3.13,7.518459518291055
2018-12-09 22:30:00,3.17,4.776742048151791
2018-12-09 22:45:00,3.78,1.843702746666968
2018-12-09 23:00:00,3.78,-1.3684369092993438
2018-12-09 23:15:00,3.74,-4.633957790285349
2018-12-09 23:30:00,3.74,-7.463859930410981
2018-12-09 23:45:00,3.4599999999999995,-7.025216841027141
2018-12-10 00:00:00,5.359999999999999,-4.425139365941286
2018-12-10 00:15:00,3.06,-3.1866401563584805
2018-12-10 00:30:00,3.02,-1.4419901881180703
2018-12-10 00:45:00,3.31,-1.163417235109955
2018-12-10 01:00:00,3.85,-1.1250193764828145
2018-12-10 01:15:00,3.42,0.16805002706125383
2018-12-10 01:30:00,3.1,1.3208766705356538
2018-12-10 01:45:00,3.1,2.232930928338319
2018-12-10 02:00:00,3.17,2.9426679182238877
2018-12-10 02:15:00,3.31,3.5285351710021495
2018-12-10 02:30:00,3.8200000000000003,3.658264144808054
2018-12-10 02:45:00,3.78,3.837874098783359
2018-12-10 03:00:00,3.8200000000000003,2.5097069551981988
2018-12-10 03:15:00,3.74,3.148641630522907
2018-12-10 03:30:00,3.1,3.646637033401057
2018-12-10 03:45:00,3.2,3.261636343635619
2018-12-10 04:00:00,3.1,1.9254648511856796
2018-12-10 04:15:00,3.13,0.5002287506870926
2018-12-10 04:30:00,3.17,-1.0998657785914838
2018-12-10 04:45:00,3.49,-2.6512381233274938
2018-12-10 05:00:00,3.74,-4.181426555663347
2018-12-10 05:15:00,3.13,-5.5290279804170135
2018-12-10 05:30:00,3.1,-4.1904027659446
2018-12-10 05:45:00,3.8200000000000003,-3.935084316432476
2018-12-10 06:00:00,3.8200000000000003,-3.0654360561817886
2018-12-10 06:15:00,3.85,-2.021079251337796
2018-12-10 06:30:00,3.8200000000000003,1.7558228973299266
2018-12-10 06:45:00,3.4599999999999995,7.037824717983603
2018-12-10 07:00:00,3.06,13.797822714895009
2018-12-10 07:15:00,3.13,20.275576999634502
2018-12-10 07:30:00,3.56,26.543479950278996
2018-12-10 07:45:00,5.870000000000001,32.164579305797815
2018-12-10 08:00:00,6.8,37.688861335813996
2018-12-10 08:15:00,33.48,43.65239721924066
2018-12-10 08:30:00,61.06,50.63417104423046
2018-12-10 08:45:00,58.36,61.70686477422714
2018-12-10 09:00:00,68.62,69.19727030605078
2018-12-10 09:15:00,69.23,79.52405499577523
2018-12-10 09:30:00,70.78,85.88155164003373
2018-12-10 09:45:00,61.74,88.05500033795835
2018-12-10 10:00:00,72.0,85.25074916422368
2018-12-10 10:15:00,56.2,82.90205609977247
2018-12-10 10:30:00,56.02,77.25304123550654
2018-12-10 10:45:00,63.9,70.40646182417869
2018-12-10 11:00:00,68.47,64.42238001853228
2018-12-10 11:15:00,61.56000000000001,60.44399338543415
2018-12-10 11:30:00,70.31,56.44838410496712
2018-12-10 11:45:00,62.42,54.02111355394125
2018-12-10 12:00:00,44.75,51.458792298436165
2018-12-10 12:15:00,9.109999999999998,49.88277860045433
2018-12-10 12:30:00,10.33,46.37834036111832
2018-12-10 12:45:00,11.45,42.63649006098509
2018-12-10 13:00:00,11.09,40.20067779541016
2018-12-10 13:15:00,42.66,39.83012366771698
2018-12-10 13:30:00,72.9,42.847549450397494
2018-12-10 13:45:00,71.03,49.7998673838377
2018-12-10 14:00:00,67.32,57.42831007659435
2018-12-10 14:15:00,64.22,63.33784723460674
2018-12-10 14:30:00,69.91,68.67811639249325
2018-12-10 14:45:00,51.23,73.50749491482973
2018-12-10 15:00:00,58.39,74.93253762543202
2018-12-10 15:15:00,69.62,74.64493513256312
2018-12-10 15:30:00,66.71,76.5954280152917
2018-12-10 15:45:00,65.99,75.86116840064527
2018-12-10 16:00:00,64.98,75.81788499116898
2018-12-10 16:15:00,64.55,73.93377676904201
2018-12-10 16:30:00,63.72,73.26404706835747
2018-12-10 16:45:00,66.53,71.6683272486925
2018-12-10 17:00:00,62.57,70.67072504758835
2018-12-10 17:15:00,63.72,68.5720455428958
2018-12-10 17:30:00,58.64,66.25715557277202
2018-12-10 17:45:00,60.12,62.64588751971721
2018-12-10 18:00:00,24.73,59.94265042871237
2018-12-10 18:15:00,5.47,56.12499353468418
2018-12-10 18:30:00,4.5,49.61383135586977
2018-12-10 18:45:00,4.46,44.165075237751005
2018-12-10 19:00:00,4.46,41.123447930514814
2018-12-10 19:15:00,4.75,38.710002651959655
2018-12-10 19:30:00,5.69,36.63055547773838
2018-12-10 19:45:00,5.62,33.30963835567236
2018-12-10 20:00:00,4.46,28.93541376054287
2018-12-10 20:15:00,4.46,24.274855355173347
2018-12-10 20:30:00,4.5,20.18413754120469
2018-12-10 20:45:00,4.43,18.408502806574106
2018-12-10 21:00:00,4.46,16.68360190436244
2018-12-10 21:15:00,4.5,14.855305613353847
2018-12-10 21:30:00,4.57,12.651859868988394
2018-12-10 21:45:00,4.54,10.349710616096853
2018-12-10 22:00:00,4.46,7.655750626474618
2018-12-10 22:15:00,4.28,4.878997025992721
2018-12-10 22:30:00,4.25,1.7811564123816788
2018-12-10 22:45:00,4.32,-1.2197147460840643
2018-12-10 23:00:00,4.18,-4.478136617988348
2018-12-10 23:15:00,4.18,-7.610316428542138
2018-12-10 23:30:00,4.21,-10.611247091591359
2018-12-10 23:45:00,4.28,-9.485720140561462
2018-12-11 00:00:00,4.18,-7.0111782502382995
2018-12-11 00:15:00,4.86,-5.6932134762406355
2018-12-11 00:30:00,4.21,-4.223888128250837
2018-12-11 00:45:00,4.18,-3.2865371247380972
2018-12-11 01:00:00,4.21,-1.6763338333182036
2018-12-11 01:15:00,4.32,0.34526253575459126
2018-12-11 01:30:00,4.25,1.7035026502609254
2018-12-11 01:45:00,4.18,2.6185520656593146
2018-12-11 02:00:00,4.21,3.5123847288638355
2018-12-11 02:15:00,4.28,4.103766961870715
2018-12-11 02:30:00,4.25,4.476713061546907
2018-12-11 02:45:00,4.21,4.78356093659997
2018-12-11 03:00:00,3.56,4.1946443546004595
2018-12-11 03:15:00,3.56,4.158404800193384
2018-12-11 03:30:00,3.5299999999999994,3.525464509949088
2018-12-11 03:45:00,3.5299999999999994,2.7701714284531773
2018-12-11 04:00:00,3.85,1.4093414611555637
2018-12-11 04:15:00,4.18,0.25751460695639256
2018-12-11 04:30:00,3.49,-1.4328073958866299
2018-12-11 04:45:00,3.56,-2.662286889478564
2018-12-11 05:00:00,3.56,-4.3989124400913715
2018-12-11 05:15:00,3.74,-5.520935357064009
2018-12-11 05:30:00,4.18,-7.0279484382271775
2018-12-11 05:45:00,4.25,-6.617291589453817
2018-12-11 06:00:00,4.28,-5.611923478841782
2018-12-11 06:15:00,3.56,-4.023581104800105
2018-12-11 06:30:00,3.5299999999999994,-1.0216739490814506
2018-12-11 06:45:00,3.6,3.3867132940143345
2018-12-11 07:00:00,3.49,9.805640000253915
2018-12-11 07:15:00,4.1,15.414092947691678
2018-12-11 07:30:00,4.07,22.254160536676643
2018-12-11 07:45:00,4.86,27.60078208953142
2018-12-11 08:00:00,14.83,33.98235675826669
2018-12-11 08:15:00,44.21,39.41646576702595
2018-12-11 08:30:00,54.04,48.34028956025839
2018-12-11 08:45:00,61.74,59.06876836121082
2018-12-11 09:00:00,69.48,69.30960597783327
2018-12-11 09:15:00,75.38,78.49061531722546
2018-12-11 09:30:00,71.82,84.66933773815633
2018-12-11 09:45:00,71.24,84.9251760107279
2018-12-11 10:00:00,54.86,82.69067785561086
2018-12-11 10:15:00,66.13,78.72841808736325
2018-12-11 10:30:00,73.08,70.90786765366792
2018-12-11 10:45:00,77.51,67.62119373530149
2018-12-11 11:00:00,72.54,62.92397826105356
2018-12-11 11:15:00,63.83,60.54591014146805
2018-12-11 11:30:00,67.07,56.780967572033404
2018-12-11 11:45:00,84.24,54.46838143974543
2018-12-11 12:00:00,72.79,54.63450925499201
2018-12-11 12:15:00,7.959999999999999,53.62545522838831
2018-12-11 12:30:00,5.8,52.01812191039324
2018-12-11 12:45:00,6.98,46.439160781800744
2018-12-11 13:00:00,6.95,43.99487865626812
2018-12-11 13:15:00,38.45,44.46972523242235
2018-12-11 13:30:00,59.36,46.984959276020525
2018-12-11 13:45:00,66.02,53.921832963228226
2018-12-11 14:00:00,80.28,59.54641277551651
2018-12-11 14:15:00,75.53,67.9731195601821
2018-12-11 14:30:00,72.0,72.9555124348402
2018-12-11 14:45:00,72.61,76.31679836452008
2018-12-11 15:00:00,78.55,77.1718635109067
2018-12-11 15:15:00,73.98,79.94347024559976
2018-12-11 15:30:00,76.78999999999999,79.87858554959298
2018-12-11 15:45:00,80.46,80.95988038599492
2018-12-11 16:00:00,68.11,80.09158950388432
2018-12-11 16:15:00,71.68,79.67938665866852
2018-12-11 16:30:00,69.8,77.3584743756056
2018-12-11 16:45:00,75.46,76.34170945316554
2018-12-11 17:00:00,70.27,74.03781772643327
2018-12-11 17:15:00,78.48000000000002,72.02071563750505
2018-12-11 17:30:00,66.78,69.09867233395576
2018-12-11 17:45:00,32.11,66.89898323744535
2018-12-11 18:00:00,31.25,62.27378402739763
2018-12-11 18:15:00,36.4,56.08618307352066
2018-12-11 18:30:00,39.56,50.981965230107306
2018-12-11 18:45:00,51.440000000000005,47.86537112951279
2018-12-11 19:00:00,51.52,48.00781836599111
2018-12-11 19:15:00,53.57,47.81264782309532
2018-12-11 19:30:00,52.81,47.713412141501905
2018-12-11 19:45:00,52.38,45.7995920458436
2018-12-11 20:00:00,53.21,42.52236700624228
2018-12-11 20:15:00,51.91,38.96853547170758
2018-12-11 20:30:00,53.46,35.41882434889674
2018-12-11 20:45:00,32.36,33.07437519624829
2018-12-11 21:00:00,28.37,30.90319889977574
2018-12-11 21:15:00,6.77,27.946362255811692
2018-12-11 21:30:00,5.69,24.90425217553973
2018-12-11 21:45:00,5.8,20.686176589280368
2018-12-11 22:00:00,5.69,17.088401481211186
2018-12-11 22:15:00,5.47,12.618117401972412
2018-12-11 22:30:00,5.44,8.643449243977665
2018-12-11 22:45:00,4.97,4.395289599858224
2018-12-11 23:00:00,4.36,0.2614744685776532
2018-12-11 23:15:00,4.25,-3.6848507019877434
2018-12-11 23:30:00,4.21,-6.292618863806129
2018-12-11 23:45:00,4.14,-5.472323480546475
2018-12-12 00:00:00,4.21,-3.7777654249966144
2018-12-12 00:15:00,4.21,-2.4183282017707826
2018-12-12 00:30:00,4.14,-1.2648467271961272
2018-12-12 00:45:00,4.14,-0.7069396116025746
2018-12-12 01:00:00,4.14,0.3412426081858576
2018-12-12 01:15:00,4.21,2.5745927739329635
2018-12-12 01:30:00,4.18,4.0959773347340525
2018-12-12 01:45:00,4.75,5.03303670965135
2018-12-12 02:00:00,5.33,6.210565333683043
2018-12-12 02:15:00,4.25,7.196980953775346
2018-12-12 02:30:00,4.25,8.240181629471481
2018-12-12 02:45:00,4.18,7.810778591446578
2018-12-12 03:00:00,4.21,6.440118298549205
2018-12-12 03:15:00,4.18,5.929307938050478
2018-12-12 03:30:00,4.18,5.464184466972947
2018-12-12 03:45:00,4.25,4.317313755145297
2018-12-12 04:00:00,4.18,3.0590019050613044
2018-12-12 04:15:00,4.03,1.5134200299344958
2018-12-12 04:30:00,3.4599999999999995,-0.23931666733697052
2018-12-12 04:45:00,3.4599999999999995,-1.9475007111392915
2018-12-12 05:00:00,3.5299999999999994,-3.9739789821952582
2018-12-12 05:15:00,3.4599999999999995,-5.524093590900303
2018-12-12 05:30:00,3.49,-7.84435132354498
2018-12-12 05:45:00,4.0,-8.438472030460835
2018-12-12 06:00:00,4.25,-7.7106175789982085
2018-12-12 06:15:00,3.85,-6.280374392345548
2018-12-12 06:30:00,3.42,-4.561573271304369
2018-12-12 06:45:00,3.42,-0.4321193769015371
2018-12-12 07:00:00,3.9599999999999995,5.843029098827391
2018-12-12 07:15:00,4.1,12.30609220713377
2018-12-12 07:30:00,4.32,18.962874451726673
2018-12-12 07:45:00,5.83,24.327666234374046
2018-12-12 08:00:00,5.8,29.82368695542216
2018-12-12 08:15:00,36.86,33.781455811709165
2018-12-12 08:30:00,60.37,40.93351379096508
2018-12-12 08:45:00,66.46,52.27562182039022
2018-12-12 09:00:00,69.05,65.26622237592936
2018-12-12 09:15:00,63.86,75.3589452251792
2018-12-12 09:30:00,65.59,81.8643410730362
2018-12-12 09:45:00,60.980000000000004,82.5852671700716
2018-12-12 10:00:00,65.74,78.7350017642975
2018-12-12 10:15:00,57.17,74.722574018538
2018-12-12 10:30:00,64.55,67.9273526763916
2018-12-12 10:45:00,53.42,63.35286933511495
2018-12-12 11:00:00,65.88,57.819751435816286
2018-12-12 11:15:00,57.71,54.51721112549305
2018-12-12 11:30:00,59.76,51.07261877894401
2018-12-12 11:45:00,79.85000000000001,48.79671890646219
2018-12-12 12:00:00,49.64,48.48178472340107
2018-12-12 12:15:00,27.97,47.03825292825699
2018-12-12 12:30:00,29.74,44.81664369046688
2018-12-12 12:45:00,29.56,42.209009133279324
2018-12-12 13:00:00,29.299999999999997,41.370789397656914
2018-12-12 13:15:00,58.86,43.44369555860758
2018-12-12 13:30:00,61.78,48.011801804900166
2018-12-12 13:45:00,77.0,54.52348942041397
2018-12-12 14:00:00,65.56,60.517837450802325
2018-12-12 14:15:00,86.51,66.09849614411593
2018-12-12 14:30:00,60.44,73.11026926100254
2018-12-12 14:45:00,64.8,75.42505144923926
2018-12-12 15:00:00,72.18,76.33167226493359
2018-12-12 15:15:00,69.08,77.28260490894318
2018-12-12 15:30:00,66.17,77.17930495202542
2018-12-12 15:45:00,61.67,76.98900704860688
2018-12-12 16:00:00,70.6,74.87406146079302
2018-12-12 16:15:00,68.36,73.60270673930646
2018-12-12 16:30:00,75.1,71.95025771975517
2018-12-12 16:45:00,66.13,71.53607438236475
2018-12-12 17:00:00,70.7,68.8662137490511
2018-12-12 17:15:00,60.699999999999996,66.93250340431929
2018-12-12 17:30:00,57.92,63.162185213267804
2018-12-12 17:45:00,32.9,60.17156119316816
2018-12-12 18:00:00,30.53,55.31849311023951
2018-12-12 18:15:00,49.900000000000006,49.924256663322446
2018-12-12 18:30:00,67.25,46.119838977754114
2018-12-12 18:45:00,69.37,46.613780911564824
2018-12-12 19:00:00,65.99,48.47135682582855
2018-12-12 19:15:00,66.02,49.424943598806856
2018-12-12 19:30:00,60.19,49.8000155839324
2018-12-12 19:45:00,58.54,49.001796401143075
2018-12-12 20:00:00,61.85,46.022224515378475
2018-12-12 20:15:00,67.07,42.96731758147478
2018-12-12 20:30:00,58.82,39.464127815663815
2018-12-12 20:45:00,53.35,36.2662369813025
2018-12-12 21:00:00,30.349999999999998,33.60174523323774
2018-12-12 21:15:00,12.2,30.43029913395643
2018-12-12 21:30:00,5.8,25.782158100157975
2018-12-12 21:45:00,5.76,21.790175231099127
2018-12-12 22:00:00,5.65,17.570197743624448
2018-12-12 22:15:00,5.04,13.186545601561665
2018-12-12 22:30:00,4.25,8.703084063902496
2018-12-12 22:45:00,4.25,4.361054255254567
2018-12-12 23:00:00,4.21,-0.2762010886333882
2018-12-12 23:15:00,4.14,-4.534496440365911
2018-12-12 23:30:00,4.1,-8.260668966844678
2018-12-12 23:45:00,4.1,-6.955643632933498
2018-12-13 00:00:00,5.26,-4.5221441870182755
2018-12-13 00:15:00,4.1,-3.281542107909918
2018-12-13 00:30:00,4.18,-2.02204086786136
2018-12-13 00:45:00,4.21,-0.7899878010340035
2018-12-13 01:00:00,4.14,-0.19518447550013657
2018-12-13 01:15:00,4.28,2.18665292263031
2018-12-13 01:30:00,4.18,3.9458949865587054
2018-12-13 01:45:00,4.25,5.193191331308334
2018-12-13 02:00:00,5.359999999999999,6.50905407782644
2018-12-13 02:15:00,4.79,7.338507553301751
2018-12-13 02:30:00,4.25,8.044284120202065
2018-12-13 02:45:00,4.18,8.56815966632217
2018-12-13 03:00:00,4.21,7.870698022916913
2018-12-13 03:15:00,4.18,7.343596317917108
2018-12-13 03:30:00,4.21,6.8397145925275975
2018-12-13 03:45:00,4.21,5.800203481689095
2018-12-13 04:00:00,4.21,4.1358674392011014
2018-12-13 04:15:00,4.18,2.474902668185532
2018-12-13 04:30:00,4.21,0.11555407306179409
2018-12-13 04:45:00,4.21,-1.8317749621905386
2018-12-13 05:00:00,4.18,-4.362520335018635
2018-12-13 05:15:00,3.67,-6.14934529952705
2018-12-13 05:30:00,3.42,-8.335122673511506
2018-12-13 05:45:00,3.89,-8.934241765439511
2018-12-13 06:00:00,4.32,-8.556426955834032
2018-12-13 06:15:00,3.4599999999999995,-7.560069860070945
2018-12-13 06:30:00,3.38,-5.543550466969609
2018-12-13 06:45:00,3.38,-1.029160299319774
2018-12-13 07:00:00,3.42,6.270216433163732
2018-12-13 07:15:00,3.42,12.585209121853113
2018-12-13 07:30:00,3.71,20.64366224847734
2018-12-13 07:45:00,5.69,26.243911422491074
2018-12-13 08:00:00,6.23,32.78587676644325
2018-12-13 08:15:00,35.57,36.81034240171313
2018-12-13 08:30:00,72.86,43.989157234430316
2018-12-13 08:45:00,61.74,56.127485990822315
2018-12-13 09:00:00,76.36,68.39848975926638
2018-12-13 09:15:00,63.11,78.69712541282178
2018-12-13 09:30:00,65.66,84.65345787346364
2018-12-13 09:45:00,72.07,89.4123605144024
2018-12-13 10:00:00,56.84,87.502312784791
2018-12-13 10:15:00,69.3,83.3347375035286
2018-12-13 10:30:00,65.66,77.09579195320607
2018-12-13 10:45:00,85.43,71.51926489889621
2018-12-13 11:00:00,53.17,66.97551286816596
2018-12-13 11:15:00,55.4,61.79878476023674
2018-12-13 11:30:00,60.08,56.627248146533965
2018-12-13 11:45:00,58.0,54.68481195986271
2018-12-13 12:00:00,51.300000000000004,50.8714663413167
2018-12-13 12:15:00,11.38,49.25681732773781
2018-12-13 12:30:00,10.91,45.615172746181486
2018-12-13 12:45:00,30.1,42.79446238011122
2018-12-13 13:00:00,36.4,40.83024527043104
2018-12-13 13:15:00,41.69,41.98596799075604
2018-12-13 13:30:00,56.92000000000001,45.37827714025974
2018-12-13 13:45:00,46.660000000000004,50.20911520898342
2018-12-13 14:00:00,52.52,53.92343621879816
2018-12-13 14:15:00,58.25,58.40795312076807
2018-12-13 14:30:00,72.61,63.25426687210798
2018-12-13 14:45:00,66.24,69.21383728027344
2018-12-13 15:00:00,73.08,70.81528750360012
2018-12-13 15:15:00,60.52,73.53578766018153
2018-12-13 15:30:00,59.87,74.31651923179626
2018-12-13 15:45:00,63.49999999999999,74.40742427170277
2018-12-13 16:00:00,60.52,72.65558238863944
2018-12-13 16:15:00,88.92,70.79480445414781
2018-12-13 16:30:00,105.37,71.16414603561162
2018-12-13 16:45:00,102.89000000000001,73.07100072681904
2018-12-13 17:00:00,77.83,75.16774464845658
2018-12-13 17:15:00,67.18,74.65954856008291
2018-12-13 17:30:00,70.13,72.09884403288365
2018-12-13 17:45:00,31.72,67.21409256607294
2018-12-13 18:00:00,31.5,62.78935868412256
2018-12-13 18:15:00,54.79,55.896774370670315
2018-12-13 18:30:00,77.04,52.683657099306586
2018-12-13 18:45:00,79.63,52.40496906667948
2018-12-13 19:00:00,80.46,53.05092837035656
2018-12-13 19:15:00,71.89,53.913605612516406
2018-12-13 19:30:00,78.52,54.56048106223345
2018-12-13 19:45:00,52.31,53.00767639726401
2018-12-13 20:00:00,61.16,50.47902350872755
2018-12-13 20:15:00,61.6,45.82456600725651
2018-12-13 20:30:00,49.68,42.58378471821546
2018-12-13 20:45:00,41.54,37.090867217332125
2018-12-13 21:00:00,20.16,33.495409419834616
2018-12-13 21:15:00,6.16,28.031449319273232
2018-12-13 21:30:00,5.69,23.386153278201817
2018-12-13 21:45:00,5.69,18.570673005655408
2018-12-13 22:00:00,5.65,14.516141837537289
2018-12-13 22:15:00,5.47,9.7274004548043
2018-12-13 22:30:00,5.4,5.520371950604021
2018-12-13 22:45:00,5.359999999999999,0.9018959164433182
2018-12-13 23:00:00,5.359999999999999,-3.366094752848148
2018-12-13 23:15:00,5.26,-7.604149283692241
2018-12-13 23:30:00,5.22,-9.116476236432792
2018-12-13 23:45:00,5.18,-6.504616853818298
2018-12-14 00:00:00,4.1,-4.359192569255828
2018-12-14 00:15:00,5.33,-2.824832079708576
2018-12-14 00:30:00,5.290000000000001,-1.6055177653394639
2018-12-14 00:45:00,5.26,-1.0269462797231972
2018-12-14 01:00:00,5.290000000000001,0.6174073096551002
2018-12-14 01:15:00,5.26,2.8467849830910565
2018-12-14 01:30:00,5.359999999999999,4.258329135067761
2018-12-14 01:45:00,5.33,5.558768405821174
2018-12-14 02:00:00,4.79,6.54837762568146
2018-12-14 02:15:00,4.14,7.328299710415303
2018-12-14 02:30:00,4.18,7.980702350027859
2018-12-14 02:45:00,4.21,8.124683232940733
2018-12-14 03:00:00,4.18,6.47767326913774
2018-12-14 03:15:00,4.25,6.061253738272935
2018-12-14 03:30:00,4.18,5.311786772999912
2018-12-14 03:45:00,4.14,4.067144697559997
2018-12-14 04:00:00,4.28,2.4744580679014327
2018-12-14 04:15:00,4.18,0.639061925765127
2018-12-14 04:30:00,4.18,-1.4071721476875245
2018-12-14 04:45:00,4.1,-3.3807755440473555
2018-12-14 05:00:00,4.46,-5.415736867114902
2018-12-14 05:15:00,5.4,-7.064785143584014
2018-12-14 05:30:00,4.5,-7.794124964177609
2018-12-14 05:45:00,4.18,-7.404751669913531
2018-12-14 06:00:00,4.14,-6.530486752167344
2018-12-14 06:15:00,4.14,-5.159656085297466
2018-12-14 06:30:00,3.49,-2.1752848180569706
2018-12-14 06:45:00,3.42,3.418915939591825
2018-12-14 07:00:00,3.35,9.968148140460253
2018-12-14 07:15:00,3.35,17.158620257899166
2018-12-14 07:30:00,4.25,23.733648818433284
2018-12-14 07:45:00,6.52,29.16534171655774
2018-12-14 08:00:00,7.38,34.6031669549644
2018-12-14 08:15:00,36.22,38.64884990379214
2018-12-14 08:30:00,94.17999999999999,45.20920777767897
2018-12-14 08:45:00,97.88,59.34197748124599
2018-12-14 09:00:00,134.5,73.91146142750978
2018-12-14 09:15:00,93.67,89.88773252725602
2018-12-14 09:30:00,109.26,98.58171593725682
2018-12-14 09:45:00,128.34,102.78189523935319
2018-12-14 10:00:00,81.47,102.47263307809831
2018-12-14 10:15:00,109.69,97.08184116065503
2018-12-14 10:30:00,120.67,91.07691703259945
2018-12-14 10:45:00,92.81,90.27789397656919
2018-12-14 11:00:00,91.58,85.01520083189011
2018-12-14 11:15:00,104.9,81.27530407845975
2018-12-14 11:30:00,124.19999999999999,78.38596808671952
2018-12-14 11:45:00,88.85,79.9198929578066
2018-12-14 12:00:00,132.01,77.55669424772263
2018-12-14 12:15:00,13.61,78.71202625870706
2018-12-14 12:30:00,9.86,76.48027654170991
2018-12-14 12:45:00,9.61,69.77360700160266
2018-12-14 13:00:00,9.43,66.00515702992678
2018-12-14 13:15:00,86.98,62.31629949092865
2018-12-14 13:30:00,74.66,68.19901692271233
2018-12-14 13:45:00,116.42,73.02188811361789
2018-12-14 14:00:00,107.57,83.31844447493555
2018-12-14 14:15:00,103.82,87.66470416128637
2018-12-14 14:30:00,114.73,94.32993605673315
2018-12-14 14:45:00,84.74,96.46064923644067
2018-12-14 15:00:00,109.4,98.99320023655892
2018-12-14 15:15:00,125.21,98.28119309067726
2018-12-14 15:30:00,89.35,102.84240578711034
2018-12-14 15:45:00,122.25999999999999,101.7915683156252
2018-12-14 16:00:00,114.66000000000001,102.26942829370499
2018-12-14 16:15:00,96.8,103.39274010241033
2018-12-14 16:30:00,118.12,100.51501760900021
2018-12-14 16:45:00,133.2,98.07134175658227
2018-12-14 17:00:00,102.64,98.04283344745637
2018-12-14 17:15:00,63.94,95.89594400286676
2018-12-14 17:30:00,62.64,92.64578119874001
2018-12-14 17:45:00,37.94,85.60152531564236
2018-12-14 18:00:00,32.62,78.8075659197569
2018-12-14 18:15:00,29.63,70.46935704618693
2018-12-14 18:30:00,26.57,63.27258530199528
2018-12-14 18:45:00,26.349999999999998,54.71036075800657
2018-12-14 19:00:00,26.32,48.12555211395025
2018-12-14 19:15:00,26.39,41.417858645915985
2018-12-14 19:30:00,26.64,35.1902953119576
2018-12-14 19:45:00,28.44,28.957306956350802
2018-12-14 20:00:00,30.46,23.130988642424345
2018-12-14 20:15:00,29.88,18.86113620944321
2018-12-14 20:30:00,30.06,16.880082670822738
2018-12-14 20:45:00,31.93,14.505529812574386
2018-12-14 21:00:00,28.66,12.327381375283002
2018-12-14 21:15:00,5.76,10.103699020259082
2018-12-14 21:30:00,5.8,7.297469038441776
2018-12-14 21:45:00,5.72,4.374667612817139
2018-12-14 22:00:00,5.69,1.949766298532486
2018-12-14 22:15:00,5.4,0.09410716162994509
2018-12-14 22:30:00,5.33,-1.416421180870384
2018-12-14 22:45:00,5.33,-2.3490783393383023
2018-12-14 23:00:00,5.33,-2.347448138296604
2018-12-14 23:15:00,4.86,-2.6372534234821794
2018-12-14 23:30:00,4.03,-1.763601795900613
2018-12-14 23:45:00,4.03,-1.0635213894583284
2018-12-15 00:00:00,3.28,0.21071312932297592
2018-12-15 00:15:00,4.14,2.242489273082465
2018-12-15 00:30:00,4.1,4.163715163245797
2018-12-15 00:45:00,4.07,4.44583228783682
2018-12-15 01:00:00,4.14,5.810872485097497
2018-12-15 01:15:00,4.14,5.270353338569402
2018-12-15 01:30:00,4.14,4.979326525330543
2018-12-15 01:45:00,4.14,4.222236938709393
2018-12-15 02:00:00,4.1,3.1782089528255164
2018-12-15 02:15:00,4.1,2.9451598129980265
2018-12-15 02:30:00,4.21,3.4078009324893355
2018-12-15 02:45:00,4.1,3.487257515080273
2018-12-15 03:00:00,4.18,3.364875111877918
2018-12-15 03:15:00,4.82,2.8176869610883295
2018-12-15 03:30:00,5.26,2.3494908641837537
2018-12-15 03:45:00,4.18,1.8189617513120175
2018-12-15 04:00:00,4.14,1.2431917527131737
2018-12-15 04:15:00,4.14,1.0676066382415592
2018-12-15 04:30:00,3.8200000000000003,0.2842113944701851
2018-12-15 04:45:00,3.4599999999999995,0.1228046504221857
2018-12-15 05:00:00,3.49,-0.27185444721952073
2018-12-15 05:15:00,3.42,0.5839836973883212
2018-12-15 05:30:00,3.42,2.044795399028808
2018-12-15 05:45:00,3.42,3.7604316902067514
2018-12-15 06:00:00,3.38,5.782975782044232
2018-12-15 06:15:00,3.4599999999999995,7.955997281968593
2018-12-15 06:30:00,3.42,11.307909555658698
2018-12-15 06:45:00,3.49,14.057803853750228
2018-12-15 07:00:00,4.57,17.628911926597358
2018-12-15 07:15:00,4.43,19.574863374605773
2018-12-15 07:30:00,4.1,21.96422726050019
2018-12-15 07:45:00,4.07,23.382295584827663
2018-12-15 08:00:00,3.64,25.576490050554273
2018-12-15 08:15:00,3.35,26.566370128542186
2018-12-15 08:30:00,3.35,27.24704193621874
2018-12-15 08:45:00,3.38,26.87722207263112
2018-12-15 09:00:00,3.49,26.51655917853117
2018-12-15 09:15:00,3.56,25.831778186410666
2018-12-15 09:30:00,3.38,25.098982609063388
2018-12-15 09:45:00,3.42,23.07617257103324
2018-12-15 10:00:00,3.35,20.22106406480074
2018-12-15 10:15:00,3.35,17.721728972271084
2018-12-15 10:30:00,3.35,15.173450798466801
2018-12-15 10:45:00,4.97,13.259356757178901
2018-12-15 11:00:00,5.359999999999999,10.827508844137192
2018-12-15 11:15:00,4.28,8.938562787100672
2018-12-15 11:30:00,4.18,6.465927569586783
2018-12-15 11:45:00,3.35,4.5016931979637596
2018-12-15 12:00:00,3.38,3.7557859821245074
2018-12-15 12:15:00,3.42,3.8416526398342103
2018-12-15 12:30:00,3.42,4.125782254347578
2018-12-15 12:45:00,3.42,4.452302428903058
2018-12-15 13:00:00,3.38,4.889458324722945
2018-12-15 13:15:00,3.31,5.3629042977094645
2018-12-15 13:30:00,3.35,5.767400176636874
2018-12-15 13:45:00,3.38,6.201671363227069
2018-12-15 14:00:00,3.31,6.505523659661412
2018-12-15 14:15:00,3.8200000000000003,6.956364627294242
2018-12-15 14:30:00,4.1,7.316999453194439
2018-12-15 14:45:00,4.07,7.09287207134068
2018-12-15 15:00:00,4.21,6.892747491188347
2018-12-15 15:15:00,3.74,6.663292484339326
2018-12-15 15:30:00,3.74,6.473037525266409
2018-12-15 15:45:00,3.9599999999999995,6.256627214252949
2018-12-15 16:00:00,3.28,6.0850196443684395
2018-12-15 16:15:00,3.35,5.8934592333249745
2018-12-15 16:30:00,3.28,5.8934592333249745
2018-12-15 16:45:00,3.24,5.8934592333249745
2018-12-15 17:00:00,3.28,5.8934592333249745
2018-12-15 17:15:00,3.28,5.8934592333249745
2018-12-15 17:30:00,3.35,5.8934592333249745
2018-12-15 17:45:00,4.18,5.8934592333249745
2018-12-15 18:00:00,4.1,5.8934592333249745
2018-12-15 18:15:00,4.1,5.8934592333249745
2018-12-15 18:30:00,4.1,5.8934592333249745
2018-12-15 18:45:00,4.03,5.8934592333249745
2018-12-15 19:00:00,4.28,5.8934592333249745
2018-12-15 19:15:00,3.49,5.8934592333249745
2018-12-15 19:30:00,3.38,5.8934592333249745
2018-12-15 19:45:00,3.35,5.8934592333249745
2018-12-15 20:00:00,3.38,5.8934592333249745
2018-12-15 20:15:00,3.4599999999999995,5.8934592333249745
2018-12-15 20:30:00,3.42,5.8934592333249745
2018-12-15 20:45:00,3.35,5.8934592333249745
2018-12-15 21:00:00,3.38,5.8934592333249745
2018-12-15 21:15:00,3.9599999999999995,5.8934592333249745
2018-12-15 21:30:00,4.28,5.8934592333249745
2018-12-15 21:45:00,4.25,5.8934592333249745
2018-12-15 22:00:00,4.18,5.848840619586408
2018-12-15 22:15:00,3.74,5.799520301707089
2018-12-15 22:30:00,3.31,5.744410075582564
2018-12-15 22:45:00,4.07,5.731852924376725
2018-12-15 23:00:00,3.56,5.711261250991374
2018-12-15 23:15:00,3.17,5.730879519209266
2018-12-15 23:30:00,3.24,5.747396812718361
2018-12-15 23:45:00,3.2,5.80747763633728
2018-12-16 00:00:00,4.21,5.8720875446684655
2018-12-16 00:15:00,3.24,5.8934592333249745
2018-12-16 00:30:00,3.28,5.8934592333249745
2018-12-16 00:45:00,3.28,5.8934592333249745
2018-12-16 01:00:00,3.85,5.8934592333249745
2018-12-16 01:15:00,4.18,5.8934592333249745
2018-12-16 01:30:00,4.07,5.834336377363652
2018-12-16 01:45:00,4.07,5.700722764711826
2018-12-16 02:00:00,3.92,5.592440421655773
2018-12-16 02:15:00,3.28,5.476717479526996
2018-12-16 02:30:00,3.42,5.416959159523248
2018-12-16 02:45:00,3.5299999999999994,5.410204827934503
2018-12-16 03:00:00,4.14,5.534539374429732
2018-12-16 03:15:00,3.56,5.568938918001949
2018-12-16 03:30:00,3.35,5.7331300274655215
2018-12-16 03:45:00,3.38,5.740111430790275
2018-12-16 04:00:00,3.42,5.79568674698472
2018-12-16 04:15:00,3.42,5.792734533734619
2018-12-16 04:30:00,3.42,5.889479723963886
2018-12-16 04:45:00,3.38,5.925494311749935
2018-12-16 05:00:00,4.07,6.065208828300237
2018-12-16 05:15:00,4.14,6.175947138834744
2018-12-16 05:30:00,4.07,6.41355399293825
2018-12-16 05:45:00,4.07,6.676269816495478
2018-12-16 06:00:00,3.5299999999999994,7.1478001348488025
2018-12-16 06:15:00,3.31,7.59602430421859
2018-12-16 06:30:00,3.35,8.105426763817668
2018-12-16 06:45:00,3.64,8.695989545732736
2018-12-16 07:00:00,4.07,9.576382312849164
2018-12-16 07:15:00,3.38,10.44050562866032
2018-12-16 07:30:00,3.28,10.981880574598907
2018-12-16 07:45:00,3.89,11.476814999952913
2018-12-16 08:00:00,3.9599999999999995,11.862182400748134
2018-12-16 08:15:00,39.35,12.4867705771327
2018-12-16 08:30:00,63.54,15.058548570498823
2018-12-16 08:45:00,65.02,23.25386897549033
2018-12-16 09:00:00,63.790000000000006,28.593516142070293
2018-12-16 09:15:00,61.70000000000001,34.36221830099821
2018-12-16 09:30:00,64.8,34.48491899758577
2018-12-16 09:45:00,51.16,38.416263327896594
2018-12-16 10:00:00,55.01,37.63492099225521
2018-12-16 10:15:00,61.81,38.93401383146644
2018-12-16 10:30:00,72.18,38.325216824263336
2018-12-16 10:45:00,54.86,40.52771947711706
2018-12-16 11:00:00,66.78,39.94280289426446
2018-12-16 11:15:00,69.95,40.84082136809826
2018-12-16 11:30:00,53.35,41.09359234780073
2018-12-16 11:45:00,55.510000000000005,41.90183524608612
2018-12-16 12:00:00,11.810000000000002,40.40271494269371
2018-12-16 12:15:00,5.65,38.76237342178821
2018-12-16 12:30:00,5.54,34.42818530678749
2018-12-16 12:45:00,5.44,31.115917681157587
2018-12-16 13:00:00,5.33,28.767345871329308
2018-12-16 13:15:00,36.47,26.881944266557692
2018-12-16 13:30:00,63.72,25.9866719853878
2018-12-16 13:45:00,64.8,29.69391756340861
2018-12-16 14:00:00,61.85,33.50409259811044
2018-12-16 14:15:00,57.88999999999999,38.11953754737973
2018-12-16 14:30:00,54.36,40.55704513221979
2018-12-16 14:45:00,47.38000000000001,43.67555236130953
2018-12-16 15:00:00,43.49,43.16714520007372
2018-12-16 15:15:00,45.400000000000006,43.17623929679394
2018-12-16 15:30:00,60.54999999999999,41.739735778868194
2018-12-16 15:45:00,48.42,43.26113100558519
2018-12-16 16:00:00,63.21999999999999,41.34274814337492
2018-12-16 16:15:00,62.64,41.97092792659998
2018-12-16 16:30:00,66.02,40.73270266264677
2018-12-16 16:45:00,35.42,40.723384020328524
2018-12-16 17:00:00,9.109999999999998,38.91503748297691
2018-12-16 17:15:00,8.059999999999999,36.550159171819686
2018-12-16 17:30:00,7.739999999999999,31.824996752440928
2018-12-16 17:45:00,7.8500000000000005,28.432373239099977
2018-12-16 18:00:00,6.730000000000001,25.066529033780096
2018-12-16 18:15:00,5.22,23.250087627619504
2018-12-16 18:30:00,5.69,21.477531413137914
2018-12-16 18:45:00,5.72,21.014903485700486
2018-12-16 19:00:00,5.69,20.473278171420098
2018-12-16 19:15:00,5.72,20.601101875826718
2018-12-16 19:30:00,5.44,19.6333934301883
2018-12-16 19:45:00,4.46,18.716181921362878
2018-12-16 20:00:00,4.5,17.17462699085474
2018-12-16 20:15:00,4.46,17.143353402689097
2018-12-16 20:30:00,4.5,16.202342305928468
2018-12-16 20:45:00,4.54,15.727948189154267
2018-12-16 21:00:00,4.46,14.396317570060491
2018-12-16 21:15:00,4.5,13.419015413746237
2018-12-16 21:30:00,4.5,11.745133516862987
2018-12-16 21:45:00,4.57,10.26162137798965
2018-12-16 22:00:00,4.57,8.18326886355877
2018-12-16 22:15:00,4.25,6.133221725169569
2018-12-16 22:30:00,4.25,3.798184822285548
2018-12-16 22:45:00,4.18,1.4013821617513895
2018-12-16 23:00:00,5.44,-1.075593522172421
2018-12-16 23:15:00,4.82,-3.764382507354021
2018-12-16 23:30:00,4.14,-4.721609164476395
2018-12-16 23:45:00,4.18,-3.600701116397977
2018-12-17 00:00:00,4.57,-2.655844676271081
2018-12-17 00:15:00,4.25,-1.9074647923745214
2018-12-17 00:30:00,4.18,-0.5767637920565902
2018-12-17 00:45:00,4.21,-0.9732338499464094
2018-12-17 01:00:00,4.21,-0.08563316913321609
2018-12-17 01:15:00,4.21,0.3941360078938306
2018-12-17 01:30:00,4.36,0.9190837592445315
2018-12-17 01:45:00,4.28,1.5561502151936293
2018-12-17 02:00:00,4.28,1.8450483361631633
2018-12-17 02:15:00,4.28,2.3382857581600547
2018-12-17 02:30:00,3.71,2.2011462182551624
2018-12-17 02:45:00,4.32,2.4087142043001952
2018-12-17 03:00:00,3.8200000000000003,1.0170558104850351
2018-12-17 03:15:00,3.5299999999999994,1.7572698130272328
2018-12-17 03:30:00,3.5299999999999994,1.7844833360984922
2018-12-17 03:45:00,3.5299999999999994,1.4315209526009858
2018-12-17 04:00:00,3.6,0.4769804221950472
2018-12-17 04:15:00,3.5299999999999994,-0.5289838569797575
2018-12-17 04:30:00,3.5299999999999994,-1.6081241783685982
2018-12-17 04:45:00,4.1,-2.722506650686264
2018-12-17 05:00:00,4.25,-3.679587353169918
2018-12-17 05:15:00,4.28,-4.539160252436996
2018-12-17 05:30:00,4.25,-2.9201651588082314
2018-12-17 05:45:00,3.64,-2.3208316258341073
2018-12-17 06:00:00,3.49,-0.9665564252249896
2018-12-17 06:15:00,3.4599999999999995,0.2513592507503927
2018-12-17 06:30:00,4.32,4.457675524381921
2018-12-17 06:45:00,3.6,9.109988755732774
2018-12-17 07:00:00,3.42,14.884673932120204
2018-12-17 07:15:00,3.49,20.430981639847158
2018-12-17 07:30:00,4.36,24.895425288081167
2018-12-17 07:45:00,6.19,30.340932231396437
2018-12-17 08:00:00,6.3,35.587150465548035
2018-12-17 08:15:00,6.48,41.405099965035916
2018-12-17 08:30:00,53.35,45.48645422756672
2018-12-17 08:45:00,46.93999999999999,53.278806225061416
2018-12-17 09:00:00,52.06,61.61856446325779
2018-12-17 09:15:00,54.83,71.67686447232961
2018-12-17 09:30:00,56.12,75.16878654003143
2018-12-17 09:45:00,58.0,75.95472756952049
2018-12-17 10:00:00,50.08,74.46478669017553
2018-12-17 10:15:00,46.04,72.19410974830389
2018-12-17 10:30:00,49.54,67.69549138277769
2018-12-17 10:45:00,54.14,60.804739361405375
2018-12-17 11:00:00,53.78,56.841711647212506
2018-12-17 11:15:00,52.67,51.82597375124693
2018-12-17 11:30:00,55.84,49.7058501419425
2018-12-17 11:45:00,49.64,46.89591796457768
2018-12-17 12:00:00,54.5,45.937036406397816
2018-12-17 12:15:00,11.12,44.73373696476221
2018-12-17 12:30:00,7.059999999999999,43.37958329945803
2018-12-17 12:45:00,7.129999999999999,40.016220322996375
2018-12-17 13:00:00,8.21,37.57238728865981
2018-12-17 13:15:00,33.26,37.99387060344219
2018-12-17 13:30:00,56.99,39.29021275907755
2018-12-17 13:45:00,56.59,45.164361530840395
2018-12-17 14:00:00,55.07999999999999,49.88261692762375
2018-12-17 14:15:00,51.05,56.03679202377796
2018-12-17 14:30:00,47.95,59.82015631407499
2018-12-17 14:45:00,57.82,64.03085782289504
2018-12-17 15:00:00,59.11,65.27214588880538
2018-12-17 15:15:00,60.62,67.14065268278122
2018-12-17 15:30:00,53.6,68.598124268651
2018-12-17 15:45:00,60.44,68.25279110252858
2018-12-17 16:00:00,67.5,67.57076977580786
2018-12-17 16:15:00,85.86,67.68350064784288
2018-12-17 16:30:00,82.33,69.87318848341704
2018-12-17 16:45:00,59.8,70.93068148642779
2018-12-17 17:00:00,60.37,71.82711242288352
2018-12-17 17:15:00,56.38,68.92728566080332
2018-12-17 17:30:00,52.99000000000001,66.61257981806993
2018-12-17 17:45:00,35.35,61.382849967181684
2018-12-17 18:00:00,31.32,58.262056863904
2018-12-17 18:15:00,16.09,52.135689494609835
2018-12-17 18:30:00,6.37,47.455332903862
2018-12-17 18:45:00,5.8,41.69905260741711
2018-12-17 19:00:00,5.54,39.770699920654295
2018-12-17 19:15:00,5.54,37.385547387450934
2018-12-17 19:30:00,5.62,35.79007456794381
2018-12-17 19:45:00,5.54,32.68856544062495
2018-12-17 20:00:00,5.62,28.873423457294702
2018-12-17 20:15:00,5.54,23.994835767149926
2018-12-17 20:30:00,4.75,20.29562443062663
2018-12-17 20:45:00,4.46,18.260461016520857
2018-12-17 21:00:00,4.46,16.867659685611724
2018-12-17 21:15:00,4.43,14.869738281667232
2018-12-17 21:30:00,4.43,12.989587675705552
2018-12-17 21:45:00,4.46,10.493167185038327
2018-12-17 22:00:00,4.46,8.11146198812872
2018-12-17 22:15:00,4.14,5.107866810876875
2018-12-17 22:30:00,4.18,2.258643644768745
2018-12-17 22:45:00,4.21,-0.973939484488219
2018-12-17 23:00:00,4.18,-4.051122745126486
2018-12-17 23:15:00,4.14,-7.4062325481325395
2018-12-17 23:30:00,4.07,-10.471077870205045
2018-12-17 23:45:00,4.07,-9.883349976465107
2018-12-18 00:00:00,4.14,-7.626126684099436
2018-12-18 00:15:00,5.22,-5.889967065602542
2018-12-18 00:30:00,4.68,-4.524321156591177
2018-12-18 00:45:00,4.14,-3.4234661531448363
2018-12-18 01:00:00,4.1,-2.238016121778637
2018-12-18 01:15:00,4.18,-0.017091186698526092
2018-12-18 01:30:00,4.07,1.4861818068474533
2018-12-18 01:45:00,4.18,2.477314007226378
2018-12-18 02:00:00,4.1,3.41859736552462
2018-12-18 02:15:00,4.18,4.055876017063857
2018-12-18 02:30:00,4.14,4.523868058156222
2018-12-18 02:45:00,4.21,4.752383060995489
2018-12-18 03:00:00,4.18,4.477022653790191
2018-12-18 03:15:00,3.6,4.165737898061052
2018-12-18 03:30:00,3.42,3.862450193464756
2018-12-18 03:45:00,3.42,3.0501242141611873
2018-12-18 04:00:00,3.38,1.8365866159833968
2018-12-18 04:15:00,3.42,0.5571415165998043
2018-12-18 04:30:00,3.71,-1.0744825828261673
2018-12-18 04:45:00,4.18,-2.4930648358911274
2018-12-18 05:00:00,3.5299999999999994,-4.157481013089418
2018-12-18 05:15:00,3.4599999999999995,-5.389434718489647
2018-12-18 05:30:00,3.38,-6.936424775198103
2018-12-18 05:45:00,4.03,-7.041174173951149
2018-12-18 06:00:00,4.14,-6.3164206971973185
2018-12-18 06:15:00,3.6,-4.96857564046979
2018-12-18 06:30:00,3.38,-2.929438892006874
2018-12-18 06:45:00,3.35,1.500738536603749
2018-12-18 07:00:00,3.31,7.418922384232282
2018-12-18 07:15:00,3.28,13.365722884237766
2018-12-18 07:30:00,3.42,19.902756084129212
2018-12-18 07:45:00,5.58,25.530460448414086
2018-12-18 08:00:00,7.269999999999999,31.808683514744043
2018-12-18 08:15:00,38.38,36.690964979976414
2018-12-18 08:30:00,72.86,45.05321595072746
2018-12-18 08:45:00,66.42,58.97961926788091
2018-12-18 09:00:00,81.4,69.76490810513496
2018-12-18 09:15:00,66.28,82.02731626808644
2018-12-18 09:30:00,78.3,86.73220221996309
2018-12-18 09:45:00,77.72,87.85858581244946
2018-12-18 10:00:00,74.59,85.16749663829805
2018-12-18 10:15:00,63.04,81.68542314052583
2018-12-18 10:30:00,58.68,74.01545298486948
2018-12-18 10:45:00,62.96000000000001,67.94228046774865
2018-12-18 11:00:00,68.36,61.571293123960494
2018-12-18 11:15:00,60.05,58.919315302073954
2018-12-18 11:30:00,58.82,54.75642404198646
2018-12-18 11:45:00,64.73,52.7734663566947
2018-12-18 12:00:00,67.54,50.66211349844932
2018-12-18 12:15:00,8.14,50.745361533463
2018-12-18 12:30:00,8.64,48.23193732738495
2018-12-18 12:45:00,8.78,44.35137622952461
2018-12-18 13:00:00,9.4,42.05662799954414
2018-12-18 13:15:00,52.45,43.59094807088375
2018-12-18 13:30:00,67.46,47.277160462737086
2018-12-18 13:45:00,62.53000000000001,55.30187224507332
2018-12-18 14:00:00,62.46,60.46485367149115
2018-12-18 14:15:00,67.18,66.54332995563746
2018-12-18 14:30:00,113.51,70.96270168870687
2018-12-18 14:45:00,99.49999999999999,76.63456631302834
2018-12-18 15:00:00,68.0,79.84935869455339
2018-12-18 15:15:00,120.81999999999998,83.04475033640863
2018-12-18 15:30:00,79.45,85.4279066592455
2018-12-18 15:45:00,117.68,87.4018331205845
2018-12-18 16:00:00,114.07999999999998,88.15350400090219
2018-12-18 16:15:00,106.27,89.81379415273668
2018-12-18 16:30:00,93.28,90.06407267630101
2018-12-18 16:45:00,127.58000000000001,89.76594797670842
2018-12-18 17:00:00,94.61,89.20038946986199
2018-12-18 17:15:00,101.02,87.98467265665532
2018-12-18 17:30:00,112.13999999999999,83.41588828265668
2018-12-18 17:45:00,68.08,81.34918856203556
2018-12-18 18:00:00,15.95,76.44034335255624
2018-12-18 18:15:00,7.16,71.07782172590494
2018-12-18 18:30:00,5.58,62.011559678018095
2018-12-18 18:45:00,5.65,56.27337326586247
2018-12-18 19:00:00,5.0,52.46176563024521
2018-12-18 19:15:00,4.5,49.55648241013289
2018-12-18 19:30:00,4.39,45.090023465156555
2018-12-18 19:45:00,4.43,40.20365527004004
2018-12-18 20:00:00,4.39,34.391730328947304
2018-12-18 20:15:00,4.43,29.474489359557626
2018-12-18 20:30:00,4.36,27.374536681324244
2018-12-18 20:45:00,4.39,24.927917036116124
2018-12-18 21:00:00,4.43,22.57240227639675
2018-12-18 21:15:00,4.39,19.737701596841216
2018-12-18 21:30:00,4.46,16.66889865860343
2018-12-18 21:45:00,4.39,13.406692351326345
2018-12-18 22:00:00,4.39,9.638454575240612
2018-12-18 22:15:00,4.25,6.005847954005002
2018-12-18 22:30:00,5.18,1.71120428359136
2018-12-18 22:45:00,5.1499999999999995,-1.8620274292491377
2018-12-18 23:00:00,4.14,-5.83600539021194
2018-12-18 23:15:00,4.14,-8.601384352743626
2018-12-18 23:30:00,4.14,-9.243198544681073
2018-12-18 23:45:00,4.1,-6.383448680937291
2018-12-19 00:00:00,3.92,-4.204830943346024
2018-12-19 00:15:00,4.14,-2.5574858452379705
2018-12-19 00:30:00,4.14,-1.5608225254155694
2018-12-19 00:45:00,4.14,-0.8350086320750415
2018-12-19 01:00:00,4.21,1.7982558403536677
2018-12-19 01:15:00,4.14,3.5289110041968526
2018-12-19 01:30:00,4.14,5.212732411976903
2018-12-19 01:45:00,4.18,6.192793953008949
2018-12-19 02:00:00,4.18,8.042600028216839
2018-12-19 02:15:00,4.93,8.897094828784466
2018-12-19 02:30:00,5.26,9.12293830037117
2018-12-19 02:45:00,4.14,8.243344915583728
2018-12-19 03:00:00,4.14,7.654672807604074
2018-12-19 03:15:00,4.1,7.009958047904074
2018-12-19 03:30:00,4.25,6.122226849962026
2018-12-19 03:45:00,3.8200000000000003,4.847716140095144
2018-12-19 04:00:00,3.49,3.10803199775517
2018-12-19 04:15:00,3.42,1.4492749309912325
2018-12-19 04:30:00,3.42,-0.8128454201854765
2018-12-19 04:45:00,3.49,-2.513573708087206
2018-12-19 05:00:00,3.38,-4.813439332246781
2018-12-19 05:15:00,3.42,-6.229054495915771
2018-12-19 05:30:00,3.38,-8.848887492716313
2018-12-19 05:45:00,3.42,-8.295083947926761
2018-12-19 06:00:00,3.42,-7.40363006465137
2018-12-19 06:15:00,4.07,-6.003096506074072
2018-12-19 06:30:00,4.18,-3.71885588735342
2018-12-19 06:45:00,3.9599999999999995,1.8292218010500074
2018-12-19 07:00:00,4.1,9.598530367910861
2018-12-19 07:15:00,4.1,15.648298497349023
2018-12-19 07:30:00,4.07,22.718237905949355
2018-12-19 07:45:00,5.76,26.90632767304778
2018-12-19 08:00:00,6.23,32.40385060414672
2018-12-19 08:15:00,36.14,36.09199633359909
2018-12-19 08:30:00,70.81,42.869869282841684
2018-12-19 08:45:00,59.54,55.18190651386976
2018-12-19 09:00:00,63.86,67.47652349740267
2018-12-19 09:15:00,77.4,77.27921876132488
2018-12-19 09:30:00,65.23,83.92119671463968
2018-12-19 09:45:00,69.3,84.3319265407324
2018-12-19 10:00:00,61.129999999999995,80.37963659703732
2018-12-19 10:15:00,61.16,75.16331211835146
2018-12-19 10:30:00,70.42,68.28971088975668
2018-12-19 10:45:00,63.68,64.15458244740962
2018-12-19 11:00:00,83.09,58.46681101292371
2018-12-19 11:15:00,140.8,57.26260889798403
2018-12-19 11:30:00,110.88,61.04330558657646
2018-12-19 11:45:00,115.13,60.31399944782257
2018-12-19 12:00:00,101.99,62.49617398768663
2018-12-19 12:15:00,12.13,62.7476920029521
2018-12-19 12:30:00,6.66,61.70711626529694
2018-12-19 12:45:00,6.8,53.06154937714338
2018-12-19 13:00:00,6.98,50.19696729212999
2018-12-19 13:15:00,62.42,48.665480986237526
2018-12-19 13:30:00,116.46,53.350988653004165
2018-12-19 13:45:00,89.86,64.51732238829136
2018-12-19 14:00:00,98.03,70.97356520473957
2018-12-19 14:15:00,149.18,79.60709195792676
2018-12-19 14:30:00,116.64000000000001,91.51066727340222
2018-12-19 14:45:00,105.48,95.97742710947992
2018-12-19 15:00:00,145.22,99.12580788493158
2018-12-19 15:15:00,101.38,103.30265240848065
2018-12-19 15:30:00,130.46,105.0225639075041
2018-12-19 15:45:00,115.24,105.65472263872624
2018-12-19 16:00:00,125.21,105.48277460157873
2018-12-19 16:15:00,133.56,105.3703850388527
2018-12-19 16:30:00,81.65,104.8877377486229
2018-12-19 16:45:00,62.68,103.82023899376394
2018-12-19 17:00:00,125.5,97.47297264695169
2018-12-19 17:15:00,68.0,93.85477960765363
2018-12-19 17:30:00,40.50000000000001,87.12216606914998
2018-12-19 17:45:00,31.679999999999996,81.01472340285778
2018-12-19 18:00:00,26.82,72.40798044860362
2018-12-19 18:15:00,5.98,64.6520272925496
2018-12-19 18:30:00,5.47,55.60253880083561
2018-12-19 18:45:00,5.54,51.90899724066257
2018-12-19 19:00:00,5.44,48.546646964848044
2018-12-19 19:15:00,5.47,46.176321177482606
2018-12-19 19:30:00,5.47,43.656879149377346
2018-12-19 19:45:00,5.4,39.07949243351817
2018-12-19 20:00:00,5.33,33.82998011544347
2018-12-19 20:15:00,5.359999999999999,28.436848432868718
2018-12-19 20:30:00,5.33,26.274420432895422
2018-12-19 20:45:00,5.44,24.013372006267307
2018-12-19 21:00:00,5.4,22.02878187447786
2018-12-19 21:15:00,5.4,19.271753762736918
2018-12-19 21:30:00,5.04,16.437017155885695
2018-12-19 21:45:00,4.25,13.054077171459793
2018-12-19 22:00:00,4.39,9.395184119790793
2018-12-19 22:15:00,4.03,5.4495853542350225
2018-12-19 22:30:00,4.03,1.0516217984817922
2018-12-19 22:45:00,3.9599999999999995,-3.061404339969158
2018-12-19 23:00:00,4.07,-7.133494973853231
2018-12-19 23:15:00,4.03,-10.416387544348837
2018-12-19 23:30:00,3.92,-12.67012925721705
2018-12-19 23:45:00,3.9599999999999995,-9.842279463857412
2018-12-20 00:00:00,3.89,-6.355766699612141
2018-12-20 00:15:00,4.03,-4.190160256698728
2018-12-20 00:30:00,4.03,-2.1227024140022697
2018-12-20 00:45:00,4.0,-0.9337660315446555
2018-12-20 01:00:00,4.0,1.066142039578408
2018-12-20 01:15:00,4.0,3.745999162234366
2018-12-20 01:30:00,4.1,5.7161785189062355
2018-12-20 01:45:00,4.0,7.088708995953202
2018-12-20 02:00:00,4.07,8.575014482066035
2018-12-20 02:15:00,4.43,9.759866380095481
2018-12-20 02:30:00,5.18,11.18680762372911
2018-12-20 02:45:00,4.1,10.829014422371984
2018-12-20 03:00:00,4.0,9.53784804277122
2018-12-20 03:15:00,4.1,9.437677690126002
2018-12-20 03:30:00,4.03,8.4428952203691
2018-12-20 03:45:00,4.1,6.9661466755904256
2018-12-20 04:00:00,3.31,4.872201995514333
2018-12-20 04:15:00,3.35,2.77715170904994
2018-12-20 04:30:00,3.4599999999999995,-0.051359651777893256
2018-12-20 04:45:00,3.38,-2.327396216392517
2018-12-20 05:00:00,3.35,-5.172978375628591
2018-12-20 05:15:00,3.35,-7.088775595277548
2018-12-20 05:30:00,3.38,-9.836856687664985
2018-12-20 05:45:00,3.38,-9.896975403353572
2018-12-20 06:00:00,3.92,-9.071636725962163
2018-12-20 06:15:00,3.67,-7.591118902638555
2018-12-20 06:30:00,3.35,-4.8004864194244155
2018-12-20 06:45:00,4.0,1.4078835988603533
2018-12-20 07:00:00,4.03,9.680733704529702
2018-12-20 07:15:00,3.9599999999999995,16.987836489677427
2018-12-20 07:30:00,4.18,24.37916576728225
2018-12-20 07:45:00,4.79,29.55189696356654
2018-12-20 08:00:00,5.870000000000001,35.07621042996645
2018-12-20 08:15:00,39.49,38.94365132853389
2018-12-20 08:30:00,79.85000000000001,46.3371811529994
2018-12-20 08:45:00,66.96,59.243949854969976
2018-12-20 09:00:00,63.14,72.53197452783584
2018-12-20 09:15:00,64.12,81.75465503931046
2018-12-20 09:30:00,64.37,86.3364810216427
2018-12-20 09:45:00,83.16,89.37384645342827
2018-12-20 10:00:00,71.14,87.04826362192631
2018-12-20 10:15:00,58.72,83.03243625581266
2018-12-20 10:30:00,68.72,75.28691997915506
2018-12-20 10:45:00,75.53,68.50712491959334
2018-12-20 11:00:00,77.51,64.1599895054102
2018-12-20 11:15:00,64.4,60.87816128104925
2018-12-20 11:30:00,63.0,57.521671645343304
2018-12-20 11:45:00,71.46,54.280903829038145
2018-12-20 12:00:00,71.06,52.19827933460474
2018-12-20 12:15:00,16.96,51.39108730971813
2018-12-20 12:30:00,7.669999999999999,48.843105536103245
2018-12-20 12:45:00,7.489999999999999,44.353055830597874
2018-12-20 13:00:00,6.66,41.495996023118494
2018-12-20 13:15:00,42.7,41.927303207814695
2018-12-20 13:30:00,63.07,44.94228144347667
2018-12-20 13:45:00,71.5,51.58831019937992
2018-12-20 14:00:00,76.9,57.112648365795614
2018-12-20 14:15:00,63.49999999999999,64.43084987848997
2018-12-20 14:30:00,78.41,68.85389966845513
2018-12-20 14:45:00,73.4,73.17645183056592
2018-12-20 15:00:00,64.44,75.00252399742604
2018-12-20 15:15:00,60.26,76.41085602462293
2018-12-20 15:30:00,58.9,75.79430770337582
2018-12-20 15:45:00,60.59,75.4104694581032
2018-12-20 16:00:00,56.92000000000001,73.43955639868975
2018-12-20 16:15:00,60.08,71.50658705443144
2018-12-20 16:30:00,58.68,68.92627071470022
2018-12-20 16:45:00,57.56,67.5000244396925
2018-12-20 17:00:00,46.50999999999999,64.16081134229898
2018-12-20 17:15:00,58.07,61.243371223509314
2018-12-20 17:30:00,41.22,56.533383595645425
2018-12-20 17:45:00,41.51,53.81791775137186
2018-12-20 18:00:00,24.8,48.436821712851525
2018-12-20 18:15:00,5.44,44.50316456288099
2018-12-20 18:30:00,5.18,37.281542357355356
2018-12-20 18:45:00,5.290000000000001,34.062431963980195
2018-12-20 19:00:00,5.290000000000001,30.45692126005888
2018-12-20 19:15:00,5.290000000000001,28.389184138774873
2018-12-20 19:30:00,4.18,25.100386019051076
2018-12-20 19:45:00,4.07,22.32246506214142
2018-12-20 20:00:00,4.1,18.12077793635428
2018-12-20 20:15:00,4.07,16.57859876908362
2018-12-20 20:30:00,4.18,15.297274223044514
2018-12-20 20:45:00,4.1,13.727846447452903
2018-12-20 21:00:00,4.1,12.056912834271788
2018-12-20 21:15:00,4.14,10.10268126733601
2018-12-20 21:30:00,4.14,7.995213609300554
2018-12-20 21:45:00,4.21,5.6737099292688065
2018-12-20 22:00:00,4.18,3.102707179579884
2018-12-20 22:15:00,3.85,0.47477706851437695
2018-12-20 22:30:00,3.85,-2.336319658458233
2018-12-20 22:45:00,4.64,-4.8127207863330845
2018-12-20 23:00:00,5.04,-7.004548541456462
2018-12-20 23:15:00,4.07,-8.622397329807281
2018-12-20 23:30:00,3.8200000000000003,-10.19209119193256
2018-12-20 23:45:00,3.85,-8.832728068754077
2018-12-21 00:00:00,3.92,-5.665551704019308
2018-12-21 00:15:00,3.89,-3.8215046620368955
2018-12-21 00:30:00,3.85,-2.814802750572562
2018-12-21 00:45:00,3.89,-1.374959397558123
2018-12-21 01:00:00,3.89,1.1868400701135398
2018-12-21 01:15:00,3.9599999999999995,3.2911040238291025
2018-12-21 01:30:00,3.89,4.5607854595873505
2018-12-21 01:45:00,3.89,5.605439927689731
2018-12-21 02:00:00,3.89,6.658945842925458
2018-12-21 02:15:00,3.92,7.005843249820172
2018-12-21 02:30:00,3.92,6.8302584160305555
2018-12-21 02:45:00,3.92,6.055264545809477
2018-12-21 03:00:00,3.9599999999999995,4.335406095683575
2018-12-21 03:15:00,4.79,4.190982857942581
2018-12-21 03:30:00,4.5,3.7272039939742534
2018-12-21 03:45:00,3.24,3.0069019933603705
2018-12-21 04:00:00,3.28,1.8245998105965555
2018-12-21 04:15:00,3.24,0.5502024962566794
2018-12-21 04:30:00,3.24,-1.0973267292417586
2018-12-21 04:45:00,3.28,-2.5216719450801612
2018-12-21 05:00:00,3.28,-4.169180961474776
2018-12-21 05:15:00,3.28,-5.4546427601575855
2018-12-21 05:30:00,3.2,-7.719837421253324
2018-12-21 05:45:00,3.24,-6.865502048060298
2018-12-21 06:00:00,3.2,-5.560106213912368
2018-12-21 06:15:00,3.67,-3.7468151824921367
2018-12-21 06:30:00,3.9599999999999995,0.6659349815733732
2018-12-21 06:45:00,3.92,6.346100214608013
2018-12-21 07:00:00,3.89,13.461692550107836
2018-12-21 07:15:00,3.67,19.032722728177905
2018-12-21 07:30:00,3.17,24.939867352843283
2018-12-21 07:45:00,5.44,28.66869625374675
2018-12-21 08:00:00,6.77,33.13516642600298
2018-12-21 08:15:00,28.8,35.826062490940096
2018-12-21 08:30:00,54.22,40.569004430770875
2018-12-21 08:45:00,56.41,49.477172904908656
2018-12-21 09:00:00,56.74,59.64143149077892
2018-12-21 09:15:00,43.78,67.19194338828325
2018-12-21 09:30:00,47.52000000000001,70.7708903479576
2018-12-21 09:45:00,56.2,72.15449541389943
2018-12-21 10:00:00,51.59000000000001,70.55541639208793
2018-12-21 10:15:00,66.64,67.26704939991235
2018-12-21 10:30:00,53.14,64.58961259812116
2018-12-21 10:45:00,58.54,60.96079855203629
2018-12-21 11:00:00,73.12,57.71947835355997
2018-12-21 11:15:00,67.79,56.859720204174515
2018-12-21 11:30:00,65.59,55.15491613298654
2018-12-21 11:45:00,57.85,54.980435221493245
2018-12-21 12:00:00,58.9,52.77028230011463
2018-12-21 12:15:00,7.419999999999999,51.86241301089525
2018-12-21 12:30:00,8.35,49.76221557796001
2018-12-21 12:45:00,7.669999999999999,45.273858946263786
2018-12-21 13:00:00,7.199999999999998,42.74978678792715
2018-12-21 13:15:00,39.74,40.69693703979254
2018-12-21 13:30:00,58.029999999999994,43.149127661287785
2018-12-21 13:45:00,63.97,48.27469530016184
2018-12-21 14:00:00,56.34,53.48091522693634
2018-12-21 14:15:00,69.62,57.52678230315447
2018-12-21 14:30:00,60.34,60.27241809397936
2018-12-21 14:45:00,57.74,62.291038111150264
2018-12-21 15:00:00,68.04,62.579242386221885
2018-12-21 15:15:00,67.68,63.945198168158534
2018-12-21 15:30:00,58.32000000000001,64.51182551205159
2018-12-21 15:45:00,65.48,64.56833465725184
2018-12-21 16:00:00,63.0,63.08041468828917
2018-12-21 16:15:00,69.73,63.379055842757225
2018-12-21 16:30:00,59.69,62.08862372726202
2018-12-21 16:45:00,63.32,61.587990334630014
2018-12-21 17:00:00,62.32,59.35765525490046
2018-12-21 17:15:00,52.78,59.00763357669115
2018-12-21 17:30:00,45.86,55.15844149887562
2018-12-21 17:45:00,30.780000000000005,52.259005446135994
2018-12-21 18:00:00,8.21,46.607143343687056
2018-12-21 18:15:00,5.51,42.6478879955411
2018-12-21 18:30:00,5.4,35.434389849752186
2018-12-21 18:45:00,5.62,30.701770271062852
2018-12-21 19:00:00,5.54,26.027561738789082
2018-12-21 19:15:00,5.54,22.147692241370677
2018-12-21 19:30:00,5.51,16.841424900665878
2018-12-21 19:45:00,5.47,13.356171837225556
2018-12-21 20:00:00,5.54,10.621966540068387
2018-12-21 20:15:00,5.47,8.931006827726959
2018-12-21 20:30:00,5.44,7.164691296778619
2018-12-21 20:45:00,5.47,5.642086611334234
2018-12-21 21:00:00,5.44,3.9955202654283495
2018-12-21 21:15:00,5.54,3.0791478554345666
2018-12-21 21:30:00,5.4,2.3282421142421663
2018-12-21 21:45:00,5.44,1.8795138400048017
2018-12-21 22:00:00,5.44,1.4227291503921151
2018-12-21 22:15:00,5.18,1.1333283279649913
2018-12-21 22:30:00,5.26,0.7175456645525993
2018-12-21 22:45:00,5.1499999999999995,0.5541039760224522
2018-12-21 23:00:00,5.1499999999999995,0.2352217199839652
2018-12-21 23:15:00,5.11,0.12546944530680781
2018-12-21 23:30:00,4.57,0.2913974149711431
2018-12-21 23:45:00,4.0,0.41222147172316914
2018-12-22 00:00:00,3.31,0.8342094527371228
2018-12-22 00:15:00,4.0,1.3114954361319542
2018-12-22 00:30:00,4.0,1.9507913491874933
2018-12-22 00:45:00,4.0,2.3898790388554336
2018-12-22 01:00:00,4.1,3.1795604366436603
2018-12-22 01:15:00,3.9599999999999995,3.3092217660881578
2018-12-22 01:30:00,4.03,3.8901772242505106
2018-12-22 01:45:00,4.03,3.897601964790374
2018-12-22 02:00:00,3.9599999999999995,4.057251218510792
2018-12-22 02:15:00,4.07,4.028127794787288
2018-12-22 02:30:00,4.07,4.126470346264541
2018-12-22 02:45:00,3.67,4.19373803243041
2018-12-22 03:00:00,3.31,4.369900369429961
2018-12-22 03:15:00,3.8200000000000003,4.790085108950733
2018-12-22 03:30:00,4.07,4.9959594598226245
2018-12-22 03:45:00,3.42,5.3926344155706465
2018-12-22 04:00:00,3.38,5.6863844055496156
2018-12-22 04:15:00,3.31,6.0787057028338305
2018-12-22 04:30:00,3.38,6.045100769996643
2018-12-22 04:45:00,3.35,5.940355862155556
2018-12-22 05:00:00,3.38,5.825878867413848
2018-12-22 05:15:00,3.42,6.238469334468245
2018-12-22 05:30:00,3.9599999999999995,6.657935107052325
2018-12-22 05:45:00,4.07,7.113435957208275
2018-12-22 06:00:00,4.07,7.237740470729768
2018-12-22 06:15:00,4.0,8.24757030237466
2018-12-22 06:30:00,3.38,9.408791583031416
2018-12-22 06:45:00,3.35,10.69107830695808
2018-12-22 07:00:00,3.35,11.84909925147891
2018-12-22 07:15:00,3.31,13.060520507395267
2018-12-22 07:30:00,3.85,14.590801003426312
2018-12-22 07:45:00,4.03,15.763833943903446
2018-12-22 08:00:00,3.35,17.114223102256656
2018-12-22 08:15:00,3.31,17.957916136831045
2018-12-22 08:30:00,3.24,18.142606013938785
2018-12-22 08:45:00,3.38,17.82073337189853
2018-12-22 09:00:00,3.8200000000000003,17.229129821136592
2018-12-22 09:15:00,4.28,16.387959556356073
2018-12-22 09:30:00,4.28,15.679612503722309
2018-12-22 09:45:00,4.32,14.944332329332829
2018-12-22 10:00:00,4.21,13.99557553216815
2018-12-22 10:15:00,3.6,13.008773974329232
2018-12-22 10:30:00,3.6,11.442438191622495
2018-12-22 10:45:00,3.6,9.41803107302636
2018-12-22 11:00:00,3.6,7.425794602259993
2018-12-22 11:15:00,3.6,5.9661171365715555
2018-12-22 11:30:00,3.6,5.741333800889551
2018-12-22 11:45:00,3.6,5.511359251663088
2018-12-22 12:00:00,3.6,5.412554697617888
2018-12-22 12:15:00,3.71,5.369349879100918
2018-12-22 12:30:00,4.39,5.34025999687612
2018-12-22 12:45:00,4.1,5.426537994053215
2018-12-22 13:00:00,3.71,5.529743641819804
2018-12-22 13:15:00,4.28,5.735494492612779
2018-12-22 13:30:00,4.25,5.9377716230042275
2018-12-22 13:45:00,4.25,6.274488693848252
2018-12-22 14:00:00,4.21,6.596779832746833
2018-12-22 14:15:00,3.67,6.966967951115221
2018-12-22 14:30:00,3.4599999999999995,6.770198362879454
2018-12-22 14:45:00,3.49,6.5618657990731295
2018-12-22 15:00:00,3.5299999999999994,6.369746830854565
2018-12-22 15:15:00,3.56,6.158970368895679
2018-12-22 15:30:00,3.5299999999999994,5.975236494671553
2018-12-22 15:45:00,3.56,5.8934592333249745
2018-12-22 16:00:00,3.56,5.8934592333249745
2018-12-22 16:15:00,3.49,5.8934592333249745
2018-12-22 16:30:00,3.5299999999999994,5.8934592333249745
2018-12-22 16:45:00,3.56,5.8934592333249745
2018-12-22 17:00:00,4.68,5.8934592333249745
2018-12-22 17:15:00,5.44,5.8934592333249745
2018-12-22 17:30:00,4.46,5.8934592333249745
2018-12-22 17:45:00,4.28,5.8934592333249745
2018-12-22 18:00:00,4.07,5.8934592333249745
2018-12-22 18:15:00,3.6,5.8934592333249745
2018-12-22 18:30:00,3.67,5.8934592333249745
2018-12-22 18:45:00,3.67,5.8934592333249745
2018-12-22 19:00:00,3.71,5.8934592333249745
2018-12-22 19:15:00,3.74,5.8934592333249745
2018-12-22 19:30:00,3.71,5.8934592333249745
2018-12-22 19:45:00,3.74,5.8934592333249745
2018-12-22 20:00:00,3.67,5.8934592333249745
2018-12-22 20:15:00,3.67,5.8934592333249745
2018-12-22 20:30:00,3.67,5.8934592333249745
2018-12-22 20:45:00,3.67,5.8934592333249745
2018-12-22 21:00:00,4.18,5.8934592333249745
2018-12-22 21:15:00,4.61,5.8934592333249745
2018-12-22 21:30:00,5.51,5.8934592333249745
2018-12-22 21:45:00,4.43,5.8934592333249745
2018-12-22 22:00:00,4.1,5.803951709084212
2018-12-22 22:15:00,3.4599999999999995,5.756188053563236
2018-12-22 22:30:00,3.38,5.7084768855758
2018-12-22 22:45:00,3.42,5.697682136632501
2018-12-22 23:00:00,3.38,5.682979452237486
2018-12-22 23:15:00,3.35,5.705319213103502
2018-12-22 23:30:00,3.31,5.72724159983918
2018-12-22 23:45:00,3.31,5.783496166467666
2018-12-23 00:00:00,3.78,5.851623581591993
2018-12-23 00:15:00,3.31,5.8934592333249745
2018-12-23 00:30:00,3.35,5.8934592333249745
2018-12-23 00:45:00,3.42,5.8934592333249745
2018-12-23 01:00:00,4.93,5.8934592333249745
2018-12-23 01:15:00,4.93,5.8934592333249745
2018-12-23 01:30:00,4.14,5.849727294016629
2018-12-23 01:45:00,4.07,5.717571824342012
2018-12-23 02:00:00,3.49,5.605299025326967
2018-12-23 02:15:00,3.4599999999999995,5.489940969794988
2018-12-23 02:30:00,3.49,5.393260336425155
2018-12-23 02:45:00,3.42,5.365857914369553
2018-12-23 03:00:00,3.42,5.493639235794544
2018-12-23 03:15:00,3.4599999999999995,5.52183570722118
2018-12-23 03:30:00,3.42,5.6796704921685155
2018-12-23 03:45:00,3.5299999999999994,5.6949766428582365
2018-12-23 04:00:00,3.4599999999999995,5.755161880180239
2018-12-23 04:15:00,3.42,5.750903934277594
2018-12-23 04:30:00,3.6,5.851474539451301
2018-12-23 04:45:00,4.14,5.886844962053001
2018-12-23 05:00:00,5.18,6.028088634125888
2018-12-23 05:15:00,4.64,6.1695004347153
2018-12-23 05:30:00,4.1,6.42385614497587
2018-12-23 05:45:00,3.49,6.716297314800322
2018-12-23 06:00:00,3.38,7.228083325922489
2018-12-23 06:15:00,3.35,7.644951105937361
2018-12-23 06:30:00,3.4599999999999995,8.143562465459107
2018-12-23 06:45:00,3.38,8.71662191800773
2018-12-23 07:00:00,3.38,9.605375640466809
2018-12-23 07:15:00,3.38,10.411036825738847
2018-12-23 07:30:00,3.38,10.929067449942231
2018-12-23 07:45:00,3.42,11.374469361826778
2018-12-23 08:00:00,3.49,11.810584067776798
2018-12-23 08:15:00,4.07,12.429328444972635
2018-12-23 08:30:00,4.97,13.497830918654799
2018-12-23 08:45:00,4.82,14.615572873800993
2018-12-23 09:00:00,4.28,15.309609635472297
2018-12-23 09:15:00,3.92,15.221713506579398
2018-12-23 09:30:00,3.71,14.230180772989987
2018-12-23 09:45:00,3.64,13.02801191844046
2018-12-23 10:00:00,3.64,11.645736162438988
2018-12-23 10:15:00,3.67,9.865618936307728
2018-12-23 10:30:00,3.71,7.787640851661562
2018-12-23 10:45:00,3.71,5.6883601261302825
2018-12-23 11:00:00,3.74,3.526214492246509
2018-12-23 11:15:00,3.78,1.481949683688581
2018-12-23 11:30:00,3.71,-0.7805860768444836
2018-12-23 11:45:00,3.74,-2.8759588669240475
2018-12-23 12:00:00,3.9599999999999995,-4.532272316217423
2018-12-23 12:15:00,4.86,-5.6188888832926756
2018-12-23 12:30:00,5.54,-6.507738037630916
2018-12-23 12:45:00,4.54,-7.087804435566068
2018-12-23 13:00:00,4.36,-7.45578639343381
2018-12-23 13:15:00,3.67,-7.5364611358940605
2018-12-23 13:30:00,3.67,-7.165076189488173
2018-12-23 13:45:00,3.67,-6.2502201639860875
2018-12-23 14:00:00,3.67,-4.991551146060229
2018-12-23 14:15:00,3.71,-3.244350620508194
2018-12-23 14:30:00,3.67,-1.0365776017867028
2018-12-23 14:45:00,3.67,1.7119402317889034
2018-12-23 15:00:00,3.67,4.6320677403640005
2018-12-23 15:15:00,3.64,6.861322615426033
2018-12-23 15:30:00,3.67,7.03281987728551
2018-12-23 15:45:00,3.74,6.720261105969548
2018-12-23 16:00:00,4.36,6.39336565958336
2018-12-23 16:15:00,4.36,5.8362458569929
2018-12-23 16:30:00,5.0,5.487362063601613
2018-12-23 16:45:00,5.33,5.441958101633936
2018-12-23 17:00:00,3.6,5.610603073034435
2018-12-23 17:15:00,3.56,5.7845391807705155
2018-12-23 17:30:00,3.6,5.941412629876285
2018-12-23 17:45:00,3.67,6.054335769079625
2018-12-23 18:00:00,3.49,6.126130575183779
2018-12-23 18:15:00,3.49,6.166978226285427
2018-12-23 18:30:00,3.49,6.101997817717492
2018-12-23 18:45:00,3.64,5.914710509404539
2018-12-23 19:00:00,3.64,6.319399216864258
2018-12-23 19:15:00,4.03,8.711358007825911
2018-12-23 19:30:00,4.25,11.271866618990897
2018-12-23 19:45:00,4.28,14.001688786074519
2018-12-23 20:00:00,4.25,14.959781066477298
2018-12-23 20:15:00,4.0,15.539926055371762
2018-12-23 20:30:00,3.49,15.817458800897002
2018-12-23 20:45:00,4.21,15.785051257461308
2018-12-23 21:00:00,4.14,15.343097243234515
2018-12-23 21:15:00,3.49,14.559409528821707
2018-12-23 21:30:00,3.42,13.374877608269452
2018-12-23 21:45:00,3.4599999999999995,11.792453133463859
2018-12-23 22:00:00,3.5299999999999994,9.835674658082425
2018-12-23 22:15:00,3.2,7.468501490913331
2018-12-23 22:30:00,3.2,4.765912073617801
2018-12-23 22:45:00,3.2,1.8018067483045161
2018-12-23 23:00:00,3.9599999999999995,-1.3677391338534652
2018-12-23 23:15:00,4.0,-4.656376422792673
2018-12-23 23:30:00,4.0,-7.404036492183805
2018-12-23 23:45:00,4.0,-6.94834365554154
2018-12-24 00:00:00,3.78,-4.387073273435235
2018-12-24 00:15:00,3.35,-3.1541731083393096
2018-12-24 00:30:00,3.38,-1.431831745263189
2018-12-24 00:45:00,3.38,-1.1683100836910307
2018-12-24 01:00:00,3.9599999999999995,-1.130000359211117
2018-12-24 01:15:00,3.89,0.15094245931133632
2018-12-24 01:30:00,3.38,1.3002089323289694
2018-12-24 01:45:00,3.35,2.2192869764380156
2018-12-24 02:00:00,3.49,2.9277839132584633
2018-12-24 02:15:00,3.38,3.517957950606942
2018-12-24 02:30:00,3.42,3.6489077507611363
2018-12-24 02:45:00,4.0,3.816213588351384
2018-12-24 03:00:00,4.07,2.48160423155874
2018-12-24 03:15:00,4.14,3.130493855290115
2018-12-24 03:30:00,4.1,3.647237973557785
2018-12-24 03:45:00,3.9599999999999995,3.3012046461924913
2018-12-24 04:00:00,3.35,2.0820211296342315
2018-12-24 04:15:00,3.38,0.6845559866540134
2018-12-24 04:30:00,3.64,-0.8871952745132148
2018-12-24 04:45:00,4.07,-2.4449458369612693
2018-12-24 05:00:00,3.42,-3.9605657508969307
2018-12-24 05:15:00,3.31,-5.3224336802214385
2018-12-24 05:30:00,3.35,-3.9061269161105154
2018-12-24 05:45:00,3.35,-3.662817165181041
2018-12-24 06:00:00,3.35,-2.9314115250855686
2018-12-24 06:15:00,3.38,-1.9505242176167665
2018-12-24 06:30:00,3.6,1.6039439036883414
2018-12-24 06:45:00,4.03,6.88526956140995
2018-12-24 07:00:00,4.0,13.536515634283424
2018-12-24 07:15:00,3.9599999999999995,20.246040271669624
2018-12-24 07:30:00,4.54,26.61655382424593
2018-12-24 07:45:00,5.359999999999999,32.481938581317664
2018-12-24 08:00:00,6.52,38.03326937407255
2018-12-24 08:15:00,21.89,44.022457346618175
2018-12-24 08:30:00,59.62,49.95762413918972
2018-12-24 08:45:00,64.58,60.04218700140714
2018-12-24 09:00:00,67.18,68.48836188942194
2018-12-24 09:15:00,69.44,79.11638797163964
2018-12-24 09:30:00,65.38,85.56984642267228
2018-12-24 09:45:00,67.0,87.22061584115029
2018-12-24 10:00:00,56.27,84.63592535316945
2018-12-24 10:15:00,54.18,82.03856151163579
2018-12-24 10:30:00,58.39,75.93459032028915
2018-12-24 10:45:00,54.86,69.34907211214303
2018-12-24 11:00:00,54.18,63.187931611537934
2018-12-24 11:15:00,55.55,57.63189658850431
2018-12-24 11:30:00,53.21,53.629348849058154
2018-12-24 11:45:00,53.03,50.48558473110199
2018-12-24 12:00:00,40.64000000000001,48.3315906637907
2018-12-24 12:15:00,6.91,46.44176101982593
2018-12-24 12:30:00,6.91,43.44011630177498
2018-12-24 12:45:00,6.48,39.898122811168435
2018-12-24 13:00:00,6.12,37.56018772631884
2018-12-24 13:15:00,34.49,37.93323206469417
2018-12-24 13:30:00,46.98,40.11466784954071
2018-12-24 13:45:00,38.2,45.15471954286098
2018-12-24 14:00:00,37.84000000000001,48.59153812080622
2018-12-24 14:15:00,43.45000000000001,53.308845935165884
2018-12-24 14:30:00,63.9,56.692312479019165
2018-12-24 14:45:00,38.48,62.02747996091843
2018-12-24 15:00:00,38.12,62.745424092411994
2018-12-24 15:15:00,45.25,63.19253030538559
2018-12-24 15:30:00,51.12,62.70619148552418
2018-12-24 15:45:00,45.72,62.16756048679352
2018-12-24 16:00:00,51.7,61.50978559374809
2018-12-24 16:15:00,47.2,60.64452158629894
2018-12-24 16:30:00,69.55,60.26697061777115
2018-12-24 16:45:00,44.82,60.901311932206156
2018-12-24 17:00:00,40.86,60.65124897241592
2018-12-24 17:15:00,33.66,59.19922037184239
2018-12-24 17:30:00,9.86,56.11419738233089
2018-12-24 17:45:00,6.730000000000001,51.21071432173252
2018-12-24 18:00:00,5.290000000000001,47.128210385739806
2018-12-24 18:15:00,5.22,42.09789498955011
2018-12-24 18:30:00,5.18,37.79960273385048
2018-12-24 18:45:00,5.33,32.705107714831826
2018-12-24 19:00:00,5.04,30.499573696404696
2018-12-24 19:15:00,4.14,29.372911667376755
2018-12-24 19:30:00,4.18,28.229963346123697
2018-12-24 19:45:00,4.1,26.796832503080367
2018-12-24 20:00:00,4.18,25.185614546239375
2018-12-24 20:15:00,4.1,21.55773011893034
2018-12-24 20:30:00,4.14,18.021493977457286
2018-12-24 20:45:00,4.21,16.01132473386824
2018-12-24 21:00:00,4.18,14.828387087062001
2018-12-24 21:15:00,4.18,13.751055480465292
2018-12-24 21:30:00,4.14,12.184733170494436
2018-12-24 21:45:00,4.18,10.504281069412826
2018-12-24 22:00:00,5.4,8.490693119093775
2018-12-24 22:15:00,4.5,6.229792892560362
2018-12-24 22:30:00,3.92,3.802017534961924
2018-12-24 22:45:00,3.89,0.9970897772721947
2018-12-24 23:00:00,3.85,-1.6826688260026275
2018-12-24 23:15:00,3.85,-4.872097378820182
2018-12-24 23:30:00,3.8200000000000003,-7.621350599229336
2018-12-24 23:45:00,3.85,-10.724961473345758
2018-12-25 00:00:00,3.13,-10.195017021074891
2018-12-25 00:15:00,3.85,-8.168901671841741
2018-12-25 00:30:00,3.92,-5.83115071438253
2018-12-25 00:45:00,3.89,-4.7494191367924214
2018-12-25 01:00:00,3.85,-3.7614084009081123
2018-12-25 01:15:00,3.56,-2.681537183597684
2018-12-25 01:30:00,3.2,-0.34559016933664677
2018-12-25 01:45:00,3.92,0.9747632084600628
2018-12-25 02:00:00,3.64,1.92405133664608
2018-12-25 02:15:00,3.17,2.8387350234016777
2018-12-25 02:30:00,3.17,3.3715166093036535
2018-12-25 02:45:00,3.2,3.8717824488598853
2018-12-25 03:00:00,3.24,3.8295629644952713
2018-12-25 03:15:00,3.2,3.758165183076635
2018-12-25 03:30:00,3.2,2.851918937508017
2018-12-25 03:45:00,3.28,2.5498868638277052
2018-12-25 04:00:00,3.9599999999999995,1.6715854582749308
2018-12-25 04:15:00,3.9599999999999995,0.8192361908964814
2018-12-25 04:30:00,3.92,-0.4534062995947897
2018-12-25 04:45:00,3.89,-1.590996962878853
2018-12-25 05:00:00,3.35,-3.017407998219132
2018-12-25 05:15:00,3.24,-4.23778974622488
2018-12-25 05:30:00,3.35,-5.575898505821825
2018-12-25 05:45:00,3.9599999999999995,-6.884655787572265
2018-12-25 06:00:00,3.71,-6.484159627109767
2018-12-25 06:15:00,3.17,-5.770354993715883
2018-12-25 06:30:00,3.2,-4.001671068072319
2018-12-25 06:45:00,3.2,-1.3539138613827526
2018-12-25 07:00:00,3.17,3.938388146534562
2018-12-25 07:15:00,3.24,9.44957355454564
2018-12-25 07:30:00,3.85,15.89550411440432
2018-12-25 07:45:00,3.92,21.73050223842263
2018-12-25 08:00:00,3.89,28.055648598372937
2018-12-25 08:15:00,3.89,33.522577191740275
2018-12-25 08:30:00,3.49,38.38067958697677
2018-12-25 08:45:00,3.24,42.12983435541391
2018-12-25 09:00:00,3.38,45.31001527845859
2018-12-25 09:15:00,3.49,46.83729809075594
2018-12-25 09:30:00,3.4599999999999995,48.234286074340346
2018-12-25 09:45:00,3.8200000000000003,49.08621207326651
2018-12-25 10:00:00,3.9599999999999995,44.643653761744496
2018-12-25 10:15:00,3.42,40.027786666750906
2018-12-25 10:30:00,3.5299999999999994,34.918485110998155
2018-12-25 10:45:00,3.4599999999999995,29.9851464676857
2018-12-25 11:00:00,3.4599999999999995,23.39540231138468
2018-12-25 11:15:00,3.78,16.745491162091493
2018-12-25 11:30:00,4.18,10.389843089468776
2018-12-25 11:45:00,4.28,5.490452653076499
2018-12-25 12:00:00,4.18,1.2957216692343354
2018-12-25 12:15:00,4.07,-0.8049139082990586
2018-12-25 12:30:00,3.56,-2.2082806709595024
2018-12-25 12:45:00,3.5299999999999994,-3.1749974671006203
2018-12-25 13:00:00,3.5299999999999994,-3.3059131643921136
2018-12-25 13:15:00,5.04,-3.244589761570096
2018-12-25 13:30:00,4.07,-2.380485532134771
2018-12-25 13:45:00,3.42,-0.9672558847628533
2018-12-25 14:00:00,3.42,1.5227120074629785
2018-12-25 14:15:00,3.49,4.178867921223864
2018-12-25 14:30:00,3.4599999999999995,7.169316936098038
2018-12-25 14:45:00,3.5299999999999994,10.595855255201458
2018-12-25 15:00:00,4.14,11.400406623855233
2018-12-25 15:15:00,4.14,11.085462336242198
2018-12-25 15:30:00,4.14,10.992124344781042
2018-12-25 15:45:00,4.1,11.085073872357606
2018-12-25 16:00:00,3.67,11.948962538018822
2018-12-25 16:15:00,3.4599999999999995,11.533431927040219
2018-12-25 16:30:00,3.42,10.671374430730939
2018-12-25 16:45:00,3.4599999999999995,9.860758085474371
2018-12-25 17:00:00,3.42,9.510335593372583
2018-12-25 17:15:00,3.4599999999999995,9.190674164108932
2018-12-25 17:30:00,4.0,8.818186698816715
2018-12-25 17:45:00,4.0,8.46476596161723
2018-12-25 18:00:00,3.38,8.120052541345357
2018-12-25 18:15:00,3.38,7.72717633575201
2018-12-25 18:30:00,3.74,7.323914896249771
2018-12-25 18:45:00,4.1,6.795931569095701
2018-12-25 19:00:00,4.18,6.493670739587396
2018-12-25 19:15:00,4.1,6.668665579818189
2018-12-25 19:30:00,4.18,8.579033286906778
2018-12-25 19:45:00,3.64,10.711035919710993
2018-12-25 20:00:00,3.4599999999999995,13.636328398063778
2018-12-25 20:15:00,3.4599999999999995,16.133738012090326
2018-12-25 20:30:00,3.38,16.477879963815212
2018-12-25 20:45:00,3.42,16.542597373351455
2018-12-25 21:00:00,3.42,16.20043142288923
2018-12-25 21:15:00,3.42,15.455255523994564
2018-12-25 21:30:00,4.03,14.222176845148205
2018-12-25 21:45:00,4.14,12.576765084639192
2018-12-25 22:00:00,3.49,10.445176177099347
2018-12-25 22:15:00,3.2,7.934188290759921
2018-12-25 22:30:00,3.85,4.934118760079145
2018-12-25 22:45:00,3.89,1.669338037520647
2018-12-25 23:00:00,3.89,-1.8757651289366186
2018-12-25 23:15:00,3.85,-5.284873938038945
2018-12-25 23:30:00,3.64,-8.245772611871363
2018-12-25 23:45:00,3.31,-11.19415062315762
2018-12-26 00:00:00,3.67,-12.241283092275262
2018-12-26 00:15:00,3.24,-9.698767881244422
2018-12-26 00:30:00,3.24,-6.477051636204124
2018-12-26 00:45:00,3.2,-4.257846159040928
2018-12-26 01:00:00,3.31,-3.062373254224658
2018-12-26 01:15:00,3.24,-1.9646958516724407
2018-12-26 01:30:00,3.28,1.3967458565160633
2018-12-26 01:45:00,3.24,3.538853602595627
2018-12-26 02:00:00,3.24,5.081925338618457
2018-12-26 02:15:00,3.78,6.342257116697728
2018-12-26 02:30:00,3.9599999999999995,7.905142194926738
2018-12-26 02:45:00,4.97,8.852424850240348
2018-12-26 03:00:00,4.36,8.739259482473134
2018-12-26 03:15:00,3.71,7.641864726692438
2018-12-26 03:30:00,3.28,7.083548096064478
2018-12-26 03:45:00,3.31,6.5279349944368
2018-12-26 04:00:00,3.28,5.301950833760201
2018-12-26 04:15:00,3.28,3.9161283800378444
2018-12-26 04:30:00,3.2,2.0091950978711246
2018-12-26 04:45:00,3.24,0.13802884196862583
2018-12-26 05:00:00,3.28,-2.079804661590606
2018-12-26 05:15:00,3.2,-4.0248452965170145
2018-12-26 05:30:00,3.24,-6.061358229666949
2018-12-26 05:45:00,3.2,-8.012809922099114
2018-12-26 06:00:00,4.79,-9.291137907132507
2018-12-26 06:15:00,4.86,-8.341883741468191
2018-12-26 06:30:00,3.92,-6.913580628782511
2018-12-26 06:45:00,3.8200000000000003,-4.99111328214407
2018-12-26 07:00:00,3.35,0.1674280357547105
2018-12-26 07:15:00,3.17,6.83473529389128
2018-12-26 07:30:00,3.42,14.116807700544594
2018-12-26 07:45:00,4.82,20.050955056101085
2018-12-26 08:00:00,5.0,25.60691822454333
2018-12-26 08:15:00,34.52,29.92666132122278
2018-12-26 08:30:00,48.06,36.9384568926692
2018-12-26 08:45:00,78.23,47.5220723465085
2018-12-26 09:00:00,51.08,61.91345570623874
2018-12-26 09:15:00,70.99,71.65553713142872
2018-12-26 09:30:00,65.74,81.20775178074838
2018-12-26 09:45:00,52.96,86.29714961469175
2018-12-26 10:00:00,55.44,82.21786566257478
2018-12-26 10:15:00,52.06,76.73479897707702
2018-12-26 10:30:00,57.64,69.68630367308855
2018-12-26 10:45:00,62.21,64.04676014214753
2018-12-26 11:00:00,45.58,59.04934516698122
2018-12-26 11:15:00,54.58,54.03049955993891
2018-12-26 11:30:00,55.15,49.3185988035798
2018-12-26 11:45:00,58.64,48.00897253036499
2018-12-26 12:00:00,31.28,45.0615780287981
2018-12-26 12:15:00,6.77,43.349884898662566
2018-12-26 12:30:00,7.09,39.30608813285828
2018-12-26 12:45:00,6.95,35.81805744037032
2018-12-26 13:00:00,6.41,34.953895951807496
2018-12-26 13:15:00,20.66,35.093765404820445
2018-12-26 13:30:00,59.9,37.331584589332344
2018-12-26 13:45:00,55.3,42.646028757989406
2018-12-26 14:00:00,51.41,49.358006556034084
2018-12-26 14:15:00,57.02,53.94380699545145
2018-12-26 14:30:00,43.06,57.31487413138151
2018-12-26 14:45:00,41.4,57.620103453695776
2018-12-26 15:00:00,52.92,56.7564382109046
2018-12-26 15:15:00,53.42,56.83667733490467
2018-12-26 15:30:00,40.68,56.928000029623504
2018-12-26 15:45:00,40.64000000000001,55.97366327434778
2018-12-26 16:00:00,41.46999999999999,53.7374720454216
2018-12-26 16:15:00,56.2,51.54003289580345
2018-12-26 16:30:00,59.04,50.324751701056954
2018-12-26 16:45:00,54.68,49.50756290614605
2018-12-26 17:00:00,57.67,48.38143978655338
2018-12-26 17:15:00,54.79,46.561439332664015
2018-12-26 17:30:00,34.42,45.08839775502682
2018-12-26 17:45:00,9.5,42.24085418999195
2018-12-26 18:00:00,5.22,37.953369313925506
2018-12-26 18:15:00,5.04,32.26169527694583
2018-12-26 18:30:00,5.04,28.36372964978218
2018-12-26 18:45:00,5.080000000000001,25.65143663480878
2018-12-26 19:00:00,5.080000000000001,24.517256819158792
2018-12-26 19:15:00,4.68,22.988889451622963
2018-12-26 19:30:00,3.92,22.206177387833595
2018-12-26 19:45:00,3.89,19.734099885448813
2018-12-26 20:00:00,3.85,18.50418954499066
2018-12-26 20:15:00,3.89,17.780635141730308
2018-12-26 20:30:00,3.89,16.52361204303801
2018-12-26 20:45:00,3.9599999999999995,15.436210689097642
2018-12-26 21:00:00,3.89,13.628659043163061
2018-12-26 21:15:00,3.9599999999999995,12.086090289279818
2018-12-26 21:30:00,4.0,9.74005079243332
2018-12-26 21:45:00,3.9599999999999995,7.723060414940118
2018-12-26 22:00:00,4.07,4.8468530429527155
2018-12-26 22:15:00,4.0,2.2993049230240286
2018-12-26 22:30:00,4.9,-0.871682541873306
2018-12-26 22:45:00,4.1,-3.6902094826847316
2018-12-26 23:00:00,3.71,-6.6660887160897255
2018-12-26 23:15:00,3.74,-9.009215295165777
2018-12-26 23:30:00,3.64,-10.986102390214802
2018-12-26 23:45:00,3.67,-9.812321712896228
2018-12-27 00:00:00,3.74,-6.741447341516614
2018-12-27 00:15:00,3.64,-4.635471227616072
2018-12-27 00:30:00,3.74,-2.984737736433744
2018-12-27 00:45:00,3.71,-2.028412349205464
2018-12-27 01:00:00,3.71,0.43070045171305543
2018-12-27 01:15:00,3.67,2.8575087194889783
2018-12-27 01:30:00,3.67,4.4688033025152984
2018-12-27 01:45:00,3.78,5.676882197204977
2018-12-27 02:00:00,4.18,6.751208260972052
2018-12-27 02:15:00,4.86,8.045912075787783
2018-12-27 02:30:00,4.21,8.144448297843336
2018-12-27 02:45:00,3.71,8.259212430268526
2018-12-27 03:00:00,3.78,6.426358144301921
2018-12-27 03:15:00,3.67,6.1916319295391435
2018-12-27 03:30:00,3.71,5.3181492725200945
2018-12-27 03:45:00,3.24,4.620653385911137
2018-12-27 04:00:00,3.02,3.0117417930439117
2018-12-27 04:15:00,2.99,1.6902614770270885
2018-12-27 04:30:00,2.99,-0.39134750993922346
2018-12-27 04:45:00,2.95,-2.0379224166460337
2018-12-27 05:00:00,2.95,-4.106438430473208
2018-12-27 05:15:00,2.95,-5.690846765637398
2018-12-27 05:30:00,2.95,-8.389462708234788
2018-12-27 05:45:00,2.95,-9.30637557141483
2018-12-27 06:00:00,3.42,-8.208182556033135
2018-12-27 06:15:00,3.74,-6.889955063685775
2018-12-27 06:30:00,4.86,-3.8610830691456792
2018-12-27 06:45:00,4.21,1.8022331042587758
2018-12-27 07:00:00,3.6,9.386271905004978
2018-12-27 07:15:00,2.88,15.543322307541967
2018-12-27 07:30:00,3.2,21.904325231313706
2018-12-27 07:45:00,4.9,26.246226487606762
2018-12-27 08:00:00,5.65,30.937253485172988
2018-12-27 08:15:00,32.0,34.62639619708061
2018-12-27 08:30:00,52.63,40.10593527123332
2018-12-27 08:45:00,73.66,49.58915828555822
2018-12-27 09:00:00,63.47,63.37685978680849
2018-12-27 09:15:00,56.77,72.23768506705761
2018-12-27 09:30:00,53.93,77.75662964820863
2018-12-27 09:45:00,59.4,78.63516879141332
2018-12-27 10:00:00,76.03,74.51505795866251
2018-12-27 10:15:00,47.81,73.08478782653809
2018-12-27 10:30:00,45.830000000000005,65.89190521210432
2018-12-27 10:45:00,52.63,60.525660619437694
2018-12-27 11:00:00,68.69,55.06242580115795
2018-12-27 11:15:00,51.16,52.995883262455465
2018-12-27 11:30:00,51.52,49.23580435067415
2018-12-27 11:45:00,54.83,46.9507654723525
2018-12-27 12:00:00,59.62,44.81314976096153
2018-12-27 12:15:00,13.54,44.08343045830726
2018-12-27 12:30:00,6.62,42.43634807854891
2018-12-27 12:45:00,6.59,38.870770563781264
2018-12-27 13:00:00,17.82,36.86353725388646
2018-12-27 13:15:00,40.57,37.114130141288044
2018-12-27 13:30:00,43.7,40.13075429618358
2018-12-27 13:45:00,46.84,43.88888415217399
2018-12-27 14:00:00,53.32,48.39075393795967
2018-12-27 14:15:00,55.01,52.93340569525957
2018-12-27 14:30:00,61.74,57.57081569492817
2018-12-27 14:45:00,54.14,59.418929257690905
2018-12-27 15:00:00,53.5,59.34554326534271
2018-12-27 15:15:00,44.75,59.987478711903094
2018-12-27 15:30:00,42.95,59.12230901360512
2018-12-27 15:45:00,60.84,58.87935067653656
2018-12-27 16:00:00,63.04,57.96872396737337
2018-12-27 16:15:00,59.580000000000005,58.26223650038242
2018-12-27 16:30:00,63.21999999999999,57.27337361395359
2018-12-27 16:45:00,45.79,56.494802170991896
2018-12-27 17:00:00,41.58,54.09605789273977
2018-12-27 17:15:00,54.58,50.563753544688225
2018-12-27 17:30:00,36.72,47.524052838683126
2018-12-27 17:45:00,29.38,44.413768469393254
2018-12-27 18:00:00,28.48,40.46075099796057
2018-12-27 18:15:00,48.56,36.2500966437161
2018-12-27 18:30:00,53.81999999999999,33.10348753303289
2018-12-27 18:45:00,53.5,33.43021260544658
2018-12-27 19:00:00,53.14,34.57878130301833
2018-12-27 19:15:00,51.00999999999999,35.665635888427495
2018-12-27 19:30:00,47.99,36.30931156337261
2018-12-27 19:45:00,49.18,36.530423859208824
2018-12-27 20:00:00,50.33,34.848961302936075
2018-12-27 20:15:00,50.040000000000006,32.89600290954113
2018-12-27 20:30:00,40.93,30.32185259193182
2018-12-27 20:45:00,14.510000000000002,27.741161261051893
2018-12-27 21:00:00,8.35,24.589502119868992
2018-12-27 21:15:00,5.26,20.369396641403437
2018-12-27 21:30:00,5.26,17.000592925101518
2018-12-27 21:45:00,5.26,13.77313280366361
2018-12-27 22:00:00,4.5,10.851117568314075
2018-12-27 22:15:00,3.89,7.413587742187082
2018-12-27 22:30:00,3.85,4.144485078230501
2018-12-27 22:45:00,3.8200000000000003,0.6335807677172125
2018-12-27 23:00:00,3.8200000000000003,-2.7889990931749344
2018-12-27 23:15:00,3.8200000000000003,-6.268101852685214
2018-12-27 23:30:00,3.78,-9.066185881569982
2018-12-27 23:45:00,3.74,-8.846827286854387
2018-12-28 00:00:00,4.82,-6.457865337580443
2018-12-28 00:15:00,3.74,-4.470100131034851
2018-12-28 00:30:00,3.78,-3.041507354527712
2018-12-28 00:45:00,3.85,-2.45636734880507
2018-12-28 01:00:00,4.14,-1.3503884954936802
2018-12-28 01:15:00,4.9,1.2314047929085792
2018-12-28 01:30:00,4.14,2.8604752475209536
2018-12-28 01:45:00,3.8200000000000003,4.080551332831383
2018-12-28 02:00:00,3.85,5.152110433466732
2018-12-28 02:15:00,3.8200000000000003,5.977154956124722
2018-12-28 02:30:00,3.8200000000000003,6.841385773140937
2018-12-28 02:45:00,3.8200000000000003,7.05479559360072
2018-12-28 03:00:00,3.8200000000000003,5.556508354377001
2018-12-28 03:15:00,3.89,4.407211708044633
2018-12-28 03:30:00,3.89,4.015008577881381
2018-12-28 03:45:00,3.85,3.2678590635210276
2018-12-28 04:00:00,3.8200000000000003,2.079101194813848
2018-12-28 04:15:00,4.07,0.6753625285066664
2018-12-28 04:30:00,5.04,-1.0050716089271008
2018-12-28 04:45:00,4.1,-2.6638631995767352
2018-12-28 05:00:00,3.8200000000000003,-4.39935142673552
2018-12-28 05:15:00,3.89,-5.993540968149901
2018-12-28 05:30:00,3.38,-7.71010786049068
2018-12-28 05:45:00,3.17,-8.115391333103181
2018-12-28 06:00:00,3.06,-7.451057463139296
2018-12-28 06:15:00,3.06,-6.063649717494846
2018-12-28 06:30:00,3.1,-3.9467786511778833
2018-12-28 06:45:00,3.06,1.1793669119291008
2018-12-28 07:00:00,3.1,8.080924348160623
2018-12-28 07:15:00,3.38,14.56362088151276
2018-12-28 07:30:00,4.97,21.620313222557307
2018-12-28 07:45:00,6.7,27.115853416025637
2018-12-28 08:00:00,6.16,32.4911449508369
2018-12-28 08:15:00,35.75,36.51292726621032
2018-12-28 08:30:00,57.78,42.7070018696785
2018-12-28 08:45:00,57.74,52.68689504683017
2018-12-28 09:00:00,66.46,62.8411164444685
2018-12-28 09:15:00,66.82,71.14990984469652
2018-12-28 09:30:00,59.9,77.60163929462433
2018-12-28 09:45:00,63.32,82.09681762158871
2018-12-28 10:00:00,57.17,80.3173117208481
2018-12-28 10:15:00,55.90999999999999,77.48743091255427
2018-12-28 10:30:00,62.42,72.1790157932043
2018-12-28 10:45:00,59.720000000000006,68.00421014368534
2018-12-28 11:00:00,62.71,62.81726521104574
2018-12-28 11:15:00,57.82,59.922625452280045
2018-12-28 11:30:00,64.94,56.328512682914734
2018-12-28 11:45:00,58.97,55.082374432086944
2018-12-28 12:00:00,47.05,53.3861390209198
2018-12-28 12:15:00,10.01,52.020070966184136
2018-12-28 12:30:00,7.81,49.237834242880346
2018-12-28 12:45:00,7.269999999999999,45.68898088425398
2018-12-28 13:00:00,7.31,41.9781178766489
2018-12-28 13:15:00,42.55,39.86524484470487
2018-12-28 13:30:00,56.12,41.908540177643296
2018-12-28 13:45:00,45.0,46.59305984377861
2018-12-28 14:00:00,45.22,49.64115406423807
2018-12-28 14:15:00,42.62,52.78490920037031
2018-12-28 14:30:00,34.2,54.99232266545296
2018-12-28 14:45:00,42.8,55.266632058918475
2018-12-28 15:00:00,48.02,53.9396529018879
2018-12-28 15:15:00,44.6,55.35382760554552
2018-12-28 15:30:00,35.78,54.61345585972071
2018-12-28 15:45:00,32.62,54.84908951938152
2018-12-28 16:00:00,31.39,51.86906854242086
2018-12-28 16:15:00,30.06,50.944340369701386
2018-12-28 16:30:00,30.13,47.93693381160497
2018-12-28 16:45:00,23.58,47.184759949147704
2018-12-28 17:00:00,8.57,43.94768815338612
2018-12-28 17:15:00,9.58,42.29436789691448
2018-12-28 17:30:00,9.139999999999999,37.67436018109321
2018-12-28 17:45:00,5.47,34.206219737678765
2018-12-28 18:00:00,5.080000000000001,28.849058014452456
2018-12-28 18:15:00,5.080000000000001,24.91015323385596
2018-12-28 18:30:00,5.11,19.671734591051937
2018-12-28 18:45:00,5.1499999999999995,16.777732541784644
2018-12-28 19:00:00,5.1499999999999995,13.5034277176857
2018-12-28 19:15:00,5.1499999999999995,11.494169006496668
2018-12-28 19:30:00,5.18,9.10683052189648
2018-12-28 19:45:00,5.22,8.493732905127107
2018-12-28 20:00:00,5.1499999999999995,7.717482140921056
2018-12-28 20:15:00,5.1499999999999995,7.040482215136289
2018-12-28 20:30:00,5.18,5.84568070165813
2018-12-28 20:45:00,5.26,5.133449010178446
2018-12-28 21:00:00,5.18,4.5515012008138
2018-12-28 21:15:00,5.1499999999999995,4.051046883296221
2018-12-28 21:30:00,5.26,3.9396837746351956
2018-12-28 21:45:00,5.26,3.806313513275236
2018-12-28 22:00:00,5.22,3.76718335531652
2018-12-28 22:15:00,4.97,3.5152097931690514
2018-12-28 22:30:00,4.97,3.391279148068279
2018-12-28 22:45:00,4.93,3.5986324123851956
2018-12-28 23:00:00,5.04,4.179824625812471
2018-12-28 23:15:00,4.86,4.491584295481443
2018-12-28 23:30:00,4.86,4.827363327089697
2018-12-28 23:45:00,4.86,4.889390961043536
2018-12-29 00:00:00,4.28,5.237166902590543
2018-12-29 00:15:00,4.9,5.234891694318502
2018-12-29 00:30:00,4.82,5.449781831633299
2018-12-29 00:45:00,3.85,5.175067694727331
2018-12-29 01:00:00,3.74,5.049740656688809
2018-12-29 01:15:00,3.8200000000000003,5.120030445922166
2018-12-29 01:30:00,3.78,5.042897348906845
2018-12-29 01:45:00,3.67,4.8603038856387135
2018-12-29 02:00:00,3.74,4.592322327466682
2018-12-29 02:15:00,3.71,4.420030875895172
2018-12-29 02:30:00,3.8200000000000003,4.430260331295431
2018-12-29 02:45:00,3.78,4.815870802700519
2018-12-29 03:00:00,3.71,5.036804865468293
2018-12-29 03:15:00,3.74,5.2325454735010855
2018-12-29 03:30:00,3.78,5.407958249226212
2018-12-29 03:45:00,3.78,5.647958198040723
2018-12-29 04:00:00,3.74,5.853170420080423
2018-12-29 04:15:00,3.02,6.1379470065981145
2018-12-29 04:30:00,3.74,6.342035939283669
2018-12-29 04:45:00,3.6,6.282834773045033
2018-12-29 05:00:00,3.06,6.1775793046504255
2018-12-29 05:15:00,3.02,6.103630544897168
2018-12-29 05:30:00,3.02,5.981338801980018
2018-12-29 05:45:00,2.99,6.365823457892984
2018-12-29 06:00:00,3.06,6.756552165523171
2018-12-29 06:15:00,3.06,7.175005798824131
2018-12-29 06:30:00,3.67,7.680597719624638
2018-12-29 06:45:00,3.74,8.326641227900982
2018-12-29 07:00:00,3.71,9.106343257948756
2018-12-29 07:15:00,3.67,10.134955206140875
2018-12-29 07:30:00,3.38,11.05397655248642
2018-12-29 07:45:00,3.02,11.903545945361255
2018-12-29 08:00:00,2.92,12.540764811635016
2018-12-29 08:15:00,2.95,12.984691458940505
2018-12-29 08:30:00,3.13,12.846595916152
2018-12-29 08:45:00,3.78,13.002206015586852
2018-12-29 09:00:00,3.24,12.557734845206141
2018-12-29 09:15:00,3.17,12.307045403197407
2018-12-29 09:30:00,3.2,11.477045159190892
2018-12-29 09:45:00,3.31,10.792067689672113
2018-12-29 10:00:00,4.03,9.585580823272466
2018-12-29 10:15:00,4.03,8.676127364858985
2018-12-29 10:30:00,4.03,7.55322872005403
2018-12-29 10:45:00,4.03,6.643029489573091
2018-12-29 11:00:00,6.19,5.957324211634695
2018-12-29 11:15:00,26.17,6.32132301127538
2018-12-29 11:30:00,9.36,6.490747997947037
2018-12-29 11:45:00,3.64,6.029869280718266
2018-12-29 12:00:00,4.14,5.652934970539063
2018-12-29 12:15:00,3.78,5.657359080184251
2018-12-29 12:30:00,3.4599999999999995,5.3393536747060715
2018-12-29 12:45:00,3.42,5.472055912911891
2018-12-29 13:00:00,3.42,5.365892718937247
2018-12-29 13:15:00,4.1,5.644701725505292
2018-12-29 13:30:00,4.14,5.715913835782557
2018-12-29 13:45:00,4.07,6.120840561576187
2018-12-29 14:00:00,4.03,6.38049414454028
2018-12-29 14:15:00,3.92,6.8792935610003765
2018-12-29 14:30:00,3.31,6.743589428830892
2018-12-29 14:45:00,3.35,6.499908335618675
2018-12-29 15:00:00,3.31,6.366969201806932
2018-12-29 15:15:00,3.31,6.1218785236030815
2018-12-29 15:30:00,3.31,5.991586501710116
2018-12-29 15:45:00,3.35,5.8934592333249745
2018-12-29 16:00:00,3.49,5.8934592333249745
2018-12-29 16:15:00,4.1,5.8934592333249745
2018-12-29 16:30:00,3.71,5.8934592333249745
2018-12-29 16:45:00,3.67,5.8934592333249745
2018-12-29 17:00:00,4.1,5.8934592333249745
2018-12-29 17:15:00,4.07,5.8934592333249745
2018-12-29 17:30:00,4.07,5.8934592333249745
2018-12-29 17:45:00,4.1,5.8934592333249745
2018-12-29 18:00:00,3.56,5.8934592333249745
2018-12-29 18:15:00,3.31,5.8934592333249745
2018-12-29 18:30:00,3.24,5.8934592333249745
2018-12-29 18:45:00,3.35,5.8934592333249745
2018-12-29 19:00:00,3.31,5.8934592333249745
2018-12-29 19:15:00,3.35,5.8934592333249745
2018-12-29 19:30:00,3.35,5.8934592333249745
2018-12-29 19:45:00,3.31,5.8934592333249745
2018-12-29 20:00:00,3.71,5.8934592333249745
2018-12-29 20:15:00,4.36,5.8934592333249745
2018-12-29 20:30:00,4.28,5.8934592333249745
2018-12-29 20:45:00,4.14,5.8934592333249745
2018-12-29 21:00:00,4.1,5.8934592333249745
2018-12-29 21:15:00,4.07,5.8934592333249745
2018-12-29 21:30:00,3.85,5.8934592333249745
2018-12-29 21:45:00,3.4599999999999995,5.856590810902416
2018-12-29 22:00:00,3.31,5.777287200000137
2018-12-29 22:15:00,3.13,5.747466983217746
2018-12-29 22:30:00,3.13,5.702122245151549
2018-12-29 22:45:00,3.13,5.70063350783661
2018-12-29 23:00:00,3.17,5.6862533270567654
2018-12-29 23:15:00,3.06,5.7171089797280725
2018-12-29 23:30:00,2.99,5.7456807229854165
2018-12-29 23:45:00,3.42,5.810436585955322
2018-12-30 00:00:00,3.1,5.886603575535118
2018-12-30 00:15:00,3.92,5.8934592333249745
2018-12-30 00:30:00,3.8200000000000003,5.8934592333249745
2018-12-30 00:45:00,3.74,5.8934592333249745
2018-12-30 01:00:00,3.78,5.8934592333249745
2018-12-30 01:15:00,3.42,5.881756197437643
2018-12-30 01:30:00,3.17,5.755043151695281
2018-12-30 01:45:00,3.02,5.6255404075793916
2018-12-30 02:00:00,3.1,5.507987418826669
2018-12-30 02:15:00,3.06,5.396201041713357
2018-12-30 02:30:00,3.1,5.255642514396459
2018-12-30 02:45:00,3.13,5.274371020682156
2018-12-30 03:00:00,3.1,5.403935514837503
2018-12-30 03:15:00,3.13,5.459971710871905
2018-12-30 03:30:00,3.6,5.613613948822021
2018-12-30 03:45:00,4.86,5.5902146134153
2018-12-30 04:00:00,3.85,5.656591414920985
2018-12-30 04:15:00,3.8200000000000003,5.6929860461317
2018-12-30 04:30:00,3.8200000000000003,5.815282279960811
2018-12-30 04:45:00,3.4599999999999995,5.925657387990504
2018-12-30 05:00:00,3.17,6.0986902610585085
2018-12-30 05:15:00,3.13,6.292486865576357
2018-12-30 05:30:00,3.1,6.515482818298041
2018-12-30 05:45:00,3.1,6.720245668459683
2018-12-30 06:00:00,3.1,7.154000400174409
2018-12-30 06:15:00,3.13,7.560305274575948
2018-12-30 06:30:00,3.13,8.059307904802262
2018-12-30 06:45:00,3.1,8.668424328118562
2018-12-30 07:00:00,3.8200000000000003,9.57907293047756
2018-12-30 07:15:00,4.36,10.453752696216107
2018-12-30 07:30:00,4.97,11.137055055573581
2018-12-30 07:45:00,3.9599999999999995,11.718074649572372
2018-12-30 08:00:00,3.4599999999999995,12.235857712253928
2018-12-30 08:15:00,3.06,13.060529489219189
2018-12-30 08:30:00,3.06,14.047013315036892
2018-12-30 08:45:00,3.17,15.00680877380073
2018-12-30 09:00:00,3.28,15.435455093160272
2018-12-30 09:15:00,3.35,15.155328845977783
2018-12-30 09:30:00,3.38,14.009980132281779
2018-12-30 09:45:00,3.35,12.888335574641824
2018-12-30 10:00:00,3.4599999999999995,11.518415440171957
2018-12-30 10:15:00,3.38,9.834770300686358
2018-12-30 10:30:00,4.0,7.5516063781082625
2018-12-30 10:45:00,4.1,5.587763698212802
2018-12-30 11:00:00,4.1,3.2416144547052683
2018-12-30 11:15:00,4.28,1.2882608610577881
2018-12-30 11:30:00,4.61,-1.0650960154645144
2018-12-30 11:45:00,3.56,-2.98418198607862
2018-12-30 12:00:00,3.42,-4.773199638351799
2018-12-30 12:15:00,3.4599999999999995,-5.806641562357545
2018-12-30 12:30:00,3.4599999999999995,-6.7935250793397435
2018-12-30 12:45:00,3.31,-7.37661273829639
2018-12-30 13:00:00,3.28,-7.825911639034748
2018-12-30 13:15:00,3.2,-7.922371937036515
2018-12-30 13:30:00,3.24,-7.634889576062561
2018-12-30 13:45:00,3.24,-6.734887241870165
2018-12-30 14:00:00,4.03,-5.447263069078327
2018-12-30 14:15:00,4.0,-3.739694841578603
2018-12-30 14:30:00,4.03,-1.3798752620629966
2018-12-30 14:45:00,4.82,1.3299572945199907
2018-12-30 15:00:00,4.1,4.387513726139441
2018-12-30 15:15:00,3.31,6.680443277116864
2018-12-30 15:30:00,3.24,6.858984253704548
2018-12-30 15:45:00,3.24,6.599833372198045
2018-12-30 16:00:00,3.35,6.302628748193383
2018-12-30 16:15:00,3.31,5.77731302274391
2018-12-30 16:30:00,3.35,5.42292954629287
2018-12-30 16:45:00,3.24,5.380863173957914
2018-12-30 17:00:00,3.24,5.503202071450651
2018-12-30 17:15:00,3.42,5.693937558103352
2018-12-30 17:30:00,4.0,5.832770171817391
2018-12-30 17:45:00,4.75,5.964468691200017
2018-12-30 18:00:00,4.68,6.04097474463284
2018-12-30 18:15:00,3.89,6.118637769259512
2018-12-30 18:30:00,3.5299999999999994,6.037177117206156
2018-12-30 18:45:00,3.2,5.883049860764294
2018-12-30 19:00:00,3.28,6.158542048167437
2018-12-30 19:15:00,3.24,8.527332224324345
2018-12-30 19:30:00,3.24,11.174681038707494
2018-12-30 19:45:00,3.2,13.863657238781451
2018-12-30 20:00:00,3.24,14.961034030914306
2018-12-30 20:15:00,3.31,15.547102532684802
2018-12-30 20:30:00,3.24,15.840251301825045
2018-12-30 20:45:00,3.78,15.829428203999996
2018-12-30 21:00:00,4.32,15.39037531889975
2018-12-30 21:15:00,4.07,14.633590412586926
2018-12-30 21:30:00,4.07,13.438639576286077
2018-12-30 21:45:00,4.03,11.89335269793868
2018-12-30 22:00:00,4.0,9.907574719935655
2018-12-30 22:15:00,3.2,7.585552058890461
2018-12-30 22:30:00,2.99,4.831559242270886
2018-12-30 22:45:00,3.1,1.918139612413943
2018-12-30 23:00:00,3.02,-1.3127366896159947
2018-12-30 23:15:00,2.95,-4.563433631584048
2018-12-30 23:30:00,2.99,-7.427674407288433
2018-12-30 23:45:00,2.92,-7.104628514498473
