date,Actual Usage (kWh),Predicted Usage (kWh)
2018-10-21 00:00:00,3.31,1.207780490880832
2018-10-21 00:15:00,2.74,0.07528238141909246
2018-10-21 00:30:00,2.74,-0.40735564630478616
2018-10-21 00:45:00,2.77,-0.21583930233493442
2018-10-21 01:00:00,2.81,0.6648415848519653
2018-10-21 01:15:00,2.84,1.5395926438178869
2018-10-21 01:30:00,2.77,2.3298827356030234
2018-10-21 01:45:00,2.74,3.083031511893496
2018-10-21 02:00:00,2.77,3.7453729606978596
2018-10-21 02:15:00,2.77,4.2310691591259095
2018-10-21 02:30:00,2.74,4.549172241939232
2018-10-21 02:45:00,3.13,4.661262036291882
2018-10-21 03:00:00,3.85,5.2982983189262445
2018-10-21 03:15:00,3.89,6.676991169229149
2018-10-21 03:30:00,2.92,7.789246914051473
2018-10-21 03:45:00,2.74,8.448333714753389
2018-10-21 04:00:00,2.81,8.967017205283046
2018-10-21 04:15:00,2.81,9.411385646052658
2018-10-21 04:30:00,2.77,9.728435048647224
2018-10-21 04:45:00,2.77,9.866775907501578
2018-10-21 05:00:00,2.81,9.843263176567852
2018-10-21 05:15:00,2.77,9.669387976825236
2018-10-21 05:30:00,2.81,9.374404108785093
2018-10-21 05:45:00,2.81,9.407133875153958
2018-10-21 06:00:00,2.81,9.533623217344283
2018-10-21 06:15:00,2.74,9.789440719448029
2018-10-21 06:30:00,2.74,10.212741169482468
2018-10-21 06:45:00,3.06,10.809000673219561
2018-10-21 07:00:00,3.31,11.78850225366652
2018-10-21 07:15:00,2.74,13.159730366244911
2018-10-21 07:30:00,2.77,14.287586977854371
2018-10-21 07:45:00,2.74,15.662389856353402
2018-10-21 08:00:00,3.42,17.18419263333082
2018-10-21 08:15:00,3.17,19.145019104480742
2018-10-21 08:30:00,2.74,20.517062317579985
2018-10-21 08:45:00,2.88,21.43453542202711
2018-10-21 09:00:00,3.02,21.857089819312094
2018-10-21 09:15:00,2.99,21.36109329327941
2018-10-21 09:30:00,3.06,20.790629587844013
2018-10-21 09:45:00,3.56,19.710310402065517
2018-10-21 10:00:00,3.35,18.672045238614082
2018-10-21 10:15:00,2.99,17.266530135944485
2018-10-21 10:30:00,2.99,15.349519247338176
2018-10-21 10:45:00,2.99,13.02084330022335
2018-10-21 11:00:00,3.02,10.429170566871761
2018-10-21 11:15:00,2.95,7.643768311999738
2018-10-21 11:30:00,2.95,4.78827316631563
2018-10-21 11:45:00,3.02,2.1278770247031935
2018-10-21 12:00:00,2.99,-0.46370732890442007
2018-10-21 12:15:00,3.1,-2.9057571905106307
2018-10-21 12:30:00,3.02,-4.652726995460689
2018-10-21 12:45:00,3.1,-6.014189058616758
2018-10-21 13:00:00,3.5299999999999994,-6.079104629643262
2018-10-21 13:15:00,3.49,-4.854829260967672
2018-10-21 13:30:00,2.99,-3.0479057813435793
2018-10-21 13:45:00,3.31,-0.9893222613632678
2018-10-21 14:00:00,3.64,1.1795125858858229
2018-10-21 14:15:00,3.02,3.300707558374852
2018-10-21 14:30:00,2.99,5.0775545585528015
2018-10-21 14:45:00,3.06,6.472214846331625
2018-10-21 15:00:00,2.99,7.722842605710029
2018-10-21 15:15:00,3.13,9.475296375527977
2018-10-21 15:30:00,3.8200000000000003,10.856319167092442
2018-10-21 15:45:00,10.37,11.875574300214648
2018-10-21 16:00:00,24.88,13.473300434798002
2018-10-21 16:15:00,24.62,15.834904871135949
2018-10-21 16:30:00,20.41,17.513833430334927
2018-10-21 16:45:00,3.92,18.19093159481883
2018-10-21 17:00:00,4.75,17.034717119634152
2018-10-21 17:15:00,3.49,15.375319536551833
2018-10-21 17:30:00,2.95,13.576232136934996
2018-10-21 17:45:00,2.95,14.15744708560407
2018-10-21 18:00:00,2.95,14.540880026072264
2018-10-21 18:15:00,2.99,14.508528619036078
2018-10-21 18:30:00,2.99,14.746426821053028
2018-10-21 18:45:00,3.02,16.009710251018404
2018-10-21 19:00:00,3.02,17.22475791834295
2018-10-21 19:15:00,3.06,17.927856217622757
2018-10-21 19:30:00,3.1,17.444975399971007
2018-10-21 19:45:00,3.02,16.692429914548992
2018-10-21 20:00:00,2.99,16.79822457306087
2018-10-21 20:15:00,3.49,18.136182887107132
2018-10-21 20:30:00,3.71,18.679969452768564
2018-10-21 20:45:00,3.24,18.833416055366396
2018-10-21 21:00:00,3.28,18.326312381327153
2018-10-21 21:15:00,3.67,17.227875733971594
2018-10-21 21:30:00,3.31,15.531026190593838
2018-10-21 21:45:00,3.02,13.023654611110686
2018-10-21 22:00:00,3.06,9.882790499553083
2018-10-21 22:15:00,2.88,6.791012897770852
2018-10-21 22:30:00,2.88,4.465818810835481
2018-10-21 22:45:00,2.84,2.046587518497836
2018-10-21 23:00:00,2.81,0.32474706753157084
2018-10-21 23:15:00,2.81,0.649740753043443
2018-10-21 23:30:00,2.81,0.9175642872508616
2018-10-21 23:45:00,3.2,1.2423099902179093
2018-10-22 00:00:00,3.67,1.5891390510462224
2018-10-22 00:15:00,2.81,1.2607298866473138
2018-10-22 00:30:00,2.81,1.0351721493341028
2018-10-22 00:45:00,2.88,0.686951607502997
2018-10-22 01:00:00,2.88,0.24191752937622374
2018-10-22 01:15:00,2.88,0.8629595694039017
2018-10-22 01:30:00,2.84,3.7582999104354533
2018-10-22 01:45:00,2.99,6.042892925404011
2018-10-22 02:00:00,3.5299999999999994,6.718842819835991
2018-10-22 02:15:00,3.13,6.232148656565696
2018-10-22 02:30:00,2.88,4.389132559560239
2018-10-22 02:45:00,2.88,1.7096007473394275
2018-10-22 03:00:00,3.4599999999999995,-0.8382373170927166
2018-10-22 03:15:00,3.24,-3.382455706484616
2018-10-22 03:30:00,2.92,-3.723793645054102
2018-10-22 03:45:00,2.92,-2.913722384236753
2018-10-22 04:00:00,2.95,-1.7411893383972346
2018-10-22 04:15:00,2.88,-0.46029507786035534
2018-10-22 04:30:00,2.92,0.7266394805908204
2018-10-22 04:45:00,2.92,1.6834505880158395
2018-10-22 05:00:00,2.88,2.1919589000265116
2018-10-22 05:15:00,2.88,2.1724726926884617
2018-10-22 05:30:00,2.84,1.6516670006606728
2018-10-22 05:45:00,2.84,0.9998584244959057
2018-10-22 06:00:00,2.84,0.21390911488793796
2018-10-22 06:15:00,2.81,-0.45631191963329903
2018-10-22 06:30:00,3.89,0.03377147875726228
2018-10-22 06:45:00,4.1,2.2996369347418657
2018-10-22 07:00:00,2.84,5.691527622472495
2018-10-22 07:15:00,2.99,9.427050508335233
2018-10-22 07:30:00,3.6,13.796227318421005
2018-10-22 07:45:00,3.92,18.499557169303298
2018-10-22 08:00:00,3.9599999999999995,23.030259732604026
2018-10-22 08:15:00,13.5,26.979417265206575
2018-10-22 08:30:00,43.52,33.166227818578484
2018-10-22 08:45:00,48.349999999999994,47.55485151290893
2018-10-22 09:00:00,61.129999999999995,55.85553432613611
2018-10-22 09:15:00,47.41,62.436126003861425
2018-10-22 09:30:00,48.38,64.66412580937147
2018-10-22 09:45:00,49.1,66.09506957828998
2018-10-22 10:00:00,53.6,66.54634784847498
2018-10-22 10:15:00,49.39,66.32709254473448
2018-10-22 10:30:00,40.75,64.0612298604846
2018-10-22 10:45:00,41.94,59.032957829236985
2018-10-22 11:00:00,63.97,53.024858626425264
2018-10-22 11:15:00,58.1,49.58871368527412
2018-10-22 11:30:00,94.0,44.23358859062195
2018-10-22 11:45:00,88.42,44.14124196797609
2018-10-22 12:00:00,112.61,43.665362482070925
2018-10-22 12:15:00,5.44,46.99762364774942
2018-10-22 12:30:00,5.26,41.04589437186718
2018-10-22 12:45:00,4.61,37.06096897095442
2018-10-22 13:00:00,4.46,36.040402491539716
2018-10-22 13:15:00,25.56,37.02743982225657
2018-10-22 13:30:00,63.11,40.419906153678895
2018-10-22 13:45:00,120.27999999999999,51.188839089572426
2018-10-22 14:00:00,85.97,67.64517969608306
2018-10-22 14:15:00,99.97,76.03256405562163
2018-10-22 14:30:00,105.73,83.34601867437364
2018-10-22 14:45:00,92.56,89.37041539669038
2018-10-22 15:00:00,65.63,92.33268379867077
2018-10-22 15:15:00,40.43,90.72421877086164
2018-10-22 15:30:00,47.84,85.78886819899083
2018-10-22 15:45:00,46.50999999999999,81.10361651420594
2018-10-22 16:00:00,50.65,75.74061885088683
2018-10-22 16:15:00,52.38,70.2370062431693
2018-10-22 16:30:00,51.12,64.6710418137908
2018-10-22 16:45:00,52.52,59.20395379304886
2018-10-22 17:00:00,42.01,54.95089400261641
2018-10-22 17:15:00,55.66,50.707763618528844
2018-10-22 17:30:00,52.13,50.16858921945095
2018-10-22 17:45:00,32.04,50.039592264294626
2018-10-22 18:00:00,30.67,49.37553907632828
2018-10-22 18:15:00,40.1,48.78927297443151
2018-10-22 18:30:00,93.01999999999998,49.178167986571786
2018-10-22 18:45:00,82.26,56.61809566795826
2018-10-22 19:00:00,105.08,60.474181295633315
2018-10-22 19:15:00,76.18,65.07216108828783
2018-10-22 19:30:00,95.22,61.86700620383024
2018-10-22 19:45:00,46.15,61.06094588875771
2018-10-22 20:00:00,62.17,51.611618032455446
2018-10-22 20:15:00,65.59,46.984106002748014
2018-10-22 20:30:00,69.84,43.863811390697954
2018-10-22 20:45:00,61.6,42.20397931188345
2018-10-22 21:00:00,17.06,38.60824307784438
2018-10-22 21:15:00,5.51,28.21969712138176
2018-10-22 21:30:00,4.07,18.486228142604233
2018-10-22 21:45:00,4.1,11.214496902786195
2018-10-22 22:00:00,4.0,5.795247479658573
2018-10-22 22:15:00,3.85,2.6022441960056315
2018-10-22 22:30:00,3.8200000000000003,0.6410574344266207
2018-10-22 22:45:00,3.74,0.18672001115046447
2018-10-22 23:00:00,3.71,0.5650825716741383
2018-10-22 23:15:00,4.61,0.8465955282654614
2018-10-22 23:30:00,4.32,1.0175533193256707
2018-10-22 23:45:00,3.6,0.8349056844320148
2018-10-23 00:00:00,4.82,0.335844672350213
2018-10-23 00:15:00,3.64,0.09075441516935831
2018-10-23 00:30:00,3.6,-0.5156646541506051
2018-10-23 00:45:00,3.71,-1.1309942541643976
2018-10-23 01:00:00,3.71,0.38989307847805327
2018-10-23 01:15:00,3.71,2.478892913633026
2018-10-23 01:30:00,3.67,4.304622016921639
2018-10-23 01:45:00,3.67,5.399954321384429
2018-10-23 02:00:00,3.64,5.220055405292659
2018-10-23 02:15:00,3.71,4.050398227199912
2018-10-23 02:30:00,3.8200000000000003,2.023022931565065
2018-10-23 02:45:00,4.86,0.13264915046282116
2018-10-23 03:00:00,4.1,-1.837960351370275
2018-10-23 03:15:00,3.38,-3.370905080921948
2018-10-23 03:30:00,3.06,-2.909717613495886
2018-10-23 03:45:00,3.1,-1.8993106996640563
2018-10-23 04:00:00,3.2,-0.6070934466645121
2018-10-23 04:15:00,3.1,0.7746696436684579
2018-10-23 04:30:00,3.02,2.0523558142292315
2018-10-23 04:45:00,3.1,2.947640691003762
2018-10-23 05:00:00,3.1,3.376782203577459
2018-10-23 05:15:00,3.1,3.3368119644001126
2018-10-23 05:30:00,3.38,2.883035975289531
2018-10-23 05:45:00,3.64,2.2332843420584685
2018-10-23 06:00:00,4.68,1.5579095299541952
2018-10-23 06:15:00,4.32,1.4393589973822236
2018-10-23 06:30:00,2.99,2.5391215514088983
2018-10-23 06:45:00,3.06,4.443545290920883
2018-10-23 07:00:00,2.95,7.440258706957102
2018-10-23 07:15:00,3.02,11.418645901419222
2018-10-23 07:30:00,3.17,15.918943306654691
2018-10-23 07:45:00,4.0,20.431915749534966
2018-10-23 08:00:00,4.68,24.908466896414755
2018-10-23 08:15:00,37.33,28.971543147265912
2018-10-23 08:30:00,81.86,42.20012161850929
2018-10-23 08:45:00,86.98,62.38029947727919
2018-10-23 09:00:00,68.76,70.97513253301382
2018-10-23 09:15:00,66.85,72.52530552357435
2018-10-23 09:30:00,66.67,75.5011679160595
2018-10-23 09:45:00,56.47999999999999,77.74467933148146
2018-10-23 10:00:00,46.62,76.31295863479377
2018-10-23 10:15:00,52.24,72.7435862994194
2018-10-23 10:30:00,47.02,69.06193218320608
2018-10-23 10:45:00,44.32,63.24706794023514
2018-10-23 11:00:00,48.17,55.411706478893755
2018-10-23 11:15:00,54.0,46.851152554154396
2018-10-23 11:30:00,62.32,39.50469197794795
2018-10-23 11:45:00,69.05,35.08399991676211
2018-10-23 12:00:00,91.3,33.758969815522434
2018-10-23 12:15:00,12.85,37.33959413081408
2018-10-23 12:30:00,4.82,33.73706314697861
2018-10-23 12:45:00,4.64,31.506101585030557
2018-10-23 13:00:00,4.25,31.70246446505189
2018-10-23 13:15:00,48.349999999999994,32.36230517759919
2018-10-23 13:30:00,89.89,38.13854982316494
2018-10-23 13:45:00,96.40999999999998,52.23559881299734
2018-10-23 14:00:00,55.76,64.17564482450486
2018-10-23 14:15:00,64.37,67.65363159239293
2018-10-23 14:30:00,118.48,70.86425191670656
2018-10-23 14:45:00,110.23,80.65527080953122
2018-10-23 15:00:00,55.44,86.67860767662526
2018-10-23 15:15:00,78.48000000000002,84.70096274018289
2018-10-23 15:30:00,84.1,83.97107278287412
2018-10-23 15:45:00,53.5,82.85921279966831
2018-10-23 16:00:00,74.52,77.45613374710084
2018-10-23 16:15:00,58.64,73.78723831176758
2018-10-23 16:30:00,46.800000000000004,67.95106469154358
2018-10-23 16:45:00,44.57000000000001,61.07031393110752
2018-10-23 17:00:00,66.74,55.18443040639162
2018-10-23 17:15:00,55.370000000000005,54.05634475827217
2018-10-23 17:30:00,51.440000000000005,53.02541100859642
2018-10-23 17:45:00,31.0,52.51745293855667
2018-10-23 18:00:00,31.1,50.984938213825224
2018-10-23 18:15:00,74.05,49.67172819286585
2018-10-23 18:30:00,125.28,53.65756973981857
2018-10-23 18:45:00,75.63999999999999,65.17329642564059
2018-10-23 19:00:00,47.02,64.74779149919748
2018-10-23 19:15:00,63.58,57.742790677547454
2018-10-23 19:30:00,59.26,53.19970330178737
2018-10-23 19:45:00,70.74,48.45850383579731
2018-10-23 20:00:00,51.59000000000001,46.681692482233046
2018-10-23 20:15:00,61.2,41.493184712231155
2018-10-23 20:30:00,55.510000000000005,37.71266541466117
2018-10-23 20:45:00,62.75,32.50355109512806
2018-10-23 21:00:00,34.09,29.690861497819423
2018-10-23 21:15:00,32.98,21.8677242988348
2018-10-23 21:30:00,29.99,16.264701986685395
2018-10-23 21:45:00,29.88,12.658571536913513
2018-10-23 22:00:00,37.48,11.016710965037346
2018-10-23 22:15:00,62.5,12.251088640168309
2018-10-23 22:30:00,92.99,22.257995775491
2018-10-23 22:45:00,76.1,35.491792686432596
2018-10-23 23:00:00,71.17,38.13803561374545
2018-10-23 23:15:00,32.33,36.5459287327528
2018-10-23 23:30:00,17.93,25.68658924818039
2018-10-23 23:45:00,6.37,14.051216808632017
2018-10-24 00:00:00,2.92,6.9882012635469435
2018-10-24 00:15:00,4.86,4.682393461158499
2018-10-24 00:30:00,4.9,3.525850026672706
2018-10-24 00:45:00,3.89,2.581927380466368
2018-10-24 01:00:00,3.8200000000000003,1.707270665736869
2018-10-24 01:15:00,3.74,2.35951191320084
2018-10-24 01:30:00,3.74,3.6767077588662507
2018-10-24 01:45:00,3.78,5.116719801761209
2018-10-24 02:00:00,3.74,6.232281980514526
2018-10-24 02:15:00,3.78,6.656483700443059
2018-10-24 02:30:00,3.78,6.289866418447345
2018-10-24 02:45:00,3.78,4.986478302627801
2018-10-24 03:00:00,3.78,2.790786117762327
2018-10-24 03:15:00,3.74,1.837561284219846
2018-10-24 03:30:00,3.78,1.4805962350964548
2018-10-24 03:45:00,3.8200000000000003,1.7247439621295781
2018-10-24 04:00:00,4.68,2.4880820212094115
2018-10-24 04:15:00,4.72,3.785618127891794
2018-10-24 04:30:00,3.2,5.088917407859117
2018-10-24 04:45:00,3.24,6.038888435345142
2018-10-24 05:00:00,3.24,6.882013369556516
2018-10-24 05:15:00,3.17,7.287332488782703
2018-10-24 05:30:00,3.13,7.183461063317954
2018-10-24 05:45:00,3.13,6.6200259157828985
2018-10-24 06:00:00,3.13,5.735543892644345
2018-10-24 06:15:00,3.2,4.803930450184271
2018-10-24 06:30:00,3.1,4.283642721697688
2018-10-24 06:45:00,3.42,5.445882878005504
2018-10-24 07:00:00,3.74,8.812659508921206
2018-10-24 07:15:00,3.64,13.055878027155995
2018-10-24 07:30:00,3.78,17.472467640265823
2018-10-24 07:45:00,5.4,21.416872665286064
2018-10-24 08:00:00,4.18,25.206811650693417
2018-10-24 08:15:00,34.16,27.839438132941723
2018-10-24 08:30:00,58.75,39.98055799111724
2018-10-24 08:45:00,68.98,55.00145718038082
2018-10-24 09:00:00,44.21,64.29680064737796
2018-10-24 09:15:00,43.85,62.112331251502034
2018-10-24 09:30:00,66.53,63.23682866096497
2018-10-24 09:45:00,52.67,68.36136339008809
2018-10-24 10:00:00,49.57,67.53682746320963
2018-10-24 10:15:00,80.78,65.37937988460064
2018-10-24 10:30:00,129.85,66.22959035515785
2018-10-24 10:45:00,90.43,70.54054698258638
2018-10-24 11:00:00,111.89,65.78414128869773
2018-10-24 11:15:00,91.55,62.15292460471392
2018-10-24 11:30:00,59.36,55.3553006246686
2018-10-24 11:45:00,61.63,45.84344580113888
2018-10-24 12:00:00,44.419999999999995,37.81898101896048
2018-10-24 12:15:00,5.290000000000001,31.445698819160462
2018-10-24 12:30:00,5.1499999999999995,27.35517860531807
2018-10-24 12:45:00,5.44,25.80988723605871
2018-10-24 13:00:00,4.75,27.10512238189578
2018-10-24 13:15:00,31.21,27.87484448283911
2018-10-24 13:30:00,54.07,34.745061809271576
2018-10-24 13:45:00,60.3,46.24963082432747
2018-10-24 14:00:00,69.52,56.65281939923763
2018-10-24 14:15:00,52.99000000000001,65.96028383761644
2018-10-24 14:30:00,54.07,70.16119515836239
2018-10-24 14:45:00,59.83,72.63525203019381
2018-10-24 15:00:00,51.19,75.50068289756776
2018-10-24 15:15:00,57.96,75.61637328058482
2018-10-24 15:30:00,55.33,75.37084165096283
2018-10-24 15:45:00,59.69,73.57121646463871
2018-10-24 16:00:00,46.87,71.21396821290254
2018-10-24 16:15:00,56.99,66.36347791343927
2018-10-24 16:30:00,55.48,62.30146151781082
2018-10-24 16:45:00,52.13,57.94498051583767
2018-10-24 17:00:00,56.23,53.50845349907875
2018-10-24 17:15:00,57.78,51.17963272005319
2018-10-24 17:30:00,62.28,49.73822961717844
2018-10-24 17:45:00,52.92,49.80943751722574
2018-10-24 18:00:00,33.52,50.96045825272798
2018-10-24 18:15:00,15.91,50.35119868159294
2018-10-24 18:30:00,3.89,48.51620756357908
2018-10-24 18:45:00,3.92,45.35130472302437
2018-10-24 19:00:00,3.89,41.43617258489132
2018-10-24 19:15:00,3.92,36.9282782407105
2018-10-24 19:30:00,3.8200000000000003,31.95477737173438
2018-10-24 19:45:00,3.85,27.56308088362217
2018-10-24 20:00:00,3.78,23.978021792769432
2018-10-24 20:15:00,4.72,22.586622749119996
2018-10-24 20:30:00,4.64,23.011977230012416
2018-10-24 20:45:00,3.85,22.213475119769573
2018-10-24 21:00:00,3.89,20.76920344687998
2018-10-24 21:15:00,3.8200000000000003,18.655581555366517
2018-10-24 21:30:00,3.8200000000000003,15.907612735778093
2018-10-24 21:45:00,3.92,12.635437726676464
2018-10-24 22:00:00,3.85,8.905423786379396
2018-10-24 22:15:00,3.64,4.917379166427999
2018-10-24 22:30:00,3.56,1.693260423829779
2018-10-24 22:45:00,3.64,-0.6156842805631458
2018-10-24 23:00:00,3.6,-0.5424066314660012
2018-10-24 23:15:00,2.95,-0.09081652358174319
2018-10-24 23:30:00,2.92,0.1247779852058739
2018-10-24 23:45:00,2.92,0.30490621848963206
2018-10-25 00:00:00,4.1,0.40723922592587775
2018-10-25 00:15:00,3.1,0.6945625805482268
2018-10-25 00:30:00,3.67,0.6734178232867272
2018-10-25 00:45:00,3.02,0.5795841474179179
2018-10-25 01:00:00,2.99,0.322800818560645
2018-10-25 01:15:00,2.95,0.21450921299867337
2018-10-25 01:30:00,3.13,2.241786410275381
2018-10-25 01:45:00,3.02,4.138871578620747
2018-10-25 02:00:00,2.99,4.770432457188144
2018-10-25 02:15:00,2.99,4.66435936213471
2018-10-25 02:30:00,3.13,3.7925871812086553
2018-10-25 02:45:00,3.71,2.3900375890987924
2018-10-25 03:00:00,3.17,1.0510469617508353
2018-10-25 03:15:00,3.02,-1.0466703650541602
2018-10-25 03:30:00,3.02,-2.56248198479414
2018-10-25 03:45:00,3.49,-2.3078556970879434
2018-10-25 04:00:00,3.56,-1.3153641537949443
2018-10-25 04:15:00,3.02,-0.2935390963032841
2018-10-25 04:30:00,3.02,0.5317368486616761
2018-10-25 04:45:00,3.13,1.2933913069497796
2018-10-25 05:00:00,3.1,1.8373844545613975
2018-10-25 05:15:00,3.13,1.9606738465535456
2018-10-25 05:30:00,3.06,1.5917275004275144
2018-10-25 05:45:00,3.02,0.847570617524907
2018-10-25 06:00:00,3.35,0.2358839891571552
2018-10-25 06:15:00,3.42,-0.5045855743438005
2018-10-25 06:30:00,2.95,0.12039766195230191
2018-10-25 06:45:00,2.95,2.155594371960033
2018-10-25 07:00:00,2.95,5.075060137640684
2018-10-25 07:15:00,2.84,9.008526143170892
2018-10-25 07:30:00,2.92,13.763023760840296
2018-10-25 07:45:00,4.43,18.84628027267754
2018-10-25 08:00:00,5.9,24.198862388432026
2018-10-25 08:15:00,36.58,29.23575921609998
2018-10-25 08:30:00,54.36,42.04681984782219
2018-10-25 08:45:00,76.25,53.76232026129961
2018-10-25 09:00:00,74.56,63.51962138712406
2018-10-25 09:15:00,64.84,69.03298825562
2018-10-25 09:30:00,55.26,72.0675019583106
2018-10-25 09:45:00,84.05999999999999,71.82206014692784
2018-10-25 10:00:00,67.79,74.43746398180723
2018-10-25 10:15:00,78.12,73.2171035656333
2018-10-25 10:30:00,58.72,71.55532692193985
2018-10-25 10:45:00,70.2,66.0123020708561
2018-10-25 11:00:00,67.43,60.58369218379259
2018-10-25 11:15:00,74.34,53.70220491379499
2018-10-25 11:30:00,58.93,46.74402184933424
2018-10-25 11:45:00,79.92,39.4165286397934
2018-10-25 12:00:00,52.45,35.667070734798905
2018-10-25 12:15:00,8.46,32.14858043193817
2018-10-25 12:30:00,5.83,28.69468965217471
2018-10-25 12:45:00,4.93,28.195634815096856
2018-10-25 13:00:00,4.68,30.36222813591361
2018-10-25 13:15:00,29.48,30.935818638801575
2018-10-25 13:30:00,50.26,34.60937564074993
2018-10-25 13:45:00,58.36,43.35151959061623
2018-10-25 14:00:00,59.14999999999999,52.61035643428564
2018-10-25 14:15:00,54.97,59.987945766746996
2018-10-25 14:30:00,60.16,64.58026701033116
2018-10-25 14:45:00,58.28,68.9849310067296
2018-10-25 15:00:00,60.23,71.68663669675588
2018-10-25 15:15:00,47.41,73.06990494430065
2018-10-25 15:30:00,47.38000000000001,71.38245375692844
2018-10-25 15:45:00,66.53,68.47564362674952
2018-10-25 16:00:00,66.28,66.96858788192272
2018-10-25 16:15:00,60.37,64.61469434142113
2018-10-25 16:30:00,57.67,60.554523710608485
2018-10-25 16:45:00,57.42,55.7881347194314
2018-10-25 17:00:00,46.84,51.47015430569649
2018-10-25 17:15:00,60.19,46.73487386167049
2018-10-25 17:30:00,51.73,44.9307891997695
2018-10-25 17:45:00,29.84,45.44335494548082
2018-10-25 18:00:00,30.02,44.6352871927619
2018-10-25 18:15:00,51.98,44.30134297937155
2018-10-25 18:30:00,57.6,46.452328135669234
2018-10-25 18:45:00,65.12,48.591142920553686
2018-10-25 19:00:00,67.32,50.01471710294485
2018-10-25 19:15:00,48.489999999999995,50.95870230615139
2018-10-25 19:30:00,51.300000000000004,47.97322936207056
2018-10-25 19:45:00,56.34,44.54748088210821
2018-10-25 20:00:00,57.06000000000001,41.409779495298864
2018-10-25 20:15:00,53.5,39.15648462817073
2018-10-25 20:30:00,56.66,36.65705859467387
2018-10-25 20:45:00,81.00000000000001,34.30911102160811
2018-10-25 21:00:00,75.02,34.71759763717651
2018-10-25 21:15:00,8.89,33.39307051807642
2018-10-25 21:30:00,4.07,21.577101667672395
2018-10-25 21:45:00,3.89,10.690612374842166
2018-10-25 22:00:00,3.89,3.2169603304285554
2018-10-25 22:15:00,3.71,-1.3970420537143946
2018-10-25 22:30:00,3.64,-2.681443435810506
2018-10-25 22:45:00,3.5299999999999994,-2.1404232719168066
2018-10-25 23:00:00,3.56,-1.2220898771472275
2018-10-25 23:15:00,3.4599999999999995,-0.4829346070997416
2018-10-25 23:30:00,3.5299999999999994,-0.07125242698937649
2018-10-25 23:45:00,3.42,0.16935926823876804
2018-10-26 00:00:00,3.6,0.24371305211447183
2018-10-26 00:15:00,4.57,0.24586504098959272
2018-10-26 00:30:00,3.49,0.11738454070873564
2018-10-26 00:45:00,3.5299999999999994,-0.15414960950613016
2018-10-26 01:00:00,3.49,-0.5311973152123391
2018-10-26 01:15:00,3.5299999999999994,1.0404571106657385
2018-10-26 01:30:00,3.5299999999999994,2.8634604759910145
2018-10-26 01:45:00,3.49,4.267713456973434
2018-10-26 02:00:00,3.49,4.3249045190867035
2018-10-26 02:15:00,3.35,3.5699848849885165
2018-10-26 02:30:00,2.92,1.9803900026180783
2018-10-26 02:45:00,2.88,0.08425746897235518
2018-10-26 03:00:00,2.88,-2.303852049075067
2018-10-26 03:15:00,2.88,-4.7597908979654315
2018-10-26 03:30:00,2.95,-4.327404771670699
2018-10-26 03:45:00,2.84,-3.5178381770849225
2018-10-26 04:00:00,2.84,-2.3196308682486415
2018-10-26 04:15:00,2.92,-1.0945768877118824
2018-10-26 04:30:00,2.88,-0.07038540029898281
2018-10-26 04:45:00,3.17,0.6069107853341849
2018-10-26 05:00:00,3.5299999999999994,0.9371112622413785
2018-10-26 05:15:00,3.2,0.9574364280700685
2018-10-26 05:30:00,3.38,0.4726572177279741
2018-10-26 05:45:00,2.88,-0.0500115361437201
2018-10-26 06:00:00,2.92,-0.7270336358062922
2018-10-26 06:15:00,2.84,-1.3634132629074156
2018-10-26 06:30:00,2.81,-0.6299142964743077
2018-10-26 06:45:00,2.84,1.9382866504299454
2018-10-26 07:00:00,2.81,5.46344206308946
2018-10-26 07:15:00,2.84,10.15432226397097
2018-10-26 07:30:00,3.28,15.692463248297571
2018-10-26 07:45:00,5.9,21.523870888203383
2018-10-26 08:00:00,5.54,27.667671977728606
2018-10-26 08:15:00,25.99,32.72498449116945
2018-10-26 08:30:00,100.69,41.732527865171434
2018-10-26 08:45:00,80.68,64.04463144987821
2018-10-26 09:00:00,104.65,69.2737999367714
2018-10-26 09:15:00,121.18,75.1992259413004
2018-10-26 09:30:00,106.06,82.17408825278282
2018-10-26 09:45:00,106.52000000000001,85.36732425689698
2018-10-26 10:00:00,122.69,87.20135881066324
2018-10-26 10:15:00,93.2,87.34101719081403
2018-10-26 10:30:00,52.45,82.91709167301656
2018-10-26 10:45:00,74.27,74.46594983637333
2018-10-26 11:00:00,60.26,67.050740134418
2018-10-26 11:15:00,72.18,57.73852431118488
2018-10-26 11:30:00,72.9,49.798124909996986
2018-10-26 11:45:00,65.2,43.65481782078743
2018-10-26 12:00:00,60.23,39.55319158166647
2018-10-26 12:15:00,8.39,38.38755741864443
2018-10-26 12:30:00,4.32,36.96890527576208
2018-10-26 12:45:00,4.68,38.9555499997735
2018-10-26 13:00:00,4.28,41.43037032663822
2018-10-26 13:15:00,33.66,42.42366125226021
2018-10-26 13:30:00,66.02,47.15709144055843
2018-10-26 13:45:00,63.76,59.05247533261776
2018-10-26 14:00:00,68.11,67.86555772781372
2018-10-26 14:15:00,69.91,73.27126396387816
2018-10-26 14:30:00,55.55,75.81170549631119
2018-10-26 14:45:00,52.34,73.79590577185154
2018-10-26 15:00:00,58.64,70.84441106766462
2018-10-26 15:15:00,67.61,67.93597971826792
2018-10-26 15:30:00,45.36,66.25780226409435
2018-10-26 15:45:00,49.1,61.07179144114256
2018-10-26 16:00:00,58.07,56.1969065079093
2018-10-26 16:15:00,50.43999999999999,52.61087738007307
2018-10-26 16:30:00,48.06,48.08279414117336
2018-10-26 16:45:00,55.62,43.82648293048143
2018-10-26 17:00:00,47.12,41.155391787290576
2018-10-26 17:15:00,54.86,37.980669567734004
2018-10-26 17:30:00,62.53000000000001,36.7104016469419
2018-10-26 17:45:00,31.5,37.36596027493477
2018-10-26 18:00:00,31.21,34.73746543169022
2018-10-26 18:15:00,39.92,32.6102731269598
2018-10-26 18:30:00,51.77,31.80612818583846
2018-10-26 18:45:00,52.06,32.35449772715568
2018-10-26 19:00:00,51.12,32.18174357131124
2018-10-26 19:15:00,63.14,31.89054385796189
2018-10-26 19:30:00,65.02,33.3914537897706
2018-10-26 19:45:00,51.37,34.2406852415204
2018-10-26 20:00:00,58.72,31.449116403162478
2018-10-26 20:15:00,51.12,29.611468910723925
2018-10-26 20:30:00,49.97,26.203630187660455
2018-10-26 20:45:00,60.26,23.162146589607
2018-10-26 21:00:00,47.02,22.15435450926423
2018-10-26 21:15:00,5.72,18.979308944046497
2018-10-26 21:30:00,5.04,11.462427240759133
2018-10-26 21:45:00,4.07,5.358740380275994
2018-10-26 22:00:00,3.9599999999999995,0.8528060384839774
2018-10-26 22:15:00,3.78,-0.8451561283320188
2018-10-26 22:30:00,3.85,-1.508112130369991
2018-10-26 22:45:00,3.67,-1.8034437634050846
2018-10-26 23:00:00,3.71,-1.8724589756876229
2018-10-26 23:15:00,3.64,-1.8301652509346604
2018-10-26 23:30:00,3.56,-1.8191670075431465
2018-10-26 23:45:00,3.67,-1.8967143911868334
2018-10-27 00:00:00,2.74,-2.0756244646012783
2018-10-27 00:15:00,3.64,-1.4749638671427965
2018-10-27 00:30:00,3.64,-1.130947380270809
2018-10-27 00:45:00,3.67,-0.5560031481087208
2018-10-27 01:00:00,3.67,0.4060637297201902
2018-10-27 01:15:00,3.74,1.368191936565563
2018-10-27 01:30:00,3.64,2.392208734520245
2018-10-27 01:45:00,3.64,3.2512557409796865
2018-10-27 02:00:00,4.5,3.9656157037056983
2018-10-27 02:15:00,3.6,4.705284481467679
2018-10-27 02:30:00,3.17,4.839027067497372
2018-10-27 02:45:00,3.13,4.688693649275228
2018-10-27 03:00:00,3.17,5.539995271097868
2018-10-27 03:15:00,3.13,6.408816361501812
2018-10-27 03:30:00,3.13,7.1273998865857715
2018-10-27 03:45:00,3.13,7.720790258944034
2018-10-27 04:00:00,3.17,8.169282479621469
2018-10-27 04:15:00,3.17,8.48001429181546
2018-10-27 04:30:00,3.13,8.658043023757637
2018-10-27 04:45:00,3.1,8.69068297188729
2018-10-27 05:00:00,3.42,8.587610928751527
2018-10-27 05:15:00,3.64,8.46240654874593
2018-10-27 05:30:00,3.1,8.24939529672265
2018-10-27 05:45:00,3.1,8.181968744546175
2018-10-27 06:00:00,3.06,8.356316612772643
2018-10-27 06:15:00,3.1,8.702417163476348
2018-10-27 06:30:00,3.67,9.31099523872137
2018-10-27 06:45:00,3.49,10.425959564819932
2018-10-27 07:00:00,3.1,11.583420829437673
2018-10-27 07:15:00,3.13,12.806531367823482
2018-10-27 07:30:00,3.24,14.10931124575436
2018-10-27 07:45:00,3.2,15.501693799123167
2018-10-27 08:00:00,3.38,16.81911966368556
2018-10-27 08:15:00,30.74,17.51304639801383
2018-10-27 08:30:00,46.55,25.264576005786658
2018-10-27 08:45:00,47.02,33.99558473944664
2018-10-27 09:00:00,45.72,38.36142929285764
2018-10-27 09:15:00,46.15,39.51020232692361
2018-10-27 09:30:00,44.71000000000001,40.571622632443905
2018-10-27 09:45:00,45.25,41.59908041626215
2018-10-27 10:00:00,46.08,42.53157337576151
2018-10-27 10:15:00,42.34,43.54968108087778
2018-10-27 10:30:00,48.6,43.30285606861114
2018-10-27 10:45:00,37.48,42.337327960729596
2018-10-27 11:00:00,40.36,38.60586738541722
2018-10-27 11:15:00,46.58,34.44015358716249
2018-10-27 11:30:00,45.58,31.181868968755005
2018-10-27 11:45:00,47.3,28.08804154634476
2018-10-27 12:00:00,23.0,26.176457924842833
2018-10-27 12:15:00,3.8200000000000003,21.87301010221243
2018-10-27 12:30:00,4.46,19.650581272989513
2018-10-27 12:45:00,5.54,19.88629576906562
2018-10-27 13:00:00,4.97,20.224418776035307
2018-10-27 13:15:00,29.66,20.049897446334363
2018-10-27 13:30:00,37.76,22.90664738088846
2018-10-27 13:45:00,36.9,27.814399053305387
2018-10-27 14:00:00,48.85,32.61339431077242
2018-10-27 14:15:00,39.92,39.23526420578361
2018-10-27 14:30:00,47.089999999999996,41.323518058359625
2018-10-27 14:45:00,34.42,44.61866632759571
2018-10-27 15:00:00,43.63,42.91392063826323
2018-10-27 15:15:00,50.18000000000001,42.41026037096977
2018-10-27 15:30:00,40.54,42.361475594341755
2018-10-27 15:45:00,53.89,39.16546196117997
2018-10-27 16:00:00,53.5,38.45202670529485
2018-10-27 16:15:00,49.39,36.722684291154145
2018-10-27 16:30:00,41.87,33.94112345010042
2018-10-27 16:45:00,48.31,30.073103223890065
2018-10-27 17:00:00,9.069999999999999,28.034379639327526
2018-10-27 17:15:00,5.04,21.425623207241298
2018-10-27 17:30:00,3.64,18.11622302889824
2018-10-27 17:45:00,3.5299999999999994,15.654074932858347
2018-10-27 18:00:00,3.6,14.162385966032742
2018-10-27 18:15:00,3.5299999999999994,13.238276416435838
2018-10-27 18:30:00,3.5299999999999994,12.80331362940371
2018-10-27 18:45:00,3.67,12.638729565143585
2018-10-27 19:00:00,3.64,12.512697734609246
2018-10-27 19:15:00,3.71,11.996987227797508
2018-10-27 19:30:00,3.64,11.39571867313236
2018-10-27 19:45:00,3.6,10.98040306456387
2018-10-27 20:00:00,3.6,10.452497486323118
2018-10-27 20:15:00,3.67,9.799037798307836
2018-10-27 20:30:00,3.67,9.07245876584202
2018-10-27 20:45:00,3.64,8.293369183912873
2018-10-27 21:00:00,4.14,7.121771370489149
2018-10-27 21:15:00,4.61,5.960834140013903
2018-10-27 21:30:00,3.67,5.08409416841343
2018-10-27 21:45:00,3.64,4.0578661927673965
2018-10-27 22:00:00,3.67,3.0972932448703796
2018-10-27 22:15:00,3.38,2.2448650707653726
2018-10-27 22:30:00,3.35,1.9328979069297203
2018-10-27 22:45:00,3.42,1.5906224554032087
2018-10-27 23:00:00,3.35,1.2856008377671242
2018-10-27 23:15:00,3.38,0.9661702694464476
2018-10-27 23:30:00,2.84,0.6536884049978108
2018-10-27 23:45:00,2.7,0.2641304219793529
2018-10-28 00:00:00,2.74,0.011727276034653237
2018-10-28 00:15:00,2.74,-1.0898050130717456
2018-10-28 00:30:00,2.95,-1.4699132752791046
2018-10-28 00:45:00,3.38,-0.7807412939891218
2018-10-28 01:00:00,2.99,0.3139043219666929
2018-10-28 01:15:00,2.84,1.2808974495343866
2018-10-28 01:30:00,2.81,2.0676077932934276
2018-10-28 01:45:00,2.81,2.7446370152616875
2018-10-28 02:00:00,2.84,3.325226464099251
2018-10-28 02:15:00,2.81,3.7970702340733262
2018-10-28 02:30:00,2.84,4.13254149787128
2018-10-28 02:45:00,2.77,4.384502710010857
2018-10-28 03:00:00,2.95,5.207521831374615
2018-10-28 03:15:00,3.4599999999999995,6.231276858281344
2018-10-28 03:30:00,2.88,7.252292709574103
2018-10-28 03:45:00,2.84,7.936014969199896
2018-10-28 04:00:00,2.81,8.49513350829482
2018-10-28 04:15:00,2.81,8.919222113378346
2018-10-28 04:30:00,2.84,9.200169074721634
2018-10-28 04:45:00,2.81,9.356554417833685
2018-10-28 05:00:00,3.28,9.384422210641205
2018-10-28 05:15:00,3.28,9.436538682579993
2018-10-28 05:30:00,2.84,9.604966406114398
2018-10-28 05:45:00,2.74,9.565816319733857
2018-10-28 06:00:00,2.84,9.568037075698376
2018-10-28 06:15:00,3.35,9.699122304916381
2018-10-28 06:30:00,2.92,10.149084737896919
2018-10-28 06:45:00,2.74,10.452338620312512
2018-10-28 07:00:00,2.74,10.923061977922917
2018-10-28 07:15:00,2.81,11.638052773438394
2018-10-28 07:30:00,2.7,12.562455916404724
2018-10-28 07:45:00,2.77,13.628673638626932
2018-10-28 08:00:00,2.74,14.9451676389575
2018-10-28 08:15:00,2.77,16.212268344089388
2018-10-28 08:30:00,2.81,17.270162160992623
2018-10-28 08:45:00,2.95,18.508483979552985
2018-10-28 09:00:00,3.5299999999999994,19.578202367648483
2018-10-28 09:15:00,3.67,19.366290827691554
2018-10-28 09:30:00,3.49,18.929206084758043
2018-10-28 09:45:00,3.02,18.156954477652906
2018-10-28 10:00:00,3.17,16.966450766921042
2018-10-28 10:15:00,3.06,15.76796446017921
2018-10-28 10:30:00,3.02,14.071932262778281
2018-10-28 10:45:00,2.99,12.088138145133852
2018-10-28 11:00:00,2.99,9.81287317533046
2018-10-28 11:15:00,3.06,7.2999356718361375
2018-10-28 11:30:00,3.1,4.670730562796816
2018-10-28 11:45:00,3.06,2.1637251680647025
2018-10-28 12:00:00,3.06,-0.3500965188071131
2018-10-28 12:15:00,3.2,-2.7583430054038764
2018-10-28 12:30:00,3.74,-4.518786107599735
2018-10-28 12:45:00,3.17,-5.836685763373971
2018-10-28 13:00:00,3.2,-5.915635995641352
2018-10-28 13:15:00,3.38,-4.766649643257261
2018-10-28 13:30:00,3.67,-2.9913781111314894
2018-10-28 13:45:00,3.2,-0.8212529687397182
2018-10-28 14:00:00,3.02,1.3846973010897636
2018-10-28 14:15:00,3.1,3.4535404497850686
2018-10-28 14:30:00,3.06,5.286017920169979
2018-10-28 14:45:00,3.06,6.7325914661213755
2018-10-28 15:00:00,3.06,8.020213393457233
2018-10-28 15:15:00,3.06,9.838881730586289
2018-10-28 15:30:00,3.5299999999999994,11.274607198014856
2018-10-28 15:45:00,3.49,12.270340057015419
2018-10-28 16:00:00,3.13,13.269008849710225
2018-10-28 16:15:00,3.06,14.092224448472262
2018-10-28 16:30:00,3.02,14.29250901736319
2018-10-28 16:45:00,3.02,14.078173507675528
2018-10-28 17:00:00,3.02,13.465814084559678
2018-10-28 17:15:00,3.02,12.588827674165367
2018-10-28 17:30:00,3.06,11.693690120354294
2018-10-28 17:45:00,3.02,12.545364628210663
2018-10-28 18:00:00,2.92,13.15874910198152
2018-10-28 18:15:00,2.95,13.361490199714899
2018-10-28 18:30:00,3.28,13.329236470013857
2018-10-28 18:45:00,4.82,14.736620914787053
2018-10-28 19:00:00,3.49,16.112608271315693
2018-10-28 19:15:00,2.95,17.048795005902647
2018-10-28 19:30:00,2.99,16.59094316333532
2018-10-28 19:45:00,2.95,15.846864169687032
2018-10-28 20:00:00,2.92,15.48910240471363
2018-10-28 20:15:00,3.06,16.33572014570236
2018-10-28 20:30:00,2.95,16.829219724684954
2018-10-28 20:45:00,2.95,16.951744152978062
2018-10-28 21:00:00,2.99,16.586191778481005
2018-10-28 21:15:00,2.99,15.7035625372082
2018-10-28 21:30:00,3.02,14.217921706065535
2018-10-28 21:45:00,2.95,12.013857338577509
2018-10-28 22:00:00,2.99,9.172329911477863
2018-10-28 22:15:00,3.17,6.294296703096479
2018-10-28 22:30:00,3.31,4.200055622830987
2018-10-28 22:45:00,2.77,1.9757468206738122
2018-10-28 23:00:00,3.2,0.23621715868823234
2018-10-28 23:15:00,3.13,0.6775077810138465
2018-10-28 23:30:00,2.74,0.9621691475715489
2018-10-28 23:45:00,2.77,1.25895555539988
2018-10-29 00:00:00,3.64,1.557851849803701
2018-10-29 00:15:00,2.77,1.2254673862736674
2018-10-29 00:30:00,2.77,1.0105598466750234
2018-10-29 00:45:00,2.84,0.6840372863225639
2018-10-29 01:00:00,2.74,0.2738097406644375
2018-10-29 01:15:00,2.81,0.4744033404346556
2018-10-29 01:30:00,3.2,3.3108523881528527
2018-10-29 01:45:00,3.38,5.889872398078441
2018-10-29 02:00:00,2.77,6.527767707966268
2018-10-29 02:15:00,2.77,5.719914115611464
2018-10-29 02:30:00,3.24,3.9054342555906625
2018-10-29 02:45:00,3.38,1.5423618524055929
2018-10-29 03:00:00,2.77,-0.6657902273535728
2018-10-29 03:15:00,2.81,-3.6098098085820673
2018-10-29 03:30:00,2.81,-4.0803591433539985
2018-10-29 03:45:00,2.81,-3.107511410340667
2018-10-29 04:00:00,2.81,-1.9313443746790289
2018-10-29 04:15:00,2.74,-0.6530949806049465
2018-10-29 04:30:00,2.81,0.5430845411401243
2018-10-29 04:45:00,2.77,1.520677484003827
2018-10-29 05:00:00,2.77,2.052206772088539
2018-10-29 05:15:00,3.42,2.080060811478179
2018-10-29 05:30:00,3.17,1.9183448260393925
2018-10-29 05:45:00,2.74,1.3395595659967512
2018-10-29 06:00:00,2.7,0.4932853797730059
2018-10-29 06:15:00,2.66,-0.2373389819823205
2018-10-29 06:30:00,2.7,0.0817725912481547
2018-10-29 06:45:00,3.02,1.8247299067024143
2018-10-29 07:00:00,3.28,4.668979528155178
2018-10-29 07:15:00,2.84,8.73244340084493
2018-10-29 07:30:00,2.92,13.176741940751672
2018-10-29 07:45:00,4.0,17.80684410393238
2018-10-29 08:00:00,3.89,22.57909598067403
2018-10-29 08:15:00,23.72,26.6839354673028
2018-10-29 08:30:00,68.29,36.22569976449013
2018-10-29 08:45:00,57.96,56.10307788431644
2018-10-29 09:00:00,67.82,61.93208400905132
2018-10-29 09:15:00,107.63999999999999,66.06648941457271
2018-10-29 09:30:00,101.23,76.24771915674211
2018-10-29 09:45:00,112.0,80.59211062371732
2018-10-29 10:00:00,93.74,83.24712879300118
2018-10-29 10:15:00,94.93,81.89639720261098
2018-10-29 10:30:00,113.51,79.38967792809011
2018-10-29 10:45:00,78.43999999999998,76.66251774907113
2018-10-29 11:00:00,111.2,68.67588890016079
2018-10-29 11:15:00,90.83,62.454664488434794
2018-10-29 11:30:00,107.92999999999999,53.79666675597429
2018-10-29 11:45:00,88.42,47.59424579262733
2018-10-29 12:00:00,87.3,42.432283803224564
2018-10-29 12:15:00,5.33,40.09244232624769
2018-10-29 12:30:00,6.01,35.29788184434175
2018-10-29 12:45:00,6.01,34.287498507797714
2018-10-29 13:00:00,5.290000000000001,36.63710098192096
2018-10-29 13:15:00,61.56000000000001,37.385322841852904
2018-10-29 13:30:00,89.46,47.15762585908175
2018-10-29 13:45:00,101.47999999999999,60.52995842218399
2018-10-29 14:00:00,87.98,71.8506178560853
2018-10-29 14:15:00,118.15,78.36132196187974
2018-10-29 14:30:00,83.16,87.13817167937756
2018-10-29 14:45:00,77.33000000000001,89.38748984396459
2018-10-29 15:00:00,83.48,89.79899210691453
2018-10-29 15:15:00,109.15,89.89401980400086
2018-10-29 15:30:00,88.96,91.55475006520749
2018-10-29 15:45:00,111.31000000000002,89.44353642523289
2018-10-29 16:00:00,115.24,88.69077874422074
2018-10-29 16:15:00,73.76,86.9319759476185
2018-10-29 16:30:00,134.6,79.54676104664803
2018-10-29 16:45:00,101.27,79.89874076247216
2018-10-29 17:00:00,75.06,75.01623924255371
2018-10-29 17:15:00,55.58,68.66564962089062
2018-10-29 17:30:00,59.94,64.12725524812937
2018-10-29 17:45:00,31.39,65.01888539969922
2018-10-29 18:00:00,30.64,64.49323313653468
2018-10-29 18:15:00,47.38000000000001,64.51737627923488
2018-10-29 18:30:00,59.18,65.6089777585864
2018-10-29 18:45:00,72.43,65.92722174376249
2018-10-29 19:00:00,49.72,66.31210188060999
2018-10-29 19:15:00,47.77,61.39765650391578
2018-10-29 19:30:00,54.86,55.233390328586104
2018-10-29 19:45:00,57.82,51.142313241660595
2018-10-29 20:00:00,52.02,49.54640480369329
2018-10-29 20:15:00,61.02,47.04005827486515
2018-10-29 20:30:00,57.42,45.824997134804725
2018-10-29 20:45:00,48.82,43.22857638478279
2018-10-29 21:00:00,31.5,39.159688893854614
2018-10-29 21:15:00,22.75,31.858314828276633
2018-10-29 21:30:00,4.03,24.763304903656245
2018-10-29 21:45:00,4.0,16.40906010620296
2018-10-29 22:00:00,4.0,9.689932214953005
2018-10-29 22:15:00,3.64,5.405943513847887
2018-10-29 22:30:00,3.6,3.176679446450435
2018-10-29 22:45:00,3.89,1.4439651293028146
2018-10-29 23:00:00,4.68,0.6299338665232063
2018-10-29 23:15:00,4.46,0.9016176202427596
2018-10-29 23:30:00,3.64,0.9567284077312798
2018-10-29 23:45:00,3.67,0.732813782831654
2018-10-30 00:00:00,3.67,0.2791424179356546
2018-10-30 00:15:00,3.6,0.057996580600738576
2018-10-30 00:30:00,3.67,-0.34650715742260213
2018-10-30 00:45:00,3.71,0.6781073177605867
2018-10-30 01:00:00,3.67,2.559633195339702
2018-10-30 01:15:00,3.64,4.394822123991325
2018-10-30 01:30:00,3.67,5.916180441025644
2018-10-30 01:45:00,3.71,6.820728981532156
2018-10-30 02:00:00,3.71,6.425680016595869
2018-10-30 02:15:00,3.67,5.084489649347961
2018-10-30 02:30:00,3.6,3.370882197818719
2018-10-30 02:45:00,3.6,1.2993051362968981
2018-10-30 03:00:00,3.2,-1.1802500151842832
2018-10-30 03:15:00,2.99,-1.7607500668056308
2018-10-30 03:30:00,2.88,-1.2668530421145259
2018-10-30 03:45:00,2.88,-0.16613164329901334
2018-10-30 04:00:00,2.92,1.132518139379099
2018-10-30 04:15:00,2.88,2.443568908816669
2018-10-30 04:30:00,3.2,3.5934070959780366
2018-10-30 04:45:00,3.56,4.486406975695863
2018-10-30 05:00:00,2.95,4.949726082552224
2018-10-30 05:15:00,2.84,4.607692192969844
2018-10-30 05:30:00,2.84,4.0379623306170105
2018-10-30 05:45:00,2.88,3.214802306890488
2018-10-30 06:00:00,2.88,2.3350891410605983
2018-10-30 06:15:00,2.81,1.7117257907427847
2018-10-30 06:30:00,2.81,2.9823119698348455
2018-10-30 06:45:00,2.84,5.436460664030164
2018-10-30 07:00:00,2.92,9.150024674497544
2018-10-30 07:15:00,3.5299999999999994,13.801605185493827
2018-10-30 07:30:00,3.78,19.236894181370733
2018-10-30 07:45:00,4.5,24.483327979296444
2018-10-30 08:00:00,5.1499999999999995,29.38106716349721
2018-10-30 08:15:00,26.349999999999998,33.938305402845145
2018-10-30 08:30:00,66.46,44.389319944679734
2018-10-30 08:45:00,54.22,61.9450357991457
2018-10-30 09:00:00,75.49,67.03119119465352
2018-10-30 09:15:00,68.36,74.83431688994169
2018-10-30 09:30:00,63.25,78.66165619015695
2018-10-30 09:45:00,66.02,79.00826477527619
2018-10-30 10:00:00,59.76,78.81495796084405
2018-10-30 10:15:00,55.55,76.53969579786063
2018-10-30 10:30:00,74.3,72.25488975077867
2018-10-30 10:45:00,64.51,69.10602395683527
2018-10-30 11:00:00,65.77,62.695363896787164
2018-10-30 11:15:00,61.31,54.97704458296299
2018-10-30 11:30:00,69.91,46.345183958113196
2018-10-30 11:45:00,61.16,39.469004946053026
2018-10-30 12:00:00,48.74,34.42929231658578
2018-10-30 12:15:00,4.97,30.523772975504396
2018-10-30 12:30:00,4.93,27.017078052908182
2018-10-30 12:45:00,4.61,28.03839002370834
2018-10-30 13:00:00,5.62,29.493027844130992
2018-10-30 13:15:00,34.31,30.380705993175507
2018-10-30 13:30:00,65.09,34.7633532936871
2018-10-30 13:45:00,57.46,46.93948430150747
2018-10-30 14:00:00,63.49999999999999,55.47462415546179
2018-10-30 14:15:00,65.02,63.00834004223346
2018-10-30 14:30:00,61.63,68.28089522957802
2018-10-30 14:45:00,59.08,71.16809803813696
2018-10-30 15:00:00,59.76,73.51870423108339
2018-10-30 15:15:00,54.4,74.3844981661439
2018-10-30 15:30:00,57.78,72.95524747103453
2018-10-30 15:45:00,59.9,71.25867973238229
2018-10-30 16:00:00,54.97,68.58885502636433
2018-10-30 16:15:00,70.16,64.21648517787456
2018-10-30 16:30:00,68.98,61.848696755766866
2018-10-30 16:45:00,57.85,58.3663448214531
2018-10-30 17:00:00,46.3,53.50278596818447
2018-10-30 17:15:00,61.52,48.076924519240855
2018-10-30 17:30:00,41.8,46.34160919219256
2018-10-30 17:45:00,30.1,45.048370256721974
2018-10-30 18:00:00,30.89,44.5597814899683
2018-10-30 18:15:00,36.29,44.673217435181144
2018-10-30 18:30:00,45.14,45.33996517032385
2018-10-30 18:45:00,67.61,46.3033151859045
2018-10-30 19:00:00,55.66,48.94729918450117
2018-10-30 19:15:00,52.27,48.99981141805649
2018-10-30 19:30:00,52.6,47.28706292361021
2018-10-30 19:45:00,59.36,44.89591726839542
2018-10-30 20:00:00,59.08,42.77340000301599
2018-10-30 20:15:00,51.16,40.95476029545069
2018-10-30 20:30:00,113.98,37.80204129904509
2018-10-30 20:45:00,110.09,45.71964932203293
2018-10-30 21:00:00,63.4,48.80648214906454
2018-10-30 21:15:00,4.64,40.820508973300456
2018-10-30 21:30:00,4.43,23.125035938620567
2018-10-30 21:45:00,4.03,11.021123847402631
2018-10-30 22:00:00,4.07,4.7926675236690786
2018-10-30 22:15:00,3.85,0.8543865588121117
2018-10-30 22:30:00,3.8200000000000003,-1.4576233333349227
2018-10-30 22:45:00,4.0,-2.0283823162317276
2018-10-30 23:00:00,4.54,-1.519418001230806
2018-10-30 23:15:00,3.56,-0.8887822505272924
2018-10-30 23:30:00,3.71,-0.23193725693970912
2018-10-30 23:45:00,3.56,-0.004132379554212043
2018-10-31 00:00:00,3.85,-0.016337555535137605
2018-10-31 00:15:00,3.64,0.07991840597242122
2018-10-31 00:30:00,3.6,-0.21727667484432453
2018-10-31 00:45:00,3.67,-0.7658227651380002
2018-10-31 01:00:00,3.56,-1.108186877090484
2018-10-31 01:15:00,3.6,1.0048691595159471
2018-10-31 01:30:00,3.6,2.83863559180405
2018-10-31 01:45:00,3.6,4.031949420524761
2018-10-31 02:00:00,4.07,4.397163994237781
2018-10-31 02:15:00,4.72,3.963732888866216
2018-10-31 02:30:00,3.64,2.7997051741718315
2018-10-31 02:45:00,3.6,1.1739002090040596
2018-10-31 03:00:00,3.6,-0.757780383862555
2018-10-31 03:15:00,3.64,-2.562392727918923
2018-10-31 03:30:00,3.38,-1.6294408533535898
2018-10-31 03:45:00,2.99,-0.7181646460480987
2018-10-31 04:00:00,2.95,0.17510539009235804
2018-10-31 04:15:00,2.95,1.3228314803075045
2018-10-31 04:30:00,3.02,2.564407561032567
2018-10-31 04:45:00,2.95,3.537627583630383
2018-10-31 05:00:00,2.92,4.093490492235869
2018-10-31 05:15:00,2.88,4.1438741738628595
2018-10-31 05:30:00,2.92,3.7437487943191083
2018-10-31 05:45:00,3.38,3.0085567891621032
2018-10-31 06:00:00,3.5299999999999994,2.2652145857573487
2018-10-31 06:15:00,2.88,1.7178937776386738
2018-10-31 06:30:00,2.84,2.457956457498949
2018-10-31 06:45:00,2.84,4.379513447163626
2018-10-31 07:00:00,3.42,7.133247053958475
2018-10-31 07:15:00,3.28,11.36318426143378
2018-10-31 07:30:00,2.95,16.549984923526644
2018-10-31 07:45:00,4.39,21.661746376305818
2018-10-31 08:00:00,4.25,27.11372023284435
2018-10-31 08:15:00,27.79,31.81911141231656
2018-10-31 08:30:00,59.0,43.48705082267523
2018-10-31 08:45:00,115.56,59.22603111624718
2018-10-31 09:00:00,139.43,76.39242981284858
2018-10-31 09:15:00,105.88,87.656081610322
2018-10-31 09:30:00,64.87,89.78180089592935
2018-10-31 09:45:00,86.98,85.93638567507267
2018-10-31 10:00:00,124.85,85.48119582057
2018-10-31 10:15:00,89.21,87.98054101765156
2018-10-31 10:30:00,77.4,83.67613663077356
2018-10-31 10:45:00,71.71,77.21827708601953
2018-10-31 11:00:00,111.31000000000002,69.19243808478117
2018-10-31 11:15:00,117.46999999999998,64.16155234277248
2018-10-31 11:30:00,103.5,58.42693620562553
2018-10-31 11:45:00,69.37,51.4045645365119
2018-10-31 12:00:00,97.34,44.31382322371006
2018-10-31 12:15:00,7.02,41.29471334904432
2018-10-31 12:30:00,6.34,35.975470640957354
2018-10-31 12:45:00,5.98,34.044748998135326
2018-10-31 13:00:00,6.01,36.04978849753737
2018-10-31 13:15:00,38.77,36.05966625839472
2018-10-31 13:30:00,71.06,39.805140724480154
2018-10-31 13:45:00,87.3,51.13422061830759
2018-10-31 14:00:00,96.37,63.57343598514795
2018-10-31 14:15:00,112.25,74.31635755896568
2018-10-31 14:30:00,97.09,83.79760681748391
2018-10-31 14:45:00,48.56,89.48613721609117
2018-10-31 15:00:00,49.18,88.33670626342297
2018-10-31 15:15:00,49.46,85.89363219320775
2018-10-31 15:30:00,61.16,82.36826630413533
2018-10-31 15:45:00,58.1,79.32853865265847
2018-10-31 16:00:00,56.88,75.02295764684678
2018-10-31 16:15:00,50.76,69.5492859491706
2018-10-31 16:30:00,67.75,63.020205031633374
2018-10-31 16:45:00,59.9,59.35224819689989
2018-10-31 17:00:00,73.51,55.172484580576416
2018-10-31 17:15:00,62.35,53.83212250590324
2018-10-31 17:30:00,97.96,51.26143468141556
2018-10-31 17:45:00,31.36,54.52932311505079
2018-10-31 18:00:00,31.72,51.84351525336504
2018-10-31 18:15:00,46.76,50.01257493793965
2018-10-31 18:30:00,50.33,50.52035786241293
2018-10-31 18:45:00,113.58,51.05594851374626
2018-10-31 19:00:00,97.23999999999998,57.91084060311317
2018-10-31 19:15:00,96.48,59.5039871302247
2018-10-31 19:30:00,119.23,59.63539121419191
2018-10-31 19:45:00,101.77,60.41579494923353
2018-10-31 20:00:00,103.86,56.06212525814772
2018-10-31 20:15:00,91.66000000000001,52.548741122186186
2018-10-31 20:30:00,82.33,47.28489381313324
2018-10-31 20:45:00,82.76,40.73259488075971
2018-10-31 21:00:00,45.07,33.55445368483662
2018-10-31 21:15:00,6.84,23.712458450347185
2018-10-31 21:30:00,4.43,13.39761509552598
2018-10-31 21:45:00,4.43,6.494627023153007
2018-10-31 22:00:00,4.39,1.3014282149262726
2018-10-31 22:15:00,4.18,-2.6597528924047946
2018-10-31 22:30:00,4.14,-3.203144819177687
2018-10-31 22:45:00,4.07,-2.532248042747378
2018-10-31 23:00:00,3.9599999999999995,-1.4856078898534177
2018-10-31 23:15:00,3.89,-0.988573682475835
2018-10-31 23:30:00,3.89,-0.7205776691809296
2018-10-31 23:45:00,3.92,-0.6486512232199311
2018-11-01 00:00:00,3.06,-0.7130354632250964
2018-11-01 00:15:00,3.89,-0.6646035038679837
2018-11-01 00:30:00,3.9599999999999995,-0.7575847485102712
2018-11-01 00:45:00,5.11,-0.9835758588276803
2018-11-01 01:00:00,4.72,1.16511738861911
2018-11-01 01:15:00,3.89,3.745336331697181
2018-11-01 01:30:00,3.89,6.248409968093037
2018-11-01 01:45:00,3.92,6.842056883797049
2018-11-01 02:00:00,3.9599999999999995,6.52243615342304
2018-11-01 02:15:00,3.9599999999999995,5.265683632176369
2018-11-01 02:30:00,3.89,3.543254275294021
2018-11-01 02:45:00,3.92,1.4507267586234958
2018-11-01 03:00:00,3.89,-0.6419412393867969
2018-11-01 03:15:00,3.31,-0.09994879305362696
2018-11-01 03:30:00,3.28,0.6342549658752978
2018-11-01 03:45:00,3.24,1.556402969332412
2018-11-01 04:00:00,3.31,2.639537500801962
2018-11-01 04:15:00,3.24,3.871039623953402
2018-11-01 04:30:00,3.28,5.0576839572191234
2018-11-01 04:45:00,3.28,5.852718522064388
2018-11-01 05:00:00,3.31,6.085252891108393
2018-11-01 05:15:00,4.0,5.756093463730067
2018-11-01 05:30:00,3.8200000000000003,5.117903157062828
2018-11-01 05:45:00,3.5299999999999994,4.049199013365433
2018-11-01 06:00:00,3.9599999999999995,2.746388821778819
2018-11-01 06:15:00,3.35,2.772181322067045
2018-11-01 06:30:00,3.17,4.223077721633017
2018-11-01 06:45:00,3.17,6.945505040809512
2018-11-01 07:00:00,3.17,11.371486834920942
2018-11-01 07:15:00,3.17,17.273013890087604
2018-11-01 07:30:00,3.67,24.05473779633641
2018-11-01 07:45:00,4.5,30.682216840386392
2018-11-01 08:00:00,4.79,36.59572171911597
2018-11-01 08:15:00,47.27,41.31718138158321
2018-11-01 08:30:00,106.48999999999998,56.50190230280161
2018-11-01 08:45:00,110.7,75.6905137461424
2018-11-01 09:00:00,71.1,84.10317744910718
2018-11-01 09:15:00,64.84,83.87828155994416
2018-11-01 09:30:00,52.06,83.0707078075409
2018-11-01 09:45:00,53.71,80.83834732651711
2018-11-01 10:00:00,65.92,78.29200922667981
2018-11-01 10:15:00,58.43,75.706402592659
2018-11-01 10:30:00,56.52,70.86144060581923
2018-11-01 10:45:00,77.87,64.32915766805411
2018-11-01 11:00:00,104.18,59.25570257157087
2018-11-01 11:15:00,84.82,55.56347235769034
2018-11-01 11:30:00,102.60000000000001,49.39736939936876
2018-11-01 11:45:00,114.66000000000001,45.741785027086735
2018-11-01 12:00:00,89.42000000000002,44.63466744691134
2018-11-01 12:15:00,6.26,43.19569392740726
2018-11-01 12:30:00,6.44,39.99223211675882
2018-11-01 12:45:00,6.080000000000001,39.331230503469705
2018-11-01 13:00:00,6.05,40.79330302864313
2018-11-01 13:15:00,49.64,41.4840951064229
2018-11-01 13:30:00,110.66,47.4921628728509
2018-11-01 13:45:00,120.17,62.737870378494264
2018-11-01 14:00:00,98.24,76.26666631430388
2018-11-01 14:15:00,90.47,84.36694667220117
2018-11-01 14:30:00,113.9,89.2125957685709
2018-11-01 14:45:00,82.8,95.63893809318543
2018-11-01 15:00:00,66.6,97.54450389266015
2018-11-01 15:15:00,60.37,96.44127544224263
2018-11-01 15:30:00,52.92,93.25121900379659
2018-11-01 15:45:00,50.83,88.27156109452248
2018-11-01 16:00:00,57.31,82.23640414714814
2018-11-01 16:15:00,59.0,76.40829171389342
2018-11-01 16:30:00,63.35999999999999,70.65222698122263
2018-11-01 16:45:00,59.69,65.87404036432504
2018-11-01 17:00:00,49.36,61.122642037272456
2018-11-01 17:15:00,52.16,55.72284584134817
2018-11-01 17:30:00,52.49,52.17476042866707
2018-11-01 17:45:00,36.25,50.90274554312229
2018-11-01 18:00:00,30.74,50.255052747428415
2018-11-01 18:15:00,16.31,49.62440296262503
2018-11-01 18:30:00,3.89,47.80301032602787
2018-11-01 18:45:00,3.8200000000000003,44.69738303244114
2018-11-01 19:00:00,3.89,40.71508481502533
2018-11-01 19:15:00,3.85,37.09908783167601
2018-11-01 19:30:00,3.89,33.51989387184381
2018-11-01 19:45:00,3.89,30.698164068758487
2018-11-01 20:00:00,3.85,28.488303056657315
2018-11-01 20:15:00,3.85,28.861354131400585
2018-11-01 20:30:00,4.61,30.09603606581688
2018-11-01 20:45:00,4.86,29.619305552095174
2018-11-01 21:00:00,3.92,28.143241590708495
2018-11-01 21:15:00,3.92,25.34207567349076
2018-11-01 21:30:00,3.92,21.543473718911407
2018-11-01 21:45:00,3.92,16.757969160974024
2018-11-01 22:00:00,3.92,11.059385855942963
2018-11-01 22:15:00,3.71,4.941395721547305
2018-11-01 22:30:00,3.74,0.7273890418652446
2018-11-01 22:45:00,3.71,-2.391603346057236
2018-11-01 23:00:00,3.67,-2.261725049428642
2018-11-01 23:15:00,3.6,-1.8970225800201297
2018-11-01 23:30:00,3.64,-1.5353862807527183
2018-11-01 23:45:00,3.71,-1.2790001169219614
2018-11-02 00:00:00,3.8200000000000003,-1.1029552453383802
2018-11-02 00:15:00,3.02,-0.9718924706801771
2018-11-02 00:30:00,3.38,-1.0476617338694632
2018-11-02 00:45:00,3.74,-0.8931412419490515
2018-11-02 01:00:00,3.28,1.716366306208074
2018-11-02 01:15:00,3.1,3.833700638161972
2018-11-02 01:30:00,3.1,4.1412389909289775
2018-11-02 01:45:00,3.06,4.103633918603882
2018-11-02 02:00:00,3.1,3.259363380819559
2018-11-02 02:15:00,3.13,1.60275858361274
2018-11-02 02:30:00,3.13,-0.10883799191564317
2018-11-02 02:45:00,3.24,-2.3696135956421496
2018-11-02 03:00:00,3.74,-4.9479320409148935
2018-11-02 03:15:00,3.31,-4.732409246377648
2018-11-02 03:30:00,3.06,-3.8174078276008365
2018-11-02 03:45:00,3.13,-2.372662924863398
2018-11-02 04:00:00,3.13,-0.8271318531781434
2018-11-02 04:15:00,3.1,0.5533184874523431
2018-11-02 04:30:00,3.06,1.617983476864174
2018-11-02 04:45:00,3.06,2.184969076241832
2018-11-02 05:00:00,3.2,2.222133548001293
2018-11-02 05:15:00,3.71,1.8276915227994324
2018-11-02 05:30:00,3.24,1.2781186977587642
2018-11-02 05:45:00,3.06,0.31063578010536735
2018-11-02 06:00:00,3.06,-0.622841671500355
2018-11-02 06:15:00,3.31,-1.0641540466807782
2018-11-02 06:30:00,3.6,1.0342520737461747
2018-11-02 06:45:00,3.17,4.534833181072027
2018-11-02 07:00:00,2.99,8.901211310960353
2018-11-02 07:15:00,2.95,14.358900414332748
2018-11-02 07:30:00,3.28,20.419633105322717
2018-11-02 07:45:00,5.0,26.852477147728205
2018-11-02 08:00:00,5.1499999999999995,33.1513045181334
2018-11-02 08:15:00,24.37,38.51146392509341
2018-11-02 08:30:00,44.53,47.606025454699996
2018-11-02 08:45:00,51.37,57.12359720915556
2018-11-02 09:00:00,54.65,61.20482123523951
2018-11-02 09:15:00,64.44,62.086526471376416
2018-11-02 09:30:00,66.28,65.29199122875929
2018-11-02 09:45:00,63.54,68.66212425500154
2018-11-02 10:00:00,59.0,70.27548437684774
2018-11-02 10:15:00,53.32,69.73548814088106
2018-11-02 10:30:00,56.77,66.23828476071358
2018-11-02 10:45:00,60.26,62.27604295611381
2018-11-02 11:00:00,62.06,57.64763723492622
2018-11-02 11:15:00,63.58,51.88367298811674
2018-11-02 11:30:00,62.53000000000001,45.405559430420396
2018-11-02 11:45:00,66.06,38.98607921928167
2018-11-02 12:00:00,52.6,35.0468645657599
2018-11-02 12:15:00,7.88,32.42614349111915
2018-11-02 12:30:00,5.870000000000001,29.920926426649093
2018-11-02 12:45:00,5.940000000000001,30.18595759600401
2018-11-02 13:00:00,5.98,32.602176012694834
2018-11-02 13:15:00,44.68,34.036350992769
2018-11-02 13:30:00,57.13,41.38577557086945
2018-11-02 13:45:00,57.35,51.73811804056167
2018-11-02 14:00:00,62.32,59.6342190861702
2018-11-02 14:15:00,54.97,65.51593055367469
2018-11-02 14:30:00,79.26999999999998,67.59877061188222
2018-11-02 14:45:00,55.76,71.70626198202372
2018-11-02 15:00:00,62.75,71.16811151087283
2018-11-02 15:15:00,68.76,69.97357383847236
2018-11-02 15:30:00,58.68,68.84988928407431
2018-11-02 15:45:00,65.81,65.53400198340415
2018-11-02 16:00:00,82.98000000000002,62.56867527037859
2018-11-02 16:15:00,61.63,61.26632427453995
2018-11-02 16:30:00,63.54,56.653115799427034
2018-11-02 16:45:00,60.23,52.14467131853104
2018-11-02 17:00:00,53.53,47.79203902810812
2018-11-02 17:15:00,68.0,43.44217313945293
2018-11-02 17:30:00,72.72,42.70523245036602
2018-11-02 17:45:00,31.72,44.25269293010235
2018-11-02 18:00:00,30.02,41.90092808187008
2018-11-02 18:15:00,47.66,39.688446622639894
2018-11-02 18:30:00,51.8,39.84868236139417
2018-11-02 18:45:00,58.82,40.194282736778256
2018-11-02 19:00:00,56.3,39.8365501627326
2018-11-02 19:15:00,58.46000000000001,38.41680897369981
2018-11-02 19:30:00,74.77,36.84346512287855
2018-11-02 19:45:00,62.14,37.905684810727834
2018-11-02 20:00:00,76.93,35.64537064820528
2018-11-02 20:15:00,79.13,36.14072946473956
2018-11-02 20:30:00,72.0,36.06232936918735
2018-11-02 20:45:00,64.08,33.228988313227894
2018-11-02 21:00:00,48.02,28.239196661114693
2018-11-02 21:15:00,6.23,21.06066924676299
2018-11-02 21:30:00,4.25,11.446968399062753
2018-11-02 21:45:00,4.18,3.9723534750565888
2018-11-02 22:00:00,4.14,-0.6229693818092346
2018-11-02 22:15:00,3.92,-1.6565558570437133
2018-11-02 22:30:00,3.92,-1.8420072244107724
2018-11-02 22:45:00,3.9599999999999995,-1.5642605992034078
2018-11-02 23:00:00,3.92,-1.0574665174074471
2018-11-02 23:15:00,3.85,-0.5502168887294828
2018-11-02 23:30:00,3.8200000000000003,-0.21658731985837215
2018-11-02 23:45:00,3.85,-0.3035459708794951
2018-11-03 00:00:00,2.88,-1.3369244607537984
2018-11-03 00:15:00,4.93,-1.2437242841534315
2018-11-03 00:30:00,4.43,-1.2112423599883912
2018-11-03 00:45:00,3.8200000000000003,-0.11773617260158056
2018-11-03 01:00:00,3.8200000000000003,1.8618255061167293
2018-11-03 01:15:00,3.78,3.7378561564628034
2018-11-03 01:30:00,3.85,5.270436981804669
2018-11-03 01:45:00,3.8200000000000003,6.389182094410061
2018-11-03 02:00:00,3.78,7.160005591511726
2018-11-03 02:15:00,3.8200000000000003,7.4632504921033975
2018-11-03 02:30:00,3.8200000000000003,7.2241543393209575
2018-11-03 02:45:00,3.56,6.980225965268909
2018-11-03 03:00:00,3.17,7.7311390041932455
2018-11-03 03:15:00,3.2,8.141721191555261
2018-11-03 03:30:00,3.2,8.5018951376155
2018-11-03 03:45:00,3.2,9.096741688176989
2018-11-03 04:00:00,3.28,9.682784367203713
2018-11-03 04:15:00,3.31,10.140969659984112
2018-11-03 04:30:00,3.85,10.408922728933394
2018-11-03 04:45:00,3.4599999999999995,10.647200413011014
2018-11-03 05:00:00,3.17,10.352888497672975
2018-11-03 05:15:00,3.6,9.704013469405472
2018-11-03 05:30:00,3.78,9.026837275326251
2018-11-03 05:45:00,3.24,8.32451085153967
2018-11-03 06:00:00,3.24,8.36636615101248
2018-11-03 06:15:00,3.17,8.475527309402823
2018-11-03 06:30:00,3.24,8.87265304043889
2018-11-03 06:45:00,3.13,10.350495402961968
2018-11-03 07:00:00,3.17,12.401786804646253
2018-11-03 07:15:00,3.24,14.777059331536293
2018-11-03 07:30:00,3.17,17.380402822345495
2018-11-03 07:45:00,3.31,20.11271744556725
2018-11-03 08:00:00,3.28,22.754425674527884
2018-11-03 08:15:00,22.139999999999997,24.388549527823926
2018-11-03 08:30:00,41.03999999999999,29.5117324924469
2018-11-03 08:45:00,40.89999999999999,37.161852817237374
2018-11-03 09:00:00,43.52,40.74419041544199
2018-11-03 09:15:00,40.06999999999999,42.06049467474222
2018-11-03 09:30:00,38.12,42.20517838537693
2018-11-03 09:45:00,57.24,42.357514609992506
2018-11-03 10:00:00,73.87,45.86752158015966
2018-11-03 10:15:00,92.41,50.703618506789205
2018-11-03 10:30:00,88.88,55.02355695813894
2018-11-03 10:45:00,68.62,55.628199871778484
2018-11-03 11:00:00,92.59,52.484718681275844
2018-11-03 11:15:00,71.39,51.262552918493746
2018-11-03 11:30:00,92.02,46.47181869357824
2018-11-03 11:45:00,74.92,43.291238079369066
2018-11-03 12:00:00,59.18,38.42864252671599
2018-11-03 12:15:00,3.85,33.65919297903776
2018-11-03 12:30:00,3.6,27.46562809407711
2018-11-03 12:45:00,3.6,28.039178178757428
2018-11-03 13:00:00,3.67,29.21205618277192
2018-11-03 13:15:00,26.46,28.432642693817616
2018-11-03 13:30:00,91.55,29.075979304909705
2018-11-03 13:45:00,71.53,42.59647154450416
2018-11-03 14:00:00,92.23000000000002,52.536651587188246
2018-11-03 14:15:00,61.269999999999996,62.814350609183315
2018-11-03 14:30:00,32.54,64.42901758641004
2018-11-03 14:45:00,32.18,59.06422355830669
2018-11-03 15:00:00,32.04,53.75052263557911
2018-11-03 15:15:00,29.59,48.60997780531645
2018-11-03 15:30:00,30.349999999999998,43.40535664319992
2018-11-03 15:45:00,30.96,38.88969077587127
2018-11-03 16:00:00,30.2,34.82763620749116
2018-11-03 16:15:00,30.38,30.89721251413226
2018-11-03 16:30:00,29.34,27.9773428119719
2018-11-03 16:45:00,28.15,25.28840029373765
2018-11-03 17:00:00,26.139999999999997,22.796467346847056
2018-11-03 17:15:00,5.290000000000001,21.15767855875194
2018-11-03 17:30:00,3.85,19.047361978441476
2018-11-03 17:45:00,3.89,17.3314215683192
2018-11-03 18:00:00,3.74,16.37265789657831
2018-11-03 18:15:00,4.03,15.821358035206794
2018-11-03 18:30:00,4.82,15.492852316200732
2018-11-03 18:45:00,4.46,15.358926585167646
2018-11-03 19:00:00,3.71,14.889611689820885
2018-11-03 19:15:00,3.71,14.01513120830059
2018-11-03 19:30:00,3.67,12.819598798900842
2018-11-03 19:45:00,3.71,11.58198935125023
2018-11-03 20:00:00,3.74,10.910846136026084
2018-11-03 20:15:00,3.74,10.59727438338101
2018-11-03 20:30:00,3.74,9.804943347536026
2018-11-03 20:45:00,3.74,8.667770900428295
2018-11-03 21:00:00,3.71,7.322632179521023
2018-11-03 21:15:00,3.78,5.946511779725551
2018-11-03 21:30:00,3.71,5.148361925389617
2018-11-03 21:45:00,3.67,4.3888788230344655
2018-11-03 22:00:00,3.67,3.638950837580487
2018-11-03 22:15:00,3.42,2.9384362862585114
2018-11-03 22:30:00,3.49,2.665501988984179
2018-11-03 22:45:00,3.4599999999999995,2.366678215791471
2018-11-03 23:00:00,3.89,2.0221784997754733
2018-11-03 23:15:00,4.54,1.7370556569285691
2018-11-03 23:30:00,3.85,1.5765898992773146
2018-11-03 23:45:00,3.28,1.450157816214487
2018-11-04 00:00:00,2.92,1.2251527417544277
2018-11-04 00:15:00,2.88,-0.1787825422920286
2018-11-04 00:30:00,2.92,-0.6824495459534228
2018-11-04 00:45:00,2.95,-0.25299626585096113
2018-11-04 01:00:00,2.92,0.5458520656358451
2018-11-04 01:15:00,2.99,1.4753232027497143
2018-11-04 01:30:00,2.95,2.432607996130828
2018-11-04 01:45:00,2.95,3.323996726097539
2018-11-04 02:00:00,2.92,3.9621525088790803
2018-11-04 02:15:00,3.13,4.449738960219547
2018-11-04 02:30:00,3.67,4.889001655112952
2018-11-04 02:45:00,3.28,5.4896299741417165
2018-11-04 03:00:00,2.92,6.458156327120959
2018-11-04 03:15:00,2.95,7.279780458956957
2018-11-04 03:30:00,3.28,8.078974731005728
2018-11-04 03:45:00,3.64,8.914468483068049
2018-11-04 04:00:00,3.31,9.706731593869627
2018-11-04 04:15:00,2.95,10.179123325273395
2018-11-04 04:30:00,2.99,10.372188753187656
2018-11-04 04:45:00,2.95,10.493537123911082
2018-11-04 05:00:00,2.99,10.550947258323431
2018-11-04 05:15:00,2.92,10.626952013708651
2018-11-04 05:30:00,2.95,10.643103578574955
2018-11-04 05:45:00,2.99,10.645215429924429
2018-11-04 06:00:00,2.99,10.699724996574222
2018-11-04 06:15:00,2.92,10.795021025650202
2018-11-04 06:30:00,3.49,10.99506420802325
2018-11-04 06:45:00,3.4599999999999995,11.458239465355872
2018-11-04 07:00:00,2.95,12.117698450386523
2018-11-04 07:15:00,2.95,12.732114711180328
2018-11-04 07:30:00,2.92,13.565697580203414
2018-11-04 07:45:00,3.13,14.510987393334508
2018-11-04 08:00:00,3.17,15.670782248079776
2018-11-04 08:15:00,26.53,16.5553358451277
2018-11-04 08:30:00,29.299999999999997,23.22019162669778
2018-11-04 08:45:00,33.73,28.944395584464072
2018-11-04 09:00:00,36.4,33.23257206097245
2018-11-04 09:15:00,40.93,34.97305418223142
2018-11-04 09:30:00,47.88,37.18930127114057
2018-11-04 09:45:00,83.12,40.02475754663348
2018-11-04 10:00:00,69.34,47.42512703001499
2018-11-04 10:15:00,60.05,49.24551370233297
2018-11-04 10:30:00,86.69,48.23403907418251
2018-11-04 10:45:00,91.73,50.109830127358435
2018-11-04 11:00:00,75.17,50.20316025972366
2018-11-04 11:15:00,93.31,46.64706306010485
2018-11-04 11:30:00,63.790000000000006,44.20117318809032
2018-11-04 11:45:00,93.31,38.0908159199357
2018-11-04 12:00:00,61.34,35.64263119190931
2018-11-04 12:15:00,6.01,31.20548442929983
2018-11-04 12:30:00,3.4599999999999995,25.5205647239089
2018-11-04 12:45:00,3.38,26.10582710698247
2018-11-04 13:00:00,3.35,25.998027256280185
2018-11-04 13:15:00,37.69,23.876051145792008
2018-11-04 13:30:00,92.05,25.150441723763944
2018-11-04 13:45:00,66.96,37.518503081500526
2018-11-04 14:00:00,95.15,44.51135149538517
2018-11-04 14:15:00,71.93,53.912797248363496
2018-11-04 14:30:00,89.46,57.7231115013361
2018-11-04 14:45:00,81.58,63.31286429136991
2018-11-04 15:00:00,75.89,66.2972145074606
2018-11-04 15:15:00,93.60000000000001,67.30517275154591
2018-11-04 15:30:00,70.96,69.72025047659874
2018-11-04 15:45:00,91.66000000000001,67.15811334848404
2018-11-04 16:00:00,71.28,67.14147451967001
2018-11-04 16:15:00,93.88999999999999,62.5213006401062
2018-11-04 16:30:00,71.53,61.2626821449399
2018-11-04 16:45:00,83.81000000000002,55.40434587419033
2018-11-04 17:00:00,9.47,52.050366658270356
2018-11-04 17:15:00,3.89,38.85774916455149
2018-11-04 17:30:00,3.89,33.01689376860857
2018-11-04 17:45:00,3.92,29.870488994419574
2018-11-04 18:00:00,4.72,28.02812379896641
2018-11-04 18:15:00,4.39,26.857953814864157
2018-11-04 18:30:00,3.74,26.123801982104776
2018-11-04 18:45:00,3.78,25.63180236771703
2018-11-04 19:00:00,3.17,25.372351156473158
2018-11-04 19:15:00,3.13,24.633178484141826
2018-11-04 19:30:00,3.13,23.428767541795967
2018-11-04 19:45:00,3.17,23.31377998650074
2018-11-04 20:00:00,3.17,23.80562690988183
2018-11-04 20:15:00,3.2,24.220418765842915
2018-11-04 20:30:00,3.13,23.65661171466112
2018-11-04 20:45:00,3.13,23.735719128847123
2018-11-04 21:00:00,3.13,23.256938513815403
2018-11-04 21:15:00,3.13,22.14060333684087
2018-11-04 21:30:00,3.13,20.259818389564753
2018-11-04 21:45:00,3.24,17.779414736405016
2018-11-04 22:00:00,3.8200000000000003,14.795580975189804
2018-11-04 22:15:00,3.1,11.876176082417368
2018-11-04 22:30:00,2.95,9.48121427476406
2018-11-04 22:45:00,3.4599999999999995,6.967078259140252
2018-11-04 23:00:00,3.42,4.501230634031818
2018-11-04 23:15:00,2.92,2.1716451719892214
2018-11-04 23:30:00,2.84,2.1778006685362197
2018-11-04 23:45:00,2.92,2.3463221398578025
2018-11-05 00:00:00,3.78,2.514075244211126
2018-11-05 00:15:00,2.95,2.173417608633172
2018-11-05 00:30:00,2.95,1.9394704969250598
2018-11-05 00:45:00,3.5299999999999994,1.590503305895254
2018-11-05 01:00:00,3.38,1.23388391665183
2018-11-05 01:15:00,2.92,4.299974344065413
2018-11-05 01:30:00,2.95,6.741532871834933
2018-11-05 01:45:00,2.95,8.401003432236612
2018-11-05 02:00:00,2.92,8.151543938741087
2018-11-05 02:15:00,2.99,6.767604580540209
2018-11-05 02:30:00,2.95,4.366745082754642
2018-11-05 02:45:00,3.56,1.5143994697649032
2018-11-05 03:00:00,3.31,-1.0546911338157952
2018-11-05 03:15:00,2.92,-2.3896728152781725
2018-11-05 03:30:00,2.95,-2.8618012669682504
2018-11-05 03:45:00,2.92,-2.9080166805908085
2018-11-05 04:00:00,3.02,-2.532721272595227
2018-11-05 04:15:00,3.64,-1.0448296525143086
2018-11-05 04:30:00,3.35,0.5640443289652467
2018-11-05 04:45:00,2.92,1.6051911141443997
2018-11-05 05:00:00,2.88,1.942822611851152
2018-11-05 05:15:00,2.95,1.8093742156401278
2018-11-05 05:30:00,2.88,1.2890881712455302
2018-11-05 05:45:00,2.92,0.4323063737619669
2018-11-05 06:00:00,2.88,-0.5789421650394797
2018-11-05 06:15:00,2.84,-0.7278100022114813
2018-11-05 06:30:00,2.92,0.41162881168536847
2018-11-05 06:45:00,3.5299999999999994,3.213569060363807
2018-11-05 07:00:00,3.31,7.053894604388624
2018-11-05 07:15:00,3.31,11.39494006127119
2018-11-05 07:30:00,4.32,16.305387403592466
2018-11-05 07:45:00,5.22,21.303681474775075
2018-11-05 08:00:00,5.22,25.81374942034483
2018-11-05 08:15:00,37.69,29.27613700553775
2018-11-05 08:30:00,94.86,41.6085697132349
2018-11-05 08:45:00,59.47,64.06981199324132
2018-11-05 09:00:00,78.62,67.13343578726054
2018-11-05 09:15:00,82.26,73.11709993809461
2018-11-05 09:30:00,73.48,76.96761234402658
2018-11-05 09:45:00,65.66,76.78892344802618
2018-11-05 10:00:00,83.22999999999999,76.07826806664468
2018-11-05 10:15:00,61.56000000000001,77.1515286615491
2018-11-05 10:30:00,63.0,73.02755564451218
2018-11-05 10:45:00,61.959999999999994,68.30026004195213
2018-11-05 11:00:00,64.3,62.38257636964321
2018-11-05 11:15:00,68.94,54.696973349452016
2018-11-05 11:30:00,66.1,46.85450726538897
2018-11-05 11:45:00,73.8,40.33391417145729
2018-11-05 12:00:00,55.94,37.33187649860978
2018-11-05 12:15:00,6.16,35.39771032631397
2018-11-05 12:30:00,6.62,31.815130218863487
2018-11-05 12:45:00,6.88,31.234632693380117
2018-11-05 13:00:00,6.84,32.375854258984326
2018-11-05 13:15:00,48.31,33.39209823563695
2018-11-05 13:30:00,68.87,41.84718084752559
2018-11-05 13:45:00,69.26,53.57257923096418
2018-11-05 14:00:00,59.720000000000006,62.55537318915129
2018-11-05 14:15:00,52.74,67.76197035253048
2018-11-05 14:30:00,68.47,70.3231823527813
2018-11-05 14:45:00,45.67999999999999,74.62947741359473
2018-11-05 15:00:00,46.4,74.51083650141955
2018-11-05 15:15:00,64.15,73.35237432479859
2018-11-05 15:30:00,73.44,73.24456549227237
2018-11-05 15:45:00,53.14,73.40587455898523
2018-11-05 16:00:00,55.58,69.83983448028565
2018-11-05 16:15:00,59.26,65.74571255505084
2018-11-05 16:30:00,67.43,61.763162846565244
2018-11-05 16:45:00,54.65,59.43753061503172
2018-11-05 17:00:00,51.7,54.45311233907938
2018-11-05 17:15:00,43.99,50.442332758009435
2018-11-05 17:30:00,62.75,46.88692715883255
2018-11-05 17:45:00,31.539999999999996,48.35821728080511
2018-11-05 18:00:00,32.22,47.9171423625946
2018-11-05 18:15:00,40.50000000000001,48.074005426466464
2018-11-05 18:30:00,56.66,49.21773292094469
2018-11-05 18:45:00,44.39,51.22946837007999
2018-11-05 19:00:00,60.8,50.36617587298155
2018-11-05 19:15:00,58.1,51.75406077802181
2018-11-05 19:30:00,52.16,50.88365467637777
2018-11-05 19:45:00,64.26,47.77242272466421
2018-11-05 20:00:00,59.9,46.69074616074562
2018-11-05 20:15:00,51.00999999999999,45.482982752621176
2018-11-05 20:30:00,56.45,42.07017259001732
2018-11-05 20:45:00,55.33,39.71779024139047
2018-11-05 21:00:00,45.22,37.75912165343762
2018-11-05 21:15:00,42.59,32.89791154712439
2018-11-05 21:30:00,59.33,28.173344173580407
2018-11-05 21:45:00,74.88,27.464256120473145
2018-11-05 22:00:00,61.38,30.078177954405547
2018-11-05 22:15:00,73.87,28.458936983346938
2018-11-05 22:30:00,24.44,31.05153147637844
2018-11-05 22:45:00,4.39,20.902501572966575
2018-11-05 23:00:00,4.86,9.045292678028344
2018-11-05 23:15:00,3.8200000000000003,3.8355281586479397
2018-11-05 23:30:00,3.78,1.229323395555839
2018-11-05 23:45:00,3.74,1.4301199284102768
2018-11-06 00:00:00,3.49,1.589343247199431
2018-11-06 00:15:00,3.74,1.6573313037119806
2018-11-06 00:30:00,3.71,1.5268957129772753
2018-11-06 00:45:00,3.74,1.175622614081949
2018-11-06 01:00:00,3.64,0.7098048760835082
2018-11-06 01:15:00,3.71,1.9585542764491402
2018-11-06 01:30:00,3.71,3.446536241048016
2018-11-06 01:45:00,3.67,4.919575783740728
2018-11-06 02:00:00,3.71,6.036928432956337
2018-11-06 02:15:00,4.75,6.572969578895718
2018-11-06 02:30:00,4.14,6.526367385480553
2018-11-06 02:45:00,3.67,4.384850334664807
2018-11-06 03:00:00,3.64,2.10648421472637
2018-11-06 03:15:00,3.71,-0.24987311726436015
2018-11-06 03:30:00,3.38,-0.611670527998358
2018-11-06 03:45:00,3.13,-0.4061341182515025
2018-11-06 04:00:00,3.06,0.2743264762219042
2018-11-06 04:15:00,3.1,1.3505033570807428
2018-11-06 04:30:00,3.06,2.553890196073335
2018-11-06 04:45:00,3.1,3.774507752042264
2018-11-06 05:00:00,3.1,4.814638047367334
2018-11-06 05:15:00,3.06,5.32932743307203
2018-11-06 05:30:00,3.17,5.288205555658787
2018-11-06 05:45:00,3.71,4.821772422380745
2018-11-06 06:00:00,3.31,4.262766156084836
2018-11-06 06:15:00,3.02,3.371528959311545
2018-11-06 06:30:00,3.38,2.689559751729248
2018-11-06 06:45:00,3.5299999999999994,3.7834052310232074
2018-11-06 07:00:00,2.99,6.620785441268235
2018-11-06 07:15:00,3.02,10.210194822400808
2018-11-06 07:30:00,3.31,14.326492870897054
2018-11-06 07:45:00,4.39,18.477727968990802
2018-11-06 08:00:00,4.07,22.626618811041116
2018-11-06 08:15:00,35.03,25.987165985703466
2018-11-06 08:30:00,54.93999999999999,38.530267373472455
2018-11-06 08:45:00,60.37,52.008488904237744
2018-11-06 09:00:00,76.1,60.11736486762762
2018-11-06 09:15:00,70.96,66.95698336541652
2018-11-06 09:30:00,76.54,70.2693228456378
2018-11-06 09:45:00,76.0,73.74828414142132
2018-11-06 10:00:00,66.67,74.16104835063219
2018-11-06 10:15:00,63.32,71.81162775844335
2018-11-06 10:30:00,56.52,68.631181871593
2018-11-06 10:45:00,60.23,64.11222416579723
2018-11-06 11:00:00,74.77,58.81462765336037
2018-11-06 11:15:00,85.74999999999999,53.532744841873644
2018-11-06 11:30:00,64.12,48.378862003087995
2018-11-06 11:45:00,60.62,41.042148951292035
2018-11-06 12:00:00,52.99000000000001,35.43823856130242
2018-11-06 12:15:00,6.05,31.64046967089176
2018-11-06 12:30:00,5.9,26.11099390119314
2018-11-06 12:45:00,5.76,24.018709455132484
2018-11-06 13:00:00,4.93,25.36556987941265
2018-11-06 13:15:00,44.39,26.749035727083683
2018-11-06 13:30:00,53.03,35.06429604053497
2018-11-06 13:45:00,60.34,46.20337443113327
2018-11-06 14:00:00,59.65,55.83904818832874
2018-11-06 14:15:00,51.19,62.90953548818827
2018-11-06 14:30:00,50.9,66.46374201387167
2018-11-06 14:45:00,49.900000000000006,68.65912432581186
2018-11-06 15:00:00,50.69,70.43001665741205
2018-11-06 15:15:00,50.62,70.91612194985152
2018-11-06 15:30:00,51.91,70.2505822700262
2018-11-06 15:45:00,49.97,68.56693937599658
2018-11-06 16:00:00,49.18,65.93966606080532
2018-11-06 16:15:00,58.64,62.596357251703736
2018-11-06 16:30:00,55.58,60.01531787514686
2018-11-06 16:45:00,55.84,56.69037689596414
2018-11-06 17:00:00,48.71,53.46888407379389
2018-11-06 17:15:00,42.52,50.046369050443175
2018-11-06 17:30:00,60.77,46.98840829640627
2018-11-06 17:45:00,31.03,48.08111004918813
2018-11-06 18:00:00,31.32,45.97647110432386
2018-11-06 18:15:00,43.92,46.17725977808237
2018-11-06 18:30:00,51.52,47.81096373111009
2018-11-06 18:45:00,52.81,50.53855054676533
2018-11-06 19:00:00,66.46,52.10948502331972
2018-11-06 19:15:00,48.349999999999994,54.61021342128515
2018-11-06 19:30:00,46.50999999999999,52.09778619766235
2018-11-06 19:45:00,73.62,48.10732799321413
2018-11-06 20:00:00,50.98,49.15363413453102
2018-11-06 20:15:00,49.25,44.80629662930966
2018-11-06 20:30:00,42.66,40.67890153735876
2018-11-06 20:45:00,30.349999999999998,35.41599282890558
2018-11-06 21:00:00,8.28,27.080745711773634
2018-11-06 21:15:00,7.599999999999999,17.69661242440343
2018-11-06 21:30:00,4.21,10.634576459489763
2018-11-06 21:45:00,3.85,5.530978923290967
2018-11-06 22:00:00,3.85,2.364758386013564
2018-11-06 22:15:00,3.67,0.22417533962987368
2018-11-06 22:30:00,3.64,-1.0437363961338997
2018-11-06 22:45:00,3.64,-1.1227132931910455
2018-11-06 23:00:00,3.5299999999999994,-0.576425850931555
2018-11-06 23:15:00,3.5299999999999994,0.21889907944016163
2018-11-06 23:30:00,3.6,0.5930330253299326
2018-11-06 23:45:00,3.5299999999999994,0.7883607501443476
2018-11-07 00:00:00,0.0,0.824886038824916
2018-11-07 00:15:00,3.5299999999999994,0.7263914980459959
2018-11-07 00:30:00,3.56,0.720196706019342
2018-11-07 00:45:00,3.64,0.5099376813229174
2018-11-07 01:00:00,3.74,0.8674743393342943
2018-11-07 01:15:00,4.68,2.4723574087466114
2018-11-07 01:30:00,3.85,3.798977608587593
2018-11-07 01:45:00,2.95,4.643395785102621
2018-11-07 02:00:00,2.92,4.558510672338307
2018-11-07 02:15:00,2.95,3.8893283015489577
2018-11-07 02:30:00,2.95,2.6155146654229613
2018-11-07 02:45:00,2.95,1.240368232158944
2018-11-07 03:00:00,2.92,-0.4184577420353889
2018-11-07 03:15:00,2.95,-1.8501941569149494
2018-11-07 03:30:00,2.99,-1.0398262152262032
2018-11-07 03:45:00,2.99,-0.18413402525708075
2018-11-07 04:00:00,2.95,0.7653357041813433
2018-11-07 04:15:00,2.95,1.781678480897099
2018-11-07 04:30:00,3.02,2.812836284977384
2018-11-07 04:45:00,3.42,3.6160843769460915
2018-11-07 05:00:00,3.56,4.203907562224194
2018-11-07 05:15:00,3.06,4.392537232190371
2018-11-07 05:30:00,3.6,4.0155192787759
2018-11-07 05:45:00,3.1,3.5636891877837478
2018-11-07 06:00:00,2.95,2.775163638461381
2018-11-07 06:15:00,2.95,2.0505917278747074
2018-11-07 06:30:00,2.88,2.6595059548970315
2018-11-07 06:45:00,2.88,4.123102442976087
2018-11-07 07:00:00,2.88,6.304443637989461
2018-11-07 07:15:00,2.84,9.980500393807887
2018-11-07 07:30:00,3.24,14.46123033426702
2018-11-07 07:45:00,4.82,19.400712545141577
2018-11-07 08:00:00,5.72,24.692939049601556
2018-11-07 08:15:00,29.92,29.728906258493662
2018-11-07 08:30:00,54.93999999999999,41.622954104244705
2018-11-07 08:45:00,64.4,55.71554810941219
2018-11-07 09:00:00,62.099999999999994,64.28230398356915
2018-11-07 09:15:00,54.79,68.08907041609287
2018-11-07 09:30:00,51.41,70.08944834887981
2018-11-07 09:45:00,44.35,69.43430063933134
2018-11-07 10:00:00,48.02,67.01425147473812
2018-11-07 10:15:00,64.12,64.8458864891529
2018-11-07 10:30:00,52.52,63.89132967919111
2018-11-07 10:45:00,70.52,59.26882052540779
2018-11-07 11:00:00,55.26,55.83867993354797
2018-11-07 11:15:00,49.0,48.971514181792735
2018-11-07 11:30:00,43.27,40.70588293641806
2018-11-07 11:45:00,50.54,32.87554680556059
2018-11-07 12:00:00,47.63,27.779612449258565
2018-11-07 12:15:00,4.18,24.889299684166907
2018-11-07 12:30:00,4.28,21.485098599791527
2018-11-07 12:45:00,4.57,22.55082119897008
2018-11-07 13:00:00,4.75,24.032310182005165
2018-11-07 13:15:00,30.64,24.386701517552137
2018-11-07 13:30:00,58.28,27.437436394244433
2018-11-07 13:45:00,47.95,38.691511321961876
2018-11-07 14:00:00,66.49,46.531228967905044
2018-11-07 14:15:00,52.06,55.48154914170504
2018-11-07 14:30:00,61.2,59.983454854786395
2018-11-07 14:45:00,51.05,64.18894690573215
2018-11-07 15:00:00,43.06,66.3010317826271
2018-11-07 15:15:00,42.55,65.70978975027799
2018-11-07 15:30:00,64.58,63.73970750957727
2018-11-07 15:45:00,56.92000000000001,64.0064137890935
2018-11-07 16:00:00,55.90999999999999,61.8390727314353
2018-11-07 16:15:00,46.22,58.602463499605655
2018-11-07 16:30:00,50.76,53.34332266628742
2018-11-07 16:45:00,68.4,48.8278364354372
2018-11-07 17:00:00,62.06,47.83316230893135
2018-11-07 17:15:00,53.75,45.953823435306546
2018-11-07 17:30:00,60.19,43.54488927781582
2018-11-07 17:45:00,32.0,45.116964446008204
2018-11-07 18:00:00,32.29,43.86712568372488
2018-11-07 18:15:00,41.15,43.36658660024405
2018-11-07 18:30:00,52.63,44.33061923444271
2018-11-07 18:45:00,52.49,46.337073371112346
2018-11-07 19:00:00,65.66,46.55884358555078
2018-11-07 19:15:00,61.85,47.05004606306553
2018-11-07 19:30:00,45.94,45.909538552463054
2018-11-07 19:45:00,59.33,41.13370068252087
2018-11-07 20:00:00,55.66,38.96996582716703
2018-11-07 20:15:00,63.29,36.966125401258466
2018-11-07 20:30:00,50.69,35.766964334994555
2018-11-07 20:45:00,33.08,31.301787545382975
2018-11-07 21:00:00,10.510000000000002,23.026752330362797
2018-11-07 21:15:00,5.26,13.700184675231576
2018-11-07 21:30:00,4.1,6.8164631765335795
2018-11-07 21:45:00,4.0,2.2861359201488085
2018-11-07 22:00:00,5.0,-0.8769304531812667
2018-11-07 22:15:00,4.5,-2.9537757052853704
2018-11-07 22:30:00,3.74,-2.465414290949702
2018-11-07 22:45:00,3.74,-1.6885297467932106
2018-11-07 23:00:00,3.64,-0.6887898715957999
2018-11-07 23:15:00,3.56,0.01076032655313616
2018-11-07 23:30:00,3.6,0.35836603446863596
2018-11-07 23:45:00,3.56,0.5587022488471121
2018-11-08 00:00:00,3.5299999999999994,0.6079992701206357
2018-11-08 00:15:00,3.64,0.7818141232337803
2018-11-08 00:30:00,3.64,0.704290176536888
2018-11-08 00:45:00,3.67,0.5015966544020921
2018-11-08 01:00:00,3.67,0.19413506816141313
2018-11-08 01:15:00,3.6,1.4981402633525431
2018-11-08 01:30:00,3.74,3.3066960491333157
2018-11-08 01:45:00,3.6,5.265025994256138
2018-11-08 02:00:00,3.64,5.525490467511117
2018-11-08 02:15:00,3.35,4.994476897511631
2018-11-08 02:30:00,3.17,3.6118713401630522
2018-11-08 02:45:00,3.74,1.9727093502669595
2018-11-08 03:00:00,3.38,0.19680772214196626
2018-11-08 03:15:00,3.06,-1.6972628864645958
2018-11-08 03:30:00,3.06,-2.0939642263203857
2018-11-08 03:45:00,3.06,-1.4120287882909177
2018-11-08 04:00:00,3.13,-0.5658112998306751
2018-11-08 04:15:00,3.17,0.39889174331910915
2018-11-08 04:30:00,3.13,1.3554084153287114
2018-11-08 04:45:00,3.06,2.1233203629846686
2018-11-08 05:00:00,3.06,2.546590078340378
2018-11-08 05:15:00,3.1,2.50572063929867
2018-11-08 05:30:00,3.13,1.9803951250645333
2018-11-08 05:45:00,3.13,1.318809026600793
2018-11-08 06:00:00,3.67,0.6432939085830004
2018-11-08 06:15:00,3.4599999999999995,0.038634013682603885
2018-11-08 06:30:00,3.02,1.3109876823984088
2018-11-08 06:45:00,3.02,3.6074186009541154
2018-11-08 07:00:00,2.99,6.757817479968071
2018-11-08 07:15:00,2.95,11.032358425036072
2018-11-08 07:30:00,3.2,15.868010751381515
2018-11-08 07:45:00,4.68,20.828171366378665
2018-11-08 08:00:00,5.0,25.861330632567405
2018-11-08 08:15:00,22.279999999999998,30.10724089115858
2018-11-08 08:30:00,46.84,38.60461666643619
2018-11-08 08:45:00,63.04,50.794788510501384
2018-11-08 09:00:00,66.85,59.572648683190344
2018-11-08 09:15:00,54.65,64.44182566732168
2018-11-08 09:30:00,56.34,67.03706530749798
2018-11-08 09:45:00,55.98,68.11129144847393
2018-11-08 10:00:00,66.1,67.58015578180552
2018-11-08 10:15:00,53.24,67.31728474110365
2018-11-08 10:30:00,67.07,63.87600219666958
2018-11-08 10:45:00,62.93,60.88719699591398
2018-11-08 11:00:00,52.85000000000001,55.87307133734226
2018-11-08 11:15:00,52.13,48.6767801207304
2018-11-08 11:30:00,53.6,41.16448139309883
2018-11-08 11:45:00,58.25,34.66100316464901
2018-11-08 12:00:00,48.489999999999995,30.258905724436044
2018-11-08 12:15:00,7.31,27.394453875869512
2018-11-08 12:30:00,7.63,24.36658447742462
2018-11-08 12:45:00,7.88,25.05429578959942
2018-11-08 13:00:00,7.919999999999998,27.27696937352419
2018-11-08 13:15:00,45.18,27.976776957064867
2018-11-08 13:30:00,59.8,35.02176485881209
2018-11-08 13:45:00,59.0,45.38792811006307
2018-11-08 14:00:00,62.53000000000001,53.8835703933239
2018-11-08 14:15:00,60.26,60.618793151676655
2018-11-08 14:30:00,54.61,65.39023441880941
2018-11-08 14:45:00,52.13,68.4476158452034
2018-11-08 15:00:00,59.76,69.72634015321732
2018-11-08 15:15:00,43.92,70.44189511954784
2018-11-08 15:30:00,48.6,67.97050584942103
2018-11-08 15:45:00,63.68,64.84021446734667
2018-11-08 16:00:00,54.04,62.81556764632463
2018-11-08 16:15:00,56.47999999999999,58.903201909959314
2018-11-08 16:30:00,109.08,54.694476402401925
2018-11-08 16:45:00,70.06,58.22106381952763
2018-11-08 17:00:00,62.96000000000001,55.19345264852047
2018-11-08 17:15:00,64.84,51.40052271574736
2018-11-08 17:30:00,71.57,49.36080439418554
2018-11-08 17:45:00,32.36,50.69946890413761
2018-11-08 18:00:00,32.26,48.781364478468895
2018-11-08 18:15:00,52.02,47.76492739260197
2018-11-08 18:30:00,46.93999999999999,49.2022976565361
2018-11-08 18:45:00,73.94,49.194833760857584
2018-11-08 19:00:00,74.3,50.745626497268674
2018-11-08 19:15:00,80.17,51.451054457128045
2018-11-08 19:30:00,85.43,52.784608309268954
2018-11-08 19:45:00,94.21,52.36373800396919
2018-11-08 20:00:00,83.2,51.462169464230534
2018-11-08 20:15:00,70.7,49.201161455810066
2018-11-08 20:30:00,91.19,45.03789295911789
2018-11-08 20:45:00,80.13999999999999,43.48784571409225
2018-11-08 21:00:00,28.66,37.28371371328831
2018-11-08 21:15:00,19.760000000000005,24.411974124610424
2018-11-08 21:30:00,4.1,13.789596486911178
2018-11-08 21:45:00,4.1,5.708637154996395
2018-11-08 22:00:00,4.07,0.166754539301619
2018-11-08 22:15:00,3.92,-2.9794474421441555
2018-11-08 22:30:00,3.78,-2.715718075893819
2018-11-08 22:45:00,3.9599999999999995,-1.8767882148176431
2018-11-08 23:00:00,4.9,-0.7838209368661045
2018-11-08 23:15:00,4.25,-0.11811453193426127
2018-11-08 23:30:00,3.56,0.2612927269842476
2018-11-08 23:45:00,3.5299999999999994,0.30166827096603815
2018-11-09 00:00:00,4.9,0.1714604536723346
2018-11-09 00:15:00,3.56,0.03851332042366271
2018-11-09 00:30:00,3.64,-0.22508833551779384
2018-11-09 00:45:00,3.6,-0.5828399959392845
2018-11-09 01:00:00,3.38,0.19484631634317343
2018-11-09 01:15:00,2.88,2.149869160915259
2018-11-09 01:30:00,2.84,3.7854325970914213
2018-11-09 01:45:00,2.88,4.111698333416134
2018-11-09 02:00:00,2.88,3.7036396175529807
2018-11-09 02:15:00,2.95,2.4475750478822738
2018-11-09 02:30:00,2.92,0.6777298004738987
2018-11-09 02:45:00,2.88,-1.352767556104809
2018-11-09 03:00:00,2.92,-3.8683594692498446
2018-11-09 03:15:00,2.88,-4.861574610732497
2018-11-09 03:30:00,2.99,-3.9550582087412476
2018-11-09 03:45:00,3.28,-2.940610596872866
2018-11-09 04:00:00,3.5299999999999994,-1.3004144692420958
2018-11-09 04:15:00,3.17,0.2152266361843795
2018-11-09 04:30:00,3.49,1.2639034176524728
2018-11-09 04:45:00,3.24,2.075492852309253
2018-11-09 05:00:00,2.88,2.259283424296882
2018-11-09 05:15:00,2.88,1.882761435972061
2018-11-09 05:30:00,2.88,1.1873343511112036
2018-11-09 05:45:00,2.84,0.41945141895674176
2018-11-09 06:00:00,2.84,-0.39804626649245617
2018-11-09 06:15:00,2.95,-1.108340410143137
2018-11-09 06:30:00,2.84,0.04820470843464141
2018-11-09 06:45:00,2.88,2.9358397321845406
2018-11-09 07:00:00,2.84,6.8492412202060216
2018-11-09 07:15:00,2.84,12.074025454297661
2018-11-09 07:30:00,3.42,17.856844794973732
2018-11-09 07:45:00,5.72,23.88945202708244
2018-11-09 08:00:00,6.05,29.924213774204254
2018-11-09 08:15:00,35.96,34.89025299295783
2018-11-09 08:30:00,90.18,47.12949029564857
2018-11-09 08:45:00,80.53,65.5623126924038
2018-11-09 09:00:00,108.50000000000001,71.21257603019475
2018-11-09 09:15:00,102.89000000000001,77.76950060188771
2018-11-09 09:30:00,108.46999999999998,82.75883193552495
2018-11-09 09:45:00,83.63,86.71528046369554
2018-11-09 10:00:00,76.57,86.47218739926817
2018-11-09 10:15:00,59.4,83.06043260097505
2018-11-09 10:30:00,56.81,77.02241045176984
2018-11-09 10:45:00,55.98,69.65334037929773
2018-11-09 11:00:00,61.6,61.397405012845994
2018-11-09 11:15:00,68.08,53.24756295055151
2018-11-09 11:30:00,64.19,46.24734045922756
2018-11-09 11:45:00,56.95,40.46979569464922
2018-11-09 12:00:00,51.440000000000005,36.64234861254692
2018-11-09 12:15:00,5.1499999999999995,35.389220257252454
2018-11-09 12:30:00,4.82,34.059200752824545
2018-11-09 12:45:00,4.97,36.20216064944863
2018-11-09 13:00:00,4.72,38.46122409299016
2018-11-09 13:15:00,37.26,39.446143958717585
2018-11-09 13:30:00,68.62,45.171529026329516
2018-11-09 13:45:00,53.35,57.5284888496995
2018-11-09 14:00:00,53.28,63.99502034544945
2018-11-09 14:15:00,54.97,67.23556361615658
2018-11-09 14:30:00,70.38,68.36110291719437
2018-11-09 14:45:00,60.12,70.01627792030573
2018-11-09 15:00:00,65.63,69.64594384729862
2018-11-09 15:15:00,51.59000000000001,68.72593562304974
2018-11-09 15:30:00,53.78,65.08075669378042
2018-11-09 15:45:00,55.87,61.18356125801802
2018-11-09 16:00:00,57.38,57.35784766793251
2018-11-09 16:15:00,59.720000000000006,53.562533060908315
2018-11-09 16:30:00,66.28,49.91135427325964
2018-11-09 16:45:00,59.720000000000006,47.28831139713526
2018-11-09 17:00:00,64.04,44.06794579386711
2018-11-09 17:15:00,69.48,42.07082826316356
2018-11-09 17:30:00,56.92000000000001,41.31606314450502
2018-11-09 17:45:00,28.8,40.13029173225164
2018-11-09 18:00:00,29.12,37.39840935930609
2018-11-09 18:15:00,53.5,34.976532393544915
2018-11-09 18:30:00,58.79,35.48425019979477
2018-11-09 18:45:00,53.71,36.30175111308694
2018-11-09 19:00:00,63.0,35.403600157350304
2018-11-09 19:15:00,53.14,35.30134433746338
2018-11-09 19:30:00,55.510000000000005,33.853043193817136
2018-11-09 19:45:00,63.76,32.52590011849999
2018-11-09 20:00:00,52.45,32.189355667084456
2018-11-09 20:15:00,66.49,29.496946164816617
2018-11-09 20:30:00,51.73,29.02930525690317
2018-11-09 20:45:00,42.48,26.112967656999825
2018-11-09 21:00:00,29.27,21.66713322520256
2018-11-09 21:15:00,16.6,16.058685891404746
2018-11-09 21:30:00,6.55,10.618603969737887
2018-11-09 21:45:00,6.44,5.524308234937489
2018-11-09 22:00:00,5.9,1.723049204228446
2018-11-09 22:15:00,4.93,-0.13864894619211549
2018-11-09 22:30:00,4.93,-0.5796166438795626
2018-11-09 22:45:00,4.97,-0.7339238174818455
2018-11-09 23:00:00,4.82,-0.7134573282673955
2018-11-09 23:15:00,4.82,-0.6475141804479062
2018-11-09 23:30:00,4.82,-0.631278130300343
2018-11-09 23:45:00,4.82,-0.716409541517496
2018-11-10 00:00:00,2.7,-0.9349934539198875
2018-11-10 00:15:00,4.82,-0.6930958141200244
2018-11-10 00:30:00,4.86,-0.18752943538129324
2018-11-10 00:45:00,4.9,0.28777619617991157
2018-11-10 01:00:00,4.86,0.917787429438904
2018-11-10 01:15:00,4.9,2.070126002004836
2018-11-10 01:30:00,4.97,3.095229249801487
2018-11-10 01:45:00,4.9,3.9371375678945335
2018-11-10 02:00:00,6.01,4.696033764192834
2018-11-10 02:15:00,5.54,5.3619550311937925
2018-11-10 02:30:00,4.0,5.574356361236423
2018-11-10 02:45:00,3.8200000000000003,5.414683951251209
2018-11-10 03:00:00,3.74,5.822592081222683
2018-11-10 03:15:00,3.74,6.43421078454703
2018-11-10 03:30:00,3.78,7.150965666417032
2018-11-10 03:45:00,3.74,7.755203555934131
2018-11-10 04:00:00,3.78,8.20327138543129
2018-11-10 04:15:00,3.78,8.52677422851324
2018-11-10 04:30:00,3.78,8.722320323921739
2018-11-10 04:45:00,3.74,8.79448478821665
2018-11-10 05:00:00,3.74,8.713399688675999
2018-11-10 05:15:00,3.78,8.521698936633765
2018-11-10 05:30:00,3.78,8.273477250747382
2018-11-10 05:45:00,3.74,8.199014562256634
2018-11-10 06:00:00,5.51,8.426541564464568
2018-11-10 06:15:00,5.69,9.09753601823002
2018-11-10 06:30:00,4.07,9.989050528816879
2018-11-10 06:45:00,3.74,10.903622504137456
2018-11-10 07:00:00,3.71,11.95387110479176
2018-11-10 07:15:00,3.71,13.215395219996571
2018-11-10 07:30:00,3.78,14.608003441691398
2018-11-10 07:45:00,3.8200000000000003,16.137695628255607
2018-11-10 08:00:00,4.14,17.61483965396881
2018-11-10 08:15:00,26.17,18.6197227460891
2018-11-10 08:30:00,42.15999999999999,24.31051768705249
2018-11-10 08:45:00,55.510000000000005,32.03982401698828
2018-11-10 09:00:00,57.78,39.20187652081251
2018-11-10 09:15:00,45.14,42.245066665410995
2018-11-10 09:30:00,56.09000000000001,41.857150672078134
2018-11-10 09:45:00,50.72,44.78734498083591
2018-11-10 10:00:00,50.58,45.4675340154767
2018-11-10 10:15:00,58.61,46.19959308326244
2018-11-10 10:30:00,44.86,47.07321018695831
2018-11-10 10:45:00,58.54,44.60203198969364
2018-11-10 11:00:00,44.5,42.924685354232786
2018-11-10 11:15:00,56.52,38.75517224445939
2018-11-10 11:30:00,53.14,35.85408353611827
2018-11-10 11:45:00,62.21,32.475074222385885
2018-11-10 12:00:00,30.1,31.340957279503346
2018-11-10 12:15:00,4.07,27.26466427475214
2018-11-10 12:30:00,4.57,23.57967341095209
2018-11-10 12:45:00,5.080000000000001,23.94576357215643
2018-11-10 13:00:00,5.080000000000001,24.360470100790263
2018-11-10 13:15:00,28.66,24.129006252884864
2018-11-10 13:30:00,49.97,25.971485966593026
2018-11-10 13:45:00,60.77,32.261448276787995
2018-11-10 14:00:00,63.43,41.74446021825075
2018-11-10 14:15:00,61.269999999999996,49.50540726840496
2018-11-10 14:30:00,52.52,54.205636144578456
2018-11-10 14:45:00,50.36,55.22523034155369
2018-11-10 15:00:00,47.84,54.598680759370325
2018-11-10 15:15:00,67.68,52.569008607864376
2018-11-10 15:30:00,46.36999999999999,54.05775041371584
2018-11-10 15:45:00,55.15,49.844668721556666
2018-11-10 16:00:00,51.26,47.1274693852663
2018-11-10 16:15:00,37.15,43.31142472863197
2018-11-10 16:30:00,48.82,37.0336821898818
2018-11-10 16:45:00,30.6,33.866010702103374
2018-11-10 17:00:00,5.870000000000001,28.001690291166305
2018-11-10 17:15:00,5.0,21.4895356208086
2018-11-10 17:30:00,3.67,18.234645009115336
2018-11-10 17:45:00,3.71,16.055382825657723
2018-11-10 18:00:00,4.5,14.997742745280265
2018-11-10 18:15:00,4.61,14.52495525225997
2018-11-10 18:30:00,3.64,14.277040071114897
2018-11-10 18:45:00,3.67,14.125008105784655
2018-11-10 19:00:00,3.74,13.666148053482175
2018-11-10 19:15:00,3.8200000000000003,12.85906381048262
2018-11-10 19:30:00,3.71,12.053509845733641
2018-11-10 19:45:00,3.67,11.439117723591625
2018-11-10 20:00:00,3.71,10.747477986179291
2018-11-10 20:15:00,3.74,9.974456749036907
2018-11-10 20:30:00,3.71,9.117215755805372
2018-11-10 20:45:00,3.71,8.259736744239925
2018-11-10 21:00:00,3.67,7.436452659070492
2018-11-10 21:15:00,3.74,6.314566714912653
2018-11-10 21:30:00,3.67,5.223908327072858
2018-11-10 21:45:00,3.71,4.218254622528329
2018-11-10 22:00:00,3.78,3.3102083633095027
2018-11-10 22:15:00,4.21,2.516102434853092
2018-11-10 22:30:00,4.43,2.340866067763418
2018-11-10 22:45:00,3.4599999999999995,2.143175947831478
2018-11-10 23:00:00,3.42,1.7464778709039093
2018-11-10 23:15:00,3.49,1.3551722214277835
2018-11-10 23:30:00,3.35,1.0140902648400516
2018-11-10 23:45:00,2.74,0.749014747729525
2018-11-11 00:00:00,2.7,0.41085160323418685
2018-11-11 00:15:00,2.7,-0.8904890777543186
2018-11-11 00:30:00,2.81,-1.2421914797648788
2018-11-11 00:45:00,2.77,-0.7728704094141722
2018-11-11 01:00:00,2.77,0.21488560755737132
2018-11-11 01:15:00,2.77,1.2693659103475512
2018-11-11 01:30:00,2.81,2.0897728296159768
2018-11-11 01:45:00,2.77,2.887804797512945
2018-11-11 02:00:00,2.84,3.540770660638809
2018-11-11 02:15:00,2.81,4.0581432258989665
2018-11-11 02:30:00,4.21,4.414825628250838
2018-11-11 02:45:00,4.28,4.879690310526639
2018-11-11 03:00:00,2.84,5.940755834002047
2018-11-11 03:15:00,2.92,6.766615737862884
2018-11-11 03:30:00,2.81,7.553020454011857
2018-11-11 03:45:00,2.88,8.234286746159196
2018-11-11 04:00:00,2.88,8.830216167867183
2018-11-11 04:15:00,2.84,9.292012715227902
2018-11-11 04:30:00,2.84,9.573905574902891
2018-11-11 04:45:00,2.84,9.70273243676871
2018-11-11 05:00:00,2.81,9.698422284014523
2018-11-11 05:15:00,2.84,9.556461188755929
2018-11-11 05:30:00,2.84,9.508649817295373
2018-11-11 05:45:00,2.95,9.545061008743941
2018-11-11 06:00:00,3.49,9.654973833523691
2018-11-11 06:15:00,3.38,10.058898243904114
2018-11-11 06:30:00,2.99,10.466296374686062
2018-11-11 06:45:00,3.4599999999999995,10.885726781338454
2018-11-11 07:00:00,3.13,11.70410454519093
2018-11-11 07:15:00,2.84,12.56780234709382
2018-11-11 07:30:00,2.81,13.434612350985407
2018-11-11 07:45:00,2.77,14.510387856587768
2018-11-11 08:00:00,2.81,15.778308153152466
2018-11-11 08:15:00,2.81,17.201035798639058
2018-11-11 08:30:00,2.84,18.150224846079944
2018-11-11 08:45:00,2.95,19.19828356578946
2018-11-11 09:00:00,2.92,19.85967139750719
2018-11-11 09:15:00,2.95,19.495691964924337
2018-11-11 09:30:00,3.5299999999999994,18.85285159960389
2018-11-11 09:45:00,3.6,18.135396977514027
2018-11-11 10:00:00,3.2,17.001617975756524
2018-11-11 10:15:00,2.99,15.771118203103542
2018-11-11 10:30:00,2.99,14.061911915466188
2018-11-11 10:45:00,2.95,11.983306787237524
2018-11-11 11:00:00,2.95,9.7001119896397
2018-11-11 11:15:00,2.95,7.1541960355266925
2018-11-11 11:30:00,3.02,4.530043342784047
2018-11-11 11:45:00,2.95,2.00776049709646
2018-11-11 12:00:00,3.35,-0.5163716921024024
2018-11-11 12:15:00,3.64,-2.862561915181577
2018-11-11 12:30:00,3.02,-4.561832621470094
2018-11-11 12:45:00,2.99,-5.8618101703375585
2018-11-11 13:00:00,3.02,-5.849990651421249
2018-11-11 13:15:00,3.42,-4.682775687389076
2018-11-11 13:30:00,3.56,-2.881626397818327
2018-11-11 13:45:00,3.28,-0.7308590507507323
2018-11-11 14:00:00,2.88,1.458484388012439
2018-11-11 14:15:00,2.84,3.4728029535710814
2018-11-11 14:30:00,2.95,5.234172306358814
2018-11-11 14:45:00,2.88,6.633204496931284
2018-11-11 15:00:00,2.92,7.932633873857557
2018-11-11 15:15:00,2.88,9.721211978122591
2018-11-11 15:30:00,2.92,11.138673467971383
2018-11-11 15:45:00,2.95,12.058814735487102
2018-11-11 16:00:00,2.99,13.14553683899343
2018-11-11 16:15:00,2.95,13.94952572092414
2018-11-11 16:30:00,3.4599999999999995,14.131641182750464
2018-11-11 16:45:00,4.03,13.970607184395194
2018-11-11 17:00:00,3.85,13.432447731420398
2018-11-11 17:15:00,3.49,12.631098382994532
2018-11-11 17:30:00,2.95,11.73343244574964
2018-11-11 17:45:00,2.92,12.578812940493226
2018-11-11 18:00:00,2.88,13.18278670825064
2018-11-11 18:15:00,2.84,13.379960197880864
2018-11-11 18:30:00,2.88,13.338613494187593
2018-11-11 18:45:00,3.02,14.698901745229959
2018-11-11 19:00:00,2.92,15.915708727315067
2018-11-11 19:15:00,2.95,16.83902563095093
2018-11-11 19:30:00,2.95,16.44242196843028
2018-11-11 19:45:00,2.99,15.752125013694167
2018-11-11 20:00:00,2.95,15.44246091581881
2018-11-11 20:15:00,2.99,16.356639936342834
2018-11-11 20:30:00,3.2,16.896705781444908
2018-11-11 20:45:00,3.56,17.068980532437564
2018-11-11 21:00:00,3.49,16.77697133220732
2018-11-11 21:15:00,2.95,15.918064210638404
2018-11-11 21:30:00,2.99,14.346507742777467
2018-11-11 21:45:00,2.95,12.050023775324226
2018-11-11 22:00:00,2.92,9.135406756065786
2018-11-11 22:15:00,3.35,6.2166516421176485
2018-11-11 22:30:00,3.24,4.039052639836446
2018-11-11 22:45:00,2.74,1.6946074167359622
2018-11-11 23:00:00,2.74,0.16087088326923554
2018-11-11 23:15:00,2.63,0.582243469003588
2018-11-11 23:30:00,2.66,0.8346126524265856
2018-11-11 23:45:00,2.66,1.1545182750280947
2018-11-12 00:00:00,4.82,1.4636833203118296
2018-11-12 00:15:00,3.24,1.2510257276054473
2018-11-12 00:30:00,3.42,1.0749355258792639
2018-11-12 00:45:00,2.88,0.7818666107673199
2018-11-12 01:00:00,2.77,0.33528050153516237
2018-11-12 01:15:00,2.77,0.15847049082629389
2018-11-12 01:30:00,2.77,2.9450789765827357
2018-11-12 01:45:00,2.84,5.3331127104908225
2018-11-12 02:00:00,2.84,6.052712585087865
2018-11-12 02:15:00,2.77,5.4801204680651425
2018-11-12 02:30:00,2.81,3.7981745773926376
2018-11-12 02:45:00,2.77,1.2536531917843967
2018-11-12 03:00:00,2.81,-1.1172279249131678
2018-11-12 03:15:00,3.38,-3.841480799801648
2018-11-12 03:30:00,3.49,-4.214202353879809
2018-11-12 03:45:00,3.38,-3.0281682232767344
2018-11-12 04:00:00,3.31,-1.775865073055029
2018-11-12 04:15:00,2.74,-0.4932898080348968
2018-11-12 04:30:00,2.74,0.5441707804705949
2018-11-12 04:45:00,2.74,1.425786759732291
2018-11-12 05:00:00,2.74,1.9305751230590977
2018-11-12 05:15:00,2.7,1.9271275060833433
2018-11-12 05:30:00,2.66,1.5897611826937645
2018-11-12 05:45:00,2.66,0.9550172299332917
2018-11-12 06:00:00,2.7,0.17976639534346764
2018-11-12 06:15:00,2.74,-0.47909628078341476
2018-11-12 06:30:00,2.59,-0.08578221127390856
2018-11-12 06:45:00,2.59,1.8048406400159003
2018-11-12 07:00:00,2.63,4.57407533114776
2018-11-12 07:15:00,3.5299999999999994,8.677724445424973
2018-11-12 07:30:00,5.72,13.76149235986173
2018-11-12 07:45:00,5.080000000000001,19.381372432783245
2018-11-12 08:00:00,5.0,24.431278309673072
2018-11-12 08:15:00,15.05,28.736789706349374
2018-11-12 08:30:00,50.58,35.50939481586218
2018-11-12 08:45:00,61.16,51.45197060316801
2018-11-12 09:00:00,55.01,61.307627191841604
2018-11-12 09:15:00,62.14,64.77485373467206
2018-11-12 09:30:00,62.5,69.5169468921423
2018-11-12 09:45:00,67.07,72.02209434747697
2018-11-12 10:00:00,57.88999999999999,73.54126208186149
2018-11-12 10:15:00,51.98,71.73958903968334
2018-11-12 10:30:00,70.02,68.01846878916025
2018-11-12 10:45:00,60.08,65.68440711587668
2018-11-12 11:00:00,57.71,59.829721956551076
2018-11-12 11:15:00,52.06,52.4878578287363
2018-11-12 11:30:00,57.17,44.142126677632334
2018-11-12 11:45:00,78.19,37.71196932330727
2018-11-12 12:00:00,59.9,35.96993334650993
2018-11-12 12:15:00,4.93,34.261814982295036
2018-11-12 12:30:00,5.0,30.029759187102318
2018-11-12 12:45:00,4.97,29.144705976098777
2018-11-12 13:00:00,5.870000000000001,31.32963793590665
2018-11-12 13:15:00,43.81,32.89745122864842
2018-11-12 13:30:00,78.72999999999999,39.44308789312839
2018-11-12 13:45:00,69.05,53.12024559646845
2018-11-12 14:00:00,70.06,61.88544588834047
2018-11-12 14:15:00,55.07999999999999,68.62492154031992
2018-11-12 14:30:00,59.28999999999999,71.14080676615238
2018-11-12 14:45:00,73.4,73.6356790149212
2018-11-12 15:00:00,68.18,77.0829299813509
2018-11-12 15:15:00,75.34999999999998,78.05337114691736
2018-11-12 15:30:00,61.959999999999994,78.55680237770082
2018-11-12 15:45:00,82.04,76.05009657591582
2018-11-12 16:00:00,115.13,74.93576210021972
2018-11-12 16:15:00,105.70000000000002,76.65655381798744
2018-11-12 16:30:00,104.4,75.54785992771387
2018-11-12 16:45:00,107.5,72.96547327756882
2018-11-12 17:00:00,96.26,69.7072492864728
2018-11-12 17:15:00,86.83,65.59700049638748
2018-11-12 17:30:00,108.97,61.6307258528471
2018-11-12 17:45:00,33.05,64.18344553858041
2018-11-12 18:00:00,32.26,61.97590183705091
2018-11-12 18:15:00,90.86,61.879185557067395
2018-11-12 18:30:00,96.34,67.23908898204564
2018-11-12 18:45:00,108.61,70.04493442952632
2018-11-12 19:00:00,109.37,72.10245472609996
2018-11-12 19:15:00,108.50000000000001,74.15779243946075
2018-11-12 19:30:00,90.25000000000001,71.76349416404962
2018-11-12 19:45:00,108.0,64.66179053515195
2018-11-12 20:00:00,123.73,61.970431906282904
2018-11-12 20:15:00,86.83,61.515821379423144
2018-11-12 20:30:00,111.35,54.36896612167358
2018-11-12 20:45:00,100.19,52.00388571947813
2018-11-12 21:00:00,23.620000000000005,47.85836979776621
2018-11-12 21:15:00,6.84,32.22510108083487
2018-11-12 21:30:00,5.359999999999999,19.18163463242352
2018-11-12 21:45:00,5.33,11.966725217550993
2018-11-12 22:00:00,5.4,7.151885461322963
2018-11-12 22:15:00,5.1499999999999995,3.357160707516596
2018-11-12 22:30:00,4.97,0.8810325428843498
2018-11-12 22:45:00,5.0,-0.6477872840315103
2018-11-12 23:00:00,5.04,-0.07057401860132809
2018-11-12 23:15:00,4.9,0.17654472737573093
2018-11-12 23:30:00,5.44,0.20169383435510105
2018-11-12 23:45:00,6.01,-0.005662657804787108
2018-11-13 00:00:00,31.5,-0.4718532818369567
2018-11-13 00:15:00,4.79,1.4815264152362944
2018-11-13 00:30:00,4.79,0.15036916633136577
2018-11-13 00:45:00,4.86,0.13661125754006212
2018-11-13 01:00:00,4.79,1.6044280801340938
2018-11-13 01:15:00,4.82,3.709859670959413
2018-11-13 01:30:00,4.36,5.74892091596499
2018-11-13 01:45:00,3.67,7.019869771283119
2018-11-13 02:00:00,3.78,6.502967769391835
2018-11-13 02:15:00,3.67,5.021487768180668
2018-11-13 02:30:00,3.67,2.7937868889980018
2018-11-13 02:45:00,3.67,0.5029764871019871
2018-11-13 03:00:00,3.74,-2.0890427481755616
2018-11-13 03:15:00,3.74,-2.452539969086647
2018-11-13 03:30:00,4.36,-1.3762727086246014
2018-11-13 03:45:00,4.82,-0.022955194991081902
2018-11-13 04:00:00,4.75,1.4878035874292255
2018-11-13 04:15:00,4.79,2.9592047191318125
2018-11-13 04:30:00,3.9599999999999995,4.196849532714114
2018-11-13 04:45:00,3.67,4.844447036869823
2018-11-13 05:00:00,3.71,5.039975449312478
2018-11-13 05:15:00,3.67,4.76863749581389
2018-11-13 05:30:00,3.67,4.103554906621575
2018-11-13 05:45:00,3.71,3.212431947421283
2018-11-13 06:00:00,3.74,2.2975593265960925
2018-11-13 06:15:00,3.67,1.9513958329544403
2018-11-13 06:30:00,3.6,3.5928499422129243
2018-11-13 06:45:00,3.64,6.342494573667645
2018-11-13 07:00:00,3.64,10.080874521583318
2018-11-13 07:15:00,3.6,15.37761326983571
2018-11-13 07:30:00,4.54,21.03367212951183
2018-11-13 07:45:00,6.91,26.57822613611817
2018-11-13 08:00:00,7.269999999999999,32.1417722094059
2018-11-13 08:15:00,62.17,37.0312885338068
2018-11-13 08:30:00,103.1,57.395854255855085
2018-11-13 08:45:00,105.70000000000002,75.6198986464739
2018-11-13 09:00:00,130.46,82.72777278840543
2018-11-13 09:15:00,92.16,91.18997125029564
2018-11-13 09:30:00,72.14,92.1845645403862
2018-11-13 09:45:00,115.34,89.96645821392536
2018-11-13 10:00:00,106.42,92.64288006961347
2018-11-13 10:15:00,87.55,91.5609385418892
2018-11-13 10:30:00,102.42,86.405066229105
2018-11-13 10:45:00,103.99999999999999,80.81819211363793
2018-11-13 11:00:00,83.38,73.54803437709808
2018-11-13 11:15:00,107.75,63.19941038250923
2018-11-13 11:30:00,84.17,55.110968068540096
2018-11-13 11:45:00,100.15,47.21642087846995
2018-11-13 12:00:00,95.94,43.194876581430435
2018-11-13 12:15:00,36.72,42.22349681526423
2018-11-13 12:30:00,31.14,39.782203391641374
2018-11-13 12:45:00,32.69,39.504460695981976
2018-11-13 13:00:00,31.43,41.46612696766853
2018-11-13 13:15:00,44.1,43.75562532156706
2018-11-13 13:30:00,82.26,48.15238980382681
2018-11-13 13:45:00,78.84,57.36876507490873
2018-11-13 14:00:00,100.32999999999998,65.06436935603618
2018-11-13 14:15:00,66.38,74.03802879929542
2018-11-13 14:30:00,85.79000000000002,77.10979910761118
2018-11-13 14:45:00,112.03,82.13093957066536
2018-11-13 15:00:00,70.31,88.77394145190716
2018-11-13 15:15:00,88.88,89.32399733066559
2018-11-13 15:30:00,77.29,90.23737696886063
2018-11-13 15:45:00,107.89,88.72313127398492
2018-11-13 16:00:00,60.08,89.2549540501833
2018-11-13 16:15:00,56.95,83.63090416550637
2018-11-13 16:30:00,53.06,77.03216471254827
2018-11-13 16:45:00,92.7,70.2011912202835
2018-11-13 17:00:00,114.91,68.2605738529563
2018-11-13 17:15:00,92.56,70.07272419273853
2018-11-13 17:30:00,90.79,68.50611895531416
2018-11-13 17:45:00,39.38000000000001,67.04873718768359
2018-11-13 18:00:00,35.35,61.67898968368769
2018-11-13 18:15:00,71.17,59.89160672336817
2018-11-13 18:30:00,107.17,62.16393182992935
2018-11-13 18:45:00,76.36,66.7048006951809
2018-11-13 19:00:00,93.92000000000002,65.80805539488793
2018-11-13 19:15:00,74.45,67.33898931860924
2018-11-13 19:30:00,104.26,64.39539412856102
2018-11-13 19:45:00,62.64,65.11044611275196
2018-11-13 20:00:00,90.14,58.72524952352047
2018-11-13 20:15:00,70.38,58.02446516662836
2018-11-13 20:30:00,100.73,54.20475592583418
2018-11-13 20:45:00,68.98,53.920678798854354
2018-11-13 21:00:00,49.60999999999999,46.45831003040075
2018-11-13 21:15:00,32.15,36.97741555392742
2018-11-13 21:30:00,31.14,27.1673574398458
2018-11-13 21:45:00,32.26,20.744075671732425
2018-11-13 22:00:00,32.11,17.447623915299772
2018-11-13 22:15:00,32.22,16.00890974596143
2018-11-13 22:30:00,32.54,17.97505457960069
2018-11-13 22:45:00,33.48,19.074954141527414
2018-11-13 23:00:00,33.34,19.518369947597385
2018-11-13 23:15:00,31.749999999999996,19.264392035305498
2018-11-13 23:30:00,31.5,18.117744325324892
2018-11-13 23:45:00,32.26,16.766774716600775
2018-11-14 00:00:00,4.75,16.087973373755812
2018-11-14 00:15:00,31.64,9.593345048688352
2018-11-14 00:30:00,32.47,12.483576416000723
2018-11-14 00:45:00,29.299999999999997,15.472069498375058
2018-11-14 01:00:00,26.93,17.593881690576673
2018-11-14 01:15:00,32.29,19.303244037404657
2018-11-14 01:30:00,3.8200000000000003,22.62394896388054
2018-11-14 01:45:00,3.74,17.146363436430693
2018-11-14 02:00:00,3.71,12.966172060742974
2018-11-14 02:15:00,3.6,9.187357064262033
2018-11-14 02:30:00,3.67,6.586074059996753
2018-11-14 02:45:00,3.64,5.508079201839863
2018-11-14 03:00:00,3.67,5.046098527088761
2018-11-14 03:15:00,3.67,4.83445981003344
2018-11-14 03:30:00,3.64,5.161928689740598
2018-11-14 03:45:00,3.13,5.85462182668969
2018-11-14 04:00:00,3.02,6.51583058329299
2018-11-14 04:15:00,3.35,7.364067578725517
2018-11-14 04:30:00,3.67,8.262791125737131
2018-11-14 04:45:00,3.06,8.90112149272114
2018-11-14 05:00:00,3.02,8.909342668429016
2018-11-14 05:15:00,3.02,8.535987334400415
2018-11-14 05:30:00,3.02,7.8288764052838085
2018-11-14 05:45:00,3.02,6.913022274598479
2018-11-14 06:00:00,3.35,6.000787538271397
2018-11-14 06:15:00,3.64,5.784853825289756
2018-11-14 06:30:00,3.13,7.473173723444342
2018-11-14 06:45:00,2.95,10.325109961740672
2018-11-14 07:00:00,2.92,13.657556938901543
2018-11-14 07:15:00,2.99,17.20902513101697
2018-11-14 07:30:00,3.13,20.604279196038842
2018-11-14 07:45:00,4.61,23.577470618635417
2018-11-14 08:00:00,4.79,26.49192428097129
2018-11-14 08:15:00,51.23,29.01340293765068
2018-11-14 08:30:00,103.03,45.53860718816519
2018-11-14 08:45:00,123.77,68.86397278398276
2018-11-14 09:00:00,95.18,80.95519187390805
2018-11-14 09:15:00,97.78,81.56720437407495
2018-11-14 09:30:00,82.04,84.10168646633626
2018-11-14 09:45:00,71.89,83.14615512847901
2018-11-14 10:00:00,76.43,80.71423648357393
2018-11-14 10:15:00,78.41,78.86160057246686
2018-11-14 10:30:00,58.97,76.33354946613312
2018-11-14 10:45:00,58.1,69.60298827439547
2018-11-14 11:00:00,75.2,61.62518855839968
2018-11-14 11:15:00,71.93,54.64886670053005
2018-11-14 11:30:00,59.47,46.67499653249979
2018-11-14 11:45:00,60.48,38.696882452666756
2018-11-14 12:00:00,52.02,33.316778905689716
2018-11-14 12:15:00,6.19,30.171954932510854
2018-11-14 12:30:00,6.91,26.870773123055695
2018-11-14 12:45:00,7.129999999999999,26.01033235505223
2018-11-14 13:00:00,7.059999999999999,26.925321985185146
2018-11-14 13:15:00,42.95,27.177987428456543
2018-11-14 13:30:00,62.17,33.8451706251502
2018-11-14 13:45:00,68.72,45.0363301217556
2018-11-14 14:00:00,81.65,55.3751459646225
2018-11-14 14:15:00,116.59999999999998,64.99338600158691
2018-11-14 14:30:00,120.64,76.13660052210093
2018-11-14 14:45:00,87.26,85.69826854109765
2018-11-14 15:00:00,107.06,89.18745564341546
2018-11-14 15:15:00,61.78,92.5688069677353
2018-11-14 15:30:00,68.58,90.05808179974557
2018-11-14 15:45:00,69.95,86.74838746666909
2018-11-14 16:00:00,74.63,82.672310025692
2018-11-14 16:15:00,69.41,78.25869564175606
2018-11-14 16:30:00,65.27,72.88801851898431
2018-11-14 16:45:00,120.85,67.14786957830191
2018-11-14 17:00:00,97.45,68.56676423043012
2018-11-14 17:15:00,119.59,66.5606514030695
2018-11-14 17:30:00,108.97,67.38483254790306
2018-11-14 17:45:00,68.15,66.75341930806637
2018-11-14 18:00:00,30.64,64.8655162653327
2018-11-14 18:15:00,19.01,63.07321575641632
2018-11-14 18:30:00,5.18,61.757495315670965
2018-11-14 18:45:00,5.18,58.75761552602053
2018-11-14 19:00:00,5.18,53.72612800180912
2018-11-14 19:15:00,5.1499999999999995,47.89737336814404
2018-11-14 19:30:00,5.11,41.99123583048582
2018-11-14 19:45:00,5.080000000000001,37.681469294726845
2018-11-14 20:00:00,5.080000000000001,35.64082135438919
2018-11-14 20:15:00,5.1499999999999995,36.50552399784326
2018-11-14 20:30:00,5.11,36.42097808927298
2018-11-14 20:45:00,5.1499999999999995,35.37918082356453
2018-11-14 21:00:00,5.080000000000001,33.36451056346297
2018-11-14 21:15:00,5.080000000000001,30.17126333206892
2018-11-14 21:30:00,5.11,25.886580785065888
2018-11-14 21:45:00,4.97,20.320276169106364
2018-11-14 22:00:00,5.65,13.824384213685988
2018-11-14 22:15:00,5.83,7.272404136061668
2018-11-14 22:30:00,4.93,2.2274286840553397
2018-11-14 22:45:00,4.82,-1.4489564346149564
2018-11-14 23:00:00,4.79,-1.4163338887691497
2018-11-14 23:15:00,4.75,-1.0364392255619168
2018-11-14 23:30:00,4.64,-0.7754206860437989
2018-11-14 23:45:00,4.72,-0.7483472232893109
2018-11-15 00:00:00,3.92,-0.8437524376623332
2018-11-15 00:15:00,4.75,-0.790364476274699
2018-11-15 00:30:00,3.67,-0.954492712970823
2018-11-15 00:45:00,3.64,1.404232487436384
2018-11-15 01:00:00,3.6,4.00403966575861
2018-11-15 01:15:00,3.56,4.856843357291072
2018-11-15 01:30:00,3.56,5.72634341744706
2018-11-15 01:45:00,3.5299999999999994,5.755115848332643
2018-11-15 02:00:00,3.56,4.860580638088286
2018-11-15 02:15:00,3.6,3.4168440854270012
2018-11-15 02:30:00,3.56,1.6348895149398595
2018-11-15 02:45:00,4.75,-0.7481372731551528
2018-11-15 03:00:00,4.39,-1.4378178502246737
2018-11-15 03:15:00,3.56,-0.25336845017969606
2018-11-15 03:30:00,4.07,0.7501290552597494
2018-11-15 03:45:00,4.43,1.971773907339666
2018-11-15 04:00:00,3.6,3.340654430775903
2018-11-15 04:15:00,3.6,4.751293593822047
2018-11-15 04:30:00,3.6,5.868051056861877
2018-11-15 04:45:00,3.6,6.4682715449482195
2018-11-15 05:00:00,3.56,6.416875864379107
2018-11-15 05:15:00,3.5299999999999994,5.794781547542661
2018-11-15 05:30:00,3.6,4.70374101116322
2018-11-15 05:45:00,3.5299999999999994,3.3712266648001967
2018-11-15 06:00:00,3.56,2.4191544518806043
2018-11-15 06:15:00,3.92,3.423254651739262
2018-11-15 06:30:00,4.54,5.80268330713734
2018-11-15 06:45:00,3.6,9.695626129955054
2018-11-15 07:00:00,3.49,15.804825865551829
2018-11-15 07:15:00,4.18,22.702411932200192
2018-11-15 07:30:00,4.9,29.720310653001068
2018-11-15 07:45:00,5.359999999999999,36.22415489077568
2018-11-15 08:00:00,5.76,41.82721874386072
2018-11-15 08:15:00,52.13,46.60722418010235
2018-11-15 08:30:00,115.31,62.067076331675054
2018-11-15 08:45:00,119.12,81.90537004470826
2018-11-15 09:00:00,87.3,89.88678045392037
2018-11-15 09:15:00,107.24,92.01562541425228
2018-11-15 09:30:00,123.48,94.46008268535138
2018-11-15 09:45:00,113.15,97.28933925688267
2018-11-15 10:00:00,117.43,97.65017505109311
2018-11-15 10:15:00,108.50000000000001,96.48169364988804
2018-11-15 10:30:00,88.42,93.19534307718278
2018-11-15 10:45:00,99.76,86.52243172228337
2018-11-15 11:00:00,112.82,79.44347007155419
2018-11-15 11:15:00,123.98,71.8505954015255
2018-11-15 11:30:00,115.56,64.1399151289463
2018-11-15 11:45:00,121.64,56.95996185004711
2018-11-15 12:00:00,97.23999999999998,52.27614725708961
2018-11-15 12:15:00,4.46,49.28019252449274
2018-11-15 12:30:00,4.54,46.59462717205286
2018-11-15 12:45:00,4.43,46.94196777582169
2018-11-15 13:00:00,4.54,48.7245634239912
2018-11-15 13:15:00,54.0,49.75710941106081
2018-11-15 13:30:00,85.97,56.33973547190428
2018-11-15 13:45:00,125.71,68.69115800082683
2018-11-15 14:00:00,111.74,83.77505345761777
2018-11-15 14:15:00,54.86,93.5854865628481
2018-11-15 14:30:00,58.1,95.24298336744309
2018-11-15 14:45:00,49.54,96.50119318962098
2018-11-15 15:00:00,49.43,95.49813902139664
2018-11-15 15:15:00,50.29,92.58319584965707
2018-11-15 15:30:00,61.67,89.02411219358444
2018-11-15 15:45:00,45.47,85.52976054251195
2018-11-15 16:00:00,48.64000000000001,79.22783444285393
2018-11-15 16:15:00,51.59000000000001,72.23722699403763
2018-11-15 16:30:00,55.87,65.77846028506755
2018-11-15 16:45:00,49.54,60.815346895456315
2018-11-15 17:00:00,49.21,55.09914349734783
2018-11-15 17:15:00,56.47999999999999,51.258901807069776
2018-11-15 17:30:00,50.69,49.90487388730049
2018-11-15 17:45:00,33.52,49.71041739940643
2018-11-15 18:00:00,30.13,49.15414160758257
2018-11-15 18:15:00,38.45,48.563357648253444
2018-11-15 18:30:00,57.46,48.987717392146585
2018-11-15 18:45:00,55.370000000000005,51.14978611916304
2018-11-15 19:00:00,56.59,51.734516329169274
2018-11-15 19:15:00,58.75,52.1945563685894
2018-11-15 19:30:00,58.14,51.797155569195745
2018-11-15 19:45:00,55.04,49.98494235664606
2018-11-15 20:00:00,51.26,47.05794557720423
2018-11-15 20:15:00,55.370000000000005,43.5586045229435
2018-11-15 20:30:00,46.04,41.58051049530506
2018-11-15 20:45:00,42.7,38.077419529557226
2018-11-15 21:00:00,28.37,32.92407110929489
2018-11-15 21:15:00,19.66,25.80523465126753
2018-11-15 21:30:00,4.07,18.869173819124697
2018-11-15 21:45:00,4.03,11.34560963883996
2018-11-15 22:00:00,4.07,5.214039828721433
2018-11-15 22:15:00,3.89,1.3754427946079524
2018-11-15 22:30:00,3.85,-0.5431821558251977
2018-11-15 22:45:00,3.74,-0.9505887070670723
2018-11-15 23:00:00,3.78,-0.40153037212789056
2018-11-15 23:15:00,3.67,0.03890094226226216
2018-11-15 23:30:00,3.78,0.32892024747096005
2018-11-15 23:45:00,3.67,0.4312995674367995
2018-11-16 00:00:00,4.25,0.3667337261792273
2018-11-16 00:15:00,4.79,0.2697406937461347
2018-11-16 00:30:00,4.0,0.11137906868942087
2018-11-16 00:45:00,3.78,-0.13348187129944558
2018-11-16 01:00:00,3.71,-0.4353427289612591
2018-11-16 01:15:00,3.67,0.9344109610840678
2018-11-16 01:30:00,3.74,3.3103000059816985
2018-11-16 01:45:00,3.8200000000000003,5.3755001830309626
2018-11-16 02:00:00,3.74,6.154830309432
2018-11-16 02:15:00,3.74,5.6768454278633
2018-11-16 02:30:00,3.67,4.167618046421557
2018-11-16 02:45:00,3.1,2.2913997601601297
2018-11-16 03:00:00,3.1,-0.4351184640452265
2018-11-16 03:15:00,3.1,-3.470638692378998
2018-11-16 03:30:00,3.17,-4.446719320639968
2018-11-16 03:45:00,3.1,-3.872737547047436
2018-11-16 04:00:00,3.13,-2.9944925585761664
2018-11-16 04:15:00,3.67,-1.7833688255771993
2018-11-16 04:30:00,3.5299999999999994,-0.5221722662635148
2018-11-16 04:45:00,3.2,0.2838065106887371
2018-11-16 05:00:00,3.1,0.46355189372785394
2018-11-16 05:15:00,3.1,0.23483648394234483
2018-11-16 05:30:00,3.24,-0.31124030647799367
2018-11-16 05:45:00,3.8200000000000003,-0.9929551284573972
2018-11-16 06:00:00,3.2,-1.5046457077004014
2018-11-16 06:15:00,3.1,-2.0893559892848135
2018-11-16 06:30:00,3.02,-1.6273048633523284
2018-11-16 06:45:00,3.06,1.0190718089323492
2018-11-16 07:00:00,3.13,4.760507120732218
2018-11-16 07:15:00,3.1,10.058706257417798
2018-11-16 07:30:00,3.35,16.19429459169507
2018-11-16 07:45:00,4.46,22.330009794235227
2018-11-16 08:00:00,5.8,28.159568301141263
2018-11-16 08:15:00,28.94,33.337347282469274
2018-11-16 08:30:00,50.65,43.61033982872963
2018-11-16 08:45:00,58.72,55.470443116426466
2018-11-16 09:00:00,60.16,61.43562716454267
2018-11-16 09:15:00,65.3,63.55700822919607
2018-11-16 09:30:00,69.23,67.31269053816796
2018-11-16 09:45:00,71.32,70.80343149602413
2018-11-16 10:00:00,65.23,73.48591159194707
2018-11-16 10:15:00,67.68,73.70588544160128
2018-11-16 10:30:00,64.51,71.66959368586541
2018-11-16 10:45:00,63.18,67.63707359999418
2018-11-16 11:00:00,60.52,62.22478368699551
2018-11-16 11:15:00,58.39,55.46109752863646
2018-11-16 11:30:00,58.25,47.760593662559984
2018-11-16 11:45:00,62.099999999999994,40.456349904239175
2018-11-16 12:00:00,68.26,35.548690295517446
2018-11-16 12:15:00,9.29,34.563298884034154
2018-11-16 12:30:00,5.47,32.71394807502627
2018-11-16 12:45:00,6.23,32.92519383728504
2018-11-16 13:00:00,5.83,35.43590104162693
2018-11-16 13:15:00,32.08,37.12429756596684
2018-11-16 13:30:00,73.22,42.27738775879145
2018-11-16 13:45:00,72.18,55.4969529697299
2018-11-16 14:00:00,59.14999999999999,65.71457257151603
2018-11-16 14:15:00,51.37,70.05281598001719
2018-11-16 14:30:00,59.26,70.71254891067743
2018-11-16 14:45:00,96.19,71.41476586848498
2018-11-16 15:00:00,98.86,76.53079481035472
2018-11-16 15:15:00,101.77,79.58960434675217
2018-11-16 15:30:00,105.84,81.1330409693718
2018-11-16 15:45:00,55.21999999999999,81.494245018363
2018-11-16 16:00:00,54.93999999999999,75.92461151391268
2018-11-16 16:15:00,60.16,69.37223174512387
2018-11-16 16:30:00,58.79,62.98860248416662
2018-11-16 16:45:00,56.34,56.64555759459734
2018-11-16 17:00:00,57.24,50.54685873389244
2018-11-16 17:15:00,64.8,46.063096305131914
2018-11-16 17:30:00,59.62,45.40944406926632
2018-11-16 17:45:00,36.29,46.44753633260727
2018-11-16 18:00:00,32.08,45.42100367665291
2018-11-16 18:15:00,40.209999999999994,44.042338613867756
2018-11-16 18:30:00,47.56,43.2386629730463
2018-11-16 18:45:00,49.07,42.64157377332449
2018-11-16 19:00:00,53.64,41.242367279231544
2018-11-16 19:15:00,50.4,39.85549058392644
2018-11-16 19:30:00,59.04,37.17574769884348
2018-11-16 19:45:00,95.18,36.48967332407832
2018-11-16 20:00:00,94.71999999999998,41.38745517194271
2018-11-16 20:15:00,122.80000000000001,43.31290223866701
2018-11-16 20:30:00,80.35,48.198628233373164
2018-11-16 20:45:00,119.34,44.03709771960974
2018-11-16 21:00:00,23.0,45.008922086060046
2018-11-16 21:15:00,4.61,30.31858096256852
2018-11-16 21:30:00,4.36,16.641692713946103
2018-11-16 21:45:00,4.36,7.556406601630151
2018-11-16 22:00:00,4.36,1.469402917716652
2018-11-16 22:15:00,4.18,-1.3442951700091361
2018-11-16 22:30:00,4.07,-1.812423903234303
2018-11-16 22:45:00,4.07,-1.6124110345169902
2018-11-16 23:00:00,4.03,-1.060334806740284
2018-11-16 23:15:00,3.92,-0.5186182708106934
2018-11-16 23:30:00,3.89,-0.31831208940595385
2018-11-16 23:45:00,3.92,-1.2230130402371286
2018-11-17 00:00:00,3.24,-2.177430631928146
2018-11-17 00:15:00,5.0,-2.1956148958206176
2018-11-17 00:30:00,4.03,-1.0674391487799584
2018-11-17 00:45:00,3.9599999999999995,1.403735399618745
2018-11-17 01:00:00,4.0,3.767497859494761
2018-11-17 01:15:00,3.9599999999999995,5.773698961343616
2018-11-17 01:30:00,3.9599999999999995,7.150171336364001
2018-11-17 01:45:00,3.89,8.01380654618144
2018-11-17 02:00:00,4.0,8.451475669033824
2018-11-17 02:15:00,3.49,8.332033690437674
2018-11-17 02:30:00,3.31,7.3216138652339575
2018-11-17 02:45:00,3.35,8.127295259609818
2018-11-17 03:00:00,3.42,8.921588262617588
2018-11-17 03:15:00,3.35,9.537964806482195
2018-11-17 03:30:00,3.38,10.017506069727242
2018-11-17 03:45:00,3.56,10.718003569617867
2018-11-17 04:00:00,3.85,11.547043881192803
2018-11-17 04:15:00,3.2,12.29781657911837
2018-11-17 04:30:00,3.24,12.480455232188104
2018-11-17 04:45:00,3.6,12.434719784781336
2018-11-17 05:00:00,3.64,12.160170127525925
2018-11-17 05:15:00,3.17,11.515631636120379
2018-11-17 05:30:00,3.17,10.409130994975566
2018-11-17 05:45:00,3.13,9.54706507820636
2018-11-17 06:00:00,3.28,9.7604226918146
2018-11-17 06:15:00,3.2,9.78550106693059
2018-11-17 06:30:00,3.13,10.086290561407804
2018-11-17 06:45:00,3.13,11.911206318438053
2018-11-17 07:00:00,3.17,14.351493777781725
2018-11-17 07:15:00,3.2,17.225607823431492
2018-11-17 07:30:00,3.31,20.288123484924434
2018-11-17 07:45:00,4.57,23.354768539965153
2018-11-17 08:00:00,4.9,26.48715044155717
2018-11-17 08:15:00,45.65,27.953401760309934
2018-11-17 08:30:00,82.62,38.024669277667996
2018-11-17 08:45:00,102.71,51.93871809601784
2018-11-17 09:00:00,105.59,62.134547792971134
2018-11-17 09:15:00,115.45,67.33397296994924
2018-11-17 09:30:00,104.04,72.90707345843315
2018-11-17 09:45:00,123.62,75.71532154381276
2018-11-17 10:00:00,105.01,78.90459656357766
2018-11-17 10:15:00,113.00000000000001,77.82928362190724
2018-11-17 10:30:00,117.72,76.96600459754468
2018-11-17 10:45:00,100.87,74.76427213609219
2018-11-17 11:00:00,106.48999999999998,69.95498146295547
2018-11-17 11:15:00,92.81,64.51297967642546
2018-11-17 11:30:00,93.82,57.75840557843447
2018-11-17 11:45:00,127.98,51.7514291036129
2018-11-17 12:00:00,78.72999999999999,50.444501868486405
2018-11-17 12:15:00,4.0,45.76467969626188
2018-11-17 12:30:00,4.14,40.511615066826344
2018-11-17 12:45:00,4.5,40.63048950642347
2018-11-17 13:00:00,4.79,40.27977622777224
2018-11-17 13:15:00,46.33,38.11750990062952
2018-11-17 13:30:00,107.1,39.8545609651506
2018-11-17 13:45:00,75.02,52.902481275498864
2018-11-17 14:00:00,121.43000000000002,58.58957009136677
2018-11-17 14:15:00,103.0,71.70881282001734
2018-11-17 14:30:00,105.08,76.41943366646767
2018-11-17 14:45:00,100.01,77.95116697251798
2018-11-17 15:00:00,133.42,78.1805986827612
2018-11-17 15:15:00,101.19999999999999,82.91660665452481
2018-11-17 15:30:00,95.18,78.58602923274042
2018-11-17 15:45:00,132.3,73.84820693254471
2018-11-17 16:00:00,81.5,75.54939132869245
2018-11-17 16:15:00,110.34,67.14067513734102
2018-11-17 16:30:00,128.16,64.00615331619979
2018-11-17 16:45:00,74.74,63.28892323970795
2018-11-17 17:00:00,23.11,53.197466827631
2018-11-17 17:15:00,4.54,38.67138530001044
2018-11-17 17:30:00,4.9,29.4523334454
2018-11-17 17:45:00,5.0,23.036843409538267
2018-11-17 18:00:00,4.03,18.925757064372302
2018-11-17 18:15:00,4.03,16.093595995530485
2018-11-17 18:30:00,4.03,14.259180836975574
2018-11-17 18:45:00,4.14,13.410276099070906
2018-11-17 19:00:00,4.14,13.319081395342945
2018-11-17 19:15:00,4.14,13.356608578413724
2018-11-17 19:30:00,4.14,13.581817708685994
2018-11-17 19:45:00,4.1,13.701766598969698
2018-11-17 20:00:00,4.18,13.561018049940467
2018-11-17 20:15:00,4.07,12.969973617717622
2018-11-17 20:30:00,4.07,11.931108917519449
2018-11-17 20:45:00,4.07,10.44292117793113
2018-11-17 21:00:00,4.1,8.190903975255788
2018-11-17 21:15:00,4.36,6.481439179498702
2018-11-17 21:30:00,5.26,5.026387072447687
2018-11-17 21:45:00,4.28,3.7771940190996975
2018-11-17 22:00:00,4.03,2.527341713909991
2018-11-17 22:15:00,3.85,1.420437662564218
2018-11-17 22:30:00,3.78,1.1959364122897387
2018-11-17 22:45:00,3.89,1.2890824172645807
2018-11-17 23:00:00,3.78,1.3357080476265402
2018-11-17 23:15:00,3.8200000000000003,1.2934199365135284
2018-11-17 23:30:00,3.35,1.1336046593915672
2018-11-17 23:45:00,3.13,0.7623448971565814
2018-11-18 00:00:00,3.13,0.28872462064959115
2018-11-18 00:15:00,3.13,-0.99002873795107
2018-11-18 00:30:00,3.2,-1.019246891848743
2018-11-18 00:45:00,3.2,-0.11996338425204153
2018-11-18 01:00:00,3.2,0.9955740944854916
2018-11-18 01:15:00,3.74,2.046333852142561
2018-11-18 01:30:00,3.56,3.0954245343012734
2018-11-18 01:45:00,3.2,3.8552532263658943
2018-11-18 02:00:00,3.31,4.261554311560467
2018-11-18 02:15:00,3.24,4.465916768852622
2018-11-18 02:30:00,3.35,4.377616177201271
2018-11-18 02:45:00,3.8200000000000003,4.6321748205460604
2018-11-18 03:00:00,3.42,6.020663472563028
2018-11-18 03:15:00,3.35,7.07242831736803
2018-11-18 03:30:00,3.28,7.962049347199499
2018-11-18 03:45:00,3.31,8.7012714195624
2018-11-18 04:00:00,3.28,9.304604671001433
2018-11-18 04:15:00,3.24,9.745187834352254
2018-11-18 04:30:00,3.24,10.000343488305807
2018-11-18 04:45:00,3.67,10.115809887088835
2018-11-18 05:00:00,3.8200000000000003,10.221612966060638
2018-11-18 05:15:00,3.31,10.129725539162754
2018-11-18 05:30:00,3.28,9.761483108401299
2018-11-18 05:45:00,3.42,9.700646969527005
2018-11-18 06:00:00,3.8200000000000003,9.786403178870678
2018-11-18 06:15:00,3.35,10.144629753232001
2018-11-18 06:30:00,3.24,10.511757876463234
2018-11-18 06:45:00,3.24,11.199447856806218
2018-11-18 07:00:00,3.17,12.40229540042579
2018-11-18 07:15:00,3.17,13.938224340975284
2018-11-18 07:30:00,3.17,15.887832514047622
2018-11-18 07:45:00,4.07,18.273956206962467
2018-11-18 08:00:00,5.0,21.224961401745677
2018-11-18 08:15:00,44.21,23.894225866496562
2018-11-18 08:30:00,86.22,34.3000618340075
2018-11-18 08:45:00,69.16,49.11324287235737
2018-11-18 09:00:00,70.6,53.328641875088216
2018-11-18 09:15:00,34.74,55.75246340572834
2018-11-18 09:30:00,36.4,52.606727777421476
2018-11-18 09:45:00,38.2,50.63534317225218
2018-11-18 10:00:00,32.76,48.71771478325128
2018-11-18 10:15:00,32.58,45.444589946269986
2018-11-18 10:30:00,31.72,41.7670809417963
2018-11-18 10:45:00,31.57,37.39742360413074
2018-11-18 11:00:00,32.54,31.88038541510701
2018-11-18 11:15:00,37.51,25.60302684932947
2018-11-18 11:30:00,37.22,20.78031845398247
2018-11-18 11:45:00,36.0,17.86609719634056
2018-11-18 12:00:00,34.52,16.29056963957846
2018-11-18 12:15:00,3.8200000000000003,16.510805084854365
2018-11-18 12:30:00,3.71,14.42600811176002
2018-11-18 12:45:00,4.18,14.077946716621518
2018-11-18 13:00:00,4.25,13.654149459451437
2018-11-18 13:15:00,16.45,12.863858981728553
2018-11-18 13:30:00,36.29,14.274806965142488
2018-11-18 13:45:00,35.5,19.229421303868293
2018-11-18 14:00:00,35.1,23.000610731840133
2018-11-18 14:15:00,35.89,25.473576312065124
2018-11-18 14:30:00,34.34,27.54593458175659
2018-11-18 14:45:00,36.36,28.750828297138213
2018-11-18 15:00:00,34.34,29.84707562491298
2018-11-18 15:15:00,37.01,29.85351559266448
2018-11-18 15:30:00,33.52,29.63010394990444
2018-11-18 15:45:00,37.12,28.34544265627861
2018-11-18 16:00:00,34.49,27.34480908960104
2018-11-18 16:15:00,38.41,25.55869481191039
2018-11-18 16:30:00,34.02,24.50299817368388
2018-11-18 16:45:00,36.94,22.857413513064383
2018-11-18 17:00:00,7.16,22.122891180068255
2018-11-18 17:15:00,4.03,18.322528788000344
2018-11-18 17:30:00,3.9599999999999995,17.096400918141008
2018-11-18 17:45:00,3.85,16.42331201530993
2018-11-18 18:00:00,3.85,16.154343438893555
2018-11-18 18:15:00,3.74,16.138593810647727
2018-11-18 18:30:00,3.78,16.426554453745485
2018-11-18 18:45:00,3.89,16.771932528987527
2018-11-18 19:00:00,3.8200000000000003,16.790647281855346
2018-11-18 19:15:00,3.78,16.244637714773415
2018-11-18 19:30:00,3.78,15.596823664456606
2018-11-18 19:45:00,3.8200000000000003,16.203991593346
2018-11-18 20:00:00,3.89,17.944388387277723
2018-11-18 20:15:00,3.74,19.39916093505919
2018-11-18 20:30:00,3.78,19.555538980439305
2018-11-18 20:45:00,4.39,19.190407628938555
2018-11-18 21:00:00,3.8200000000000003,18.46188290886581
2018-11-18 21:15:00,3.24,17.18193370461464
2018-11-18 21:30:00,3.13,15.365564153045415
2018-11-18 21:45:00,3.1,13.056200250089168
2018-11-18 22:00:00,3.1,10.417215197868645
2018-11-18 22:15:00,2.95,7.486558325178921
2018-11-18 22:30:00,2.99,5.393644870761782
2018-11-18 22:45:00,2.92,3.588449269514531
2018-11-18 23:00:00,2.92,1.8253854395076634
2018-11-18 23:15:00,2.88,1.8534829705301672
2018-11-18 23:30:00,2.88,2.3693650091276504
2018-11-18 23:45:00,2.92,2.6690974552021363
2018-11-19 00:00:00,4.14,2.930235144228209
2018-11-19 00:15:00,3.42,2.4827257315651514
2018-11-19 00:30:00,3.31,2.3724109701649287
2018-11-19 00:45:00,3.49,2.213224841740448
2018-11-19 01:00:00,2.95,1.9474055173364468
2018-11-19 01:15:00,2.92,2.196689303901512
2018-11-19 01:30:00,2.88,4.550185082927347
2018-11-19 01:45:00,2.92,6.264411648772657
2018-11-19 02:00:00,2.95,6.6653358492814
2018-11-19 02:15:00,2.95,6.050066315215081
2018-11-19 02:30:00,2.92,4.516324308449403
2018-11-19 02:45:00,3.31,2.1972185298078695
2018-11-19 03:00:00,3.4599999999999995,0.04161317240446811
2018-11-19 03:15:00,2.95,-2.2984444297105076
2018-11-19 03:30:00,2.92,-2.824388602152467
2018-11-19 03:45:00,2.95,-2.9942096311226485
2018-11-19 04:00:00,2.92,-2.346059323772788
2018-11-19 04:15:00,2.92,-1.3616410367749632
2018-11-19 04:30:00,3.13,-0.47460284268483516
2018-11-19 04:45:00,3.64,0.293786720475182
2018-11-19 05:00:00,3.13,1.0863825797848403
2018-11-19 05:15:00,2.92,1.2259672809112818
2018-11-19 05:30:00,2.88,0.8458201442472637
2018-11-19 05:45:00,2.92,0.11081854674033825
2018-11-19 06:00:00,3.38,-0.6444814114645123
2018-11-19 06:15:00,3.42,-0.7288067039847373
2018-11-19 06:30:00,2.77,-0.20147287497296926
2018-11-19 06:45:00,2.77,1.7799176223855466
2018-11-19 07:00:00,2.81,4.471809126026929
2018-11-19 07:15:00,3.2,7.836256657727062
2018-11-19 07:30:00,3.64,11.733979775644839
2018-11-19 07:45:00,4.07,15.999052194207906
2018-11-19 08:00:00,5.76,20.399563219770787
2018-11-19 08:15:00,16.99,24.59811568900943
2018-11-19 08:30:00,57.02,31.48411857098341
2018-11-19 08:45:00,58.54,49.714526583850386
2018-11-19 09:00:00,58.86,58.418533709347244
2018-11-19 09:15:00,62.75,63.10736465096473
2018-11-19 09:30:00,68.83,67.9579806959629
2018-11-19 09:45:00,72.18,71.46748019307852
2018-11-19 10:00:00,67.5,73.4295641195774
2018-11-19 10:15:00,67.72,73.00792137742043
2018-11-19 10:30:00,64.37,71.21259848475457
2018-11-19 10:45:00,61.31,67.34108657449484
2018-11-19 11:00:00,65.45,61.43321105390787
2018-11-19 11:15:00,59.18,54.639269621670245
2018-11-19 11:30:00,62.03,46.66039657771587
2018-11-19 11:45:00,60.34,39.76749116405845
2018-11-19 12:00:00,46.12,34.90504381150007
2018-11-19 12:15:00,5.940000000000001,31.282285760194064
2018-11-19 12:30:00,6.080000000000001,27.058605515807866
2018-11-19 12:45:00,6.05,27.402847390323878
2018-11-19 13:00:00,5.11,29.565282126665114
2018-11-19 13:15:00,29.299999999999997,30.989163936525582
2018-11-19 13:30:00,69.52,36.374582477808
2018-11-19 13:45:00,60.23,49.607961733937266
2018-11-19 14:00:00,58.79,58.27865976542235
2018-11-19 14:15:00,58.21,64.17122127622366
2018-11-19 14:30:00,68.62,67.90834713697433
2018-11-19 14:45:00,60.66,72.16142938196658
2018-11-19 15:00:00,64.44,74.05968397676945
2018-11-19 15:15:00,63.35999999999999,75.03173737972975
2018-11-19 15:30:00,60.05,74.27630311518908
2018-11-19 15:45:00,65.52,72.18635394334792
2018-11-19 16:00:00,61.42,69.63945447951555
2018-11-19 16:15:00,61.42,65.72942850828171
2018-11-19 16:30:00,59.08,61.46612494766712
2018-11-19 16:45:00,62.89,56.69517318993807
2018-11-19 17:00:00,62.89,52.8133052366972
2018-11-19 17:15:00,56.05,50.15896519511938
2018-11-19 17:30:00,59.11,47.689444144368174
2018-11-19 17:45:00,30.89,49.568580926954745
2018-11-19 18:00:00,31.609999999999996,48.98663059145212
2018-11-19 18:15:00,34.99,48.99881443560123
2018-11-19 18:30:00,43.06,49.21226748108864
2018-11-19 18:45:00,43.49,49.41644230246544
2018-11-19 19:00:00,63.32,48.41550784468651
2018-11-19 19:15:00,45.53999999999999,49.64891885101795
2018-11-19 19:30:00,45.79,47.38254420280457
2018-11-19 19:45:00,53.21,44.63552970200777
2018-11-19 20:00:00,44.78,43.16606738120318
2018-11-19 20:15:00,44.17,40.95251483947039
2018-11-19 20:30:00,52.81,39.08304025396705
2018-11-19 20:45:00,40.39,38.90161639258265
2018-11-19 21:00:00,26.64,35.00025114506483
2018-11-19 21:15:00,13.43,28.513274772614242
2018-11-19 21:30:00,3.8200000000000003,21.084588966593145
2018-11-19 21:45:00,3.89,13.657000065818428
2018-11-19 22:00:00,3.78,7.671573232039809
2018-11-19 22:15:00,3.67,4.2959363125078385
2018-11-19 22:30:00,3.64,2.146503713594284
2018-11-19 22:45:00,3.6,0.6248197001870722
2018-11-19 23:00:00,3.56,0.23734914918430156
2018-11-19 23:15:00,3.56,0.8076207277923823
2018-11-19 23:30:00,3.64,1.1218906769063324
2018-11-19 23:45:00,4.57,1.1198765028920026
2018-11-20 00:00:00,4.61,0.9897479782626033
2018-11-20 00:15:00,3.5299999999999994,0.9562567216344178
2018-11-20 00:30:00,3.64,0.6656290381960571
2018-11-20 00:45:00,3.71,0.27706621319986885
2018-11-20 01:00:00,3.6,0.10465308598242705
2018-11-20 01:15:00,3.64,1.738683752855286
2018-11-20 01:30:00,3.5299999999999994,3.2028466572053733
2018-11-20 01:45:00,3.6,4.2836810347903524
2018-11-20 02:00:00,3.71,4.541073022559285
2018-11-20 02:15:00,3.56,4.102657425934449
2018-11-20 02:30:00,3.56,2.825571107887663
2018-11-20 02:45:00,3.02,1.1636482990439982
2018-11-20 03:00:00,3.02,-0.6895098209194839
2018-11-20 03:15:00,3.13,-2.8348967747762797
2018-11-20 03:30:00,3.31,-2.8519302424788475
2018-11-20 03:45:00,3.67,-1.79549934014678
2018-11-20 04:00:00,2.95,-0.5093153466843068
2018-11-20 04:15:00,2.88,0.5036807182338089
2018-11-20 04:30:00,2.95,1.6009747091773898
2018-11-20 04:45:00,2.88,2.569805952976458
2018-11-20 05:00:00,2.84,3.1898489756044
2018-11-20 05:15:00,2.81,3.3862089084647597
2018-11-20 05:30:00,2.88,3.20843124656938
2018-11-20 05:45:00,3.17,2.778409690677654
2018-11-20 06:00:00,3.4599999999999995,2.299368672922719
2018-11-20 06:15:00,3.42,1.9711975268577226
2018-11-20 06:30:00,2.81,2.3703599917236717
2018-11-20 06:45:00,2.77,3.9905747889727357
2018-11-20 07:00:00,2.84,6.338810903131962
2018-11-20 07:15:00,2.7,9.584691061340273
2018-11-20 07:30:00,3.71,13.882924373820424
2018-11-20 07:45:00,5.51,18.746370954290033
2018-11-20 08:00:00,5.33,23.94100320547819
2018-11-20 08:15:00,25.88,28.691004858911036
2018-11-20 08:30:00,60.16,39.52134652495384
2018-11-20 08:45:00,67.54,57.47460239708423
2018-11-20 09:00:00,78.98,66.23181335657834
2018-11-20 09:15:00,70.24,73.8135909831524
2018-11-20 09:30:00,77.47,77.5158898216486
2018-11-20 09:45:00,74.88,79.8702504169941
2018-11-20 10:00:00,54.18,79.57947284936905
2018-11-20 10:15:00,54.79,75.10043485999107
2018-11-20 10:30:00,59.54,70.69703730076552
2018-11-20 10:45:00,52.16,66.15191554188728
2018-11-20 11:00:00,61.81,58.81422347128391
2018-11-20 11:15:00,52.2,51.826467751562596
2018-11-20 11:30:00,46.93999999999999,43.15669933885336
2018-11-20 11:45:00,48.56,34.63222315534949
2018-11-20 12:00:00,52.699999999999996,28.930817312151195
2018-11-20 12:15:00,6.12,26.652546238154173
2018-11-20 12:30:00,5.44,22.63358870640397
2018-11-20 12:45:00,5.4,24.379327440112828
2018-11-20 13:00:00,5.58,25.997513046860693
2018-11-20 13:15:00,28.15,27.163876983076335
2018-11-20 13:30:00,53.24,30.599128232747315
2018-11-20 13:45:00,48.67,41.20355232715607
2018-11-20 14:00:00,57.85,48.85382534295321
2018-11-20 14:15:00,55.12,56.05177819699049
2018-11-20 14:30:00,52.63,60.37705185174942
2018-11-20 14:45:00,56.77,62.70033982723951
2018-11-20 15:00:00,47.41,65.26263862818479
2018-11-20 15:15:00,51.16,64.79832324057817
2018-11-20 15:30:00,46.50999999999999,63.72235013484955
2018-11-20 15:45:00,56.99,60.83870412856341
2018-11-20 16:00:00,44.57000000000001,58.793569767177104
2018-11-20 16:15:00,43.09,53.97200543165207
2018-11-20 16:30:00,67.32,48.72529095172882
2018-11-20 16:45:00,45.47,48.187652444541456
2018-11-20 17:00:00,64.84,43.92874997764826
2018-11-20 17:15:00,41.15,44.0517380926013
2018-11-20 17:30:00,31.97,40.933163499832155
2018-11-20 17:45:00,27.83,40.44478131502866
2018-11-20 18:00:00,22.97,40.117524069547656
2018-11-20 18:15:00,8.14,39.46650350809097
2018-11-20 18:30:00,8.17,37.04022769406438
2018-11-20 18:45:00,8.39,34.209374603331085
2018-11-20 19:00:00,8.32,31.4089788775146
2018-11-20 19:15:00,8.71,28.30464496657252
2018-11-20 19:30:00,7.38,25.40951120749116
2018-11-20 19:45:00,7.599999999999999,22.90514067992568
2018-11-20 20:00:00,6.44,21.198509930297732
2018-11-20 20:15:00,5.0,20.725621391758324
2018-11-20 20:30:00,4.86,20.350492147505282
2018-11-20 20:45:00,5.0,18.944846808388828
2018-11-20 21:00:00,4.1,17.038383949249983
2018-11-20 21:15:00,3.89,14.923243006765842
2018-11-20 21:30:00,3.8200000000000003,12.634468812420964
2018-11-20 21:45:00,3.85,10.236993216797709
2018-11-20 22:00:00,3.92,7.758973115161061
2018-11-20 22:15:00,3.71,5.230932674743235
2018-11-20 22:30:00,3.64,3.4205180022632704
2018-11-20 22:45:00,3.64,1.9394267807039434
2018-11-20 23:00:00,3.64,0.6243012805376202
2018-11-20 23:15:00,3.6,0.29210543530993166
2018-11-20 23:30:00,3.49,0.6735741631593556
2018-11-20 23:45:00,3.56,1.0680278015788645
2018-11-21 00:00:00,3.71,1.2037440030742437
2018-11-21 00:15:00,4.0,1.6256414641439916
2018-11-21 00:30:00,3.64,1.7014060960803181
2018-11-21 00:45:00,3.4599999999999995,1.5822686574514955
2018-11-21 01:00:00,3.4599999999999995,1.3544691130239517
2018-11-21 01:15:00,3.4599999999999995,1.0545118406694383
2018-11-21 01:30:00,3.13,1.0575485392007977
2018-11-21 01:45:00,2.95,2.1362044385471384
2018-11-21 02:00:00,2.77,3.0309067949210293
2018-11-21 02:15:00,2.88,3.4723528799880294
2018-11-21 02:30:00,2.92,3.510426691249013
2018-11-21 02:45:00,2.88,3.028827151830774
2018-11-21 03:00:00,2.95,2.135601112593431
2018-11-21 03:15:00,2.84,1.0785620776284486
2018-11-21 03:30:00,2.88,-0.38077337704598896
2018-11-21 03:45:00,3.38,-0.7590325062535702
2018-11-21 04:00:00,3.74,-0.6579016598127782
2018-11-21 04:15:00,3.71,-0.05009854756295676
2018-11-21 04:30:00,3.49,0.8548718579858542
2018-11-21 04:45:00,2.92,1.6387672770768404
2018-11-21 05:00:00,2.95,2.1610205865069294
2018-11-21 05:15:00,2.92,2.47218889429234
2018-11-21 05:30:00,2.92,2.4411510439193806
2018-11-21 05:45:00,2.88,2.0073837516852655
2018-11-21 06:00:00,2.84,1.4348575598467141
2018-11-21 06:15:00,2.92,0.9705531188379973
2018-11-21 06:30:00,2.88,0.6722513089049608
2018-11-21 06:45:00,2.84,1.740685155838728
2018-11-21 07:00:00,2.88,3.6602026750240477
2018-11-21 07:15:00,2.77,6.1174451514519745
2018-11-21 07:30:00,3.56,9.037445370741189
2018-11-21 07:45:00,5.83,12.468230969831348
2018-11-21 08:00:00,6.26,16.48025453351438
2018-11-21 08:15:00,24.98,20.39226885601878
2018-11-21 08:30:00,50.08,30.33489869117737
2018-11-21 08:45:00,64.04,45.99648260802031
2018-11-21 09:00:00,77.89999999999999,56.279260851442814
2018-11-21 09:15:00,65.12,66.29521605163812
2018-11-21 09:30:00,67.43,68.86784395009279
2018-11-21 09:45:00,67.43,70.11176818132401
2018-11-21 10:00:00,75.67000000000002,70.04401828348637
2018-11-21 10:15:00,69.66,70.09199020504951
2018-11-21 10:30:00,69.08,67.47538729667663
2018-11-21 10:45:00,69.66,63.72020796984434
2018-11-21 11:00:00,68.87,58.53325854629278
2018-11-21 11:15:00,81.32,52.34420702785253
2018-11-21 11:30:00,96.26,46.41475716620683
2018-11-21 11:45:00,83.95,41.9007664090395
2018-11-21 12:00:00,109.33000000000001,37.760673263520005
2018-11-21 12:15:00,7.599999999999999,37.344316324740646
2018-11-21 12:30:00,6.66,32.26615475252271
2018-11-21 12:45:00,6.730000000000001,30.63513187393546
2018-11-21 13:00:00,6.66,32.40706609711051
2018-11-21 13:15:00,47.3,32.241982418894764
2018-11-21 13:30:00,74.52,36.88184670194983
2018-11-21 13:45:00,109.19,48.10438195496798
2018-11-21 14:00:00,79.38,62.292879385054114
2018-11-21 14:15:00,94.0,69.797161834836
2018-11-21 14:30:00,85.14,76.59342955946923
2018-11-21 14:45:00,91.76,81.75757413208486
2018-11-21 15:00:00,127.33,85.68996035397053
2018-11-21 15:15:00,94.82,92.18835487008096
2018-11-21 15:30:00,122.98,91.89899643063546
2018-11-21 15:45:00,86.51,93.28023029506207
2018-11-21 16:00:00,79.16,89.01024425745011
2018-11-21 16:15:00,70.6,82.40503789126873
2018-11-21 16:30:00,103.9,74.70648757189512
2018-11-21 16:45:00,106.13,71.25664984017611
2018-11-21 17:00:00,103.54,68.93281397342682
2018-11-21 17:15:00,126.22,66.38627827346325
2018-11-21 17:30:00,115.48999999999998,67.23443639725447
2018-11-21 17:45:00,44.6,66.29122812181711
2018-11-21 18:00:00,33.77,61.37579923540354
2018-11-21 18:15:00,74.27,57.86067262560129
2018-11-21 18:30:00,127.4,59.47344892889261
2018-11-21 18:45:00,106.52000000000001,66.24019339829684
2018-11-21 19:00:00,119.59,67.79587224692106
2018-11-21 19:15:00,83.38,69.25548599779606
2018-11-21 19:30:00,93.53,63.07208853751421
2018-11-21 19:45:00,99.32,56.6246344357729
2018-11-21 20:00:00,119.45000000000002,52.684267863333226
2018-11-21 20:15:00,95.65,50.79780191242695
2018-11-21 20:30:00,98.6,45.09214766651392
2018-11-21 20:45:00,86.83,39.369591873437166
2018-11-21 21:00:00,47.63,33.21272223010659
2018-11-21 21:15:00,24.73,23.234499672204254
2018-11-21 21:30:00,5.4,14.947459126785397
2018-11-21 21:45:00,5.359999999999999,7.513168662637471
2018-11-21 22:00:00,4.1,1.8092581536341459
2018-11-21 22:15:00,3.89,-2.6075016931071877
2018-11-21 22:30:00,3.85,-2.9968777941912412
2018-11-21 22:45:00,3.89,-2.4827278792858123
2018-11-21 23:00:00,3.92,-1.8971292391791938
2018-11-21 23:15:00,3.74,-1.5255166596733034
2018-11-21 23:30:00,3.71,-1.2431109939888119
2018-11-21 23:45:00,3.71,-1.1234641175344586
2018-11-22 00:00:00,3.78,-1.1258448622375725
2018-11-22 00:15:00,3.8200000000000003,-0.9850951904803514
2018-11-22 00:30:00,3.71,-1.0163553059101105
2018-11-22 00:45:00,3.74,-0.5617231665365398
2018-11-22 01:00:00,3.74,2.1932093383255413
2018-11-22 01:15:00,3.85,4.607020520949736
2018-11-22 01:30:00,3.8200000000000003,6.858759988788515
2018-11-22 01:45:00,3.74,7.094504798520356
2018-11-22 02:00:00,4.68,6.3120880121923975
2018-11-22 02:15:00,4.32,4.779613846009597
2018-11-22 02:30:00,3.71,2.999211061031092
2018-11-22 02:45:00,3.4599999999999995,0.499226294932887
2018-11-22 03:00:00,3.17,-1.103338376265019
2018-11-22 03:15:00,3.2,-0.027162337452173183
2018-11-22 03:30:00,3.17,1.0879765728488564
2018-11-22 03:45:00,3.2,2.2644128176313827
2018-11-22 04:00:00,3.2,3.5545877933315935
2018-11-22 04:15:00,3.24,4.960420628022402
2018-11-22 04:30:00,3.2,6.184214346390217
2018-11-22 04:45:00,3.2,6.931768183168024
2018-11-22 05:00:00,3.42,7.075368741974234
2018-11-22 05:15:00,3.78,6.644829503223299
2018-11-22 05:30:00,4.39,5.7683763886243105
2018-11-22 05:45:00,3.49,4.681760663595051
2018-11-22 06:00:00,3.1,3.261621046466753
2018-11-22 06:15:00,3.17,3.438640305604786
2018-11-22 06:30:00,3.13,5.146815648265182
2018-11-22 06:45:00,3.17,8.343012847453355
2018-11-22 07:00:00,3.1,13.297041122168302
2018-11-22 07:15:00,3.06,19.414801658689974
2018-11-22 07:30:00,3.17,26.325479856431485
2018-11-22 07:45:00,4.79,32.71230215579271
2018-11-22 08:00:00,6.3,38.5055381667614
2018-11-22 08:15:00,41.51,43.569261457026
2018-11-22 08:30:00,101.47999999999999,56.71745260417461
2018-11-22 08:45:00,120.67,75.05775772362948
2018-11-22 09:00:00,124.49000000000001,85.92302072107793
2018-11-22 09:15:00,139.61,91.47985063552858
2018-11-22 09:30:00,120.81999999999998,95.62646233975889
2018-11-22 09:45:00,157.18,96.23787305772305
2018-11-22 10:00:00,136.4,99.38062222957612
2018-11-22 10:15:00,139.57,97.83861371695996
2018-11-22 10:30:00,103.5,95.0103002369404
2018-11-22 10:45:00,113.87,87.96078100502491
2018-11-22 11:00:00,133.13,80.5884640032053
2018-11-22 11:15:00,134.6,73.80526034146547
2018-11-22 11:30:00,96.62,66.7632993143797
2018-11-22 11:45:00,70.63,58.60853970348835
2018-11-22 12:00:00,55.69,51.400940370559695
2018-11-22 12:15:00,5.22,45.84808940410614
2018-11-22 12:30:00,6.44,42.567765635252
2018-11-22 12:45:00,6.62,44.357443451583386
2018-11-22 13:00:00,6.55,46.74417004942894
2018-11-22 13:15:00,41.87,45.541939444839954
2018-11-22 13:30:00,75.34999999999998,50.822901619374754
2018-11-22 13:45:00,93.67,62.91452938228846
2018-11-22 14:00:00,83.63,75.86357552945614
2018-11-22 14:15:00,87.77,83.59503974258901
2018-11-22 14:30:00,89.06,88.40498608887196
2018-11-22 14:45:00,85.54,91.7595176869631
2018-11-22 15:00:00,70.52,93.12074902951719
2018-11-22 15:15:00,79.34,91.15658581078053
2018-11-22 15:30:00,80.24,89.13540597379209
2018-11-22 15:45:00,80.57,86.23658517599107
2018-11-22 16:00:00,79.6,82.62724821507932
2018-11-22 16:15:00,81.07,78.03747331857682
2018-11-22 16:30:00,97.96,73.13874164283276
2018-11-22 16:45:00,95.04000000000002,70.36456161558628
2018-11-22 17:00:00,84.67,67.06320241510868
2018-11-22 17:15:00,58.07,62.58720926403999
2018-11-22 17:30:00,46.12,57.83014340609312
2018-11-22 17:45:00,32.94,55.761220684051516
2018-11-22 18:00:00,32.87,54.64175758689642
2018-11-22 18:15:00,45.67999999999999,54.46649974763393
2018-11-22 18:30:00,70.16,55.056884015798566
2018-11-22 18:45:00,67.79,57.40152178674936
2018-11-22 19:00:00,82.37,57.68903446137905
2018-11-22 19:15:00,67.21,58.58698781698942
2018-11-22 19:30:00,71.71,55.48976301968098
2018-11-22 19:45:00,75.53,51.92136970311403
2018-11-22 20:00:00,71.78,48.2893356731534
2018-11-22 20:15:00,72.86,45.20208070039749
2018-11-22 20:30:00,74.88,41.75746140837669
2018-11-22 20:45:00,68.98,37.99095375612378
2018-11-22 21:00:00,43.6,32.265564197599886
2018-11-22 21:15:00,18.65,22.784079166203735
2018-11-22 21:30:00,4.97,12.310886255651711
2018-11-22 21:45:00,4.07,4.906606591362506
2018-11-22 22:00:00,4.07,-0.4033629448898136
2018-11-22 22:15:00,3.74,-3.054919463098049
2018-11-22 22:30:00,3.8200000000000003,-2.6733990897610784
2018-11-22 22:45:00,3.78,-1.9938848146423698
2018-11-22 23:00:00,3.74,-1.032220294456929
2018-11-22 23:15:00,3.71,0.21494707691483206
2018-11-22 23:30:00,3.67,0.7477000332530589
2018-11-22 23:45:00,3.74,0.8979064428713173
2018-11-23 00:00:00,3.5299999999999994,0.8505948257073761
2018-11-23 00:15:00,3.78,0.6514043552428485
2018-11-23 00:30:00,4.64,0.3790320885833353
2018-11-23 00:45:00,4.18,0.05041564052924519
2018-11-23 01:00:00,3.67,-0.36362230358645314
2018-11-23 01:15:00,3.67,0.34779246293939653
2018-11-23 01:30:00,3.6,1.8256337027344853
2018-11-23 01:45:00,3.64,2.564555234848522
2018-11-23 02:00:00,3.67,2.6128330647037363
2018-11-23 02:15:00,3.2,1.8600756292883307
2018-11-23 02:30:00,3.06,0.18503872598521418
2018-11-23 02:45:00,3.02,-1.5500479855760931
2018-11-23 03:00:00,3.02,-3.7352381728217003
2018-11-23 03:15:00,3.06,-5.972462311498822
2018-11-23 03:30:00,3.02,-5.636161492057145
2018-11-23 03:45:00,3.2,-4.680312422178686
2018-11-23 04:00:00,3.67,-3.2750027787312863
2018-11-23 04:15:00,3.42,-1.9218118526786565
2018-11-23 04:30:00,3.06,-0.8809907989576459
2018-11-23 04:45:00,3.56,-0.22218552229925986
2018-11-23 05:00:00,3.56,0.1727193124312908
2018-11-23 05:15:00,2.95,0.1656935613509268
2018-11-23 05:30:00,2.99,-0.2842914665304124
2018-11-23 05:45:00,2.99,-0.6759382849745452
2018-11-23 06:00:00,2.95,-1.2829925376549363
2018-11-23 06:15:00,2.99,-1.506689914688468
2018-11-23 06:30:00,2.92,-0.44457632463425395
2018-11-23 06:45:00,2.92,2.375644391691312
2018-11-23 07:00:00,2.99,6.068674128241836
2018-11-23 07:15:00,3.02,11.030372319221495
2018-11-23 07:30:00,3.5299999999999994,16.574775880277155
2018-11-23 07:45:00,6.12,22.295598181337116
2018-11-23 08:00:00,6.59,28.08919571071863
2018-11-23 08:15:00,42.23,32.88978748738766
2018-11-23 08:30:00,82.39999999999999,47.00681205362081
2018-11-23 08:45:00,90.9,63.25013972401619
2018-11-23 09:00:00,99.25,70.81620364964009
2018-11-23 09:15:00,93.06000000000002,75.47342755287886
2018-11-23 09:30:00,73.69,79.00502233684064
2018-11-23 09:45:00,63.35999999999999,79.70422140181066
2018-11-23 10:00:00,75.67000000000002,79.02982115268708
2018-11-23 10:15:00,70.96,77.10617494165898
2018-11-23 10:30:00,100.69,73.34403021037579
2018-11-23 10:45:00,83.66,71.79334974676371
2018-11-23 11:00:00,65.77,65.9111712244153
2018-11-23 11:15:00,73.66,57.418012415468695
2018-11-23 11:30:00,67.03,49.157464882433416
2018-11-23 11:45:00,66.89,41.359858517944815
2018-11-23 12:00:00,66.42,36.82905603185296
2018-11-23 12:15:00,24.8,35.762641832232475
2018-11-23 12:30:00,10.119999999999997,36.23866502732039
2018-11-23 12:45:00,6.52,38.42101471275091
2018-11-23 13:00:00,6.7,40.919654836654665
2018-11-23 13:15:00,57.17,41.842398026287555
2018-11-23 13:30:00,80.35,50.66899357557297
2018-11-23 13:45:00,92.52,63.799571366012096
2018-11-23 14:00:00,85.9,75.39884697794915
2018-11-23 14:15:00,80.64,81.91300459504129
2018-11-23 14:30:00,87.95,84.4055954605341
2018-11-23 14:45:00,72.54,86.65528187990189
2018-11-23 15:00:00,74.3,85.60634855508805
2018-11-23 15:15:00,78.23,83.53169992029667
2018-11-23 15:30:00,110.48000000000002,81.20728472590447
2018-11-23 15:45:00,80.32,81.83273403465749
2018-11-23 16:00:00,89.38999999999999,77.74553709566594
2018-11-23 16:15:00,86.03999999999999,73.85510946422815
2018-11-23 16:30:00,76.0,68.92493691384793
2018-11-23 16:45:00,104.28999999999999,62.58089055091143
2018-11-23 17:00:00,86.11,59.89069057732821
2018-11-23 17:15:00,86.98,55.21618115395307
2018-11-23 17:30:00,52.699999999999996,54.61361753255129
2018-11-23 17:45:00,34.13,52.923413416147234
2018-11-23 18:00:00,34.27,51.097772376835344
2018-11-23 18:15:00,54.61,49.925136882066724
2018-11-23 18:30:00,63.9,49.83614497065544
2018-11-23 18:45:00,56.02,49.60140051156282
2018-11-23 19:00:00,68.8,47.18014778256416
2018-11-23 19:15:00,65.23,46.23277643173933
2018-11-23 19:30:00,69.48,44.127885995805265
2018-11-23 19:45:00,66.17,41.740220797359946
2018-11-23 20:00:00,72.94,38.490278047919276
2018-11-23 20:15:00,59.580000000000005,37.080708774477245
2018-11-23 20:30:00,53.39,33.473462333083155
2018-11-23 20:45:00,45.67999999999999,28.23918543383479
2018-11-23 21:00:00,23.36,22.269113028049468
2018-11-23 21:15:00,7.519999999999999,14.846571912318467
2018-11-23 21:30:00,5.290000000000001,7.7848952203616495
2018-11-23 21:45:00,5.22,2.5261035203631037
2018-11-23 22:00:00,5.26,-0.8954636047966777
2018-11-23 22:15:00,4.93,-1.690359512735158
2018-11-23 22:30:00,4.86,-1.4350534132309258
2018-11-23 22:45:00,4.86,-0.9463624782301485
2018-11-23 23:00:00,4.75,-0.43238321797922247
2018-11-23 23:15:00,4.68,-0.0399768740497529
2018-11-23 23:30:00,4.61,0.15112111340276901
2018-11-23 23:45:00,3.92,-0.1291778935492038
2018-11-24 00:00:00,3.02,-1.0327743607200681
2018-11-24 00:15:00,3.49,-0.7963674221560358
2018-11-24 00:30:00,3.56,-0.8880611784756183
2018-11-24 00:45:00,3.56,-0.2900041872262954
2018-11-24 01:00:00,3.56,0.6806966091878712
2018-11-24 01:15:00,3.6,2.0834245045366697
2018-11-24 01:30:00,3.56,3.2961701935436576
2018-11-24 01:45:00,3.49,4.159895221600309
2018-11-24 02:00:00,3.56,4.841897882968187
2018-11-24 02:15:00,3.6,5.158081942964345
2018-11-24 02:30:00,3.6,5.079128061830997
2018-11-24 02:45:00,3.56,4.549010990131647
2018-11-24 03:00:00,3.56,5.250460001993924
2018-11-24 03:15:00,3.64,6.00750903006643
2018-11-24 03:30:00,3.56,6.788018020857125
2018-11-24 03:45:00,3.89,7.539338890723884
2018-11-24 04:00:00,4.79,8.214825379177928
2018-11-24 04:15:00,4.25,8.856156236715615
2018-11-24 04:30:00,3.64,9.128774240463972
2018-11-24 04:45:00,3.6,9.10297675807029
2018-11-24 05:00:00,3.13,8.896769237667321
2018-11-24 05:15:00,3.02,8.439146992973983
2018-11-24 05:30:00,3.02,7.88802901353687
2018-11-24 05:45:00,3.1,7.350209747143089
2018-11-24 06:00:00,3.02,7.526497127972543
2018-11-24 06:15:00,3.06,7.999967800974845
2018-11-24 06:30:00,3.02,8.88377141572535
2018-11-24 06:45:00,3.02,10.36909002393484
2018-11-24 07:00:00,3.1,12.316856923103332
2018-11-24 07:15:00,3.64,14.488370037972926
2018-11-24 07:30:00,3.71,16.942584938034415
2018-11-24 07:45:00,3.5299999999999994,19.48833921931684
2018-11-24 08:00:00,3.35,21.818631894737482
2018-11-24 08:15:00,3.92,23.452686138898134
2018-11-24 08:30:00,3.13,24.008858639746904
2018-11-24 08:45:00,3.2,23.7789913110435
2018-11-24 09:00:00,3.24,23.37714450880885
2018-11-24 09:15:00,3.38,22.974055969417094
2018-11-24 09:30:00,3.42,22.78807607784867
2018-11-24 09:45:00,3.38,22.796368546783924
2018-11-24 10:00:00,3.4599999999999995,22.910163764953612
2018-11-24 10:15:00,3.42,23.290586671680213
2018-11-24 10:30:00,3.74,23.99182011976838
2018-11-24 10:45:00,3.85,23.107478718310595
2018-11-24 11:00:00,3.92,21.623225578963755
2018-11-24 11:15:00,3.78,19.605571107864378
2018-11-24 11:30:00,3.24,17.07133489303291
2018-11-24 11:45:00,3.28,14.05452324256301
2018-11-24 12:00:00,3.78,10.819256793409586
2018-11-24 12:15:00,4.18,7.7316447931528085
2018-11-24 12:30:00,3.4599999999999995,5.53306803939864
2018-11-24 12:45:00,3.35,5.151570962667464
2018-11-24 13:00:00,3.4599999999999995,5.466921116448939
2018-11-24 13:15:00,3.89,6.010890406090765
2018-11-24 13:30:00,5.72,6.642776595093309
2018-11-24 13:45:00,5.83,7.697664307802915
2018-11-24 14:00:00,5.26,8.473645055927335
2018-11-24 14:15:00,4.57,8.728631177954375
2018-11-24 14:30:00,4.57,8.48700495764613
2018-11-24 14:45:00,4.64,7.889765312373638
2018-11-24 15:00:00,4.61,7.233260786049067
2018-11-24 15:15:00,4.57,6.413876215871423
2018-11-24 15:30:00,4.54,5.510935983210802
2018-11-24 15:45:00,5.33,4.602052730275318
2018-11-24 16:00:00,5.44,4.211735783135518
2018-11-24 16:15:00,4.61,3.784593357918784
2018-11-24 16:30:00,4.61,3.356321047320962
2018-11-24 16:45:00,5.69,3.2290370943956077
2018-11-24 17:00:00,5.83,3.0887777039175854
2018-11-24 17:15:00,5.9,2.981578091667034
2018-11-24 17:30:00,4.79,2.889443243588321
2018-11-24 17:45:00,3.85,2.8863998437742704
2018-11-24 18:00:00,3.67,2.9128232119372117
2018-11-24 18:15:00,3.6,2.9297573532979007
2018-11-24 18:30:00,3.71,2.947892287329305
2018-11-24 18:45:00,3.71,2.995203027362004
2018-11-24 19:00:00,3.74,3.058400263199583
2018-11-24 19:15:00,3.67,3.1808990792604166
2018-11-24 19:30:00,4.14,3.2857748550828547
2018-11-24 19:45:00,3.9599999999999995,3.3670182592701168
2018-11-24 20:00:00,3.2,3.3978791045583785
2018-11-24 20:15:00,3.1,3.1513027063710615
2018-11-24 20:30:00,3.06,2.8465073885954917
2018-11-24 20:45:00,3.06,2.520942690644879
2018-11-24 21:00:00,3.2,2.277599468387198
2018-11-24 21:15:00,3.06,2.0854317316715605
2018-11-24 21:30:00,3.1,1.8598190859425814
2018-11-24 21:45:00,3.06,1.6383072392828764
2018-11-24 22:00:00,3.06,1.4282559192646296
2018-11-24 22:15:00,3.5299999999999994,1.2347898177988827
2018-11-24 22:30:00,3.4599999999999995,1.1082245511282236
2018-11-24 22:45:00,3.38,0.9980817074514926
2018-11-24 23:00:00,2.92,0.9057943087071181
2018-11-24 23:15:00,2.84,0.821140618249774
2018-11-24 23:30:00,2.84,0.7571121426764876
2018-11-24 23:45:00,2.77,0.7233041364140809
2018-11-25 00:00:00,2.88,0.7126184324268252
2018-11-25 00:15:00,3.38,0.6140385643206537
2018-11-25 00:30:00,3.28,0.6905641251523048
2018-11-25 00:45:00,2.88,0.8435634609870614
2018-11-25 01:00:00,2.77,1.018784250225872
2018-11-25 01:15:00,2.77,1.214527805419639
2018-11-25 01:30:00,3.31,1.419404051108286
2018-11-25 01:45:00,3.4599999999999995,1.6423997231479734
2018-11-25 02:00:00,3.4599999999999995,1.878638498110231
2018-11-25 02:15:00,3.2,2.0977627233578824
2018-11-25 02:30:00,2.84,2.2914239689824174
2018-11-25 02:45:00,2.84,2.452922390787862
2018-11-25 03:00:00,2.88,2.5954335175058807
2018-11-25 03:15:00,2.92,2.711504680737853
2018-11-25 03:30:00,2.84,2.798165247477591
2018-11-25 03:45:00,2.92,3.180593556906097
2018-11-25 04:00:00,2.92,3.639002483068034
2018-11-25 04:15:00,2.88,4.039691472062841
2018-11-25 04:30:00,2.88,4.374355494435877
2018-11-25 04:45:00,2.84,4.729589296998456
2018-11-25 05:00:00,2.88,5.052909837123006
2018-11-25 05:15:00,2.88,5.4101318506151435
2018-11-25 05:30:00,4.18,5.812376098558306
2018-11-25 05:45:00,4.28,6.442960765138268
2018-11-25 06:00:00,3.5299999999999994,7.002070603091269
2018-11-25 06:15:00,3.13,7.3316577898338435
2018-11-25 06:30:00,2.88,7.612618785277008
2018-11-25 06:45:00,2.84,7.925392278321087
2018-11-25 07:00:00,2.81,8.345582210458815
2018-11-25 07:15:00,2.95,8.914995603859424
2018-11-25 07:30:00,2.84,9.510025159083307
2018-11-25 07:45:00,2.88,10.080647730529307
2018-11-25 08:00:00,2.92,10.79850821878761
2018-11-25 08:15:00,2.88,11.696823654174803
2018-11-25 08:30:00,2.92,12.735918513610958
2018-11-25 08:45:00,2.92,13.91833633735776
2018-11-25 09:00:00,3.4599999999999995,14.284287280291318
2018-11-25 09:15:00,4.93,13.811148373410106
2018-11-25 09:30:00,4.32,13.428424997031689
2018-11-25 09:45:00,3.49,12.969186585396528
2018-11-25 10:00:00,2.88,12.574511769562958
2018-11-25 10:15:00,2.95,11.71917492300272
2018-11-25 10:30:00,3.56,10.564291441850363
2018-11-25 10:45:00,2.95,9.193490527272225
2018-11-25 11:00:00,2.99,7.34603768993169
2018-11-25 11:15:00,2.95,5.1489025189168744
2018-11-25 11:30:00,2.95,3.0198610110161828
2018-11-25 11:45:00,2.99,0.740863602180034
2018-11-25 12:00:00,2.99,-1.5743042431212961
2018-11-25 12:15:00,3.1,-3.627310892492533
2018-11-25 12:30:00,3.02,-5.053691333495081
2018-11-25 12:45:00,3.17,-5.513434411361814
2018-11-25 13:00:00,3.71,-4.635037293247879
2018-11-25 13:15:00,3.67,-3.043744951412082
2018-11-25 13:30:00,3.64,-1.0344550845213234
2018-11-25 13:45:00,3.2,1.145773206371814
2018-11-25 14:00:00,3.67,3.2173062008200213
2018-11-25 14:15:00,3.1,5.145639310013502
2018-11-25 14:30:00,2.95,6.6889325041323895
2018-11-25 14:45:00,3.06,7.68273820053786
2018-11-25 15:00:00,2.99,9.273144709989428
2018-11-25 15:15:00,2.99,10.76697359636426
2018-11-25 15:30:00,2.95,11.832828116081654
2018-11-25 15:45:00,2.95,12.512685384601355
2018-11-25 16:00:00,2.95,13.613932220116258
2018-11-25 16:15:00,3.35,14.081783078163863
2018-11-25 16:30:00,3.56,14.04736472889781
2018-11-25 16:45:00,3.6,13.733731787577272
2018-11-25 17:00:00,3.42,13.072989524453877
2018-11-25 17:15:00,2.95,12.204526864960789
2018-11-25 17:30:00,2.92,11.802017653211951
2018-11-25 17:45:00,2.99,12.669969471469521
2018-11-25 18:00:00,3.17,13.179958556443452
2018-11-25 18:15:00,3.4599999999999995,13.33195010356605
2018-11-25 18:30:00,3.02,13.67776491999626
2018-11-25 18:45:00,3.02,15.04277424223721
2018-11-25 19:00:00,2.99,16.214549727365373
2018-11-25 19:15:00,3.02,16.986983216404916
2018-11-25 19:30:00,2.99,16.52150019168854
2018-11-25 19:45:00,3.02,15.798082761242986
2018-11-25 20:00:00,3.1,15.631720295846462
2018-11-25 20:15:00,3.6,16.782298676520586
2018-11-25 20:30:00,3.6,17.301672644764185
2018-11-25 20:45:00,3.6,17.44580172777176
2018-11-25 21:00:00,3.38,17.063561124429107
2018-11-25 21:15:00,2.99,16.086274686306716
2018-11-25 21:30:00,2.95,14.428647645264864
2018-11-25 21:45:00,2.92,12.04550030425191
2018-11-25 22:00:00,3.13,9.076984482370316
2018-11-25 22:15:00,3.4599999999999995,6.210789037235081
2018-11-25 22:30:00,2.92,3.8860104999970644
2018-11-25 22:45:00,2.74,1.3773153645545244
2018-11-25 23:00:00,2.77,0.1092152911704034
2018-11-25 23:15:00,2.84,0.5788431469444186
2018-11-25 23:30:00,2.88,0.8546578379627318
2018-11-25 23:45:00,2.88,1.182557283854112
2018-11-26 00:00:00,4.68,1.497412595273927
2018-11-26 00:15:00,3.2,1.2276703189313412
2018-11-26 00:30:00,3.5299999999999994,1.0130770028289409
2018-11-26 00:45:00,3.4599999999999995,0.6908081781491637
2018-11-26 01:00:00,3.49,0.24592342284508054
2018-11-26 01:15:00,2.92,-0.12143415791913861
2018-11-26 01:30:00,2.92,2.637407755975146
2018-11-26 01:45:00,3.06,5.081797066945582
2018-11-26 02:00:00,3.56,5.81990230564028
2018-11-26 02:15:00,3.13,5.413905900754034
2018-11-26 02:30:00,2.92,3.749179429607466
2018-11-26 02:45:00,2.92,1.1552382243517787
2018-11-26 03:00:00,2.88,-1.2303685926645993
2018-11-26 03:15:00,2.95,-3.9881517389789223
2018-11-26 03:30:00,2.95,-4.560425843298435
2018-11-26 03:45:00,3.31,-3.4855468359962107
2018-11-26 04:00:00,3.49,-2.15966626830399
2018-11-26 04:15:00,3.4599999999999995,-0.7745460809394716
2018-11-26 04:30:00,3.24,0.5199678525049239
2018-11-26 04:45:00,2.88,1.541739580417052
2018-11-26 05:00:00,2.95,2.0905005678650923
2018-11-26 05:15:00,2.84,2.2142018957738765
2018-11-26 05:30:00,2.88,1.9134152081166396
2018-11-26 05:45:00,2.84,1.3263416893687099
2018-11-26 06:00:00,3.17,0.5838837745971979
2018-11-26 06:15:00,3.38,0.027328704185783915
2018-11-26 06:30:00,2.88,0.5932513959240169
2018-11-26 06:45:00,2.88,2.482259308255743
2018-11-26 07:00:00,2.99,5.162607098128646
2018-11-26 07:15:00,3.35,9.067699521891772
2018-11-26 07:30:00,3.5299999999999994,14.039034087210894
2018-11-26 07:45:00,5.22,19.174958891794084
2018-11-26 08:00:00,5.58,24.386187308132648
2018-11-26 08:15:00,45.36,29.037310307472943
2018-11-26 08:30:00,88.92,45.310769751667976
2018-11-26 08:45:00,88.99,65.91654235512019
2018-11-26 09:00:00,90.61,73.07207854568958
2018-11-26 09:15:00,93.31,77.93055368661881
2018-11-26 09:30:00,92.19999999999999,82.24605062603952
2018-11-26 09:45:00,94.43,84.0079611337185
2018-11-26 10:00:00,85.43,84.72636333823205
2018-11-26 10:15:00,64.55,82.47212313413621
2018-11-26 10:30:00,70.06,76.69117874920369
2018-11-26 10:45:00,73.12,70.39691414535045
2018-11-26 11:00:00,80.75,63.17716240465641
2018-11-26 11:15:00,82.66000000000001,55.759873410463335
2018-11-26 11:30:00,79.13,48.684194616377354
2018-11-26 11:45:00,84.74,43.0497168341279
2018-11-26 12:00:00,61.34,40.577968291044236
2018-11-26 12:15:00,7.239999999999999,38.16794957831502
2018-11-26 12:30:00,6.84,34.11934978216887
2018-11-26 12:45:00,6.3,32.946768178343774
2018-11-26 13:00:00,6.01,35.38762373805046
2018-11-26 13:15:00,56.52,36.490133642554284
2018-11-26 13:30:00,93.17,44.8540978962183
2018-11-26 13:45:00,82.58,59.278628677129745
2018-11-26 14:00:00,90.65,68.62518201321363
2018-11-26 14:15:00,77.51,76.4964752611518
2018-11-26 14:30:00,88.63,80.83294925034048
2018-11-26 14:45:00,69.05,85.48312691271306
2018-11-26 15:00:00,71.6,86.07295430779457
2018-11-26 15:15:00,67.97,85.71466036975384
2018-11-26 15:30:00,64.51,83.7553742814064
2018-11-26 15:45:00,70.96,80.63593294262887
2018-11-26 16:00:00,65.34,77.47676499664784
2018-11-26 16:15:00,64.22,72.89959159910678
2018-11-26 16:30:00,61.45,67.7844338941574
2018-11-26 16:45:00,51.52,62.536843686401845
2018-11-26 17:00:00,65.34,57.0324361872673
2018-11-26 17:15:00,74.05,55.11226145118475
2018-11-26 17:30:00,50.65,55.786356318295
2018-11-26 17:45:00,32.58,55.09273496598005
2018-11-26 18:00:00,32.72,54.1152161231637
2018-11-26 18:15:00,43.16,53.63799834549427
2018-11-26 18:30:00,61.88,54.178600854575635
2018-11-26 18:45:00,71.03,56.1034820663929
2018-11-26 19:00:00,58.43,57.90438716262579
2018-11-26 19:15:00,59.33,57.07580492407084
2018-11-26 19:30:00,60.05,54.608673038482664
2018-11-26 19:45:00,66.17,51.54184722423553
2018-11-26 20:00:00,78.98,49.50652550548315
2018-11-26 20:15:00,58.18000000000001,50.96452252805233
2018-11-26 20:30:00,51.77,47.67795639157295
2018-11-26 20:45:00,43.6,42.85314063578844
2018-11-26 21:00:00,40.64000000000001,36.221489534527066
2018-11-26 21:15:00,16.09,31.070900779664516
2018-11-26 21:30:00,6.23,23.58498615980148
2018-11-26 21:45:00,5.26,16.072871559560298
2018-11-26 22:00:00,5.11,9.732905751504003
2018-11-26 22:15:00,4.79,5.329371219463646
2018-11-26 22:30:00,4.72,2.8673027669405564
2018-11-26 22:45:00,4.75,1.0042456244584173
2018-11-26 23:00:00,4.72,0.6915264433808626
2018-11-26 23:15:00,4.82,1.0133703155163676
2018-11-26 23:30:00,4.64,1.1728580367472023
2018-11-26 23:45:00,4.64,1.0541609881725162
2018-11-27 00:00:00,23.65,0.6761366494558753
2018-11-27 00:15:00,4.72,1.72643872003071
2018-11-27 00:30:00,4.79,0.933703081086278
2018-11-27 00:45:00,4.72,0.4952829935494811
2018-11-27 01:00:00,4.75,1.8033420788310468
2018-11-27 01:15:00,5.62,3.5823354542441668
2018-11-27 01:30:00,5.940000000000001,5.47666807949543
2018-11-27 01:45:00,4.72,6.936280146278441
2018-11-27 02:00:00,4.68,7.10382512493059
2018-11-27 02:15:00,4.72,6.094816568810493
2018-11-27 02:30:00,4.72,4.203659018315375
2018-11-27 02:45:00,4.72,2.207796872931067
2018-11-27 03:00:00,4.72,-0.12897243432700628
2018-11-27 03:15:00,4.18,-1.8055196874588728
2018-11-27 03:30:00,3.71,-2.272794024683535
2018-11-27 03:45:00,3.71,-1.4498548976890742
2018-11-27 04:00:00,3.74,-0.32622928651049726
2018-11-27 04:15:00,3.78,0.9401222783699632
2018-11-27 04:30:00,3.74,2.0866931165684948
2018-11-27 04:45:00,3.71,2.9497725760308096
2018-11-27 05:00:00,3.71,3.326728463638574
2018-11-27 05:15:00,3.74,3.1758603462111203
2018-11-27 05:30:00,3.78,2.5424308272451164
2018-11-27 05:45:00,3.92,1.8365273920819163
2018-11-27 06:00:00,5.9,1.1536101284250617
2018-11-27 06:15:00,5.62,1.2135228235274553
2018-11-27 06:30:00,4.64,2.6556518753035925
2018-11-27 06:45:00,3.8200000000000003,5.440725907664746
2018-11-27 07:00:00,3.71,8.701189460419117
2018-11-27 07:15:00,3.71,12.848942417651415
2018-11-27 07:30:00,3.78,17.40639509804547
2018-11-27 07:45:00,5.11,22.042699210643768
2018-11-27 08:00:00,6.88,26.77773939087987
2018-11-27 08:15:00,49.60999999999999,31.53524760365486
2018-11-27 08:30:00,72.36,48.754001351892946
2018-11-27 08:45:00,73.62,63.70937589019537
2018-11-27 09:00:00,111.64,70.17400773018599
2018-11-27 09:15:00,81.54,80.14965699553491
2018-11-27 09:30:00,103.1,82.34785061836243
2018-11-27 09:45:00,126.43,85.97620210051538
2018-11-27 10:00:00,104.44,89.85381716012955
2018-11-27 10:15:00,129.2,88.30701235353948
2018-11-27 10:30:00,131.8,87.97852908909321
2018-11-27 10:45:00,133.42,85.06186140716076
2018-11-27 11:00:00,151.67,79.99809769868851
2018-11-27 11:15:00,126.11,74.3402132833004
2018-11-27 11:30:00,145.01,65.3519359216094
2018-11-27 11:45:00,123.8,58.68293166011572
2018-11-27 12:00:00,108.61,52.74938159584999
2018-11-27 12:15:00,7.81,48.55854788154364
2018-11-27 12:30:00,5.51,42.97741315156221
2018-11-27 12:45:00,5.76,41.9391457426548
2018-11-27 13:00:00,6.34,43.76683014690876
2018-11-27 13:15:00,71.06,44.054832330942155
2018-11-27 13:30:00,121.25,55.39544937759638
2018-11-27 13:45:00,132.59,72.05521033227444
2018-11-27 14:00:00,126.68,85.75866232514382
2018-11-27 14:15:00,93.46,94.81965204238892
2018-11-27 14:30:00,77.36,97.57231161952019
2018-11-27 14:45:00,76.72,98.34565564095975
2018-11-27 15:00:00,107.42,97.85963118493558
2018-11-27 15:15:00,81.58,99.41239992260934
2018-11-27 15:30:00,79.38,96.87207066297532
2018-11-27 15:45:00,57.85,93.15621825218201
2018-11-27 16:00:00,59.08,85.93440967381001
2018-11-27 16:15:00,59.26,78.51912362635136
2018-11-27 16:30:00,53.46,71.40988873809576
2018-11-27 16:45:00,59.4,64.2692803388834
2018-11-27 17:00:00,47.48,59.54671366661787
2018-11-27 17:15:00,62.78,54.59520030260086
2018-11-27 17:30:00,50.15,53.6534291189909
2018-11-27 17:45:00,34.13,54.24194965869188
2018-11-27 18:00:00,31.93,52.939468426406386
2018-11-27 18:15:00,36.76,51.83346010148525
2018-11-27 18:30:00,56.84,51.444933344125744
2018-11-27 18:45:00,48.17,52.87455678492785
2018-11-27 19:00:00,61.16,51.951386958658695
2018-11-27 19:15:00,41.98,52.0379717412591
2018-11-27 19:30:00,43.38,47.953033730983734
2018-11-27 19:45:00,47.48,43.96210847169161
2018-11-27 20:00:00,48.46,41.34171074271202
2018-11-27 20:15:00,49.60999999999999,39.088568566590546
2018-11-27 20:30:00,49.21,38.128377907574176
2018-11-27 20:45:00,35.5,37.028618686646226
2018-11-27 21:00:00,29.99,32.67255758494139
2018-11-27 21:15:00,25.96,27.20997843980789
2018-11-27 21:30:00,25.020000000000003,22.599574539214373
2018-11-27 21:45:00,25.13,19.127449534162878
2018-11-27 22:00:00,25.2,16.7301816432178
2018-11-27 22:15:00,24.88,15.107756615579127
2018-11-27 22:30:00,24.77,15.162553600594402
2018-11-27 22:45:00,24.88,15.078060460239648
2018-11-27 23:00:00,23.65,14.70764442808926
2018-11-27 23:15:00,23.620000000000005,13.530507916808128
2018-11-27 23:30:00,23.58,12.054144187048077
2018-11-27 23:45:00,23.539999999999996,10.600792451538146
2018-11-28 00:00:00,3.92,9.766222704611717
2018-11-28 00:15:00,23.51,6.613804037943482
2018-11-28 00:30:00,23.65,8.068404246978462
2018-11-28 00:45:00,23.65,9.973753359951079
2018-11-28 01:00:00,23.65,11.898889992386103
2018-11-28 01:15:00,23.58,13.88766677685082
2018-11-28 01:30:00,23.65,15.804748397320509
2018-11-28 01:45:00,23.620000000000005,17.425785733163355
2018-11-28 02:00:00,23.65,18.3743640165776
2018-11-28 02:15:00,23.58,18.375488990023733
2018-11-28 02:30:00,23.65,17.7629566667974
2018-11-28 02:45:00,24.66,17.221457098051904
2018-11-28 03:00:00,24.12,16.504983740225434
2018-11-28 03:15:00,22.46,15.583237533047795
2018-11-28 03:30:00,22.39,14.612405658140778
2018-11-28 03:45:00,22.54,14.129669672399759
2018-11-28 04:00:00,22.46,14.182984656468033
2018-11-28 04:15:00,22.54,14.663568372651934
2018-11-28 04:30:00,22.5,15.417401627078652
2018-11-28 04:45:00,22.46,16.21414442256093
2018-11-28 05:00:00,22.46,16.833126818090676
2018-11-28 05:15:00,22.46,17.122730012238026
2018-11-28 05:30:00,22.54,16.980938448905945
2018-11-28 05:45:00,22.5,16.408508846759794
2018-11-28 06:00:00,23.620000000000005,15.860470510199665
2018-11-28 06:15:00,23.87,16.324015706405042
2018-11-28 06:30:00,24.55,17.237804017588495
2018-11-28 06:45:00,23.11,18.963599734008312
2018-11-28 07:00:00,22.5,21.110111941993235
2018-11-28 07:15:00,22.46,23.71233944118023
2018-11-28 07:30:00,22.93,26.684721376895904
2018-11-28 07:45:00,24.62,29.78223808348179
2018-11-28 08:00:00,25.090000000000003,33.04000849246979
2018-11-28 08:15:00,54.18,36.31931731522083
2018-11-28 08:30:00,52.27,45.91587522923946
2018-11-28 08:45:00,51.88,52.973505048155786
2018-11-28 09:00:00,54.43,57.55770672291517
2018-11-28 09:15:00,58.72,59.95777582019567
2018-11-28 09:30:00,52.78,62.2511273765564
2018-11-28 09:45:00,58.97,62.483047052025796
2018-11-28 10:00:00,51.16,62.55511720716953
2018-11-28 10:15:00,50.0,60.49903849333525
2018-11-28 10:30:00,48.56,57.10906012713909
2018-11-28 10:45:00,66.2,52.696806489527226
2018-11-28 11:00:00,62.099999999999994,50.25723982155323
2018-11-28 11:15:00,51.98,47.50236173391342
2018-11-28 11:30:00,53.89,43.73900445640087
2018-11-28 11:45:00,63.94,41.10943628519773
2018-11-28 12:00:00,51.77,40.857285051345826
2018-11-28 12:15:00,8.5,40.17898669064045
2018-11-28 12:30:00,6.98,34.91602184578776
2018-11-28 12:45:00,7.419999999999999,29.918258824944495
2018-11-28 13:00:00,8.28,26.236764136105776
2018-11-28 13:15:00,60.88,25.25622066408396
2018-11-28 13:30:00,71.89,34.566233695000406
2018-11-28 13:45:00,79.24,45.349548776447776
2018-11-28 14:00:00,58.39,55.015608043968676
2018-11-28 14:15:00,84.46,59.83238506734371
2018-11-28 14:30:00,62.39000000000001,67.33986953735352
2018-11-28 14:45:00,92.81,70.02918031036853
2018-11-28 15:00:00,98.53,75.1223864376545
2018-11-28 15:15:00,105.91,79.09692435920239
2018-11-28 15:30:00,96.91,82.41591488003732
2018-11-28 15:45:00,65.66,83.05085797667505
2018-11-28 16:00:00,73.44,79.50903738617897
2018-11-28 16:15:00,100.84,75.86426712989808
2018-11-28 16:30:00,97.63,74.70359991550445
2018-11-28 16:45:00,83.3,72.50988373190164
2018-11-28 17:00:00,111.78,68.74905034691095
2018-11-28 17:15:00,83.74,68.81268207848072
2018-11-28 17:30:00,90.11,65.85628329843283
2018-11-28 17:45:00,37.91,65.03472484618425
2018-11-28 18:00:00,31.679999999999996,61.8201390466094
2018-11-28 18:15:00,35.17,61.49872447758913
2018-11-28 18:30:00,60.73,61.35624131381512
2018-11-28 18:45:00,50.43999999999999,64.39533574670553
2018-11-28 19:00:00,62.21,64.17941719055176
2018-11-28 19:15:00,50.65,64.46815139323473
2018-11-28 19:30:00,54.07,61.92115762025118
2018-11-28 19:45:00,40.86,59.78490265518427
2018-11-28 20:00:00,50.8,56.22387443423271
2018-11-28 20:15:00,49.82,54.60233636170626
2018-11-28 20:30:00,41.44,52.763604314029216
2018-11-28 20:45:00,20.449999999999996,48.3465229460597
2018-11-28 21:00:00,8.859999999999998,40.87351520717144
2018-11-28 21:15:00,6.34,32.19250155091286
2018-11-28 21:30:00,5.54,24.39202773913741
2018-11-28 21:45:00,5.54,18.09945845454931
2018-11-28 22:00:00,5.54,13.326911300346255
2018-11-28 22:15:00,5.18,9.718008273802697
2018-11-28 22:30:00,5.22,7.067726893909275
2018-11-28 22:45:00,5.1499999999999995,4.7169117332156745
2018-11-28 23:00:00,5.11,2.3629291814356113
2018-11-28 23:15:00,5.11,1.2224732110649348
2018-11-28 23:30:00,4.61,1.4429055547621101
2018-11-28 23:45:00,3.92,1.5242202521767467
2018-11-29 00:00:00,4.07,1.487432946851477
2018-11-29 00:15:00,3.89,1.5934998669009657
2018-11-29 00:30:00,4.03,1.7584127501212061
2018-11-29 00:45:00,4.0,3.0468636717367916
2018-11-29 01:00:00,4.0,4.401724936356768
2018-11-29 01:15:00,4.0,5.693945417199283
2018-11-29 01:30:00,4.0,6.742125672213732
2018-11-29 01:45:00,4.1,7.19089127715677
2018-11-29 02:00:00,4.0,6.891014279853552
2018-11-29 02:15:00,3.9599999999999995,5.805485636200755
2018-11-29 02:30:00,4.03,4.574172727800906
2018-11-29 02:45:00,4.03,2.8213234068779274
2018-11-29 03:00:00,4.79,1.3588968715351075
2018-11-29 03:15:00,5.1499999999999995,1.0078908415604384
2018-11-29 03:30:00,4.18,1.3291100559104234
2018-11-29 03:45:00,4.0,1.9688200801680797
2018-11-29 04:00:00,4.0,2.773768122654874
2018-11-29 04:15:00,4.07,3.6438279679697008
2018-11-29 04:30:00,3.71,4.476038161683828
2018-11-29 04:45:00,3.35,5.016197754573077
2018-11-29 05:00:00,3.35,5.089760576579719
2018-11-29 05:15:00,3.38,4.704285393897444
2018-11-29 05:30:00,3.4599999999999995,3.9298857274651526
2018-11-29 05:45:00,3.38,3.0320135942078195
2018-11-29 06:00:00,3.38,2.055730103033129
2018-11-29 06:15:00,3.35,2.287823801341001
2018-11-29 06:30:00,3.31,3.991557737328112
2018-11-29 06:45:00,3.71,6.798310910388827
2018-11-29 07:00:00,4.68,11.152942217998206
2018-11-29 07:15:00,3.89,16.871551060825585
2018-11-29 07:30:00,4.25,22.589081523418425
2018-11-29 07:45:00,5.62,27.96395764887333
2018-11-29 08:00:00,5.69,32.80474533304572
2018-11-29 08:15:00,41.58,36.69407493650913
2018-11-29 08:30:00,73.98,49.64128879159689
2018-11-29 08:45:00,88.06,64.0918129709363
2018-11-29 09:00:00,100.58,72.00054695188999
2018-11-29 09:15:00,82.07999999999998,79.6003286445141
2018-11-29 09:30:00,102.82,80.98990662336351
2018-11-29 09:45:00,128.41,83.69810617208482
2018-11-29 10:00:00,104.26,87.2372232335806
2018-11-29 10:15:00,104.9,85.51317111372948
2018-11-29 10:30:00,116.71,82.33458446443082
2018-11-29 10:45:00,93.01999999999998,78.7855784147978
2018-11-29 11:00:00,56.05,71.46066747963428
2018-11-29 11:15:00,55.55,60.68928250581026
2018-11-29 11:30:00,57.35,49.87006033778191
2018-11-29 11:45:00,64.58,40.59621486634016
2018-11-29 12:00:00,46.01,35.40152760148048
2018-11-29 12:15:00,9.36,33.22018837124109
2018-11-29 12:30:00,6.84,32.87688285186887
2018-11-29 12:45:00,6.19,35.05351111546159
2018-11-29 13:00:00,6.34,35.458337637782094
2018-11-29 13:15:00,40.209999999999994,35.75429771780968
2018-11-29 13:30:00,62.24,42.643468938171864
2018-11-29 13:45:00,77.36,53.259019266963
2018-11-29 14:00:00,64.76,64.36867320239544
2018-11-29 14:15:00,57.28,70.56546705305577
2018-11-29 14:30:00,50.54,73.70042449265718
2018-11-29 14:45:00,59.51,74.59139897108078
2018-11-29 15:00:00,57.46,74.9203537812829
2018-11-29 15:15:00,59.69,73.47067841857671
2018-11-29 15:30:00,57.67,70.91685845941305
2018-11-29 15:45:00,66.2,67.16765653640032
2018-11-29 16:00:00,63.49999999999999,63.91683805912733
2018-11-29 16:15:00,50.36,59.883666791021824
2018-11-29 16:30:00,70.24,54.197768066823485
2018-11-29 16:45:00,59.22,51.71808408230543
2018-11-29 17:00:00,56.88,48.53538824856281
2018-11-29 17:15:00,59.8,46.61814607799053
2018-11-29 17:30:00,51.7,48.168485232293605
2018-11-29 17:45:00,33.59,49.211885753571984
2018-11-29 18:00:00,33.05,48.76548461377621
2018-11-29 18:15:00,43.99,48.24998181164265
2018-11-29 18:30:00,46.91,48.77581371128559
2018-11-29 18:45:00,59.83,48.99448519647122
2018-11-29 19:00:00,51.88,49.640350190997125
2018-11-29 19:15:00,39.89,49.660312294662
2018-11-29 19:30:00,39.49,46.10420611321926
2018-11-29 19:45:00,63.49999999999999,42.23625998705626
2018-11-29 20:00:00,40.57,42.49233178704977
2018-11-29 20:15:00,39.82,38.88829185679555
2018-11-29 20:30:00,54.07,35.67521500363946
2018-11-29 20:45:00,33.41,34.959626355469226
2018-11-29 21:00:00,27.679999999999996,30.20700200945139
2018-11-29 21:15:00,5.72,24.394497740715742
2018-11-29 21:30:00,5.69,16.775119953751563
2018-11-29 21:45:00,5.65,10.306825775057076
2018-11-29 22:00:00,4.61,5.586688124798238
2018-11-29 22:15:00,4.21,2.555650949329138
2018-11-29 22:30:00,4.14,0.7746797482203692
2018-11-29 22:45:00,4.18,-0.393511848822236
2018-11-29 23:00:00,4.03,-0.2062043314054608
2018-11-29 23:15:00,4.03,0.48965167063288395
2018-11-29 23:30:00,3.9599999999999995,0.6553354469593615
2018-11-29 23:45:00,4.0,0.7101661138143391
2018-11-30 00:00:00,3.9599999999999995,0.66776825604029
2018-11-30 00:15:00,4.07,0.5286785376165063
2018-11-30 00:30:00,4.0,0.3783685563411564
2018-11-30 00:45:00,4.0,0.1630697460379452
2018-11-30 01:00:00,4.0,-0.09788858719170089
2018-11-30 01:15:00,4.97,-0.4301916529424488
2018-11-30 01:30:00,5.18,1.738255291786045
2018-11-30 01:45:00,4.0,3.0401655467180535
2018-11-30 02:00:00,4.0,3.6148812335636467
2018-11-30 02:15:00,4.1,3.4068182648159566
2018-11-30 02:30:00,4.1,2.3828666552552025
2018-11-30 02:45:00,4.07,0.9124713124055416
2018-11-30 03:00:00,3.85,-1.003377973753959
2018-11-30 03:15:00,3.4599999999999995,-3.451251986809075
2018-11-30 03:30:00,3.42,-4.945932462364436
2018-11-30 03:45:00,3.4599999999999995,-4.366860801428556
2018-11-30 04:00:00,3.42,-3.442582842633128
2018-11-30 04:15:00,3.42,-2.3112889992818237
2018-11-30 04:30:00,3.4599999999999995,-1.3527928174845874
2018-11-30 04:45:00,3.4599999999999995,-0.6625632264278829
2018-11-30 05:00:00,3.4599999999999995,-0.3126167709939181
2018-11-30 05:15:00,3.4599999999999995,-0.3271257848106324
2018-11-30 05:30:00,3.92,-0.616663299370557
2018-11-30 05:45:00,4.93,-0.9090935225971043
2018-11-30 06:00:00,5.11,-1.0512449202500282
2018-11-30 06:15:00,3.67,-0.9751003852300345
2018-11-30 06:30:00,3.42,-0.4118970810249447
2018-11-30 06:45:00,3.31,1.8706072037736885
2018-11-30 07:00:00,3.35,4.931853094995021
2018-11-30 07:15:00,3.28,8.87936807654798
2018-11-30 07:30:00,3.74,13.496979890838265
2018-11-30 07:45:00,5.22,18.39503231614828
2018-11-30 08:00:00,5.33,23.36571289241314
2018-11-30 08:15:00,35.57,27.532531455010176
2018-11-30 08:30:00,62.71,39.30360465854406
2018-11-30 08:45:00,63.18,53.57114213913679
2018-11-30 09:00:00,68.11,59.51883408516645
2018-11-30 09:15:00,51.48,63.097974154055116
2018-11-30 09:30:00,57.67,64.50429874360562
2018-11-30 09:45:00,59.26,67.43819356381893
2018-11-30 10:00:00,63.21999999999999,69.70544393986464
2018-11-30 10:15:00,49.21,69.40426092922688
2018-11-30 10:30:00,60.34,64.99069594532251
2018-11-30 10:45:00,73.26,60.93828561037779
2018-11-30 11:00:00,60.34,56.91561858534813
2018-11-30 11:15:00,69.62,50.19622180074453
2018-11-30 11:30:00,54.18,44.40059662461281
2018-11-30 11:45:00,49.32,37.839812114089725
2018-11-30 12:00:00,61.06,33.32321887344122
2018-11-30 12:15:00,5.65,32.99258446216583
2018-11-30 12:30:00,6.34,31.98135009780526
2018-11-30 12:45:00,6.48,32.821366198211905
2018-11-30 13:00:00,6.41,35.20657935872674
2018-11-30 13:15:00,41.76,36.47690566137433
2018-11-30 13:30:00,62.96000000000001,43.69340373635292
2018-11-30 13:45:00,50.72,53.825947501957415
2018-11-30 14:00:00,48.24,59.83833103477955
2018-11-30 14:15:00,50.29,63.02648781746626
2018-11-30 14:30:00,51.77,64.40311400622129
2018-11-30 14:45:00,52.96,64.96396603733301
2018-11-30 15:00:00,44.71000000000001,64.77934464663267
2018-11-30 15:15:00,51.19,62.25301805049181
2018-11-30 15:30:00,42.77,59.624729789197445
2018-11-30 15:45:00,41.72,55.45577130705118
2018-11-30 16:00:00,45.72,50.64539832413197
2018-11-30 16:15:00,67.68,46.2437342569232
2018-11-30 16:30:00,44.75,45.3517223778367
2018-11-30 16:45:00,48.28,41.26382934749127
2018-11-30 17:00:00,66.13,38.31462949931621
2018-11-30 17:15:00,44.419999999999995,39.25555639147758
2018-11-30 17:30:00,49.43,38.04723386481404
2018-11-30 17:45:00,28.8,39.04141623646021
2018-11-30 18:00:00,28.66,38.15173514068127
2018-11-30 18:15:00,42.84,37.142510459423065
2018-11-30 18:30:00,50.54,37.67054066047072
2018-11-30 18:45:00,45.61,38.66647897869348
2018-11-30 19:00:00,63.11,38.380971496254205
2018-11-30 19:15:00,44.96,40.82498641252518
2018-11-30 19:30:00,66.46,38.589612529575824
2018-11-30 19:45:00,45.61,39.368455672711136
2018-11-30 20:00:00,38.09,35.71158914506435
2018-11-30 20:15:00,54.79,30.70787117496133
2018-11-30 20:30:00,52.63,29.300890912264585
2018-11-30 20:45:00,37.91,27.43317451879382
2018-11-30 21:00:00,9.139999999999999,22.52097235262394
2018-11-30 21:15:00,5.69,14.473638724014162
2018-11-30 21:30:00,5.58,8.878632128350436
2018-11-30 21:45:00,5.47,4.478504935419187
2018-11-30 22:00:00,5.44,1.4173253202345222
2018-11-30 22:15:00,5.22,0.6235063891205938
2018-11-30 22:30:00,5.18,0.46722854721359913
2018-11-30 22:45:00,5.11,0.5419289733562619
2018-11-30 23:00:00,3.92,0.6761551744677127
2018-11-30 23:15:00,3.92,0.6813315118663014
2018-11-30 23:30:00,3.89,0.5476023985724897
2018-11-30 23:45:00,3.8200000000000003,0.00781962126493459
2018-12-01 00:00:00,3.35,-0.9810460719838738
2018-12-01 00:15:00,3.89,-0.7913468632660806
2018-12-01 00:30:00,3.85,-0.7031518080458045
2018-12-01 00:45:00,3.89,-0.1799069543741643
2018-12-01 01:00:00,3.89,0.7364415976498276
2018-12-01 01:15:00,4.03,1.9491325536672959
2018-12-01 01:30:00,3.89,3.0371226731827483
2018-12-01 01:45:00,3.92,3.81616727582179
2018-12-01 02:00:00,3.92,4.518345359172672
2018-12-01 02:15:00,3.9599999999999995,4.858995346166193
2018-12-01 02:30:00,4.03,4.795431960662826
2018-12-01 02:45:00,4.14,4.395116138383746
2018-12-01 03:00:00,5.080000000000001,5.140361365731805
2018-12-01 03:15:00,4.72,6.044161046668886
2018-12-01 03:30:00,3.9599999999999995,6.919948664251715
2018-12-01 03:45:00,3.92,7.585548690706491
2018-12-01 04:00:00,3.35,8.116650675535201
2018-12-01 04:15:00,3.28,8.354773984514177
2018-12-01 04:30:00,3.35,8.4903596688807
2018-12-01 04:45:00,3.24,8.49874139469117
2018-12-01 05:00:00,3.31,8.311231786236167
2018-12-01 05:15:00,3.31,7.97503481913358
2018-12-01 05:30:00,3.28,7.527610312774777
2018-12-01 05:45:00,3.28,7.049152201358228
2018-12-01 06:00:00,3.2,7.182237851172685
2018-12-01 06:15:00,3.4599999999999995,7.666856090389191
2018-12-01 06:30:00,4.03,8.584356701672077
2018-12-01 06:45:00,3.89,10.191088798828423
2018-12-01 07:00:00,3.89,12.171650021225213
2018-12-01 07:15:00,4.46,14.21474101766944
2018-12-01 07:30:00,3.67,16.49212625928223
2018-12-01 07:45:00,3.4599999999999995,18.667887776866554
2018-12-01 08:00:00,3.4599999999999995,20.70687632523477
2018-12-01 08:15:00,3.71,22.145673576444388
2018-12-01 08:30:00,4.72,22.328680484294892
2018-12-01 08:45:00,4.46,22.34628935009241
2018-12-01 09:00:00,5.22,21.87277657479048
2018-12-01 09:15:00,28.58,21.41035859748721
2018-12-01 09:30:00,30.560000000000002,25.96205505147576
2018-12-01 09:45:00,28.08,30.177326063215734
2018-12-01 10:00:00,28.58,32.52060757875442
2018-12-01 10:15:00,28.73,35.18627370029688
2018-12-01 10:30:00,29.56,36.580016999989745
2018-12-01 10:45:00,30.06,36.25803208515048
2018-12-01 11:00:00,29.2,35.22255128711462
2018-12-01 11:15:00,27.94,32.94242322102189
2018-12-01 11:30:00,27.94,29.662595697939395
2018-12-01 11:45:00,25.63,25.848809970021247
2018-12-01 12:00:00,3.64,21.46384984984994
2018-12-01 12:15:00,3.85,14.561355216428638
2018-12-01 12:30:00,3.71,9.284754840135573
2018-12-01 12:45:00,3.74,8.154353004172444
2018-12-01 13:00:00,3.71,9.361182863973081
2018-12-01 13:15:00,11.3,11.216108017452061
2018-12-01 13:30:00,27.29,13.584493169486523
2018-12-01 13:45:00,26.86,17.259968913570045
2018-12-01 14:00:00,25.31,21.189449515417216
2018-12-01 14:15:00,26.209999999999997,24.702859474122523
2018-12-01 14:30:00,26.279999999999998,26.82684302225709
2018-12-01 14:45:00,18.68,27.508271548599005
2018-12-01 15:00:00,5.18,26.07210933998227
2018-12-01 15:15:00,5.080000000000001,22.364958071112632
2018-12-01 15:30:00,4.75,18.240287839993833
2018-12-01 15:45:00,4.75,14.381107973977922
2018-12-01 16:00:00,4.72,11.066657765135169
2018-12-01 16:15:00,4.64,8.397674543745815
2018-12-01 16:30:00,4.72,6.524536777492612
2018-12-01 16:45:00,4.68,6.20848997099325
2018-12-01 17:00:00,4.64,6.291347296666354
2018-12-01 17:15:00,4.79,6.362364613637328
2018-12-01 17:30:00,4.75,6.502040115389972
2018-12-01 17:45:00,4.72,6.627340207956731
2018-12-01 18:00:00,4.68,6.79423203960061
2018-12-01 18:15:00,5.76,7.08983312735334
2018-12-01 18:30:00,5.4,7.464154288135468
2018-12-01 18:45:00,4.79,7.71594400357455
2018-12-01 19:00:00,4.79,7.808464649058878
2018-12-01 19:15:00,4.79,7.644850060418248
2018-12-01 19:30:00,4.79,7.203672412596642
2018-12-01 19:45:00,4.9,6.614758076053112
2018-12-01 20:00:00,4.75,6.228717038463801
2018-12-01 20:15:00,4.79,5.9069757555983955
2018-12-01 20:30:00,4.75,5.580095746722072
2018-12-01 20:45:00,4.82,4.783484731437638
2018-12-01 21:00:00,4.82,4.062229113737121
2018-12-01 21:15:00,4.75,3.5511428428348153
2018-12-01 21:30:00,4.79,3.061359493499622
2018-12-01 21:45:00,4.79,2.5997428983845747
2018-12-01 22:00:00,4.9,2.169795407454949
2018-12-01 22:15:00,5.76,1.7557482359185816
2018-12-01 22:30:00,4.61,1.4792617325391622
2018-12-01 22:45:00,3.42,1.126579610016197
2018-12-01 23:00:00,3.42,0.6762602898757906
2018-12-01 23:15:00,3.28,0.23828410091809935
2018-12-01 23:30:00,3.38,-0.19340916186571117
2018-12-01 23:45:00,3.31,-0.5996876521594822
2018-12-02 00:00:00,4.36,-0.9405164335854351
2018-12-02 00:15:00,3.35,-1.1921829296275972
2018-12-02 00:30:00,3.35,-1.2835648482479154
2018-12-02 00:45:00,3.38,-1.2314730763249098
2018-12-02 01:00:00,3.89,-0.9207311595790088
2018-12-02 01:15:00,4.46,-0.05333424963057036
2018-12-02 01:30:00,4.43,0.8910119106248021
2018-12-02 01:45:00,4.14,1.7183933915942908
2018-12-02 02:00:00,3.4599999999999995,2.4591739156632686
2018-12-02 02:15:00,3.38,3.132169246133417
2018-12-02 02:30:00,3.38,3.7522204787097873
2018-12-02 02:45:00,3.38,4.2277659530378875
2018-12-02 03:00:00,4.32,4.687954473234713
2018-12-02 03:15:00,4.64,5.757995926309376
2018-12-02 03:30:00,3.8200000000000003,6.7448603569157415
2018-12-02 03:45:00,3.4599999999999995,7.370841558054089
2018-12-02 04:00:00,3.42,7.8552880198881025
2018-12-02 04:15:00,3.4599999999999995,8.2617913364619
2018-12-02 04:30:00,4.32,8.562007116936147
2018-12-02 04:45:00,4.5,8.944898341149091
2018-12-02 05:00:00,4.54,9.184931971803307
2018-12-02 05:15:00,4.39,9.44598194770515
2018-12-02 05:30:00,3.35,9.566515217907726
2018-12-02 05:45:00,3.4599999999999995,9.38799866065383
2018-12-02 06:00:00,3.35,9.306557656340301
2018-12-02 06:15:00,3.42,9.259648396819829
2018-12-02 06:30:00,3.42,9.247033425122499
2018-12-02 06:45:00,3.38,9.374213806390761
2018-12-02 07:00:00,3.4599999999999995,9.78900173280388
2018-12-02 07:15:00,3.38,10.462899561151861
2018-12-02 07:30:00,3.4599999999999995,11.367460732348263
2018-12-02 07:45:00,3.4599999999999995,12.465942850187421
2018-12-02 08:00:00,3.49,13.81834618255496
2018-12-02 08:15:00,4.57,14.767923693880439
2018-12-02 08:30:00,4.54,16.17953071862459
2018-12-02 08:45:00,5.54,17.627715098559857
2018-12-02 09:00:00,4.75,18.492764664962888
2018-12-02 09:15:00,3.74,17.92161160454154
2018-12-02 09:30:00,3.71,17.03097506724298
2018-12-02 09:45:00,3.6,15.980997605398297
2018-12-02 10:00:00,3.56,15.243973834440112
2018-12-02 10:15:00,3.6,14.164367580935359
2018-12-02 10:30:00,3.64,12.77108010880649
2018-12-02 10:45:00,3.64,11.081701197475194
2018-12-02 11:00:00,3.64,9.06835519503802
2018-12-02 11:15:00,3.64,6.7243952711112795
2018-12-02 11:30:00,3.56,4.403153467383236
2018-12-02 11:45:00,3.64,1.9929418208659626
2018-12-02 12:00:00,4.03,-0.40142764251679175
2018-12-02 12:15:00,4.86,-2.5630708556249737
2018-12-02 12:30:00,4.75,-4.039098328351974
2018-12-02 12:45:00,5.359999999999999,-4.757533091977239
2018-12-02 13:00:00,4.9,-3.993672753870487
2018-12-02 13:15:00,3.78,-2.4764905639365313
2018-12-02 13:30:00,3.64,-0.6561600280180573
2018-12-02 13:45:00,3.6,1.3701850594300777
2018-12-02 14:00:00,3.6,3.4133654530905186
2018-12-02 14:15:00,3.6,5.30757289417088
2018-12-02 14:30:00,3.56,6.918814147617668
2018-12-02 14:45:00,3.56,8.02445056889206
2018-12-02 15:00:00,3.64,9.563688188828527
2018-12-02 15:15:00,3.6,11.143332789130508
2018-12-02 15:30:00,3.56,12.297130592316389
2018-12-02 15:45:00,3.85,12.941694345101714
2018-12-02 16:00:00,4.68,13.861984374076128
2018-12-02 16:15:00,4.72,14.471361831650137
2018-12-02 16:30:00,4.72,14.538750211074948
2018-12-02 16:45:00,3.89,14.283303770571946
2018-12-02 17:00:00,3.5299999999999994,13.58693847104907
2018-12-02 17:15:00,3.6,12.639609783887863
2018-12-02 17:30:00,3.6,11.982479336708783
2018-12-02 17:45:00,3.74,12.836353268697858
2018-12-02 18:00:00,4.72,13.37083017386496
2018-12-02 18:15:00,3.89,13.559592185392976
2018-12-02 18:30:00,3.5299999999999994,14.019048406258225
2018-12-02 18:45:00,3.5299999999999994,15.348672710433602
2018-12-02 19:00:00,3.56,16.5085551379621
2018-12-02 19:15:00,3.67,17.28506974324584
2018-12-02 19:30:00,3.56,16.819610295817256
2018-12-02 19:45:00,4.39,16.084697253480552
2018-12-02 20:00:00,4.72,15.9631922622025
2018-12-02 20:15:00,4.68,17.260332677438853
2018-12-02 20:30:00,4.75,17.85862880975008
2018-12-02 20:45:00,3.71,18.024169438257815
2018-12-02 21:00:00,3.5299999999999994,17.485614785030485
2018-12-02 21:15:00,3.6,16.371074850112198
2018-12-02 21:30:00,3.6,14.682292107343674
2018-12-02 21:45:00,3.6,12.308077190220356
2018-12-02 22:00:00,3.56,9.379732575826347
2018-12-02 22:15:00,4.07,6.4568528399243945
2018-12-02 22:30:00,4.32,4.190021522101015
2018-12-02 22:45:00,3.35,1.8940847792872229
2018-12-02 23:00:00,3.31,0.31179780357517306
2018-12-02 23:15:00,3.31,0.7182820337731392
2018-12-02 23:30:00,3.28,0.9735030866321177
2018-12-02 23:45:00,3.35,1.2896082749869675
2018-12-03 00:00:00,4.57,1.592844053413719
2018-12-03 00:15:00,4.43,1.3135014703683556
2018-12-03 00:30:00,4.36,1.1432501558959485
2018-12-03 00:45:00,4.21,0.8353741426859052
2018-12-03 01:00:00,3.35,0.40830946638248866
2018-12-03 01:15:00,3.38,0.3711109619308264
2018-12-03 01:30:00,3.35,3.125542695024051
2018-12-03 01:45:00,3.42,5.453018375746906
2018-12-03 02:00:00,3.49,6.186666103638708
2018-12-03 02:15:00,3.42,5.5717145822755985
2018-12-03 02:30:00,3.38,3.8315757350996136
2018-12-03 02:45:00,4.36,1.2825693318527192
2018-12-03 03:00:00,4.14,-0.8664132987335323
2018-12-03 03:15:00,3.42,-3.555149796381593
2018-12-03 03:30:00,3.38,-4.111739952042699
2018-12-03 03:45:00,3.35,-3.1504922446236012
2018-12-03 04:00:00,3.35,-1.9885860998928546
2018-12-03 04:15:00,4.1,-0.7210351808369159
2018-12-03 04:30:00,4.43,0.6535365560371429
2018-12-03 04:45:00,4.5,1.82175987014547
2018-12-03 05:00:00,3.78,2.4932856900175104
2018-12-03 05:15:00,3.31,2.452194056089502
2018-12-03 05:30:00,3.38,1.979194648161065
2018-12-03 05:45:00,3.31,1.2948298021871598
2018-12-03 06:00:00,3.31,0.46724370404146615
2018-12-03 06:15:00,3.35,-0.2338778922706842
2018-12-03 06:30:00,3.31,0.27722227239049974
2018-12-03 06:45:00,3.24,2.2488397383620033
2018-12-03 07:00:00,3.24,5.143575735967606
2018-12-03 07:15:00,4.21,9.313112703710795
2018-12-03 07:30:00,5.76,14.509345965012908
2018-12-03 07:45:00,5.98,20.045528911724688
2018-12-03 08:00:00,5.58,25.12886064633727
2018-12-03 08:15:00,34.99,29.43951189175248
2018-12-03 08:30:00,56.84,42.17157289117575
2018-12-03 08:45:00,61.06,56.842097865641115
2018-12-03 09:00:00,57.88999999999999,63.83569626182318
2018-12-03 09:15:00,70.49,67.38832647740841
2018-12-03 09:30:00,50.11,72.96671276926995
2018-12-03 09:45:00,66.38,71.73476130932569
2018-12-03 10:00:00,56.88,72.9803741234541
2018-12-03 10:15:00,47.089999999999996,71.16677321910858
2018-12-03 10:30:00,55.8,66.35382694363594
2018-12-03 10:45:00,66.89,61.64586471706629
2018-12-03 11:00:00,62.89,56.836115970909596
2018-12-03 11:15:00,63.790000000000006,50.2086616268754
2018-12-03 11:30:00,58.1,43.667109446823595
2018-12-03 11:45:00,54.5,37.66939323246479
2018-12-03 12:00:00,35.35,33.4615793800354
2018-12-03 12:15:00,6.34,29.863656071871517
2018-12-03 12:30:00,5.76,26.7775081089139
2018-12-03 12:45:00,6.3,28.724841635078192
2018-12-03 13:00:00,6.19,30.68675939783454
2018-12-03 13:15:00,35.35,31.904908039867877
2018-12-03 13:30:00,51.95,38.200156153440474
2018-12-03 13:45:00,48.46,48.11948040097952
2018-12-03 14:00:00,65.02,54.99943626999855
2018-12-03 14:15:00,69.91,62.34733169257641
2018-12-03 14:30:00,55.12,68.08295379400253
2018-12-03 14:45:00,56.84,69.64452471911908
2018-12-03 15:00:00,54.22,70.93054675906896
2018-12-03 15:15:00,49.97,70.59175236076116
2018-12-03 15:30:00,48.17,68.63674611151218
2018-12-03 15:45:00,49.86,65.46308599263429
2018-12-03 16:00:00,58.75,61.76181108206511
2018-12-03 16:15:00,65.7,58.70105698078871
2018-12-03 16:30:00,51.88,56.34869933217764
2018-12-03 16:45:00,57.199999999999996,51.22258829295635
2018-12-03 17:00:00,76.03,48.01074644058943
2018-12-03 17:15:00,72.18,48.77433171033859
2018-12-03 17:30:00,61.42,48.651684904694555
2018-12-03 17:45:00,36.61,49.40614913225174
2018-12-03 18:00:00,29.56,48.35739095300436
2018-12-03 18:15:00,34.13,47.55826460599899
2018-12-03 18:30:00,42.26,47.5686475944519
2018-12-03 18:45:00,56.81,47.81161042243242
2018-12-03 19:00:00,43.019999999999996,48.55507640659809
2018-12-03 19:15:00,47.74,45.97667768627405
2018-12-03 19:30:00,39.17,43.71653193295002
2018-12-03 19:45:00,43.67,39.63776892662048
2018-12-03 20:00:00,50.43999999999999,36.638142873495816
2018-12-03 20:15:00,46.22,36.76953573018312
2018-12-03 20:30:00,45.36,35.9241709536314
2018-12-03 20:45:00,50.11,34.06257342770696
2018-12-03 21:00:00,25.45,32.87477212324738
2018-12-03 21:15:00,8.6,25.59227785155177
2018-12-03 21:30:00,6.19,16.64553244367242
2018-12-03 21:45:00,5.62,9.396600441150367
2018-12-03 22:00:00,4.93,5.0662203388102345
2018-12-03 22:15:00,4.72,2.1613298980682156
2018-12-03 22:30:00,4.75,0.49675657403655354
2018-12-03 22:45:00,4.68,-0.6346479983627795
2018-12-03 23:00:00,4.68,-0.005001090336590955
2018-12-03 23:15:00,4.61,0.7282699623145164
2018-12-03 23:30:00,4.57,1.085350371738896
2018-12-03 23:45:00,4.61,1.166855932911858
2018-12-04 00:00:00,3.89,1.0635947101097554
2018-12-04 00:15:00,4.61,0.9850705531146378
2018-12-04 00:30:00,4.57,0.7372568385116757
2018-12-04 00:45:00,4.61,0.37587329338304704
2018-12-04 01:00:00,4.64,-0.060377402994781684
2018-12-04 01:15:00,5.04,1.4755171540100127
2018-12-04 01:30:00,5.8,3.17598581106402
2018-12-04 01:45:00,4.68,4.920698511730879
2018-12-04 02:00:00,3.6,5.1216569980978965
2018-12-04 02:15:00,3.56,4.282712962580844
2018-12-04 02:30:00,3.64,2.839624750248622
2018-12-04 02:45:00,3.67,0.9623935528285802
2018-12-04 03:00:00,3.64,-0.8067349730990827
2018-12-04 03:15:00,3.64,-2.9057846973463892
2018-12-04 03:30:00,3.71,-3.1629713662341237
2018-12-04 03:45:00,3.67,-2.136850751452148
2018-12-04 04:00:00,3.71,-1.0006188697181642
2018-12-04 04:15:00,3.67,0.2331616544630379
2018-12-04 04:30:00,3.6,1.4935007302742451
2018-12-04 04:45:00,4.36,2.476780746516306
2018-12-04 05:00:00,4.64,3.314603141685948
2018-12-04 05:15:00,4.72,3.787337024444714
2018-12-04 05:30:00,5.44,3.838087697783485
2018-12-04 05:45:00,4.43,3.681497176131234
2018-12-04 06:00:00,3.64,3.1472980058006943
2018-12-04 06:15:00,3.56,2.438846855231095
2018-12-04 06:30:00,3.67,2.176452061708551
2018-12-04 06:45:00,3.64,3.400970536079258
2018-12-04 07:00:00,3.56,5.326074609402567
2018-12-04 07:15:00,3.56,8.06974141601473
2018-12-04 07:30:00,3.8200000000000003,11.75045749299228
2018-12-04 07:45:00,4.54,15.997487111389637
2018-12-04 08:00:00,5.940000000000001,20.523109330534936
2018-12-04 08:15:00,28.4,25.192299268692732
2018-12-04 08:30:00,55.04,36.63582556292415
2018-12-04 08:45:00,61.129999999999995,51.848396874666214
2018-12-04 09:00:00,82.33,60.33580282539129
2018-12-04 09:15:00,82.37,68.94424783527852
2018-12-04 09:30:00,64.08,75.54556507170201
2018-12-04 09:45:00,59.36,76.44563813775778
2018-12-04 10:00:00,52.16,74.93605850040913
2018-12-04 10:15:00,56.95,71.99618627637625
2018-12-04 10:30:00,53.42,69.53575932234526
2018-12-04 10:45:00,58.86,64.93545772820711
2018-12-04 11:00:00,59.98,59.53154785692692
2018-12-04 11:15:00,61.24,53.14612223118544
2018-12-04 11:30:00,84.1,46.29075859606266
2018-12-04 11:45:00,63.86,42.44846904993057
2018-12-04 12:00:00,49.86,37.18102676585317
2018-12-04 12:15:00,6.91,32.842671084553004
2018-12-04 12:30:00,7.38,27.308297975361345
2018-12-04 12:45:00,6.62,26.69000268936157
2018-12-04 13:00:00,6.55,28.585394327789544
2018-12-04 13:15:00,32.51,29.807301863133908
2018-12-04 13:30:00,57.28,33.14640717864037
2018-12-04 13:45:00,55.510000000000005,43.1633054703474
2018-12-04 14:00:00,56.12,51.8321891734004
2018-12-04 14:15:00,58.82,58.52702516049147
2018-12-04 14:30:00,52.88,63.59426932573319
2018-12-04 14:45:00,53.46,65.987350564003
2018-12-04 15:00:00,62.96000000000001,67.85782886832952
2018-12-04 15:15:00,64.62,70.41821903169155
2018-12-04 15:30:00,60.01,71.53971202105284
2018-12-04 15:45:00,55.66,70.56192821443081
2018-12-04 16:00:00,53.81999999999999,67.99648128420114
2018-12-04 16:15:00,71.86,64.40707948148251
2018-12-04 16:30:00,60.73,62.7369317778945
2018-12-04 16:45:00,68.22,58.71681559085846
2018-12-04 17:00:00,80.46,55.76409935861826
2018-12-04 17:15:00,61.52,55.08413037866354
2018-12-04 17:30:00,71.1,51.14598680764437
2018-12-04 17:45:00,35.21,49.61953481405973
2018-12-04 18:00:00,30.31,47.27624880760908
2018-12-04 18:15:00,43.56,46.5329894053936
2018-12-04 18:30:00,40.97,47.78736847966909
2018-12-04 18:45:00,38.56,47.90482828199863
2018-12-04 19:00:00,41.65,46.53881860911846
2018-12-04 19:15:00,49.07,44.98079999536276
2018-12-04 19:30:00,40.46,43.126821301579476
2018-12-04 19:45:00,48.64000000000001,39.78097512722015
2018-12-04 20:00:00,49.74999999999999,38.6952140788734
2018-12-04 20:15:00,48.89,37.796248022615906
2018-12-04 20:30:00,37.84000000000001,37.12890299618244
2018-12-04 20:45:00,30.67,33.84594081655145
2018-12-04 21:00:00,5.080000000000001,27.935853521823883
2018-12-04 21:15:00,5.69,19.456868031024932
2018-12-04 21:30:00,5.44,12.811602730154991
2018-12-04 21:45:00,5.4,8.156736555695533
2018-12-04 22:00:00,5.44,5.316429533921181
2018-12-04 22:15:00,5.26,3.3504707924462855
2018-12-04 22:30:00,4.64,2.25878781005973
2018-12-04 22:45:00,3.92,1.4360518617462368
2018-12-04 23:00:00,3.9599999999999995,0.7122122855763883
2018-12-04 23:15:00,3.92,0.5783974239323288
2018-12-04 23:30:00,3.85,0.8765341928508134
2018-12-04 23:45:00,3.89,0.9965223786141724
2018-12-05 00:00:00,3.9599999999999995,1.0417135836277158
2018-12-05 00:15:00,3.89,1.3490600902494043
2018-12-05 00:30:00,3.92,1.303555082762614
2018-12-05 00:45:00,3.89,1.6960143352486194
2018-12-05 01:00:00,3.9599999999999995,2.6674846213590353
2018-12-05 01:15:00,3.78,3.6752479317970574
2018-12-05 01:30:00,3.85,4.016547276591882
2018-12-05 01:45:00,3.8200000000000003,4.259571573929861
2018-12-05 02:00:00,3.8200000000000003,4.257118834294379
2018-12-05 02:15:00,3.85,3.673888027518988
2018-12-05 02:30:00,4.64,2.711075096940622
2018-12-05 02:45:00,4.86,1.7003970442991705
2018-12-05 03:00:00,3.8200000000000003,0.3124144619237632
2018-12-05 03:15:00,3.49,-0.047619283478707024
2018-12-05 03:30:00,3.13,0.033932309541851335
2018-12-05 03:45:00,3.2,0.6445405576750637
2018-12-05 04:00:00,3.13,1.3821477261651307
2018-12-05 04:15:00,3.1,2.1366856678319164
2018-12-05 04:30:00,3.17,2.821797969965264
2018-12-05 04:45:00,3.06,3.353120851526037
2018-12-05 05:00:00,3.17,3.550313427532092
2018-12-05 05:15:00,3.06,3.4392359128035603
2018-12-05 05:30:00,3.1,3.043498013904318
2018-12-05 05:45:00,3.02,2.4676826500776223
2018-12-05 06:00:00,3.1,1.8646167482412421
2018-12-05 06:15:00,3.02,1.729861215967685
2018-12-05 06:30:00,4.61,3.058215784956701
2018-12-05 06:45:00,4.9,5.458208466563374
2018-12-05 07:00:00,3.85,8.587749024294316
2018-12-05 07:15:00,3.49,12.435930085554718
2018-12-05 07:30:00,3.2,16.71076069444418
2018-12-05 07:45:00,4.32,21.03193526931107
2018-12-05 08:00:00,4.72,25.641199600994586
2018-12-05 08:15:00,27.65,30.041846476644277
2018-12-05 08:30:00,61.56000000000001,41.126304150521754
2018-12-05 08:45:00,57.71,57.34181960314512
2018-12-05 09:00:00,57.82,63.63250944107771
2018-12-05 09:15:00,68.08,67.43817560017109
2018-12-05 09:30:00,64.08,70.8431491214037
2018-12-05 09:45:00,64.76,71.29369986385107
2018-12-05 10:00:00,62.68,70.88818847745657
2018-12-05 10:15:00,49.28,69.12553247839212
2018-12-05 10:30:00,56.52,64.38843770593405
2018-12-05 10:45:00,59.04,59.71263489991426
2018-12-05 11:00:00,66.85,54.13080407857895
2018-12-05 11:15:00,68.83,48.25671817958355
2018-12-05 11:30:00,60.3,41.94091067105531
2018-12-05 11:45:00,53.21,35.63117263004184
2018-12-05 12:00:00,40.97,30.535835565030574
2018-12-05 12:15:00,10.69,26.470855167508123
2018-12-05 12:30:00,9.43,23.448740872740746
2018-12-05 12:45:00,10.33,25.431862476319075
2018-12-05 13:00:00,26.68,27.057936369925738
2018-12-05 13:15:00,43.34,28.856342273652555
2018-12-05 13:30:00,46.50999999999999,35.12389044225216
2018-12-05 13:45:00,50.43999999999999,42.55246958911419
2018-12-05 14:00:00,63.4,49.60462498635054
2018-12-05 14:15:00,54.36,57.21836443334818
2018-12-05 14:30:00,61.52,61.40955292969942
2018-12-05 14:45:00,58.93,66.2438445097208
2018-12-05 15:00:00,85.46000000000001,69.12788571625948
2018-12-05 15:15:00,109.3,73.56656837075948
2018-12-05 15:30:00,87.16000000000001,78.86070239007474
2018-12-05 15:45:00,96.01,78.84938529193403
2018-12-05 16:00:00,105.91,78.40917711973191
2018-12-05 16:15:00,68.18,77.3019697213173
2018-12-05 16:30:00,64.91,70.66342282474041
2018-12-05 16:45:00,56.05,63.55935248523951
2018-12-05 17:00:00,62.96000000000001,56.35138938844204
2018-12-05 17:15:00,47.12,51.581605267822745
2018-12-05 17:30:00,44.57000000000001,48.404249128401275
2018-12-05 17:45:00,44.24,48.03634463876486
2018-12-05 18:00:00,27.32,48.387524972259996
2018-12-05 18:15:00,5.870000000000001,47.25644388586283
2018-12-05 18:30:00,5.359999999999999,43.888053333461286
2018-12-05 18:45:00,5.47,39.955031647533175
2018-12-05 19:00:00,5.58,36.15719314798713
2018-12-05 19:15:00,5.58,32.97714919775724
2018-12-05 19:30:00,5.47,29.682146883159877
2018-12-05 19:45:00,5.44,26.96147158101201
2018-12-05 20:00:00,5.44,25.411040363013743
2018-12-05 20:15:00,5.44,24.97334485605359
2018-12-05 20:30:00,5.51,24.07114085227251
2018-12-05 20:45:00,5.44,22.988191114813088
2018-12-05 21:00:00,4.82,21.40042470023036
2018-12-05 21:15:00,4.28,19.104456064924598
2018-12-05 21:30:00,4.25,15.981487114802002
2018-12-05 21:45:00,4.28,12.27773883447051
2018-12-05 22:00:00,4.36,8.006850684918463
2018-12-05 22:15:00,4.03,4.015899743223563
2018-12-05 22:30:00,4.0,0.9993226025626064
2018-12-05 22:45:00,4.03,-0.9390091712586581
2018-12-05 23:00:00,4.0,-0.5720466504059731
2018-12-05 23:15:00,4.0,-0.25977080654352896
2018-12-05 23:30:00,3.92,0.028336913920939018
2018-12-05 23:45:00,4.0,0.18190238534472888
2018-12-06 00:00:00,4.0,0.21561397734098142
2018-12-06 00:15:00,3.9599999999999995,0.3775251069385559
2018-12-06 00:30:00,4.79,0.2990413681510836
2018-12-06 00:45:00,5.18,0.12905501748435205
2018-12-06 01:00:00,4.03,1.071193192806095
2018-12-06 01:15:00,3.92,3.4036441724468025
2018-12-06 01:30:00,4.0,5.404262509364634
2018-12-06 01:45:00,3.92,6.294327578116208
2018-12-06 02:00:00,4.07,6.250150477159768
2018-12-06 02:15:00,3.4599999999999995,5.379094316009431
2018-12-06 02:30:00,3.28,3.6102212106995286
2018-12-06 02:45:00,3.38,1.7187363849952817
2018-12-06 03:00:00,3.31,-0.5882369493879377
2018-12-06 03:15:00,3.35,-2.528604229055345
2018-12-06 03:30:00,3.35,-2.1652860832586884
2018-12-06 03:45:00,3.38,-1.3347954878024757
2018-12-06 04:00:00,3.42,-0.35980727387592193
2018-12-06 04:15:00,3.31,0.6991821852046997
2018-12-06 04:30:00,4.61,1.7035614531394094
2018-12-06 04:45:00,5.04,2.7229475068708417
2018-12-06 05:00:00,4.07,3.25279528173618
2018-12-06 05:15:00,3.71,3.1237480143317953
2018-12-06 05:30:00,3.31,2.4714352280437017
2018-12-06 05:45:00,3.31,1.458981475830078
2018-12-06 06:00:00,3.38,0.4034786485228688
2018-12-06 06:15:00,3.31,-0.35710767442360514
2018-12-06 06:30:00,3.28,0.898932475913316
2018-12-06 06:45:00,3.31,3.3139583449671046
2018-12-06 07:00:00,3.24,6.722411972116679
2018-12-06 07:15:00,3.28,11.372259833142161
2018-12-06 07:30:00,3.4599999999999995,16.816172502711414
2018-12-06 07:45:00,4.21,22.61485935807228
2018-12-06 08:00:00,6.44,28.273996737897395
2018-12-06 08:15:00,32.29,33.56897504866123
2018-12-06 08:30:00,64.98,45.28726880937815
2018-12-06 08:45:00,60.84,59.35359097957611
2018-12-06 09:00:00,59.87,64.51831487983465
2018-12-06 09:15:00,67.0,67.38602713048458
2018-12-06 09:30:00,71.17,71.58793543368579
2018-12-06 09:45:00,76.86,73.14513670146465
2018-12-06 10:00:00,66.67,74.0007227936387
2018-12-06 10:15:00,63.18,71.95959881663322
2018-12-06 10:30:00,68.87,68.41674082547426
2018-12-06 10:45:00,71.06,64.24660123348237
2018-12-06 11:00:00,62.78,58.9060536390543
2018-12-06 11:15:00,60.88,51.39646293133497
2018-12-06 11:30:00,74.45,43.37404151409864
2018-12-06 11:45:00,67.82,37.68542578816414
2018-12-06 12:00:00,69.26,33.507869455069304
2018-12-06 12:15:00,9.94,32.227173636704684
2018-12-06 12:30:00,6.88,29.858204104751348
2018-12-06 12:45:00,7.02,30.04180605843663
2018-12-06 13:00:00,6.95,32.64321172073483
2018-12-06 13:15:00,35.78,33.488405842632055
2018-12-06 13:30:00,61.78,38.35116755902767
2018-12-06 13:45:00,60.8,48.1830762052536
2018-12-06 14:00:00,71.78,56.84228648394346
2018-12-06 14:15:00,72.11,64.99096090912819
2018-12-06 14:30:00,68.22,70.97934500843286
2018-12-06 14:45:00,73.44,75.66342007428409
2018-12-06 15:00:00,56.88,79.31871253728868
2018-12-06 15:15:00,50.29,79.41397376179695
2018-12-06 15:30:00,48.78000000000001,76.9008684104681
2018-12-06 15:45:00,48.96,73.1877958741784
2018-12-06 16:00:00,49.97,68.60237267136574
2018-12-06 16:15:00,62.28,63.57886998862028
2018-12-06 16:30:00,47.95,59.92740378260613
2018-12-06 16:45:00,57.35,54.590291735827925
2018-12-06 17:00:00,47.77,51.13340776324272
2018-12-06 17:15:00,48.6,47.428454795777796
2018-12-06 17:30:00,57.46,45.138228914141656
2018-12-06 17:45:00,31.86,46.1976260638237
2018-12-06 18:00:00,31.609999999999996,45.95045076042414
2018-12-06 18:15:00,36.61,45.74475351989269
2018-12-06 18:30:00,40.06999999999999,46.26568583458662
2018-12-06 18:45:00,37.87,46.73514331638813
2018-12-06 19:00:00,47.23,46.09237705111504
2018-12-06 19:15:00,53.03,46.014325001239776
2018-12-06 19:30:00,38.63,45.957371255755426
2018-12-06 19:45:00,37.51,43.370767639279364
2018-12-06 20:00:00,38.3,40.05316256478429
2018-12-06 20:15:00,54.36,38.05374119624496
2018-12-06 20:30:00,38.84,39.25600323721766
2018-12-06 20:45:00,27.72,37.638412676304576
2018-12-06 21:00:00,8.859999999999998,32.82912200316787
2018-12-06 21:15:00,5.51,25.430378229916094
2018-12-06 21:30:00,5.58,18.2407818403095
2018-12-06 21:45:00,5.62,12.221084857359529
2018-12-06 22:00:00,5.54,7.515718377903103
2018-12-06 22:15:00,5.26,3.9251601653546095
2018-12-06 22:30:00,5.22,1.8950958660128527
2018-12-06 22:45:00,5.26,0.08194998227059846
2018-12-06 23:00:00,4.18,-0.32167690519243475
2018-12-06 23:15:00,3.9599999999999995,-0.1924124600924551
2018-12-06 23:30:00,4.0,-0.14961210433393712
2018-12-06 23:45:00,4.0,-0.20856879655271762
2018-12-07 00:00:00,4.03,-0.3281954639032483
2018-12-07 00:15:00,3.9599999999999995,-0.44109755195677275
2018-12-07 00:30:00,4.03,-0.5649395015463232
2018-12-07 00:45:00,4.03,-0.7436182929947972
2018-12-07 01:00:00,4.0,-0.9712749702855944
2018-12-07 01:15:00,4.03,1.6008881187811494
2018-12-07 01:30:00,4.03,3.9838420698978005
2018-12-07 01:45:00,4.03,4.922623709551989
2018-12-07 02:00:00,4.1,4.9262052118405695
2018-12-07 02:15:00,4.0,3.9555115728173407
2018-12-07 02:30:00,4.72,2.1710890707816
2018-12-07 02:45:00,4.79,0.2786980983335525
2018-12-07 03:00:00,4.14,-2.232025525905192
2018-12-07 03:15:00,4.07,-4.6159885288029905
2018-12-07 03:30:00,4.03,-3.7785631232336163
2018-12-07 03:45:00,4.0,-2.862798810787499
2018-12-07 04:00:00,3.42,-1.4816452214121818
2018-12-07 04:15:00,3.49,-0.27840416163206094
2018-12-07 04:30:00,3.4599999999999995,0.7234739490225912
2018-12-07 04:45:00,3.38,1.3761158700380476
2018-12-07 05:00:00,3.42,1.5082161857001484
2018-12-07 05:15:00,3.42,1.1830147955100985
2018-12-07 05:30:00,3.74,0.5055259216856212
2018-12-07 05:45:00,4.07,-0.26055278658866876
2018-12-07 06:00:00,3.49,-0.8927087109908461
2018-12-07 06:15:00,3.42,-1.3664370500668883
2018-12-07 06:30:00,3.64,0.05074067028239374
2018-12-07 06:45:00,4.1,3.2200232727266846
2018-12-07 07:00:00,4.0,7.635512893088161
2018-12-07 07:15:00,4.0,13.161102339848876
2018-12-07 07:30:00,3.8200000000000003,19.19036721073091
2018-12-07 07:45:00,4.54,25.085098954737187
2018-12-07 08:00:00,4.79,30.681790203750133
2018-12-07 08:15:00,47.66,35.564439923763274
2018-12-07 08:30:00,60.19,50.78160319298506
2018-12-07 08:45:00,60.19,61.56457022875547
2018-12-07 09:00:00,53.32,65.33736291229725
2018-12-07 09:15:00,58.86,65.6554407337308
2018-12-07 09:30:00,49.5,68.5571581697464
2018-12-07 09:45:00,48.42,69.01360997051
2018-12-07 10:00:00,62.78,67.46116906940937
2018-12-07 10:15:00,48.02,66.13797126024961
2018-12-07 10:30:00,46.22,61.25338595718145
2018-12-07 10:45:00,57.46,55.008337257504465
2018-12-07 11:00:00,48.78000000000001,49.38596248298883
2018-12-07 11:15:00,47.02,42.43407118618488
2018-12-07 11:30:00,58.0,36.08830031305551
2018-12-07 11:45:00,51.48,33.40225218757987
2018-12-07 12:00:00,44.279999999999994,32.0537391076982
2018-12-07 12:15:00,26.6,32.313661864697934
2018-12-07 12:30:00,12.49,33.79021533548832
2018-12-07 12:45:00,9.79,35.05369075194001
2018-12-07 13:00:00,10.76,36.519980243444444
2018-12-07 13:15:00,44.06,38.253820305913685
2018-12-07 13:30:00,49.82,44.68312438696623
2018-12-07 13:45:00,54.36,51.68548455238342
2018-12-07 14:00:00,55.98,57.501489486992355
2018-12-07 14:15:00,56.47999999999999,61.34837323606014
2018-12-07 14:30:00,47.41,63.81289141088724
2018-12-07 14:45:00,47.95,63.839486591517925
2018-12-07 15:00:00,58.86,62.45573332548141
2018-12-07 15:15:00,50.08,61.48025335669517
2018-12-07 15:30:00,51.88,58.61336294293404
2018-12-07 15:45:00,53.81999999999999,55.28063023149967
2018-12-07 16:00:00,49.900000000000006,51.904726383388045
2018-12-07 16:15:00,57.1,48.18971377313137
2018-12-07 16:30:00,50.33,45.4912774670124
2018-12-07 16:45:00,68.54,42.87438264936209
2018-12-07 17:00:00,60.12,43.51943927973509
2018-12-07 17:15:00,72.11,43.81911783486605
2018-12-07 17:30:00,46.33,46.092013287246225
2018-12-07 17:45:00,34.16,45.72405041575432
2018-12-07 18:00:00,30.349999999999998,43.96334347248077
2018-12-07 18:15:00,42.48,41.91289187133312
2018-12-07 18:30:00,52.85000000000001,41.194750139713285
2018-12-07 18:45:00,58.97,41.870704244375226
2018-12-07 19:00:00,57.17,43.0582091486454
2018-12-07 19:15:00,44.39,42.55661919176578
2018-12-07 19:30:00,47.84,39.298556873500345
2018-12-07 19:45:00,54.07,36.263598570525645
2018-12-07 20:00:00,43.38,35.02914567261934
2018-12-07 20:15:00,57.64,31.817487947642803
2018-12-07 20:30:00,41.72,30.711877068430184
2018-12-07 20:45:00,31.9,26.33796908259392
2018-12-07 21:00:00,19.690000000000005,20.58673432573676
2018-12-07 21:15:00,5.62,14.331441855877637
2018-12-07 21:30:00,5.62,8.82071564361453
2018-12-07 21:45:00,5.1499999999999995,4.582606099098921
2018-12-07 22:00:00,4.28,1.8357073796261103
2018-12-07 22:15:00,4.0,0.5501762524899095
2018-12-07 22:30:00,4.07,0.6198594879265875
2018-12-07 22:45:00,4.03,0.8313658634200692
2018-12-07 23:00:00,4.0,1.0684934530127794
2018-12-07 23:15:00,3.9599999999999995,1.2663432459160686
2018-12-07 23:30:00,4.03,1.2002256542351097
2018-12-07 23:45:00,4.0,0.936767426794395
2018-12-08 00:00:00,3.78,0.43370669624768204
2018-12-08 00:15:00,4.0,0.6104549569170923
2018-12-08 00:30:00,3.9599999999999995,0.5014156145136804
2018-12-08 00:45:00,4.0,1.0979076632857323
2018-12-08 01:00:00,4.0,1.8064168097730726
2018-12-08 01:15:00,5.1499999999999995,3.223565058512613
2018-12-08 01:30:00,4.79,4.5774327088613065
2018-12-08 01:45:00,3.9599999999999995,5.453109878078102
2018-12-08 02:00:00,3.9599999999999995,5.970761862266809
2018-12-08 02:15:00,4.1,6.066033191327005
2018-12-08 02:30:00,4.0,5.733899376820772
2018-12-08 02:45:00,4.0,4.914368290640414
2018-12-08 03:00:00,4.0,5.354038676135241
2018-12-08 03:15:00,3.9599999999999995,6.048636801801622
2018-12-08 03:30:00,3.64,6.806890517007559
2018-12-08 03:45:00,3.38,7.505696907863021
2018-12-08 04:00:00,3.31,8.058850393146276
2018-12-08 04:15:00,3.35,8.488259044811128
2018-12-08 04:30:00,3.35,8.758135908171534
2018-12-08 04:45:00,3.42,8.828065021038055
2018-12-08 05:00:00,3.49,8.662892085947096
2018-12-08 05:15:00,4.0,8.30992043994367
2018-12-08 05:30:00,3.5299999999999994,7.9256931694224475
2018-12-08 05:45:00,3.35,7.298552470952272
2018-12-08 06:00:00,3.38,7.187846438847481
2018-12-08 06:15:00,4.03,7.675072213821113
2018-12-08 06:30:00,4.03,8.808867495134473
2018-12-08 06:45:00,4.0,10.514181846193969
2018-12-08 07:00:00,3.78,12.73331827558577
2018-12-08 07:15:00,3.35,15.018458199426531
2018-12-08 07:30:00,3.31,17.270303624719382
2018-12-08 07:45:00,3.5299999999999994,19.500629722625018
2018-12-08 08:00:00,3.67,21.599657272994516
2018-12-08 08:15:00,29.230000000000004,23.226561985313893
2018-12-08 08:30:00,38.16,29.820516371577977
2018-12-08 08:45:00,33.08,36.19408823519945
2018-12-08 09:00:00,51.52,38.339933542758224
2018-12-08 09:15:00,47.77,42.43046947479248
2018-12-08 09:30:00,42.05,44.364844474494454
2018-12-08 09:45:00,32.4,45.053040805161
2018-12-08 10:00:00,31.43,43.327565066218376
2018-12-08 10:15:00,31.57,41.460109145641326
2018-12-08 10:30:00,31.43,38.98997283995151
2018-12-08 10:45:00,47.66,35.2613437846303
2018-12-08 11:00:00,49.28,33.95505650445819
2018-12-08 11:15:00,38.16,32.233371095210316
2018-12-08 11:30:00,44.13999999999999,28.73058326601982
2018-12-08 11:45:00,38.27,26.699377468079327
2018-12-08 12:00:00,22.46,24.421476894319056
2018-12-08 12:15:00,3.92,20.977061938792467
2018-12-08 12:30:00,4.57,17.70244162812829
2018-12-08 12:45:00,5.359999999999999,17.871289813295007
2018-12-08 13:00:00,6.080000000000001,18.335571519061922
2018-12-08 13:15:00,34.09,18.662237086892127
2018-12-08 13:30:00,55.69,22.38001385346055
2018-12-08 13:45:00,40.61,32.1635778324306
2018-12-08 14:00:00,50.51,36.65879657760262
2018-12-08 14:15:00,37.98,41.618274573981765
2018-12-08 14:30:00,48.89,42.36182588547468
2018-12-08 14:45:00,37.73,44.651328730285165
2018-12-08 15:00:00,40.03,43.02680420130491
2018-12-08 15:15:00,43.67,40.89547127574682
2018-12-08 15:30:00,46.15,38.9666178523004
2018-12-08 15:45:00,49.68,37.21392718687653
2018-12-08 16:00:00,49.32,35.480435170084235
2018-12-08 16:15:00,49.46,33.44897114470601
2018-12-08 16:30:00,49.54,31.260810219198465
2018-12-08 16:45:00,34.63,29.250776825696228
2018-12-08 17:00:00,27.0,25.40652475103736
2018-12-08 17:15:00,9.9,22.794421736449003
2018-12-08 17:30:00,5.22,20.35233117595315
2018-12-08 17:45:00,5.290000000000001,18.266350847557188
2018-12-08 18:00:00,5.22,16.86674466229975
2018-12-08 18:15:00,5.18,16.08995162047446
2018-12-08 18:30:00,5.1499999999999995,15.635674543827772
2018-12-08 18:45:00,5.33,15.416756058484316
2018-12-08 19:00:00,5.1499999999999995,14.88471098214388
2018-12-08 19:15:00,4.1,13.993599530905485
2018-12-08 19:30:00,4.14,13.54918112874031
2018-12-08 19:45:00,4.1,13.017776007354259
2018-12-08 20:00:00,4.14,12.363745412155986
2018-12-08 20:15:00,4.1,11.59907278034836
2018-12-08 20:30:00,4.03,10.683649215847254
2018-12-08 20:45:00,4.14,9.693372253514825
2018-12-08 21:00:00,4.1,8.72713177472353
2018-12-08 21:15:00,4.14,7.816209788098931
2018-12-08 21:30:00,4.1,6.962947181500494
2018-12-08 21:45:00,4.14,5.7311863046325735
2018-12-08 22:00:00,4.1,4.601459087850526
2018-12-08 22:15:00,3.8200000000000003,3.595015965187922
2018-12-08 22:30:00,3.89,2.991627208883874
2018-12-08 22:45:00,5.0,2.4474075509002433
2018-12-08 23:00:00,4.75,2.1271061315969564
2018-12-08 23:15:00,3.8200000000000003,1.8092507155612112
2018-12-08 23:30:00,3.71,1.406869915826246
2018-12-08 23:45:00,3.8200000000000003,1.1176607992034406
2018-12-09 00:00:00,3.17,1.0196780820470304
2018-12-09 00:15:00,3.74,-0.29494896197691556
2018-12-09 00:30:00,3.74,-0.5184978582337498
2018-12-09 00:45:00,3.8200000000000003,-0.12601544948294754
2018-12-09 01:00:00,3.85,0.7008192629553378
2018-12-09 01:15:00,3.78,1.6759205917268991
2018-12-09 01:30:00,3.8200000000000003,2.5545465709245763
2018-12-09 01:45:00,3.78,3.474534129961394
2018-12-09 02:00:00,3.78,4.260549329668284
2018-12-09 02:15:00,3.17,4.816679728217422
2018-12-09 02:30:00,3.13,4.9721792389452455
2018-12-09 02:45:00,3.35,4.9318239040672776
2018-12-09 03:00:00,3.67,5.33207109959796
2018-12-09 03:15:00,3.02,6.464492723215371
2018-12-09 03:30:00,3.13,7.290325681604444
2018-12-09 03:45:00,3.06,8.036476108394563
2018-12-09 04:00:00,3.06,8.635427913852036
2018-12-09 04:15:00,3.06,9.098892835006117
2018-12-09 04:30:00,3.2,9.406285092793405
2018-12-09 04:45:00,3.78,9.57478916183114
2018-12-09 05:00:00,3.78,9.72585838790983
2018-12-09 05:15:00,3.74,9.681801980212331
2018-12-09 05:30:00,3.74,9.509412149600685
2018-12-09 05:45:00,3.13,9.604467353522777
2018-12-09 06:00:00,3.74,9.548716049715877
2018-12-09 06:15:00,3.56,9.780527381934226
2018-12-09 06:30:00,3.1,10.111582254841924
2018-12-09 06:45:00,2.95,10.493116100914776
2018-12-09 07:00:00,3.06,11.16282110158354
2018-12-09 07:15:00,3.02,12.204709869623183
2018-12-09 07:30:00,2.95,13.31351940087974
2018-12-09 07:45:00,3.02,14.685198850110172
2018-12-09 08:00:00,2.99,16.312386489883064
2018-12-09 08:15:00,3.13,18.115691978558896
2018-12-09 08:30:00,3.74,19.69184377208352
2018-12-09 08:45:00,3.8200000000000003,21.12125950820744
2018-12-09 09:00:00,3.9599999999999995,21.35410094335675
2018-12-09 09:15:00,4.03,21.082345756068825
2018-12-09 09:30:00,3.35,20.52373469002545
2018-12-09 09:45:00,3.31,19.080217490345238
2018-12-09 10:00:00,3.89,17.877086457908153
2018-12-09 10:15:00,4.03,16.408064246475696
2018-12-09 10:30:00,3.31,14.62316925138235
2018-12-09 10:45:00,3.35,12.394628290981053
2018-12-09 11:00:00,3.42,9.918384906388818
2018-12-09 11:15:00,3.35,7.149849394112825
2018-12-09 11:30:00,3.31,4.39359624536708
2018-12-09 11:45:00,3.38,1.6565306583140047
2018-12-09 12:00:00,3.89,-0.9716606273502111
2018-12-09 12:15:00,4.18,-3.2470569563284517
2018-12-09 12:30:00,4.1,-4.791079081594945
2018-12-09 12:45:00,4.1,-5.437422358244658
2018-12-09 13:00:00,3.6,-4.5266603603586555
2018-12-09 13:15:00,3.42,-3.010843407660723
2018-12-09 13:30:00,3.42,-1.0639685158804058
2018-12-09 13:45:00,3.35,1.0796300726290793
2018-12-09 14:00:00,3.92,3.1743908356130124
2018-12-09 14:15:00,3.78,5.153671306055038
2018-12-09 14:30:00,3.42,6.8074611435085535
2018-12-09 14:45:00,3.38,7.893184580467641
2018-12-09 15:00:00,3.4599999999999995,9.336375066302717
2018-12-09 15:15:00,3.42,10.90275800358504
2018-12-09 15:30:00,3.5299999999999994,12.034293233454227
2018-12-09 15:45:00,4.07,12.675525852292775
2018-12-09 16:00:00,4.03,13.797199600860475
2018-12-09 16:15:00,4.14,14.36354963093996
2018-12-09 16:30:00,4.0,14.363454199060797
2018-12-09 16:45:00,3.31,14.024139977693558
2018-12-09 17:00:00,3.35,13.247937490791083
2018-12-09 17:15:00,3.49,12.27116413936019
2018-12-09 17:30:00,4.1,11.982574768587947
2018-12-09 17:45:00,3.64,12.877925640717148
2018-12-09 18:00:00,3.24,13.361445290595293
2018-12-09 18:15:00,3.28,13.47335320301354
2018-12-09 18:30:00,3.31,14.004146437644959
2018-12-09 18:45:00,3.42,15.354975705370306
2018-12-09 19:00:00,3.64,16.526122462823988
2018-12-09 19:15:00,4.07,17.25439793728292
2018-12-09 19:30:00,4.03,16.831458444297315
2018-12-09 19:45:00,4.03,16.138673524335026
2018-12-09 20:00:00,4.0,16.06794502913952
2018-12-09 20:15:00,3.31,17.420845730006693
2018-12-09 20:30:00,3.31,17.745397201031444
2018-12-09 20:45:00,3.35,17.703098424002526
2018-12-09 21:00:00,3.35,17.183698633015155
2018-12-09 21:15:00,3.67,16.149871613308786
2018-12-09 21:30:00,4.14,14.582999166622757
2018-12-09 21:45:00,3.38,12.37579901985824
2018-12-09 22:00:00,3.28,9.443463668823242
2018-12-09 22:15:00,3.13,6.454584087338298
2018-12-09 22:30:00,3.17,4.006387149645016
2018-12-09 22:45:00,3.78,1.5081346475798638
2018-12-09 23:00:00,3.78,0.24710060314275328
2018-12-09 23:15:00,3.74,0.7153000682312995
2018-12-09 23:30:00,3.74,1.0018665638472886
2018-12-09 23:45:00,3.4599999999999995,1.3401512436475604
2018-12-10 00:00:00,5.359999999999999,1.636210123738274
2018-12-10 00:15:00,3.06,1.3331152476742865
2018-12-10 00:30:00,3.02,1.0691230227332562
2018-12-10 00:45:00,3.31,0.6710581297334284
2018-12-10 01:00:00,3.85,0.20717358899302785
2018-12-10 01:15:00,3.42,0.13506441905163233
2018-12-10 01:30:00,3.1,2.9473280112585054
2018-12-10 01:45:00,3.1,5.325996579807251
2018-12-10 02:00:00,3.17,5.840057799201459
2018-12-10 02:15:00,3.31,5.174937177598476
2018-12-10 02:30:00,3.8200000000000003,3.4930732460692524
2018-12-10 02:45:00,3.78,1.1665606554504484
2018-12-10 03:00:00,3.8200000000000003,-1.1174131750315428
2018-12-10 03:15:00,3.74,-3.8116740557551383
2018-12-10 03:30:00,3.1,-4.078406719379127
2018-12-10 03:45:00,3.2,-3.202128750346601
2018-12-10 04:00:00,3.1,-2.049616470709443
2018-12-10 04:15:00,3.13,-0.7796132330410181
2018-12-10 04:30:00,3.17,0.4416216478962452
2018-12-10 04:45:00,3.49,1.4574047447089107
2018-12-10 05:00:00,3.74,2.1201713214837947
2018-12-10 05:15:00,3.13,2.3765093132667245
2018-12-10 05:30:00,3.1,2.013420379406307
2018-12-10 05:45:00,3.8200000000000003,1.3763035059534015
2018-12-10 06:00:00,3.8200000000000003,0.8111183061636985
2018-12-10 06:15:00,3.85,0.30995147739537066
2018-12-10 06:30:00,3.8200000000000003,0.9970207295008005
2018-12-10 06:45:00,3.4599999999999995,3.022452021620702
2018-12-10 07:00:00,3.06,5.672494295537471
2018-12-10 07:15:00,3.13,9.413588999733328
2018-12-10 07:30:00,3.56,14.10654708944261
2018-12-10 07:45:00,5.870000000000001,19.047219391986726
2018-12-10 08:00:00,6.8,24.283394824266434
2018-12-10 08:15:00,33.48,29.064273742884396
2018-12-10 08:30:00,61.06,41.363491665720936
2018-12-10 08:45:00,58.36,56.90725650727749
2018-12-10 09:00:00,68.62,63.232198530733584
2018-12-10 09:15:00,69.23,69.3305650639534
2018-12-10 09:30:00,70.78,73.1755446663499
2018-12-10 09:45:00,61.74,75.39692486763002
2018-12-10 10:00:00,72.0,74.58310425668955
2018-12-10 10:15:00,56.2,74.46311607092619
2018-12-10 10:30:00,56.02,69.85575027227402
2018-12-10 10:45:00,63.9,64.13306648820638
2018-12-10 11:00:00,68.47,58.139670531153676
2018-12-10 11:15:00,61.56000000000001,51.88090209543705
2018-12-10 11:30:00,70.31,44.38597870618105
2018-12-10 11:45:00,62.42,39.27188759282231
2018-12-10 12:00:00,44.75,35.41537757396698
2018-12-10 12:15:00,9.109999999999998,32.249048868864776
2018-12-10 12:30:00,10.33,28.670611627697944
2018-12-10 12:45:00,11.45,29.930579641908405
2018-12-10 13:00:00,11.09,32.41236986413598
2018-12-10 13:15:00,42.66,33.91174165859818
2018-12-10 13:30:00,72.9,40.936019719839095
2018-12-10 13:45:00,71.03,53.28916675895452
2018-12-10 14:00:00,67.32,62.33548466682434
2018-12-10 14:15:00,64.22,68.20352579832077
2018-12-10 14:30:00,69.91,71.57841919124127
2018-12-10 14:45:00,51.23,75.4586389797926
2018-12-10 15:00:00,58.39,75.13114371597767
2018-12-10 15:15:00,69.62,74.64243818551302
2018-12-10 15:30:00,66.71,74.53496617138386
2018-12-10 15:45:00,65.99,72.9831090888381
2018-12-10 16:00:00,64.98,70.22613823622466
2018-12-10 16:15:00,64.55,66.51911944925784
2018-12-10 16:30:00,63.72,62.44610031932592
2018-12-10 16:45:00,66.53,58.214111887812614
2018-12-10 17:00:00,62.57,54.79648297667503
2018-12-10 17:15:00,63.72,51.82271334916353
2018-12-10 17:30:00,58.64,50.5053716892004
2018-12-10 17:45:00,60.12,52.10083103597164
2018-12-10 18:00:00,24.73,53.85005920827389
2018-12-10 18:15:00,5.47,52.201813682317734
2018-12-10 18:30:00,4.5,49.085668672919276
2018-12-10 18:45:00,4.46,45.4720024728775
2018-12-10 19:00:00,4.46,41.44028626024723
2018-12-10 19:15:00,4.75,37.041541285812855
2018-12-10 19:30:00,5.69,32.1853722281754
2018-12-10 19:45:00,5.62,27.848464865982532
2018-12-10 20:00:00,4.46,24.278174139112235
2018-12-10 20:15:00,4.46,21.81875988572836
2018-12-10 20:30:00,4.5,18.948832492753862
2018-12-10 20:45:00,4.43,16.294589005783198
2018-12-10 21:00:00,4.46,14.138607709929346
2018-12-10 21:15:00,4.5,12.029062443748115
2018-12-10 21:30:00,4.57,9.833978777453304
2018-12-10 21:45:00,4.54,7.511526672951876
2018-12-10 22:00:00,4.46,4.908947759903967
2018-12-10 22:15:00,4.28,2.9923105292068795
2018-12-10 22:30:00,4.25,1.7573131783958524
2018-12-10 22:45:00,4.32,0.8179923486243934
2018-12-10 23:00:00,4.18,0.27779823184944696
2018-12-10 23:15:00,4.18,0.3942051960062236
2018-12-10 23:30:00,4.21,0.3858526611234993
2018-12-10 23:45:00,4.28,0.27585787720046945
2018-12-11 00:00:00,4.18,0.09036286378279333
2018-12-11 00:15:00,4.86,0.18087172104977076
2018-12-11 00:30:00,4.21,0.1671009008865804
2018-12-11 00:45:00,4.18,0.117264128131792
2018-12-11 01:00:00,4.21,0.8441916272975505
2018-12-11 01:15:00,4.32,1.5257235849555582
2018-12-11 01:30:00,4.25,2.0679624349973165
2018-12-11 01:45:00,4.18,1.5319332531280816
2018-12-11 02:00:00,4.21,1.3621665361244233
2018-12-11 02:15:00,4.28,0.83461672231555
2018-12-11 02:30:00,4.25,-0.003158413022756526
2018-12-11 02:45:00,4.21,-0.8141601346619427
2018-12-11 03:00:00,3.56,-1.9063591859862208
2018-12-11 03:15:00,3.56,-2.0049891558289525
2018-12-11 03:30:00,3.5299999999999994,-1.8563742131367325
2018-12-11 03:45:00,3.5299999999999994,-1.4095523310266436
2018-12-11 04:00:00,3.85,-0.4681982408650219
2018-12-11 04:15:00,4.18,0.5483894308935852
2018-12-11 04:30:00,3.49,1.5491178680863231
2018-12-11 04:45:00,3.56,2.1291539172804916
2018-12-11 05:00:00,3.56,2.4956331388186666
2018-12-11 05:15:00,3.74,2.5771216485602784
2018-12-11 05:30:00,4.18,2.4082930760481394
2018-12-11 05:45:00,4.25,2.235300480846781
2018-12-11 06:00:00,4.28,2.2926443041372115
2018-12-11 06:15:00,3.56,2.4695034692808986
2018-12-11 06:30:00,3.5299999999999994,2.9754943795409052
2018-12-11 06:45:00,3.6,4.40375707401894
2018-12-11 07:00:00,3.49,6.379486776851117
2018-12-11 07:15:00,4.1,8.762714954279362
2018-12-11 07:30:00,4.07,12.018557077944278
2018-12-11 07:45:00,4.86,15.870892794132232
2018-12-11 08:00:00,14.83,20.116118188649416
2018-12-11 08:15:00,44.21,27.58054379478097
2018-12-11 08:30:00,54.04,41.92228236824274
2018-12-11 08:45:00,61.74,52.176291829645635
2018-12-11 09:00:00,69.48,59.307788168489935
2018-12-11 09:15:00,75.38,65.3093620762229
2018-12-11 09:30:00,71.82,70.465131098032
2018-12-11 09:45:00,71.24,71.47900387316942
2018-12-11 10:00:00,54.86,71.5560275042057
2018-12-11 10:15:00,66.13,67.37933567166328
2018-12-11 10:30:00,73.08,64.70706341862679
2018-12-11 10:45:00,77.51,61.41010531187057
2018-12-11 11:00:00,72.54,56.86648800849915
2018-12-11 11:15:00,63.83,50.214733339846134
2018-12-11 11:30:00,67.07,42.488801930248734
2018-12-11 11:45:00,84.24,36.35065265342593
2018-12-11 12:00:00,72.79,34.31631893530488
2018-12-11 12:15:00,7.959999999999999,33.44487543299794
2018-12-11 12:30:00,5.8,29.96858847528696
2018-12-11 12:45:00,6.98,30.025861075520513
2018-12-11 13:00:00,6.95,31.369122033864258
2018-12-11 13:15:00,38.45,31.79731701657176
2018-12-11 13:30:00,59.36,35.58686529263854
2018-12-11 13:45:00,66.02,45.61595865577459
2018-12-11 14:00:00,80.28,54.85448310464621
2018-12-11 14:15:00,75.53,64.03190420538186
2018-12-11 14:30:00,72.0,69.95656226396561
2018-12-11 14:45:00,72.61,73.11645773768424
2018-12-11 15:00:00,78.55,76.42308477789165
2018-12-11 15:15:00,73.98,78.78528201460838
2018-12-11 15:30:00,76.78999999999999,78.6333364993334
2018-12-11 15:45:00,80.46,77.60349404126407
2018-12-11 16:00:00,68.11,75.92445433199407
2018-12-11 16:15:00,71.68,71.52659855812787
2018-12-11 16:30:00,69.8,67.13414535135031
2018-12-11 16:45:00,75.46,62.38405837059021
2018-12-11 17:00:00,70.27,58.54032724171877
2018-12-11 17:15:00,78.48000000000002,54.57560645371675
2018-12-11 17:30:00,66.78,52.787302856445315
2018-12-11 17:45:00,32.11,51.21335497796535
2018-12-11 18:00:00,31.25,48.51576296329498
2018-12-11 18:15:00,36.4,47.52091818213463
2018-12-11 18:30:00,39.56,47.94140675991773
2018-12-11 18:45:00,51.440000000000005,48.02102613806724
2018-12-11 19:00:00,51.52,48.329358680546285
2018-12-11 19:15:00,53.57,47.59398531973362
2018-12-11 19:30:00,52.81,45.7719504827261
2018-12-11 19:45:00,52.38,42.84935479700565
2018-12-11 20:00:00,53.21,39.874462441504
2018-12-11 20:15:00,51.91,38.8679278165102
2018-12-11 20:30:00,53.46,37.37491739884019
2018-12-11 20:45:00,32.36,35.60694640547037
2018-12-11 21:00:00,28.37,28.95009904265404
2018-12-11 21:15:00,6.77,22.708559990674257
2018-12-11 21:30:00,5.69,15.075526463165879
2018-12-11 21:45:00,5.8,9.248604682944714
2018-12-11 22:00:00,5.69,5.7055664939433335
2018-12-11 22:15:00,5.47,3.5076608508452773
2018-12-11 22:30:00,5.44,2.310263625339139
2018-12-11 22:45:00,4.97,1.559144811425358
2018-12-11 23:00:00,4.36,1.0201337692700327
2018-12-11 23:15:00,4.25,0.7658062675502152
2018-12-11 23:30:00,4.21,0.9433679446484894
2018-12-11 23:45:00,4.14,1.0405827158596368
2018-12-12 00:00:00,4.21,1.0390511745400728
2018-12-12 00:15:00,4.21,1.2739717615861446
2018-12-12 00:30:00,4.14,1.3321265453379603
2018-12-12 00:45:00,4.14,2.39460081175901
2018-12-12 01:00:00,4.14,3.562701608175412
2018-12-12 01:15:00,4.21,4.71299678071402
2018-12-12 01:30:00,4.18,5.105922526679932
2018-12-12 01:45:00,4.75,5.572903831899166
2018-12-12 02:00:00,5.33,5.49209632685408
2018-12-12 02:15:00,4.25,4.838732351399957
2018-12-12 02:30:00,4.25,3.7251526295952497
2018-12-12 02:45:00,4.18,2.285827450633515
2018-12-12 03:00:00,4.21,0.8399811166524888
2018-12-12 03:15:00,4.18,0.5591848815418781
2018-12-12 03:30:00,4.18,1.1806892048195006
2018-12-12 03:45:00,4.25,2.00559363207547
2018-12-12 04:00:00,4.18,2.911018707375042
2018-12-12 04:15:00,4.03,3.7976735600270333
2018-12-12 04:30:00,3.4599999999999995,4.551180100608617
2018-12-12 04:45:00,3.4599999999999995,4.936681667398661
2018-12-12 05:00:00,3.5299999999999994,4.978293896261603
2018-12-12 05:15:00,3.4599999999999995,4.657096715448424
2018-12-12 05:30:00,3.49,4.078343909261748
2018-12-12 05:45:00,4.0,3.3065253243083137
2018-12-12 06:00:00,4.25,2.6818421019823293
2018-12-12 06:15:00,3.85,2.9475108404946515
2018-12-12 06:30:00,3.42,4.269627848537639
2018-12-12 06:45:00,3.42,6.491011839024722
2018-12-12 07:00:00,3.9599999999999995,9.612195651642978
2018-12-12 07:15:00,4.1,14.00796259008348
2018-12-12 07:30:00,4.32,18.862456537559627
2018-12-12 07:45:00,5.83,23.81338271483779
2018-12-12 08:00:00,5.8,28.845557348579167
2018-12-12 08:15:00,36.86,33.07361398667097
2018-12-12 08:30:00,60.37,46.73517026185989
2018-12-12 08:45:00,66.46,59.702930039167406
2018-12-12 09:00:00,69.05,67.34275719374418
2018-12-12 09:15:00,63.86,72.5805392497778
2018-12-12 09:30:00,65.59,73.51146488100291
2018-12-12 09:45:00,60.980000000000004,73.96079409539699
2018-12-12 10:00:00,65.74,72.40880677640438
2018-12-12 10:15:00,57.17,70.9780067166686
2018-12-12 10:30:00,64.55,66.76314213246107
2018-12-12 10:45:00,53.42,62.143646380603315
2018-12-12 11:00:00,65.88,54.724233185052874
2018-12-12 11:15:00,57.71,47.74904303699732
2018-12-12 11:30:00,59.76,40.13368686169386
2018-12-12 11:45:00,79.85000000000001,33.69367195561528
2018-12-12 12:00:00,49.64,31.517569128721952
2018-12-12 12:15:00,27.97,28.84803408652544
2018-12-12 12:30:00,29.74,26.935399591624737
2018-12-12 12:45:00,29.56,29.029700457155705
2018-12-12 13:00:00,29.299999999999997,31.830100673884154
2018-12-12 13:15:00,58.86,34.42315323993564
2018-12-12 13:30:00,61.78,41.71155530631542
2018-12-12 13:45:00,77.0,49.33286643087864
2018-12-12 14:00:00,65.56,57.89366286486387
2018-12-12 14:15:00,86.51,63.26298822313547
2018-12-12 14:30:00,60.44,70.68491183847189
2018-12-12 14:45:00,64.8,73.30936037003994
2018-12-12 15:00:00,72.18,75.1651533922553
2018-12-12 15:15:00,69.08,76.35542020738126
2018-12-12 15:30:00,66.17,75.83825576782228
2018-12-12 15:45:00,61.67,73.68563591957093
2018-12-12 16:00:00,70.6,69.82377048820257
2018-12-12 16:15:00,68.36,66.32573179841042
2018-12-12 16:30:00,75.1,62.34716103792191
2018-12-12 16:45:00,66.13,59.5015710195899
2018-12-12 17:00:00,70.7,55.54329019933939
2018-12-12 17:15:00,60.699999999999996,53.22877297490835
2018-12-12 17:30:00,57.92,50.33645052671432
2018-12-12 17:45:00,32.9,50.47182457685471
2018-12-12 18:00:00,30.53,48.987941937744615
2018-12-12 18:15:00,49.900000000000006,47.88375692307949
2018-12-12 18:30:00,67.25,49.02219412326813
2018-12-12 18:45:00,69.37,51.47257490724325
2018-12-12 19:00:00,65.99,52.689293193817136
2018-12-12 19:15:00,66.02,52.253980115652084
2018-12-12 19:30:00,60.19,50.75014435470104
2018-12-12 19:45:00,58.54,47.63392749071121
2018-12-12 20:00:00,61.85,44.63813892185688
2018-12-12 20:15:00,67.07,42.801742148399356
2018-12-12 20:30:00,58.82,41.870151862204075
2018-12-12 20:45:00,53.35,38.693709623366594
2018-12-12 21:00:00,30.349999999999998,34.23567562922835
2018-12-12 21:15:00,12.2,26.361151170134544
2018-12-12 21:30:00,5.8,17.675928406640885
2018-12-12 21:45:00,5.76,10.02887312926352
2018-12-12 22:00:00,5.65,4.524546185862273
2018-12-12 22:15:00,5.04,1.047687759604305
2018-12-12 22:30:00,4.25,-1.151657220777124
2018-12-12 22:45:00,4.25,-0.8622959745116532
2018-12-12 23:00:00,4.21,-0.4855373712629079
2018-12-12 23:15:00,4.14,-0.11505565952509636
2018-12-12 23:30:00,4.1,0.16891017704270786
2018-12-12 23:45:00,4.1,0.29808452322147794
2018-12-13 00:00:00,5.26,0.3021850065235049
2018-12-13 00:15:00,4.1,0.5018301818240435
2018-12-13 00:30:00,4.18,0.5028145335894079
2018-12-13 00:45:00,4.21,0.3781431686971337
2018-12-13 01:00:00,4.14,2.32898262352217
2018-12-13 01:15:00,4.28,4.671255718814209
2018-12-13 01:30:00,4.18,6.6598008002899585
2018-12-13 01:45:00,4.25,8.456778874695301
2018-12-13 02:00:00,5.359999999999999,8.287800453081726
2018-12-13 02:15:00,4.79,7.285687692277133
2018-12-13 02:30:00,4.25,5.608744116164743
2018-12-13 02:45:00,4.18,3.4892768817115574
2018-12-13 03:00:00,4.21,1.2152380712144077
2018-12-13 03:15:00,4.18,0.5481828489433974
2018-12-13 03:30:00,4.21,1.2557240635622293
2018-12-13 03:45:00,4.21,2.103411308217328
2018-12-13 04:00:00,4.21,3.0523972471477463
2018-12-13 04:15:00,4.18,4.069216271042824
2018-12-13 04:30:00,4.21,4.996697934158146
2018-12-13 04:45:00,4.21,5.657805925924331
2018-12-13 05:00:00,4.18,5.8507290480658405
2018-12-13 05:15:00,3.67,5.536169294789433
2018-12-13 05:30:00,3.42,4.669367430675775
2018-12-13 05:45:00,3.89,3.467294499198906
2018-12-13 06:00:00,4.32,2.2974511236860415
2018-12-13 06:15:00,3.4599999999999995,2.5109036428947
2018-12-13 06:30:00,3.38,3.9666741555184126
2018-12-13 06:45:00,3.38,6.580404845010489
2018-12-13 07:00:00,3.42,11.305872927084565
2018-12-13 07:15:00,3.42,17.062572001069785
2018-12-13 07:30:00,3.71,23.10955127418041
2018-12-13 07:45:00,5.69,28.83521253287792
2018-12-13 08:00:00,6.23,34.20803406611085
2018-12-13 08:15:00,35.57,38.490902284681795
2018-12-13 08:30:00,72.86,50.09569722741842
2018-12-13 08:45:00,61.74,64.91118883997201
2018-12-13 09:00:00,76.36,69.44418962746859
2018-12-13 09:15:00,63.11,74.39939452111722
2018-12-13 09:30:00,65.66,75.56797472238542
2018-12-13 09:45:00,72.07,75.50521871864797
2018-12-13 10:00:00,56.84,75.39206570088864
2018-12-13 10:15:00,69.3,71.87825492829084
2018-12-13 10:30:00,65.66,68.77592845499515
2018-12-13 10:45:00,85.43,63.67505634099245
2018-12-13 11:00:00,53.17,59.46321863144636
2018-12-13 11:15:00,55.4,50.774278515577315
2018-12-13 11:30:00,60.08,42.48083954334259
2018-12-13 11:45:00,58.0,35.79198320552707
2018-12-13 12:00:00,51.300000000000004,31.081717141121626
2018-12-13 12:15:00,11.38,29.08242600902915
2018-12-13 12:30:00,10.91,27.456275769919156
2018-12-13 12:45:00,30.1,29.3245984365046
2018-12-13 13:00:00,36.4,32.661559341549875
2018-12-13 13:15:00,41.69,37.57417691707611
2018-12-13 13:30:00,56.92000000000001,43.36886349260807
2018-12-13 13:45:00,46.660000000000004,51.175810953974725
2018-12-13 14:00:00,52.52,56.27979077905417
2018-12-13 14:15:00,58.25,60.943944159448144
2018-12-13 14:30:00,72.61,65.81785905569792
2018-12-13 14:45:00,66.24,71.07112128525972
2018-12-13 15:00:00,73.08,73.94536332190037
2018-12-13 15:15:00,60.52,75.85636312484742
2018-12-13 15:30:00,59.87,74.67463353335857
2018-12-13 15:45:00,63.49999999999999,72.02676489591599
2018-12-13 16:00:00,60.52,68.37053832322358
2018-12-13 16:15:00,88.92,63.956506284475324
2018-12-13 16:30:00,105.37,62.5855206811428
2018-12-13 16:45:00,102.89000000000001,63.601535621285436
2018-12-13 17:00:00,77.83,63.6851608929038
2018-12-13 17:15:00,67.18,59.93558622419834
2018-12-13 17:30:00,70.13,55.890702657699585
2018-12-13 17:45:00,31.72,56.20759936928749
2018-12-13 18:00:00,31.5,54.27670931726694
2018-12-13 18:15:00,54.79,53.171087210774424
2018-12-13 18:30:00,77.04,54.38602260529995
2018-12-13 18:45:00,79.63,57.34922511696816
2018-12-13 19:00:00,80.46,58.622169621288776
2018-12-13 19:15:00,71.89,58.82629504263401
2018-12-13 19:30:00,78.52,56.43255813121796
2018-12-13 19:45:00,52.31,53.90963564634323
2018-12-13 20:00:00,61.16,48.318899346590044
2018-12-13 20:15:00,61.6,44.68348365992308
2018-12-13 20:30:00,49.68,41.267206513285636
2018-12-13 20:45:00,41.54,35.35735948234797
2018-12-13 21:00:00,20.16,28.630251801908017
2018-12-13 21:15:00,6.16,20.15136960208416
2018-12-13 21:30:00,5.69,11.556987883001565
2018-12-13 21:45:00,5.69,5.464339684117585
2018-12-13 22:00:00,5.65,1.4427196029387415
2018-12-13 22:15:00,5.47,-1.0629662004671991
2018-12-13 22:30:00,5.4,-0.8528746025823056
2018-12-13 22:45:00,5.359999999999999,-0.3644615427590906
2018-12-13 23:00:00,5.359999999999999,0.11905179177410906
2018-12-13 23:15:00,5.26,0.46310111843980856
2018-12-13 23:30:00,5.22,0.5686395142879338
2018-12-13 23:45:00,5.18,0.4675513315107674
2018-12-14 00:00:00,4.1,0.26302706104703255
2018-12-14 00:15:00,5.33,0.016785165630281023
2018-12-14 00:30:00,5.290000000000001,-0.1976718793623149
2018-12-14 00:45:00,5.26,-0.46888057880103584
2018-12-14 01:00:00,5.290000000000001,1.0307363913860172
2018-12-14 01:15:00,5.26,3.4340508742630482
2018-12-14 01:30:00,5.359999999999999,5.489782665148377
2018-12-14 01:45:00,5.33,5.885917588733136
2018-12-14 02:00:00,4.79,5.387652871478348
2018-12-14 02:15:00,4.14,3.838099907450378
2018-12-14 02:30:00,4.18,1.800819870401174
2018-12-14 02:45:00,4.21,-0.6262831134721636
2018-12-14 03:00:00,4.18,-3.4678924997150897
2018-12-14 03:15:00,4.25,-4.611044034734368
2018-12-14 03:30:00,4.18,-3.6573893367126584
2018-12-14 03:45:00,4.14,-2.5852582061663267
2018-12-14 04:00:00,4.28,-1.0492916542291642
2018-12-14 04:15:00,4.18,0.3189695092942566
2018-12-14 04:30:00,4.18,1.3525707203336061
2018-12-14 04:45:00,4.1,1.9304852346493864
2018-12-14 05:00:00,4.46,1.9860453940159641
2018-12-14 05:15:00,5.4,1.6363774102088064
2018-12-14 05:30:00,4.5,1.0834390676766634
2018-12-14 05:45:00,4.18,0.2150719804037363
2018-12-14 06:00:00,4.14,-0.6218730379268527
2018-12-14 06:15:00,4.14,-1.017057291585952
2018-12-14 06:30:00,3.49,0.8641328201536089
2018-12-14 06:45:00,3.42,3.8617922748625277
2018-12-14 07:00:00,3.35,8.001769779399037
2018-12-14 07:15:00,3.35,13.331634617000818
2018-12-14 07:30:00,4.25,19.47029361233115
2018-12-14 07:45:00,6.52,25.723639271855355
2018-12-14 08:00:00,7.38,31.644751755446194
2018-12-14 08:15:00,36.22,36.83286432519555
2018-12-14 08:30:00,94.17999999999999,48.95378855228424
2018-12-14 08:45:00,97.88,67.70116340458394
2018-12-14 09:00:00,134.5,75.46423465609551
2018-12-14 09:15:00,93.67,84.49247664332391
2018-12-14 09:30:00,109.26,86.68680808186532
2018-12-14 09:45:00,128.34,90.56686619758607
2018-12-14 10:00:00,81.47,93.69740008890629
2018-12-14 10:15:00,109.69,89.31526699781419
2018-12-14 10:30:00,120.67,86.43846963226795
2018-12-14 10:45:00,92.81,83.29298100411893
2018-12-14 11:00:00,91.58,75.38157493054868
2018-12-14 11:15:00,104.9,66.56809284418821
2018-12-14 11:30:00,124.19999999999999,58.834922084510325
2018-12-14 11:45:00,88.85,54.14549834251404
2018-12-14 12:00:00,132.01,49.05266496092081
2018-12-14 12:15:00,13.61,49.993780471384525
2018-12-14 12:30:00,9.86,46.974513414800164
2018-12-14 12:45:00,9.61,47.87107009679079
2018-12-14 13:00:00,9.43,50.437141263782976
2018-12-14 13:15:00,86.98,53.0436171656847
2018-12-14 13:30:00,74.66,65.29698961377144
2018-12-14 13:45:00,116.42,74.68031004607677
2018-12-14 14:00:00,107.57,87.01789607524873
2018-12-14 14:15:00,103.82,94.35124992489816
2018-12-14 14:30:00,114.73,98.41492346704007
2018-12-14 14:45:00,84.74,101.74128806531431
2018-12-14 15:00:00,109.4,100.87827849566938
2018-12-14 15:15:00,125.21,101.25265888035298
2018-12-14 15:30:00,89.35,102.32637305736543
2018-12-14 15:45:00,122.25999999999999,98.87762212634087
2018-12-14 16:00:00,114.66000000000001,97.59379614233971
2018-12-14 16:15:00,96.8,94.36534240663052
2018-12-14 16:30:00,118.12,88.51423201322557
2018-12-14 16:45:00,133.2,83.68515438199044
2018-12-14 17:00:00,102.64,79.64790536582471
2018-12-14 17:15:00,63.94,72.90061103612184
2018-12-14 17:30:00,62.64,65.94983797639608
2018-12-14 17:45:00,37.94,64.99995620578527
2018-12-14 18:00:00,32.62,63.946814896464346
2018-12-14 18:15:00,29.63,62.2335724017024
2018-12-14 18:30:00,26.57,58.81121456027031
2018-12-14 18:45:00,26.349999999999998,54.43134039789438
2018-12-14 19:00:00,26.32,50.1137327298522
2018-12-14 19:15:00,26.39,46.490182032585146
2018-12-14 19:30:00,26.64,42.229685291945934
2018-12-14 19:45:00,28.44,38.005596374571326
2018-12-14 20:00:00,30.46,35.52500747129321
2018-12-14 20:15:00,29.88,33.39017837077379
2018-12-14 20:30:00,30.06,30.400095505565403
2018-12-14 20:45:00,31.93,26.566904547065494
2018-12-14 21:00:00,28.66,22.471127720773218
2018-12-14 21:15:00,5.76,17.13963829576969
2018-12-14 21:30:00,5.8,9.187290823310613
2018-12-14 21:45:00,5.72,2.456022312939167
2018-12-14 22:00:00,5.69,-2.1616765127703546
2018-12-14 22:15:00,5.4,-3.327521748654544
2018-12-14 22:30:00,5.33,-2.4538861199468376
2018-12-14 22:45:00,5.33,-1.6443846435844898
2018-12-14 23:00:00,5.33,-1.774936857689172
2018-12-14 23:15:00,4.86,-2.549184955842793
2018-12-14 23:30:00,4.03,-3.797402498908341
2018-12-14 23:45:00,4.03,-5.419928572066128
2018-12-15 00:00:00,3.28,-6.454072762429715
2018-12-15 00:15:00,4.14,-2.9468310713022947
2018-12-15 00:30:00,4.1,-0.6840182776376604
2018-12-15 00:45:00,4.07,1.0637530147563667
2018-12-15 01:00:00,4.14,2.418001550575718
2018-12-15 01:15:00,4.14,3.335599698852748
2018-12-15 01:30:00,4.14,3.99274572388269
2018-12-15 01:45:00,4.14,4.054703889042139
2018-12-15 02:00:00,4.1,4.3437698578462
2018-12-15 02:15:00,4.1,4.415939514758065
2018-12-15 02:30:00,4.21,5.066939446087926
2018-12-15 02:45:00,4.1,6.1095925112068645
2018-12-15 03:00:00,4.18,7.436266847588121
2018-12-15 03:15:00,4.82,8.681569788791238
2018-12-15 03:30:00,5.26,9.874985294565558
2018-12-15 03:45:00,4.18,10.95935640566051
2018-12-15 04:00:00,4.14,11.600217962898313
2018-12-15 04:15:00,4.14,11.990921128466725
2018-12-15 04:30:00,3.8200000000000003,12.082507664263249
2018-12-15 04:45:00,3.4599999999999995,11.681707805879414
2018-12-15 05:00:00,3.49,10.934544117078184
2018-12-15 05:15:00,3.42,10.080444516763091
2018-12-15 05:30:00,3.42,9.541006837971509
2018-12-15 05:45:00,3.42,9.679046244360507
2018-12-15 06:00:00,3.38,10.218323934413492
2018-12-15 06:15:00,3.4599999999999995,11.482922078855335
2018-12-15 06:30:00,3.42,13.420791569426655
2018-12-15 06:45:00,3.49,15.919495688825846
2018-12-15 07:00:00,4.57,18.8850750156492
2018-12-15 07:15:00,4.43,22.492387697994708
2018-12-15 07:30:00,4.1,26.092352125644684
2018-12-15 07:45:00,4.07,29.50689353480935
2018-12-15 08:00:00,3.64,32.43691045254469
2018-12-15 08:15:00,3.35,34.36191965535283
2018-12-15 08:30:00,3.35,35.134295885264876
2018-12-15 08:45:00,3.38,33.898596759289504
2018-12-15 09:00:00,3.49,32.703062104433776
2018-12-15 09:15:00,3.56,29.37278367638588
2018-12-15 09:30:00,3.38,28.16179579347372
2018-12-15 09:45:00,3.42,27.488718117922545
2018-12-15 10:00:00,3.35,27.249978992640973
2018-12-15 10:15:00,3.35,28.140304534286262
2018-12-15 10:30:00,3.35,30.123760710805655
2018-12-15 10:45:00,4.97,30.521062710136174
2018-12-15 11:00:00,5.359999999999999,28.897169154286384
2018-12-15 11:15:00,4.28,26.166321936547757
2018-12-15 11:30:00,4.18,22.428717793673275
2018-12-15 11:45:00,3.35,18.17345408819616
2018-12-15 12:00:00,3.38,13.955446988344193
2018-12-15 12:15:00,3.42,8.833084737882018
2018-12-15 12:30:00,3.42,7.042499757334589
2018-12-15 12:45:00,3.42,6.853675434403121
2018-12-15 13:00:00,3.38,7.0460015459358685
2018-12-15 13:15:00,3.31,7.258969011567532
2018-12-15 13:30:00,3.35,7.3212130513414735
2018-12-15 13:45:00,3.38,6.65533458834514
2018-12-15 14:00:00,3.31,5.979115239195525
2018-12-15 14:15:00,3.8200000000000003,5.307191728018224
2018-12-15 14:30:00,4.1,4.679176143761724
2018-12-15 14:45:00,4.07,4.092800856567919
2018-12-15 15:00:00,4.21,3.621750644771382
2018-12-15 15:15:00,3.74,3.4450621693674477
2018-12-15 15:30:00,3.74,3.3678204484190792
2018-12-15 15:45:00,3.9599999999999995,3.207584007959813
2018-12-15 16:00:00,3.28,3.1269660334335643
2018-12-15 16:15:00,3.35,3.0483626539446416
2018-12-15 16:30:00,3.28,3.1020492609776555
2018-12-15 16:45:00,3.24,3.153151207836345
2018-12-15 17:00:00,3.28,3.1302245409134777
2018-12-15 17:15:00,3.28,3.0271061501628718
2018-12-15 17:30:00,3.35,2.938386184521951
2018-12-15 17:45:00,4.18,2.9100689496658743
2018-12-15 18:00:00,4.1,2.9130303201661447
2018-12-15 18:15:00,4.1,2.9130303201661447
2018-12-15 18:30:00,4.1,2.9130303201661447
2018-12-15 18:45:00,4.03,2.9130303201661447
2018-12-15 19:00:00,4.28,2.9130303201661447
2018-12-15 19:15:00,3.49,2.9130303201661447
2018-12-15 19:30:00,3.38,2.9130303201661447
2018-12-15 19:45:00,3.35,2.917792300765868
2018-12-15 20:00:00,3.38,2.9377878055884503
2018-12-15 20:15:00,3.4599999999999995,2.953482595589012
2018-12-15 20:30:00,3.42,2.83563769755885
2018-12-15 20:45:00,3.35,2.651804251396097
2018-12-15 21:00:00,3.38,2.4810155712394044
2018-12-15 21:15:00,3.9599999999999995,2.3210378143261186
2018-12-15 21:30:00,4.28,2.123091536986176
2018-12-15 21:45:00,4.25,1.9389063962805086
2018-12-15 22:00:00,4.18,1.762870260924101
2018-12-15 22:15:00,3.74,1.5971857828926295
2018-12-15 22:30:00,3.31,1.468138024294749
2018-12-15 22:45:00,4.07,1.3388839644286783
2018-12-15 23:00:00,3.56,1.2531829090975226
2018-12-15 23:15:00,3.17,1.1765244453400374
2018-12-15 23:30:00,3.24,1.1166102064866572
2018-12-15 23:45:00,3.2,1.0852298188209535
2018-12-16 00:00:00,4.21,1.0768841606471689
2018-12-16 00:15:00,3.24,1.0054030166752637
2018-12-16 00:30:00,3.28,1.0485147891100497
2018-12-16 00:45:00,3.28,1.1852612338773907
2018-12-16 01:00:00,3.85,1.3657070588413627
2018-12-16 01:15:00,4.18,1.5918110033217818
2018-12-16 01:30:00,4.07,1.8369275042694062
2018-12-16 01:45:00,4.07,2.076165296204854
2018-12-16 02:00:00,3.92,2.3049393685278483
2018-12-16 02:15:00,3.28,2.5152751597505993
2018-12-16 02:30:00,3.42,2.687222354852129
2018-12-16 02:45:00,3.5299999999999994,2.8537286697723903
2018-12-16 03:00:00,4.14,2.9130303201661447
2018-12-16 03:15:00,3.56,2.9130303201661447
2018-12-16 03:30:00,3.35,2.9130303201661447
2018-12-16 03:45:00,3.38,3.106061960984953
2018-12-16 04:00:00,3.42,3.4513697955571114
2018-12-16 04:15:00,3.42,3.7916262663900855
2018-12-16 04:30:00,3.42,4.119586620274931
2018-12-16 04:45:00,3.38,4.424310434311629
2018-12-16 05:00:00,4.07,4.731727672796696
2018-12-16 05:15:00,4.14,5.177198351770639
2018-12-16 05:30:00,4.07,5.693097757566719
2018-12-16 05:45:00,4.07,6.165833605099469
2018-12-16 06:00:00,3.5299999999999994,6.604850282222032
2018-12-16 06:15:00,3.31,6.847062847223133
2018-12-16 06:30:00,3.35,7.077167352214455
2018-12-16 06:45:00,3.64,7.414114862978458
2018-12-16 07:00:00,4.07,7.966138322539627
2018-12-16 07:15:00,3.38,8.64049983754754
2018-12-16 07:30:00,3.28,9.07551932234317
2018-12-16 07:45:00,3.89,9.612728386074304
2018-12-16 08:00:00,3.9599999999999995,10.4247891208902
2018-12-16 08:15:00,39.35,11.377297513633966
2018-12-16 08:30:00,63.54,22.179993125647307
2018-12-16 08:45:00,65.02,34.95489517971873
2018-12-16 09:00:00,63.790000000000006,41.667477005422114
2018-12-16 09:15:00,61.70000000000001,44.3922076010704
2018-12-16 09:30:00,64.8,45.98873129397631
2018-12-16 09:45:00,51.16,46.83276676058769
2018-12-16 10:00:00,55.01,44.434206609725955
2018-12-16 10:15:00,61.81,42.37139152795076
2018-12-16 10:30:00,72.18,40.324698820114136
2018-12-16 10:45:00,54.86,38.62671195328235
2018-12-16 11:00:00,66.78,33.82524220332503
2018-12-16 11:15:00,69.95,30.641962551027536
2018-12-16 11:30:00,53.35,28.057267572134734
2018-12-16 11:45:00,55.510000000000005,24.17860163912177
2018-12-16 12:00:00,11.810000000000002,22.11009881734848
2018-12-16 12:15:00,5.65,19.14425115853548
2018-12-16 12:30:00,5.54,19.391876675859095
2018-12-16 12:45:00,5.44,18.995186563283205
2018-12-16 13:00:00,5.33,17.410649114400147
2018-12-16 13:15:00,36.47,15.272640448212623
2018-12-16 13:30:00,63.72,17.459787550345062
2018-12-16 13:45:00,64.8,27.67099300712347
2018-12-16 14:00:00,61.85,36.08071291729808
2018-12-16 14:15:00,57.88999999999999,41.6670683324337
2018-12-16 14:30:00,54.36,45.575365302562716
2018-12-16 14:45:00,47.38000000000001,48.18911199092865
2018-12-16 15:00:00,43.49,48.72002311199903
2018-12-16 15:15:00,45.400000000000006,47.655573686361315
2018-12-16 15:30:00,60.54999999999999,46.54523612231016
2018-12-16 15:45:00,48.42,47.68688881546259
2018-12-16 16:00:00,63.21999999999999,44.93223078250885
2018-12-16 16:15:00,62.64,44.75573345154524
2018-12-16 16:30:00,66.02,43.2267171472311
2018-12-16 16:45:00,35.42,41.91883783876896
2018-12-16 17:00:00,9.109999999999998,34.98722076401114
2018-12-16 17:15:00,8.059999999999999,26.62402221083641
2018-12-16 17:30:00,7.739999999999999,23.918497000187635
2018-12-16 17:45:00,7.8500000000000005,22.47823907986283
2018-12-16 18:00:00,6.730000000000001,21.763375713974238
2018-12-16 18:15:00,5.22,21.332046074718235
2018-12-16 18:30:00,5.69,20.855631047561765
2018-12-16 18:45:00,5.72,20.733867828845977
2018-12-16 19:00:00,5.69,20.68155431814492
2018-12-16 19:15:00,5.72,19.95189227461815
2018-12-16 19:30:00,5.44,18.872727253213526
2018-12-16 19:45:00,4.46,18.288064406886697
2018-12-16 20:00:00,4.5,18.562873414307834
2018-12-16 20:15:00,4.46,19.490150179564953
2018-12-16 20:30:00,4.5,20.347657259330152
2018-12-16 20:45:00,4.54,20.285865678936243
2018-12-16 21:00:00,4.46,19.701280300840736
2018-12-16 21:15:00,4.5,18.603174858242273
2018-12-16 21:30:00,4.5,16.995495740026236
2018-12-16 21:45:00,4.57,14.86128975354135
2018-12-16 22:00:00,4.57,12.342924421578646
2018-12-16 22:15:00,4.25,9.492373629622161
2018-12-16 22:30:00,4.25,6.949720042366534
2018-12-16 22:45:00,4.18,5.051404820252209
2018-12-16 23:00:00,5.44,3.228105089822784
2018-12-16 23:15:00,4.82,2.2766076785488987
2018-12-16 23:30:00,4.14,2.5710810562060216
2018-12-16 23:45:00,4.18,2.84038645101944
2018-12-17 00:00:00,4.57,3.082841279669665
2018-12-17 00:15:00,4.25,2.6203932167647874
2018-12-17 00:30:00,4.18,2.503278705920093
2018-12-17 00:45:00,4.21,2.3449482365651058
2018-12-17 01:00:00,4.21,2.0732067676098085
2018-12-17 01:15:00,4.21,3.4040724230045454
2018-12-17 01:30:00,4.36,5.829464018568396
2018-12-17 01:45:00,4.28,7.51345832645893
2018-12-17 02:00:00,4.28,7.834919488690793
2018-12-17 02:15:00,4.28,6.926915752794593
2018-12-17 02:30:00,3.71,5.053143925908953
2018-12-17 02:45:00,4.32,2.287749560952652
2018-12-17 03:00:00,3.8200000000000003,-0.07943879812955851
2018-12-17 03:15:00,3.5299999999999994,-1.7478740608505905
2018-12-17 03:30:00,3.5299999999999994,-2.2063908390700817
2018-12-17 03:45:00,3.5299999999999994,-2.2813722278922794
2018-12-17 04:00:00,3.6,-2.0672915774583815
2018-12-17 04:15:00,3.5299999999999994,-0.8489604921266436
2018-12-17 04:30:00,3.5299999999999994,0.39251661310903735
2018-12-17 04:45:00,4.1,1.2889940024353563
2018-12-17 05:00:00,4.25,1.8767343514389359
2018-12-17 05:15:00,4.28,2.0325341919041238
2018-12-17 05:30:00,4.25,1.7626154016703368
2018-12-17 05:45:00,3.64,1.1856940455175937
2018-12-17 06:00:00,3.49,0.2928719778452069
2018-12-17 06:15:00,3.4599999999999995,-0.16129128225147718
2018-12-17 06:30:00,4.32,0.48135807896964256
2018-12-17 06:45:00,3.6,3.0767287274682893
2018-12-17 07:00:00,3.42,5.994094395358115
2018-12-17 07:15:00,3.49,9.541645670197903
2018-12-17 07:30:00,4.36,14.039583101198076
2018-12-17 07:45:00,6.19,18.687342407479882
2018-12-17 08:00:00,6.3,23.282258275449276
2018-12-17 08:15:00,6.48,26.941210831701756
2018-12-17 08:30:00,53.35,29.785051639825106
2018-12-17 08:45:00,46.93999999999999,47.848220336735245
2018-12-17 09:00:00,52.06,54.40102225124836
2018-12-17 09:15:00,54.83,59.58005868792534
2018-12-17 09:30:00,56.12,63.61459070235491
2018-12-17 09:45:00,58.0,65.68052696794271
2018-12-17 10:00:00,50.08,66.92854691088199
2018-12-17 10:15:00,46.04,65.29513935804367
2018-12-17 10:30:00,49.54,62.22432112306356
2018-12-17 10:45:00,54.14,58.81679676383734
2018-12-17 11:00:00,53.78,54.45825892418623
2018-12-17 11:15:00,52.67,48.615151335895064
2018-12-17 11:30:00,55.84,42.47399988442659
2018-12-17 11:45:00,49.64,37.17530534401536
2018-12-17 12:00:00,54.5,32.941100647449495
2018-12-17 12:15:00,11.12,31.763711522370578
2018-12-17 12:30:00,7.059999999999999,28.477868422716856
2018-12-17 12:45:00,7.129999999999999,28.4361096778512
2018-12-17 13:00:00,8.21,30.519367390871047
2018-12-17 13:15:00,33.26,31.935769586861134
2018-12-17 13:30:00,56.99,37.73772694885731
2018-12-17 13:45:00,56.59,48.2257533416152
2018-12-17 14:00:00,55.07999999999999,56.33762025237083
2018-12-17 14:15:00,51.05,61.75953418970108
2018-12-17 14:30:00,47.95,64.4737291058898
2018-12-17 14:45:00,57.82,65.6582206082344
2018-12-17 15:00:00,59.11,67.57895670831203
2018-12-17 15:15:00,60.62,68.28592505097389
2018-12-17 15:30:00,53.6,67.94244214057922
2018-12-17 15:45:00,60.44,65.5951861679554
2018-12-17 16:00:00,67.5,63.325542135834695
2018-12-17 16:15:00,85.86,61.44484251588583
2018-12-17 16:30:00,82.33,61.63039352536202
2018-12-17 16:45:00,59.8,60.11592777580023
2018-12-17 17:00:00,60.37,54.73934959471226
2018-12-17 17:15:00,56.38,50.80293951570987
2018-12-17 17:30:00,52.99000000000001,49.029518800675866
2018-12-17 17:45:00,35.35,50.023941436111926
2018-12-17 18:00:00,31.32,49.677359796464444
2018-12-17 18:15:00,16.09,49.388077702522274
2018-12-17 18:30:00,6.37,47.306670245230194
2018-12-17 18:45:00,5.8,43.430600059330466
2018-12-17 19:00:00,5.54,39.05149159744382
2018-12-17 19:15:00,5.54,34.413504515588286
2018-12-17 19:30:00,5.62,29.757944495230912
2018-12-17 19:45:00,5.54,25.960808823406698
2018-12-17 20:00:00,5.62,22.764543699175118
2018-12-17 20:15:00,5.54,21.420921222418546
2018-12-17 20:30:00,4.75,19.73361374422908
2018-12-17 20:45:00,4.46,18.17898464627564
2018-12-17 21:00:00,4.46,16.343698250800372
2018-12-17 21:15:00,4.43,14.305803239494562
2018-12-17 21:30:00,4.43,11.987929058372973
2018-12-17 21:45:00,4.46,9.459550115466117
2018-12-17 22:00:00,4.46,6.7422960461862385
2018-12-17 22:15:00,4.14,4.022559625320136
2018-12-17 22:30:00,4.18,2.5910443878546356
2018-12-17 22:45:00,4.21,1.3482907408941538
2018-12-17 23:00:00,4.18,0.15110090429894632
2018-12-17 23:15:00,4.14,0.053775404039770415
2018-12-17 23:30:00,4.07,0.4152378208097071
2018-12-17 23:45:00,4.07,0.5782916068192572
2018-12-18 00:00:00,4.14,0.6475091908220202
2018-12-18 00:15:00,5.22,0.8199348083883524
2018-12-18 00:30:00,4.68,0.7895797520596535
2018-12-18 00:45:00,4.14,0.5970633381325752
2018-12-18 01:00:00,4.1,0.28620016676373783
2018-12-18 01:15:00,4.18,0.5148891924414785
2018-12-18 01:30:00,4.07,2.0742108372855
2018-12-18 01:45:00,4.18,3.368957491191104
2018-12-18 02:00:00,4.1,4.384872087519616
2018-12-18 02:15:00,4.18,4.412299349932
2018-12-18 02:30:00,4.14,3.720837845588103
2018-12-18 02:45:00,4.21,2.361843257872388
2018-12-18 03:00:00,4.18,0.9723527114652097
2018-12-18 03:15:00,3.6,-0.7060057825967669
2018-12-18 03:30:00,3.42,-1.8787973365560173
2018-12-18 03:45:00,3.42,-1.7718153931945562
2018-12-18 04:00:00,3.38,-0.8903636129014193
2018-12-18 04:15:00,3.42,0.08012105837464338
2018-12-18 04:30:00,3.71,1.0783747223950924
2018-12-18 04:45:00,4.18,2.0580891650519333
2018-12-18 05:00:00,3.5299999999999994,2.963914633220993
2018-12-18 05:15:00,3.4599999999999995,3.3400657704565675
2018-12-18 05:30:00,3.38,3.3250312497699634
2018-12-18 05:45:00,4.03,3.096755528333597
2018-12-18 06:00:00,4.14,2.8649078828818166
2018-12-18 06:15:00,3.6,2.6332433999760543
2018-12-18 06:30:00,3.38,2.438307594943326
2018-12-18 06:45:00,3.35,3.1830474894400687
2018-12-18 07:00:00,3.31,4.764501085216179
2018-12-18 07:15:00,3.28,6.826006083767861
2018-12-18 07:30:00,3.42,9.246337895132601
2018-12-18 07:45:00,5.58,12.223115872293711
2018-12-18 08:00:00,7.269999999999999,16.018058856353164
2018-12-18 08:15:00,38.38,20.220821555554867
2018-12-18 08:30:00,72.86,35.163482322096826
2018-12-18 08:45:00,66.42,53.432211286723614
2018-12-18 09:00:00,81.4,59.94841226875782
2018-12-18 09:15:00,66.28,67.5324308604002
2018-12-18 09:30:00,78.3,69.97678484052419
2018-12-18 09:45:00,77.72,72.77612744748592
2018-12-18 10:00:00,74.59,72.98697576403617
2018-12-18 10:15:00,63.04,71.42828351348639
2018-12-18 10:30:00,58.68,67.14349992096425
2018-12-18 10:45:00,62.96000000000001,61.36247020870447
2018-12-18 11:00:00,68.36,55.19303050279617
2018-12-18 11:15:00,60.05,48.54627871006727
2018-12-18 11:30:00,58.82,40.655270358622076
2018-12-18 11:45:00,64.73,33.93760482057929
2018-12-18 12:00:00,67.54,30.378880437463522
2018-12-18 12:15:00,8.14,29.92076699927449
2018-12-18 12:30:00,8.64,26.19425091803074
2018-12-18 12:45:00,8.78,27.28145804002881
2018-12-18 13:00:00,9.4,28.78401389107108
2018-12-18 13:15:00,52.45,29.680051872730253
2018-12-18 13:30:00,67.46,36.639685501754286
2018-12-18 13:45:00,62.53000000000001,47.81361336916685
2018-12-18 14:00:00,62.46,55.76560381412506
2018-12-18 14:15:00,67.18,61.80636541962624
2018-12-18 14:30:00,113.51,66.44561669319869
2018-12-18 14:45:00,99.49999999999999,76.55443048000336
2018-12-18 15:00:00,68.0,82.27708282768727
2018-12-18 15:15:00,120.81999999999998,81.79179488122465
2018-12-18 15:30:00,79.45,86.2742998546362
2018-12-18 15:45:00,117.68,83.79591823458672
2018-12-18 16:00:00,114.07999999999998,84.5377989268303
2018-12-18 16:15:00,106.27,82.71639281749727
2018-12-18 16:30:00,93.28,78.3146254593134
2018-12-18 16:45:00,127.58000000000001,71.93202012628316
2018-12-18 17:00:00,94.61,70.2493293055892
2018-12-18 17:15:00,101.02,64.52749430388212
2018-12-18 17:30:00,112.13999999999999,62.22456363230943
2018-12-18 17:45:00,68.08,64.35672737658024
2018-12-18 18:00:00,15.95,63.084537345468995
2018-12-18 18:15:00,7.16,59.69311739653349
2018-12-18 18:30:00,5.58,56.20915322482586
2018-12-18 18:45:00,5.65,51.47658529162407
2018-12-18 19:00:00,5.0,45.762178258299826
2018-12-18 19:15:00,4.5,40.04586258739233
2018-12-18 19:30:00,4.39,34.711400178670885
2018-12-18 19:45:00,4.43,30.508528574854136
2018-12-18 20:00:00,4.39,28.48893852069974
2018-12-18 20:15:00,4.43,26.580031482726334
2018-12-18 20:30:00,4.36,24.511155915260314
2018-12-18 20:45:00,4.39,22.355183601230383
2018-12-18 21:00:00,4.43,19.88729162879288
2018-12-18 21:15:00,4.39,17.114829375371336
2018-12-18 21:30:00,4.46,14.35920916453004
2018-12-18 21:45:00,4.39,11.359254713468253
2018-12-18 22:00:00,4.39,8.117227757722139
2018-12-18 22:15:00,4.25,5.259434528183191
2018-12-18 22:30:00,5.18,3.2891017086291687
2018-12-18 22:45:00,5.1499999999999995,1.98783775908174
2018-12-18 23:00:00,4.14,1.0736852279212326
2018-12-18 23:15:00,4.14,-0.0389470518007874
2018-12-18 23:30:00,4.14,-0.010405060835182616
2018-12-18 23:45:00,4.1,0.10680535553954547
2018-12-19 00:00:00,3.92,0.07394493170082574
2018-12-19 00:15:00,4.14,0.3083805002551526
2018-12-19 00:30:00,4.14,2.2235452381079086
2018-12-19 00:45:00,4.14,4.21749313226901
2018-12-19 01:00:00,4.21,4.976738075949251
2018-12-19 01:15:00,4.14,5.507168108075857
2018-12-19 01:30:00,4.14,6.624600470978766
2018-12-19 01:45:00,4.18,6.965297893229872
2018-12-19 02:00:00,4.18,6.485028260201215
2018-12-19 02:15:00,4.93,5.247174899894744
2018-12-19 02:30:00,5.26,4.027605164907873
2018-12-19 02:45:00,4.14,2.258378154684324
2018-12-19 03:00:00,4.14,1.403078463403508
2018-12-19 03:15:00,4.1,2.1579411541414446
2018-12-19 03:30:00,4.25,2.9110278295399623
2018-12-19 03:45:00,3.8200000000000003,3.7896557384263723
2018-12-19 04:00:00,3.49,4.622821373660117
2018-12-19 04:15:00,3.42,5.411937477905303
2018-12-19 04:30:00,3.42,6.235528629180044
2018-12-19 04:45:00,3.49,6.914816674608737
2018-12-19 05:00:00,3.38,7.132508018258958
2018-12-19 05:15:00,3.42,6.824489278253167
2018-12-19 05:30:00,3.38,6.097839513923972
2018-12-19 05:45:00,3.42,5.08205838188529
2018-12-19 06:00:00,3.42,4.138012691708282
2018-12-19 06:15:00,4.07,4.783097390281036
2018-12-19 06:30:00,4.18,6.514092600364237
2018-12-19 06:45:00,3.9599999999999995,9.173929798863828
2018-12-19 07:00:00,4.1,13.224099730104207
2018-12-19 07:15:00,4.1,18.476824172958732
2018-12-19 07:30:00,4.07,24.48671637237072
2018-12-19 07:45:00,5.76,30.58505371466279
2018-12-19 08:00:00,6.23,37.020730399787425
2018-12-19 08:15:00,36.14,42.948083005547524
2018-12-19 08:30:00,70.81,56.66431164294481
2018-12-19 08:45:00,59.54,70.87568577855825
2018-12-19 09:00:00,63.86,74.6794971910119
2018-12-19 09:15:00,77.4,76.36022548317911
2018-12-19 09:30:00,65.23,80.39844453632833
2018-12-19 09:45:00,69.3,79.43698519468309
2018-12-19 10:00:00,61.129999999999995,78.57220620572568
2018-12-19 10:15:00,61.16,75.15395305782556
2018-12-19 10:30:00,70.42,71.02857438534498
2018-12-19 10:45:00,63.68,66.62792526423931
2018-12-19 11:00:00,83.09,59.762129240632056
2018-12-19 11:15:00,140.8,53.710809501111505
2018-12-19 11:30:00,110.88,53.02542897224426
2018-12-19 11:45:00,115.13,48.813766408264634
2018-12-19 12:00:00,101.99,46.36885106414557
2018-12-19 12:15:00,12.13,44.52916694313288
2018-12-19 12:30:00,6.66,40.616325170099735
2018-12-19 12:45:00,6.8,39.40345110416412
2018-12-19 13:00:00,6.98,40.535654918551444
2018-12-19 13:15:00,62.42,40.647114862501624
2018-12-19 13:30:00,116.46,48.019912391901016
2018-12-19 13:45:00,89.86,63.85188150852919
2018-12-19 14:00:00,98.03,73.92761074692011
2018-12-19 14:15:00,149.18,82.64256222486497
2018-12-19 14:30:00,116.64000000000001,93.63779670536519
2018-12-19 14:45:00,105.48,99.24208657741548
2018-12-19 15:00:00,145.22,101.91596657693387
2018-12-19 15:15:00,101.38,107.442078653574
2018-12-19 15:30:00,130.46,105.58796074151994
2018-12-19 15:45:00,115.24,105.5942570000887
2018-12-19 16:00:00,125.21,101.70779484391213
2018-12-19 16:15:00,133.56,97.43466516792775
2018-12-19 16:30:00,81.65,93.14857472002507
2018-12-19 16:45:00,62.68,83.13311352014543
2018-12-19 17:00:00,125.5,72.64586854606867
2018-12-19 17:15:00,68.0,72.0488197645545
2018-12-19 17:30:00,40.50000000000001,64.97447926223278
2018-12-19 17:45:00,31.679999999999996,60.676541788578035
2018-12-19 18:00:00,26.82,57.99952264159918
2018-12-19 18:15:00,5.98,55.93298908472061
2018-12-19 18:30:00,5.47,51.6958944863081
2018-12-19 18:45:00,5.54,47.008882364034655
2018-12-19 19:00:00,5.44,43.29732326507568
2018-12-19 19:15:00,5.47,40.664184818863866
2018-12-19 19:30:00,5.47,38.170457752645014
2018-12-19 19:45:00,5.4,36.21763184115291
2018-12-19 20:00:00,5.33,36.4104648643732
2018-12-19 20:15:00,5.359999999999999,36.697011992931365
2018-12-19 20:30:00,5.33,35.455782308876515
2018-12-19 20:45:00,5.44,34.511220023483034
2018-12-19 21:00:00,5.4,33.031655396223066
2018-12-19 21:15:00,5.4,30.576592836529016
2018-12-19 21:30:00,5.04,27.120146727859975
2018-12-19 21:45:00,4.25,22.59760751977563
2018-12-19 22:00:00,4.39,16.916626344174148
2018-12-19 22:15:00,4.03,11.603519905917347
2018-12-19 22:30:00,4.03,6.455044967178255
2018-12-19 22:45:00,3.9599999999999995,1.4970851797237992
2018-12-19 23:00:00,4.07,-2.036558021456003
2018-12-19 23:15:00,4.03,-2.133592033460736
2018-12-19 23:30:00,3.92,-1.9860156141594052
2018-12-19 23:45:00,3.9599999999999995,-1.8939564098790287
2018-12-20 00:00:00,3.89,-1.9963548162207008
2018-12-20 00:15:00,4.03,-1.98325314193964
2018-12-20 00:30:00,4.03,-2.1063046910241248
2018-12-20 00:45:00,4.0,-0.5500636363588273
2018-12-20 01:00:00,4.0,2.6149974737572483
2018-12-20 01:15:00,4.0,5.461541565284133
2018-12-20 01:30:00,4.1,5.761608864981681
2018-12-20 01:45:00,4.0,6.178431174512952
2018-12-20 02:00:00,4.07,5.854494397062807
2018-12-20 02:15:00,4.43,4.807144118715077
2018-12-20 02:30:00,5.18,3.394473098688759
2018-12-20 02:45:00,4.1,1.26318108253181
2018-12-20 03:00:00,4.0,-0.17574836989864703
2018-12-20 03:15:00,4.1,-0.18557420458644625
2018-12-20 03:30:00,4.03,1.1854676754865796
2018-12-20 03:45:00,4.1,2.5356718644034117
2018-12-20 04:00:00,3.31,3.929604764785618
2018-12-20 04:15:00,3.35,5.115523535087704
2018-12-20 04:30:00,3.4599999999999995,6.214085927978157
2018-12-20 04:45:00,3.38,7.001103653609753
2018-12-20 05:00:00,3.35,7.121508652139455
2018-12-20 05:15:00,3.35,6.597210118249058
2018-12-20 05:30:00,3.38,5.555523721929639
2018-12-20 05:45:00,3.38,4.16132347194478
2018-12-20 06:00:00,3.92,2.982892946484499
2018-12-20 06:15:00,3.67,4.105808642720803
2018-12-20 06:30:00,3.35,6.612856455519795
2018-12-20 06:45:00,4.0,10.889727061167358
2018-12-20 07:00:00,4.03,17.36991766564548
2018-12-20 07:15:00,3.9599999999999995,24.405248983949424
2018-12-20 07:30:00,4.18,31.064514702856542
2018-12-20 07:45:00,4.79,37.15688586860895
2018-12-20 08:00:00,5.870000000000001,42.78575450181961
2018-12-20 08:15:00,39.49,48.00509687334299
2018-12-20 08:30:00,79.85000000000001,61.81616908043623
2018-12-20 08:45:00,66.96,79.98565787255765
2018-12-20 09:00:00,63.14,84.58851030468942
2018-12-20 09:15:00,64.12,86.39125218391419
2018-12-20 09:30:00,64.37,87.75088476181031
2018-12-20 09:45:00,83.16,87.85923250377179
2018-12-20 10:00:00,71.14,89.08244015812875
2018-12-20 10:15:00,58.72,86.80913154184819
2018-12-20 10:30:00,68.72,81.69512351036073
2018-12-20 10:45:00,75.53,76.32854209929705
2018-12-20 11:00:00,77.51,70.30068737477065
2018-12-20 11:15:00,64.4,63.247521522343156
2018-12-20 11:30:00,63.0,53.3943573898077
2018-12-20 11:45:00,71.46,44.19859091371298
2018-12-20 12:00:00,71.06,37.28268304899335
2018-12-20 12:15:00,16.96,33.83813561156392
2018-12-20 12:30:00,7.669999999999999,33.14501724138856
2018-12-20 12:45:00,7.489999999999999,33.80178841561079
2018-12-20 13:00:00,6.66,35.31083587989211
2018-12-20 13:15:00,42.7,36.67852515384555
2018-12-20 13:30:00,63.07,42.84322021126747
2018-12-20 13:45:00,71.5,52.31739628344774
2018-12-20 14:00:00,76.9,62.01248929679394
2018-12-20 14:15:00,63.49999999999999,70.47358299434185
2018-12-20 14:30:00,78.41,75.49034032732249
2018-12-20 14:45:00,73.4,81.36395468056203
2018-12-20 15:00:00,64.44,84.8990029758215
2018-12-20 15:15:00,60.26,85.7496266102791
2018-12-20 15:30:00,58.9,84.1874000120163
2018-12-20 15:45:00,60.59,80.37373553872109
2018-12-20 16:00:00,56.92000000000001,75.1001249870658
2018-12-20 16:15:00,60.08,68.33224431693554
2018-12-20 16:30:00,58.68,62.44280398994684
2018-12-20 16:45:00,57.56,57.79305745512247
2018-12-20 17:00:00,46.50999999999999,53.648318461179734
2018-12-20 17:15:00,58.07,49.12654046267271
2018-12-20 17:30:00,41.22,47.28889521569013
2018-12-20 17:45:00,41.51,46.849832226037975
2018-12-20 18:00:00,24.8,47.202772997021675
2018-12-20 18:15:00,5.44,46.47277525782585
2018-12-20 18:30:00,5.18,44.062655499577524
2018-12-20 18:45:00,5.290000000000001,41.17343178063631
2018-12-20 19:00:00,5.290000000000001,38.2179581284523
2018-12-20 19:15:00,5.290000000000001,35.260512965917584
2018-12-20 19:30:00,4.18,32.123240461200474
2018-12-20 19:45:00,4.07,29.399702202677727
2018-12-20 20:00:00,4.1,27.32190094769001
2018-12-20 20:15:00,4.07,27.577472010999916
2018-12-20 20:30:00,4.18,27.70024680763483
2018-12-20 20:45:00,4.1,26.55417056620121
2018-12-20 21:00:00,4.1,24.629141154289247
2018-12-20 21:15:00,4.14,21.687007756084203
2018-12-20 21:30:00,4.14,17.753669460862874
2018-12-20 21:45:00,4.21,12.92285160124302
2018-12-20 22:00:00,4.18,7.343268481343984
2018-12-20 22:15:00,3.85,2.5519324742257594
2018-12-20 22:30:00,3.85,-1.4204745095968245
2018-12-20 22:45:00,4.64,-2.420658985078335
2018-12-20 23:00:00,5.04,-2.1631568296253683
2018-12-20 23:15:00,4.07,-1.7356829189695417
2018-12-20 23:30:00,3.8200000000000003,-1.3893934692814947
2018-12-20 23:45:00,3.85,-1.1712990662828087
2018-12-21 00:00:00,3.92,-1.0227635565958917
2018-12-21 00:15:00,3.89,-0.9265244360081851
2018-12-21 00:30:00,3.85,-0.9526719288527965
2018-12-21 00:45:00,3.89,-1.1491571862250567
2018-12-21 01:00:00,3.89,0.9613199441879988
2018-12-21 01:15:00,3.9599999999999995,2.1189046737994066
2018-12-21 01:30:00,3.89,2.7532567594060673
2018-12-21 01:45:00,3.89,2.6675996132649016
2018-12-21 02:00:00,3.89,1.8307435184996577
2018-12-21 02:15:00,3.92,0.21886988851241773
2018-12-21 02:30:00,3.92,-1.3801071053929626
2018-12-21 02:45:00,3.92,-3.478148058541119
2018-12-21 03:00:00,3.9599999999999995,-5.271192374750973
2018-12-21 03:15:00,4.79,-5.185751090608537
2018-12-21 03:30:00,4.5,-3.853685414418578
2018-12-21 03:45:00,3.24,-2.186101460196078
2018-12-21 04:00:00,3.28,-0.8998290519043802
2018-12-21 04:15:00,3.24,0.31149831588380045
2018-12-21 04:30:00,3.24,1.2474394537229092
2018-12-21 04:45:00,3.28,1.7619619739800692
2018-12-21 05:00:00,3.28,1.783578978702426
2018-12-21 05:15:00,3.28,1.3756332373432816
2018-12-21 05:30:00,3.2,0.6684265956655145
2018-12-21 05:45:00,3.24,-0.1589400091581046
2018-12-21 06:00:00,3.2,-0.8139591663517057
2018-12-21 06:15:00,3.67,-0.8090680018626153
2018-12-21 06:30:00,3.9599999999999995,1.569610039703548
2018-12-21 06:45:00,3.92,5.111540938224643
2018-12-21 07:00:00,3.89,9.764184953309595
2018-12-21 07:15:00,3.67,15.365555171221494
2018-12-21 07:30:00,3.17,21.25633603543043
2018-12-21 07:45:00,5.44,26.94857143640518
2018-12-21 08:00:00,6.77,32.79945503875613
2018-12-21 08:15:00,28.8,38.15541993394494
2018-12-21 08:30:00,54.22,47.67526633530855
2018-12-21 08:45:00,56.41,58.819482329189775
2018-12-21 09:00:00,56.74,62.42937167227268
2018-12-21 09:15:00,43.78,63.196248780488965
2018-12-21 09:30:00,47.52000000000001,62.595158178210255
2018-12-21 09:45:00,56.2,63.53293245017529
2018-12-21 10:00:00,51.59000000000001,65.10365136295557
2018-12-21 10:15:00,66.64,62.495060241520406
2018-12-21 10:30:00,53.14,61.28050657451153
2018-12-21 10:45:00,58.54,56.65959618538618
2018-12-21 11:00:00,73.12,51.72807636141777
2018-12-21 11:15:00,67.79,47.8984826233983
2018-12-21 11:30:00,65.59,42.75330766290426
2018-12-21 11:45:00,57.85,37.97909325763583
2018-12-21 12:00:00,58.9,34.32248495742679
2018-12-21 12:15:00,7.419999999999999,33.13471059843898
2018-12-21 12:30:00,8.35,31.49263334006071
2018-12-21 12:45:00,7.669999999999999,31.966471706479787
2018-12-21 13:00:00,7.199999999999998,34.48099169507623
2018-12-21 13:15:00,39.74,35.844371939003466
2018-12-21 13:30:00,58.029999999999994,41.811653243005274
2018-12-21 13:45:00,63.97,51.46153175473213
2018-12-21 14:00:00,56.34,60.3312535315752
2018-12-21 14:15:00,69.62,65.0519879117608
2018-12-21 14:30:00,60.34,69.30427077442407
2018-12-21 14:45:00,57.74,70.68724262177945
2018-12-21 15:00:00,68.04,70.55820973932742
2018-12-21 15:15:00,67.68,70.42325334399939
2018-12-21 15:30:00,58.32000000000001,69.16996556133032
2018-12-21 15:45:00,65.48,65.79692242413759
2018-12-21 16:00:00,63.0,62.60447232961655
2018-12-21 16:15:00,69.73,58.67628960132599
2018-12-21 16:30:00,59.69,55.17000559717417
2018-12-21 16:45:00,63.32,50.19566492766142
2018-12-21 17:00:00,62.32,46.35263887196779
2018-12-21 17:15:00,52.78,43.48280691087246
2018-12-21 17:30:00,45.86,42.47109875530005
2018-12-21 17:45:00,30.780000000000005,42.41222739040852
2018-12-21 18:00:00,8.21,41.382537623345854
2018-12-21 18:15:00,5.51,38.724229861050844
2018-12-21 18:30:00,5.4,35.50136281982064
2018-12-21 18:45:00,5.62,31.808858660310506
2018-12-21 19:00:00,5.54,27.972598163485525
2018-12-21 19:15:00,5.54,23.815136415958403
2018-12-21 19:30:00,5.51,19.831179929301143
2018-12-21 19:45:00,5.47,16.391489413157107
2018-12-21 20:00:00,5.54,13.841362106353044
2018-12-21 20:15:00,5.47,11.494728125035762
2018-12-21 20:30:00,5.44,9.243138681724668
2018-12-21 20:45:00,5.47,7.0127553246915335
2018-12-21 21:00:00,5.44,4.718056354401632
2018-12-21 21:15:00,5.54,2.630357024197001
2018-12-21 21:30:00,5.4,0.9581765864975751
2018-12-21 21:45:00,5.44,0.40978697641752665
2018-12-21 22:00:00,5.44,-0.1875827649608254
2018-12-21 22:15:00,5.18,-0.6859917527623474
2018-12-21 22:30:00,5.26,-1.0526205427199602
2018-12-21 22:45:00,5.1499999999999995,-1.4183020309358834
2018-12-21 23:00:00,5.1499999999999995,-1.83676745288074
2018-12-21 23:15:00,5.11,-2.306477548480034
2018-12-21 23:30:00,4.57,-2.8484593288972975
2018-12-21 23:45:00,4.0,-2.9658085425198077
2018-12-22 00:00:00,3.31,-3.086948085837066
2018-12-22 00:15:00,4.0,-2.1538774827867746
2018-12-22 00:30:00,4.0,-1.6438583648391067
2018-12-22 00:45:00,4.0,-1.4035457362793387
2018-12-22 01:00:00,4.1,-1.308273003809154
2018-12-22 01:15:00,3.9599999999999995,-1.2959319777414202
2018-12-22 01:30:00,4.03,-0.8344641089998185
2018-12-22 01:45:00,4.03,-0.03753634408116335
2018-12-22 02:00:00,3.9599999999999995,0.6287533180415631
2018-12-22 02:15:00,4.07,1.150237313201651
2018-12-22 02:30:00,4.07,1.5893446506094189
2018-12-22 02:45:00,3.67,1.9967362906201742
2018-12-22 03:00:00,3.31,2.299699246145319
2018-12-22 03:15:00,3.8200000000000003,2.9309955819300377
2018-12-22 03:30:00,4.07,3.6491598031949253
2018-12-22 03:45:00,3.42,4.310365331955254
2018-12-22 04:00:00,3.38,4.656558928741142
2018-12-22 04:15:00,3.31,4.940262889005243
2018-12-22 04:30:00,3.38,5.126429995466023
2018-12-22 04:45:00,3.35,5.240546875204891
2018-12-22 05:00:00,3.38,5.296813511159271
2018-12-22 05:15:00,3.42,5.605985012128949
2018-12-22 05:30:00,3.9599999999999995,5.670167722459882
2018-12-22 05:45:00,4.07,5.694079302512109
2018-12-22 06:00:00,4.07,5.898294542096555
2018-12-22 06:15:00,4.0,6.067805978823452
2018-12-22 06:30:00,3.38,6.394165041912347
2018-12-22 06:45:00,3.35,6.979977281019091
2018-12-22 07:00:00,3.35,7.787522965222597
2018-12-22 07:15:00,3.31,8.84093822017312
2018-12-22 07:30:00,3.85,10.219314180500804
2018-12-22 07:45:00,4.03,12.02185340732336
2018-12-22 08:00:00,3.35,13.71969881042838
2018-12-22 08:15:00,3.31,15.126309695616364
2018-12-22 08:30:00,3.24,14.688783720582723
2018-12-22 08:45:00,3.38,12.819891830906272
2018-12-22 09:00:00,3.8200000000000003,11.191237908378243
2018-12-22 09:15:00,4.28,10.1784957203269
2018-12-22 09:30:00,4.28,9.90286656010896
2018-12-22 09:45:00,4.32,10.06035779029131
2018-12-22 10:00:00,4.21,10.62695089098066
2018-12-22 10:15:00,3.6,11.192114758938551
2018-12-22 10:30:00,3.6,12.224056718349456
2018-12-22 10:45:00,3.6,12.80734646834433
2018-12-22 11:00:00,3.6,13.285959796905518
2018-12-22 11:15:00,3.6,13.693318070843816
2018-12-22 11:30:00,3.6,12.613041548728942
2018-12-22 11:45:00,3.6,10.299451136253774
2018-12-22 12:00:00,3.6,7.832315882481634
2018-12-22 12:15:00,3.71,5.558683639857917
2018-12-22 12:30:00,4.39,5.6911843483895055
2018-12-22 12:45:00,4.1,6.065396885238587
2018-12-22 13:00:00,3.71,6.394504667129367
2018-12-22 13:15:00,4.28,6.534609331656247
2018-12-22 13:30:00,4.25,6.152410830613225
2018-12-22 13:45:00,4.25,5.596175737679004
2018-12-22 14:00:00,4.21,4.993375220671296
2018-12-22 14:15:00,3.67,4.440087429052219
2018-12-22 14:30:00,3.4599999999999995,3.8558100994490085
2018-12-22 14:45:00,3.49,3.549008817607537
2018-12-22 15:00:00,3.5299999999999994,3.3259046619758013
2018-12-22 15:15:00,3.56,3.0920735421031713
2018-12-22 15:30:00,3.5299999999999994,2.863709581263829
2018-12-22 15:45:00,3.56,2.7692395642213525
2018-12-22 16:00:00,3.56,2.8034991176472976
2018-12-22 16:15:00,3.49,2.8337372699240224
2018-12-22 16:30:00,3.5299999999999994,2.8610876254690814
2018-12-22 16:45:00,3.56,2.884839146612212
2018-12-22 17:00:00,4.68,2.906479377769865
2018-12-22 17:15:00,5.44,2.9130303201661447
2018-12-22 17:30:00,4.46,2.9130303201661447
2018-12-22 17:45:00,4.28,2.9130303201661447
2018-12-22 18:00:00,4.07,2.9130303201661447
2018-12-22 18:15:00,3.6,2.9130303201661447
2018-12-22 18:30:00,3.67,2.9130303201661447
2018-12-22 18:45:00,3.67,2.9130303201661447
2018-12-22 19:00:00,3.71,2.9130303201661447
2018-12-22 19:15:00,3.74,2.9130303201661447
2018-12-22 19:30:00,3.71,2.9130303201661447
2018-12-22 19:45:00,3.74,2.9130303201661447
2018-12-22 20:00:00,3.67,2.9130303201661447
2018-12-22 20:15:00,3.67,2.9130303201661447
2018-12-22 20:30:00,3.67,2.929137081168592
2018-12-22 20:45:00,3.67,2.724711908992613
2018-12-22 21:00:00,4.18,2.506806247094646
2018-12-22 21:15:00,4.61,2.300484664544929
2018-12-22 21:30:00,5.51,2.1070657176547685
2018-12-22 21:45:00,4.43,1.936702411065344
2018-12-22 22:00:00,4.1,1.752496113954112
2018-12-22 22:15:00,3.4599999999999995,1.5720776554848999
2018-12-22 22:30:00,3.38,1.4243189332261683
2018-12-22 22:45:00,3.42,1.2932867529056966
2018-12-22 23:00:00,3.38,1.184741410817951
2018-12-22 23:15:00,3.35,1.10307726431638
2018-12-22 23:30:00,3.31,1.0473531866632402
2018-12-22 23:45:00,3.31,1.0168899274244905
2018-12-23 00:00:00,3.78,1.0092497634515167
2018-12-23 00:15:00,3.31,0.919913876252249
2018-12-23 00:30:00,3.35,0.9717078445758671
2018-12-23 00:45:00,3.42,1.1070615452714265
2018-12-23 01:00:00,4.93,1.2914311642199756
2018-12-23 01:15:00,4.93,1.5494050057698041
2018-12-23 01:30:00,4.14,1.8048221150040626
2018-12-23 01:45:00,4.07,2.0387148796604015
2018-12-23 02:00:00,3.49,2.264452674475033
2018-12-23 02:15:00,3.4599999999999995,2.4494369168276897
2018-12-23 02:30:00,3.49,2.6237068431719672
2018-12-23 02:45:00,3.42,2.782852921783924
2018-12-23 03:00:00,3.42,2.9130303201661447
2018-12-23 03:15:00,3.4599999999999995,2.9130303201661447
2018-12-23 03:30:00,3.42,2.9130303201661447
2018-12-23 03:45:00,3.5299999999999994,3.1636386099923404
2018-12-23 04:00:00,3.4599999999999995,3.528174354294315
2018-12-23 04:15:00,3.42,3.8799570313561706
2018-12-23 04:30:00,3.6,4.21499337839894
2018-12-23 04:45:00,4.14,4.534321497790516
2018-12-23 05:00:00,5.18,5.056780161187052
2018-12-23 05:15:00,4.64,5.726118029803037
2018-12-23 05:30:00,4.1,6.237843974977731
2018-12-23 05:45:00,3.49,6.60828611055389
2018-12-23 06:00:00,3.38,6.780177169255912
2018-12-23 06:15:00,3.35,6.935928451735526
2018-12-23 06:30:00,3.4599999999999995,7.152364304810762
2018-12-23 06:45:00,3.38,7.466142639406025
2018-12-23 07:00:00,3.38,7.89071682434529
2018-12-23 07:15:00,3.38,8.476562464609742
2018-12-23 07:30:00,3.38,8.924102050587534
2018-12-23 07:45:00,3.42,9.545068306475878
2018-12-23 08:00:00,3.49,10.350100202709436
2018-12-23 08:15:00,4.07,11.29005761925131
2018-12-23 08:30:00,4.97,12.632148133665323
2018-12-23 08:45:00,4.82,14.22303348660469
2018-12-23 09:00:00,4.28,15.019187972620129
2018-12-23 09:15:00,3.92,14.509069773927331
2018-12-23 09:30:00,3.71,13.742624915987253
2018-12-23 09:45:00,3.64,13.135291946083306
2018-12-23 10:00:00,3.64,12.741891426518558
2018-12-23 10:15:00,3.67,12.030451258271933
2018-12-23 10:30:00,3.71,10.99483292605728
2018-12-23 10:45:00,3.71,9.612019383348525
2018-12-23 11:00:00,3.74,7.840625753700733
2018-12-23 11:15:00,3.78,5.702787742167711
2018-12-23 11:30:00,3.71,3.647017076825723
2018-12-23 11:45:00,3.74,1.4052251193206757
2018-12-23 12:00:00,3.9599999999999995,-0.8829162774607539
2018-12-23 12:15:00,4.86,-2.9089221607148645
2018-12-23 12:30:00,5.54,-4.19200658287853
2018-12-23 12:45:00,4.54,-4.504411259777844
2018-12-23 13:00:00,4.36,-3.5552093009650707
2018-12-23 13:15:00,3.67,-2.0328518963605164
2018-12-23 13:30:00,3.67,-0.19571580652147527
2018-12-23 13:45:00,3.67,1.8249384534265847
2018-12-23 14:00:00,3.67,3.8342488101031633
2018-12-23 14:15:00,3.71,5.6711574071832
2018-12-23 14:30:00,3.67,7.190105928927659
2018-12-23 14:45:00,3.67,8.230432982333005
2018-12-23 15:00:00,3.67,9.817945099025964
2018-12-23 15:15:00,3.64,11.360879862233995
2018-12-23 15:30:00,3.67,12.46824893347919
2018-12-23 15:45:00,3.74,13.068537907972932
2018-12-23 16:00:00,4.36,13.982765205800533
2018-12-23 16:15:00,4.36,14.519040721207856
2018-12-23 16:30:00,5.0,14.521834068447351
2018-12-23 16:45:00,5.33,14.25049653597176
2018-12-23 17:00:00,3.6,13.632952354997396
2018-12-23 17:15:00,3.56,12.679900000542402
2018-12-23 17:30:00,3.6,12.082426827847957
2018-12-23 17:45:00,3.67,12.941446222215891
2018-12-23 18:00:00,3.49,13.445922712758183
2018-12-23 18:15:00,3.49,13.569739400967956
2018-12-23 18:30:00,3.49,14.027188184186816
2018-12-23 18:45:00,3.64,15.36387557014823
2018-12-23 19:00:00,3.64,16.549121545702217
2018-12-23 19:15:00,4.03,17.312283546999097
2018-12-23 19:30:00,4.25,16.884977764859794
2018-12-23 19:45:00,4.28,16.209889283478258
2018-12-23 20:00:00,4.25,16.10369605652988
2018-12-23 20:15:00,4.0,17.421720335111022
2018-12-23 20:30:00,3.49,17.859395632967352
2018-12-23 20:45:00,4.21,17.82669393479824
2018-12-23 21:00:00,4.14,17.39895141147077
2018-12-23 21:15:00,3.49,16.426717249304055
2018-12-23 21:30:00,3.42,14.752184170186519
2018-12-23 21:45:00,3.4599999999999995,12.355637070611118
2018-12-23 22:00:00,3.5299999999999994,9.398316530883312
2018-12-23 22:15:00,3.2,6.4610902960412195
2018-12-23 22:30:00,3.2,3.9948895729798823
2018-12-23 22:45:00,3.2,1.4877825362794102
2018-12-23 23:00:00,3.9599999999999995,0.2006502586882562
2018-12-23 23:15:00,4.0,0.7075799098890275
2018-12-23 23:30:00,4.0,1.0280946124251933
2018-12-23 23:45:00,4.0,1.3910512398090213
2018-12-24 00:00:00,3.78,1.7289001608081163
2018-12-24 00:15:00,3.35,1.3476795558445156
2018-12-24 00:30:00,3.38,1.0986273319274187
2018-12-24 00:45:00,3.38,0.72012625483796
2018-12-24 01:00:00,3.9599999999999995,0.24673431313596672
2018-12-24 01:15:00,3.89,0.12023318230174487
2018-12-24 01:30:00,3.38,3.048861987218261
2018-12-24 01:45:00,3.35,5.4171253232657905
2018-12-24 02:00:00,3.49,6.055379906110465
2018-12-24 02:15:00,3.38,5.439602337628602
2018-12-24 02:30:00,3.42,3.713902614451945
2018-12-24 02:45:00,4.0,1.1708814741205424
2018-12-24 03:00:00,4.07,-1.0288801786862314
2018-12-24 03:15:00,4.14,-3.6705853201448915
2018-12-24 03:30:00,4.1,-3.9202283796668054
2018-12-24 03:45:00,3.9599999999999995,-2.8281418818235395
2018-12-24 04:00:00,3.35,-1.6137468001432715
2018-12-24 04:15:00,3.38,-0.48779349315911524
2018-12-24 04:30:00,3.64,0.6434631598275156
2018-12-24 04:45:00,4.07,1.6419583507068456
2018-12-24 05:00:00,3.42,2.2960827287775465
2018-12-24 05:15:00,3.31,2.2962870652717537
2018-12-24 05:30:00,3.35,1.9188311076001265
2018-12-24 05:45:00,3.35,1.2719004687853157
2018-12-24 06:00:00,3.35,0.5022197684366256
2018-12-24 06:15:00,3.38,-0.14605193387717003
2018-12-24 06:30:00,3.6,0.4595962423365564
2018-12-24 06:45:00,4.03,2.5624850296904333
2018-12-24 07:00:00,4.0,5.555184658076613
2018-12-24 07:15:00,3.9599999999999995,9.909501321166752
2018-12-24 07:30:00,4.54,14.916172065883874
2018-12-24 07:45:00,5.359999999999999,20.071344919130205
2018-12-24 08:00:00,6.52,25.037852315455673
2018-12-24 08:15:00,21.89,29.6159283863008
2018-12-24 08:30:00,59.62,38.211751688122746
2018-12-24 08:45:00,64.58,55.318847892284396
2018-12-24 09:00:00,67.18,64.13281499713659
2018-12-24 09:15:00,69.44,69.17152390778065
2018-12-24 09:30:00,65.38,73.05828246414661
2018-12-24 09:45:00,67.0,74.51866865187883
2018-12-24 10:00:00,56.27,75.13161526173353
2018-12-24 10:15:00,54.18,72.38618156194687
2018-12-24 10:30:00,58.39,68.27176071465016
2018-12-24 10:45:00,54.86,63.50769801586866
2018-12-24 11:00:00,54.18,56.613901156187055
2018-12-24 11:15:00,55.55,48.890520584583285
2018-12-24 11:30:00,53.21,41.63922916918993
2018-12-24 11:45:00,53.03,35.387864001840356
2018-12-24 12:00:00,40.64000000000001,31.537791705280544
2018-12-24 12:15:00,6.91,29.118429650217294
2018-12-24 12:30:00,6.91,26.210840346813203
2018-12-24 12:45:00,6.48,28.325177416056395
2018-12-24 13:00:00,6.12,30.322654219716785
2018-12-24 13:15:00,34.49,31.464585349410772
2018-12-24 13:30:00,46.98,37.436456365436314
2018-12-24 13:45:00,38.2,45.835600177943704
2018-12-24 14:00:00,37.84000000000001,50.56665916472674
2018-12-24 14:15:00,43.45000000000001,53.20136943012476
2018-12-24 14:30:00,63.9,55.05201137632132
2018-12-24 14:45:00,38.48,59.54771963089704
2018-12-24 15:00:00,38.12,58.828805462419986
2018-12-24 15:15:00,45.25,57.20725840806961
2018-12-24 15:30:00,51.12,55.859733328819274
2018-12-24 15:45:00,45.72,54.742349523901936
2018-12-24 16:00:00,51.7,52.18590238124132
2018-12-24 16:15:00,47.2,50.04662503242493
2018-12-24 16:30:00,69.55,46.71100915551185
2018-12-24 16:45:00,44.82,47.39202900886536
2018-12-24 17:00:00,40.86,43.731455233395096
2018-12-24 17:15:00,33.66,40.2856278860569
2018-12-24 17:30:00,9.86,37.300734269618985
2018-12-24 17:45:00,6.730000000000001,35.09394728675485
2018-12-24 18:00:00,5.290000000000001,33.68140278413892
2018-12-24 18:15:00,5.22,32.16035784855485
2018-12-24 18:30:00,5.18,30.38029956564307
2018-12-24 18:45:00,5.33,28.272128518521786
2018-12-24 19:00:00,5.04,25.93672406256199
2018-12-24 19:15:00,4.14,23.48278872177005
2018-12-24 19:30:00,4.18,20.94627673730254
2018-12-24 19:45:00,4.1,18.23689271055162
2018-12-24 20:00:00,4.18,16.12593056164682
2018-12-24 20:15:00,4.1,14.672256041839718
2018-12-24 20:30:00,4.14,13.438399312496184
2018-12-24 20:45:00,4.21,12.86890452131629
2018-12-24 21:00:00,4.18,11.642598699070513
2018-12-24 21:15:00,4.18,9.970417173728347
2018-12-24 21:30:00,4.14,8.1610831971094
2018-12-24 21:45:00,4.18,6.202911696974188
2018-12-24 22:00:00,5.4,4.252188935689628
2018-12-24 22:15:00,4.5,2.9816161591629498
2018-12-24 22:30:00,3.92,1.9103462311555632
2018-12-24 22:45:00,3.89,0.8213977229595185
2018-12-24 23:00:00,3.85,0.57630676407367
2018-12-24 23:15:00,3.85,0.5217170627135784
2018-12-24 23:30:00,3.8200000000000003,0.5810580085869879
2018-12-24 23:45:00,3.85,0.7400609920080752
2018-12-25 00:00:00,3.13,0.9567800532188268
2018-12-25 00:15:00,3.85,1.1211277832370252
2018-12-25 00:30:00,3.92,1.2707550055533647
2018-12-25 00:45:00,3.89,1.3239658566005528
2018-12-25 01:00:00,3.85,1.27287345292978
2018-12-25 01:15:00,3.56,1.1239527072012425
2018-12-25 01:30:00,3.2,0.8532065716944636
2018-12-25 01:45:00,3.92,0.4624822146352381
2018-12-25 02:00:00,3.64,0.5006880867760629
2018-12-25 02:15:00,3.17,1.0081127206794918
2018-12-25 02:30:00,3.17,1.1683737208135427
2018-12-25 02:45:00,3.2,0.6580408003926278
2018-12-25 03:00:00,3.24,0.2634654863271863
2018-12-25 03:15:00,3.2,-0.4072964224033057
2018-12-25 03:30:00,3.2,-1.049537531659007
2018-12-25 03:45:00,3.28,-1.718752742242068
2018-12-25 04:00:00,3.9599999999999995,-1.351428422294557
2018-12-25 04:15:00,3.9599999999999995,-0.7600151739269495
2018-12-25 04:30:00,3.92,-0.248345926515758
2018-12-25 04:45:00,3.89,0.16959953202866024
2018-12-25 05:00:00,3.35,0.7125829261541367
2018-12-25 05:15:00,3.24,1.1453514816705137
2018-12-25 05:30:00,3.35,1.4074444718752057
2018-12-25 05:45:00,3.9599999999999995,1.6530640953034164
2018-12-25 06:00:00,3.71,1.9035943555342965
2018-12-25 06:15:00,3.17,1.817372810523957
2018-12-25 06:30:00,3.2,1.5560031378269197
2018-12-25 06:45:00,3.2,1.6992138293385506
2018-12-25 07:00:00,3.17,2.268681218938436
2018-12-25 07:15:00,3.24,3.7572945075202733
2018-12-25 07:30:00,3.85,5.682490784879773
2018-12-25 07:45:00,3.92,8.128304592072963
2018-12-25 08:00:00,3.89,10.930123375616967
2018-12-25 08:15:00,3.89,14.035237021148204
2018-12-25 08:30:00,3.49,17.304981324151157
2018-12-25 08:45:00,3.24,20.572646334916353
2018-12-25 09:00:00,3.38,23.86524152070284
2018-12-25 09:15:00,3.49,27.072754133939743
2018-12-25 09:30:00,3.4599999999999995,29.05272985368967
2018-12-25 09:45:00,3.8200000000000003,26.401699614226818
2018-12-25 10:00:00,3.9599999999999995,22.9036452062428
2018-12-25 10:15:00,3.42,19.303074505478143
2018-12-25 10:30:00,3.5299999999999994,15.562243642359972
2018-12-25 10:45:00,3.4599999999999995,12.569625657349825
2018-12-25 11:00:00,3.4599999999999995,10.113859708569944
2018-12-25 11:15:00,3.78,8.163928189836442
2018-12-25 11:30:00,4.18,6.461382486000657
2018-12-25 11:45:00,4.28,5.096338920556009
2018-12-25 12:00:00,4.18,3.460828498192132
2018-12-25 12:15:00,4.07,1.2918360480014235
2018-12-25 12:30:00,3.56,-0.6655174044519663
2018-12-25 12:45:00,3.5299999999999994,-0.9478840553387999
2018-12-25 13:00:00,3.5299999999999994,0.4570978918764741
2018-12-25 13:15:00,5.04,3.7484446041379123
2018-12-25 13:30:00,4.07,7.673165821693837
2018-12-25 13:45:00,3.42,11.445662105046212
2018-12-25 14:00:00,3.42,14.749038286358118
2018-12-25 14:15:00,3.49,17.50028098076582
2018-12-25 14:30:00,3.4599999999999995,19.65667880870402
2018-12-25 14:45:00,3.5299999999999994,21.74763731300831
2018-12-25 15:00:00,4.14,23.830187707394362
2018-12-25 15:15:00,4.14,25.78673883035779
2018-12-25 15:30:00,4.14,27.23458639189601
2018-12-25 15:45:00,4.1,27.975122056007386
2018-12-25 16:00:00,3.67,27.88836886420846
2018-12-25 16:15:00,3.4599999999999995,26.851448728889228
2018-12-25 16:30:00,3.42,25.399361746460198
2018-12-25 16:45:00,3.4599999999999995,23.75509516850114
2018-12-25 17:00:00,3.42,22.50666206166148
2018-12-25 17:15:00,3.4599999999999995,21.757625101208685
2018-12-25 17:30:00,4.0,21.66408389598131
2018-12-25 17:45:00,4.0,23.636492429077624
2018-12-25 18:00:00,3.38,25.63546919733286
2018-12-25 18:15:00,3.38,27.39839465111494
2018-12-25 18:30:00,3.74,28.846585767418144
2018-12-25 18:45:00,4.1,29.89366434559226
2018-12-25 19:00:00,4.18,30.55902663439512
2018-12-25 19:15:00,4.1,30.001529314517974
2018-12-25 19:30:00,4.18,28.348736740201712
2018-12-25 19:45:00,3.64,26.30994354650378
2018-12-25 20:00:00,3.4599999999999995,25.170154581815005
2018-12-25 20:15:00,3.4599999999999995,24.968276861906052
2018-12-25 20:30:00,3.38,24.37150651693344
2018-12-25 20:45:00,3.42,23.434767400175332
2018-12-25 21:00:00,3.42,21.922010442614553
2018-12-25 21:15:00,3.42,19.580645423755048
2018-12-25 21:30:00,4.03,16.160955184027554
2018-12-25 21:45:00,4.14,11.833625814318657
2018-12-25 22:00:00,3.49,7.366054245904087
2018-12-25 22:15:00,3.2,2.687325470400974
2018-12-25 22:30:00,3.85,-2.219123697206378
2018-12-25 22:45:00,3.89,-4.697283017113805
2018-12-25 23:00:00,3.89,-4.6351040955632925
2018-12-25 23:15:00,3.85,-4.235074989944696
2018-12-25 23:30:00,3.64,-3.798082872070372
2018-12-25 23:45:00,3.31,-3.6047131848707794
2018-12-26 00:00:00,3.67,-3.7804195539653302
2018-12-26 00:15:00,3.24,-4.024267652966082
2018-12-26 00:30:00,3.24,-4.647337901107967
2018-12-26 00:45:00,3.2,-5.342071876861156
2018-12-26 01:00:00,3.31,-2.9502694257721305
2018-12-26 01:15:00,3.24,0.8322476259153336
2018-12-26 01:30:00,3.28,4.271442738333717
2018-12-26 01:45:00,3.24,6.299478654135018
2018-12-26 02:00:00,3.24,6.1875830917246635
2018-12-26 02:15:00,3.78,5.147648712433874
2018-12-26 02:30:00,3.9599999999999995,3.6655749284569175
2018-12-26 02:45:00,4.97,1.2888568892795593
2018-12-26 03:00:00,4.36,-0.8739507330954074
2018-12-26 03:15:00,3.71,-1.1338457025773823
2018-12-26 03:30:00,3.28,-0.3807295906543731
2018-12-26 03:45:00,3.31,0.685625806087628
2018-12-26 04:00:00,3.28,2.0602557493909264
2018-12-26 04:15:00,3.28,3.8098581058811396
2018-12-26 04:30:00,3.2,5.458094228990375
2018-12-26 04:45:00,3.24,6.643217546511441
2018-12-26 05:00:00,3.28,7.221429478488862
2018-12-26 05:15:00,3.2,7.150814098138362
2018-12-26 05:30:00,3.24,6.462521493546665
2018-12-26 05:45:00,3.2,5.260251032114028
2018-12-26 06:00:00,4.79,4.20909793372266
2018-12-26 06:15:00,4.86,4.978678991962224
2018-12-26 06:30:00,3.92,7.168849881254136
2018-12-26 06:45:00,3.8200000000000003,10.861374249868094
2018-12-26 07:00:00,3.35,16.038320728391408
2018-12-26 07:15:00,3.17,21.948226141184566
2018-12-26 07:30:00,3.42,27.67802352979779
2018-12-26 07:45:00,4.82,32.929087457954886
2018-12-26 08:00:00,5.0,37.809743213057516
2018-12-26 08:15:00,34.52,41.778829167485235
2018-12-26 08:30:00,48.06,53.42545695513487
2018-12-26 08:45:00,78.23,64.27600772500038
2018-12-26 09:00:00,51.08,75.66043361783028
2018-12-26 09:15:00,70.99,76.48188877910377
2018-12-26 09:30:00,65.74,80.96517966210843
2018-12-26 09:45:00,52.96,82.66346292912961
2018-12-26 10:00:00,55.44,80.74605908572674
2018-12-26 10:15:00,52.06,78.42825451374054
2018-12-26 10:30:00,57.64,74.11137437343598
2018-12-26 10:45:00,62.21,68.92078731119632
2018-12-26 11:00:00,45.58,62.513998417258264
2018-12-26 11:15:00,54.58,53.20507443249225
2018-12-26 11:30:00,55.15,44.39664911299944
2018-12-26 11:45:00,58.64,36.5608610150218
2018-12-26 12:00:00,31.28,31.22855648949742
2018-12-26 12:15:00,6.77,26.382932093143463
2018-12-26 12:30:00,7.09,22.531469859331846
2018-12-26 12:45:00,6.95,22.935793399512768
2018-12-26 13:00:00,6.41,24.423944650441406
2018-12-26 13:15:00,20.66,24.861673839241266
2018-12-26 13:30:00,59.9,27.612586451619862
2018-12-26 13:45:00,55.3,39.13417602300644
2018-12-26 14:00:00,51.41,48.225039286613466
2018-12-26 14:15:00,57.02,54.37045261353254
2018-12-26 14:30:00,43.06,59.18155312418938
2018-12-26 14:45:00,41.4,60.55363451004028
2018-12-26 15:00:00,52.92,60.69667454689741
2018-12-26 15:15:00,53.42,61.409975075423716
2018-12-26 15:30:00,40.68,61.2618153989315
2018-12-26 15:45:00,40.64000000000001,58.02250263810158
2018-12-26 16:00:00,41.46999999999999,54.006100435256954
2018-12-26 16:15:00,56.2,49.46503396987915
2018-12-26 16:30:00,59.04,47.422499846518036
2018-12-26 16:45:00,54.68,46.253425644934175
2018-12-26 17:00:00,57.67,44.17340138852596
2018-12-26 17:15:00,54.79,43.11408058434725
2018-12-26 17:30:00,34.42,42.822418307065966
2018-12-26 17:45:00,9.5,42.38808873862028
2018-12-26 18:00:00,5.22,40.47077022254467
2018-12-26 18:15:00,5.04,38.271056426018475
2018-12-26 18:30:00,5.04,35.85490537300706
2018-12-26 18:45:00,5.080000000000001,33.31427746772766
2018-12-26 19:00:00,5.080000000000001,30.836079975068568
2018-12-26 19:15:00,4.68,28.03105187356472
2018-12-26 19:30:00,3.92,25.84704055070877
2018-12-26 19:45:00,3.89,23.880986658036708
2018-12-26 20:00:00,3.85,23.62427939400077
2018-12-26 20:15:00,3.89,24.570119343847036
2018-12-26 20:30:00,3.89,24.15949729964137
2018-12-26 20:45:00,3.9599999999999995,22.796402228623627
2018-12-26 21:00:00,3.89,20.743697312399746
2018-12-26 21:15:00,3.9599999999999995,17.948954522013665
2018-12-26 21:30:00,4.0,14.465799837186932
2018-12-26 21:45:00,3.9599999999999995,10.414767089486121
2018-12-26 22:00:00,4.07,5.919764188770205
2018-12-26 22:15:00,4.0,2.0694470322527923
2018-12-26 22:30:00,4.9,-0.9281450938619673
2018-12-26 22:45:00,4.1,-1.352006346527487
2018-12-26 23:00:00,3.71,-0.7382990884594619
2018-12-26 23:15:00,3.74,-0.4297394742444157
2018-12-26 23:30:00,3.64,-0.18695179183036084
2018-12-26 23:45:00,3.67,-0.06586108718067403
2018-12-27 00:00:00,3.74,-0.057035883814096404
2018-12-27 00:15:00,3.64,0.08293714085593824
2018-12-27 00:30:00,3.74,0.03892676500603562
2018-12-27 00:45:00,3.71,-0.14232082808390253
2018-12-27 01:00:00,3.71,-0.42743928527459496
2018-12-27 01:15:00,3.67,1.72392759853974
2018-12-27 01:30:00,3.67,3.9686737340688705
2018-12-27 01:45:00,3.78,4.856628635562956
2018-12-27 02:00:00,4.18,5.037210450954735
2018-12-27 02:15:00,4.86,4.426967931464315
2018-12-27 02:30:00,4.21,3.126413861773908
2018-12-27 02:45:00,3.71,1.595319528291002
2018-12-27 03:00:00,3.78,-0.6099796996451914
2018-12-27 03:15:00,3.67,-2.8961690934747457
2018-12-27 03:30:00,3.71,-2.092652318663895
2018-12-27 03:45:00,3.24,-1.2408068754710257
2018-12-27 04:00:00,3.02,-0.38688915709033606
2018-12-27 04:15:00,2.99,0.6239608132746071
2018-12-27 04:30:00,2.99,1.7065612419880927
2018-12-27 04:45:00,2.95,2.510898064339999
2018-12-27 05:00:00,2.95,2.8580430678417907
2018-12-27 05:15:00,2.95,2.7063466227543542
2018-12-27 05:30:00,2.95,2.113494668637868
2018-12-27 05:45:00,2.95,1.2062907711789013
2018-12-27 06:00:00,3.42,0.21907927728258078
2018-12-27 06:15:00,3.74,-0.07591062542051072
2018-12-27 06:30:00,4.86,1.574764904929325
2018-12-27 06:45:00,4.21,4.464045461975038
2018-12-27 07:00:00,3.6,8.437783439829944
2018-12-27 07:15:00,2.88,13.490584832206368
2018-12-27 07:30:00,3.2,18.323413497656585
2018-12-27 07:45:00,4.9,22.867899792492388
2018-12-27 08:00:00,5.65,27.201634325385093
2018-12-27 08:15:00,32.0,30.89741460517049
2018-12-27 08:30:00,52.63,42.411683990061285
2018-12-27 08:45:00,73.66,53.80536565244198
2018-12-27 09:00:00,63.47,63.70645679742098
2018-12-27 09:15:00,56.77,66.95766149312257
2018-12-27 09:30:00,53.93,68.80408198207617
2018-12-27 09:45:00,59.4,68.00085543245078
2018-12-27 10:00:00,76.03,67.46999820232391
2018-12-27 10:15:00,47.81,68.06234499901534
2018-12-27 10:30:00,45.830000000000005,62.98730011969805
2018-12-27 10:45:00,52.63,56.583565045893195
2018-12-27 11:00:00,68.69,50.06523986250162
2018-12-27 11:15:00,51.16,44.82993678987026
2018-12-27 11:30:00,51.52,37.55712267890573
2018-12-27 11:45:00,54.83,31.44867853924632
2018-12-27 12:00:00,59.62,27.770183779597282
2018-12-27 12:15:00,13.54,27.500681907385587
2018-12-27 12:30:00,6.62,25.833796851336956
2018-12-27 12:45:00,6.59,26.1314365324378
2018-12-27 13:00:00,17.82,27.316628617048263
2018-12-27 13:15:00,40.57,29.56569079965353
2018-12-27 13:30:00,43.7,35.68900659427047
2018-12-27 13:45:00,46.84,42.57228349268436
2018-12-27 14:00:00,53.32,49.090810767114164
2018-12-27 14:15:00,55.01,55.016474789977075
2018-12-27 14:30:00,61.74,60.31234679222107
2018-12-27 14:45:00,54.14,65.19190227389336
2018-12-27 15:00:00,53.5,67.56381335318089
2018-12-27 15:15:00,44.75,68.13003202408552
2018-12-27 15:30:00,42.95,66.30165152847766
2018-12-27 15:45:00,60.84,62.97044572710991
2018-12-27 16:00:00,63.04,60.987497023642064
2018-12-27 16:15:00,59.580000000000005,58.53986018687487
2018-12-27 16:30:00,63.21999999999999,55.23894558668137
2018-12-27 16:45:00,45.79,52.464644304811955
2018-12-27 17:00:00,41.58,47.600546542108056
2018-12-27 17:15:00,54.58,43.300197448730465
2018-12-27 17:30:00,36.72,43.53168150573969
2018-12-27 17:45:00,29.38,43.89607859313488
2018-12-27 18:00:00,28.48,43.88953982532024
2018-12-27 18:15:00,48.56,43.76688852876425
2018-12-27 18:30:00,53.81999999999999,45.728200018405914
2018-12-27 18:45:00,53.5,47.527600659132005
2018-12-27 19:00:00,53.14,47.9956120672822
2018-12-27 19:15:00,51.00999999999999,48.22574435979128
2018-12-27 19:30:00,47.99,46.8433204036951
2018-12-27 19:45:00,49.18,44.0510420012474
2018-12-27 20:00:00,50.33,41.8551252707839
2018-12-27 20:15:00,50.040000000000006,40.7156461790204
2018-12-27 20:30:00,40.93,39.32521043598652
2018-12-27 20:45:00,14.510000000000002,35.596668953448535
2018-12-27 21:00:00,8.35,28.120319976061584
2018-12-27 21:15:00,5.26,20.532616591155527
2018-12-27 21:30:00,5.26,13.82520605057478
2018-12-27 21:45:00,5.26,8.635563763938844
2018-12-27 22:00:00,4.5,5.029630352929234
2018-12-27 22:15:00,3.89,2.6107185819605365
2018-12-27 22:30:00,3.85,0.846317091723904
2018-12-27 22:45:00,3.8200000000000003,-0.09092430546879764
2018-12-27 23:00:00,3.8200000000000003,-0.020571362785994956
2018-12-27 23:15:00,3.8200000000000003,0.011550165694207004
2018-12-27 23:30:00,3.78,-0.06922028932720417
2018-12-27 23:45:00,3.74,-0.2537698254361748
2018-12-28 00:00:00,4.82,-0.47250530611723657
2018-12-28 00:15:00,3.74,-0.575392099134624
2018-12-28 00:30:00,3.78,-0.7473056123964488
2018-12-28 00:45:00,3.85,-0.9813466824032365
2018-12-28 01:00:00,4.14,-0.6558888892084359
2018-12-28 01:15:00,4.9,1.7433496700413527
2018-12-28 01:30:00,4.14,2.904386893478222
2018-12-28 01:45:00,3.8200000000000003,3.3782070857379587
2018-12-28 02:00:00,3.85,2.9551788972411304
2018-12-28 02:15:00,3.8200000000000003,1.66582347788848
2018-12-28 02:30:00,3.8200000000000003,-0.09297384541481728
2018-12-28 02:45:00,3.8200000000000003,-2.155636236183345
2018-12-28 03:00:00,3.8200000000000003,-4.69478270187974
2018-12-28 03:15:00,3.89,-5.467241452299059
2018-12-28 03:30:00,3.89,-4.439337384104729
2018-12-28 03:45:00,3.85,-3.052129484042525
2018-12-28 04:00:00,3.8200000000000003,-1.4671645564772189
2018-12-28 04:15:00,4.07,-0.056158752571791364
2018-12-28 04:30:00,5.04,1.081876230314374
2018-12-28 04:45:00,4.1,1.9170191649650223
2018-12-28 05:00:00,3.8200000000000003,2.097758232445922
2018-12-28 05:15:00,3.89,1.7604606059752406
2018-12-28 05:30:00,3.38,1.1009704652428627
2018-12-28 05:45:00,3.17,0.16446333215571945
2018-12-28 06:00:00,3.06,-0.7235593540407717
2018-12-28 06:15:00,3.06,-1.154652939736843
2018-12-28 06:30:00,3.1,0.5395254934113474
2018-12-28 06:45:00,3.06,3.6741639379225672
2018-12-28 07:00:00,3.1,7.937087174430489
2018-12-28 07:15:00,3.38,13.347817618250847
2018-12-28 07:30:00,4.97,19.28597199000418
2018-12-28 07:45:00,6.7,25.461188131421803
2018-12-28 08:00:00,6.16,31.337427422702312
2018-12-28 08:15:00,35.75,36.0371331076324
2018-12-28 08:30:00,57.78,48.12766733348369
2018-12-28 08:45:00,57.74,59.883846427500245
2018-12-28 09:00:00,66.46,64.39032837986946
2018-12-28 09:15:00,66.82,67.25131773531437
2018-12-28 09:30:00,59.9,71.0887346419692
2018-12-28 09:45:00,63.32,72.79774669766427
2018-12-28 10:00:00,57.17,73.63677928835153
2018-12-28 10:15:00,55.90999999999999,70.50320954054594
2018-12-28 10:30:00,62.42,66.1640185496211
2018-12-28 10:45:00,59.720000000000006,61.489666308164594
2018-12-28 11:00:00,62.71,55.283463996946814
2018-12-28 11:15:00,57.82,48.62124999433756
2018-12-28 11:30:00,64.94,41.43750638574362
2018-12-28 11:45:00,58.97,36.30213508605957
2018-12-28 12:00:00,47.05,33.054332256168124
2018-12-28 12:15:00,10.01,31.378932431042195
2018-12-28 12:30:00,7.81,30.87139875218272
2018-12-28 12:45:00,7.269999999999999,32.75483558297157
2018-12-28 13:00:00,7.31,35.10947461485863
2018-12-28 13:15:00,42.55,36.1677063728869
2018-12-28 13:30:00,56.12,42.92319437146187
2018-12-28 13:45:00,45.0,52.00167619079351
2018-12-28 14:00:00,45.22,57.29143606185913
2018-12-28 14:15:00,42.62,60.107767788767816
2018-12-28 14:30:00,34.2,60.41024867296219
2018-12-28 14:45:00,42.8,58.179657611250875
2018-12-28 15:00:00,48.02,56.65628189235925
2018-12-28 15:15:00,44.6,55.24587506383657
2018-12-28 15:30:00,35.78,52.61974693119526
2018-12-28 15:45:00,32.62,48.081321122050284
2018-12-28 16:00:00,31.39,42.50531052261591
2018-12-28 16:15:00,30.06,36.99252298176289
2018-12-28 16:30:00,30.13,32.11114868074655
2018-12-28 16:45:00,23.58,28.43857069760561
2018-12-28 17:00:00,8.57,25.547031913548707
2018-12-28 17:15:00,9.58,23.12050011754036
2018-12-28 17:30:00,9.139999999999999,22.282498191148044
2018-12-28 17:45:00,5.47,21.438911815732716
2018-12-28 18:00:00,5.080000000000001,20.066631707027554
2018-12-28 18:15:00,5.080000000000001,18.324688916653393
2018-12-28 18:30:00,5.11,16.339498125389216
2018-12-28 18:45:00,5.1499999999999995,14.342400803789497
2018-12-28 19:00:00,5.1499999999999995,12.427755503058433
2018-12-28 19:15:00,5.1499999999999995,10.130556357875466
2018-12-28 19:30:00,5.18,7.656966540887951
2018-12-28 19:45:00,5.22,5.4206824062205845
2018-12-28 20:00:00,5.1499999999999995,3.8321004700940104
2018-12-28 20:15:00,5.1499999999999995,2.9458716927142814
2018-12-28 20:30:00,5.18,2.1297736631310547
2018-12-28 20:45:00,5.26,1.3473340363055468
2018-12-28 21:00:00,5.18,0.7231918636150658
2018-12-28 21:15:00,5.1499999999999995,0.5307791616860777
2018-12-28 21:30:00,5.26,0.355925785182044
2018-12-28 21:45:00,5.26,0.19680407327599828
2018-12-28 22:00:00,5.22,0.04880564859136944
2018-12-28 22:15:00,4.97,-0.08934518855065102
2018-12-28 22:30:00,4.97,-0.1566855713538825
2018-12-28 22:45:00,4.93,-0.22750781433656805
2018-12-28 23:00:00,5.04,-0.30271655557677146
2018-12-28 23:15:00,4.86,-0.3684017566405236
2018-12-28 23:30:00,4.86,-0.442375777773559
2018-12-28 23:45:00,4.86,-0.5071886191889643
2018-12-29 00:00:00,4.28,-0.5478510201722383
2018-12-29 00:15:00,4.9,0.398062608698383
2018-12-29 00:30:00,4.82,0.9929269825667143
2018-12-29 00:45:00,3.85,1.344687906773761
2018-12-29 01:00:00,3.74,1.5585476604755968
2018-12-29 01:15:00,3.8200000000000003,1.7476546301785858
2018-12-29 01:30:00,3.78,1.928900714602787
2018-12-29 01:45:00,3.67,2.0995544568891638
2018-12-29 02:00:00,3.74,2.258449167229701
2018-12-29 02:15:00,3.71,2.4088680180348456
2018-12-29 02:30:00,3.8200000000000003,2.542424932923168
2018-12-29 02:45:00,3.78,2.662685538107762
2018-12-29 03:00:00,3.71,2.758773143044673
2018-12-29 03:15:00,3.74,2.8270788964931852
2018-12-29 03:30:00,3.78,2.8696479352004824
2018-12-29 03:45:00,3.78,2.8911879979702646
2018-12-29 04:00:00,3.74,3.119762400137261
2018-12-29 04:15:00,3.02,3.354934478253126
2018-12-29 04:30:00,3.74,3.4789032961055635
2018-12-29 04:45:00,3.6,3.67235690722242
2018-12-29 05:00:00,3.06,3.8517317900247874
2018-12-29 05:15:00,3.02,3.9089457277208566
2018-12-29 05:30:00,3.02,3.9385920620057733
2018-12-29 05:45:00,2.99,3.9090919630415737
2018-12-29 06:00:00,3.06,3.915893028182909
2018-12-29 06:15:00,3.06,3.8981346992217003
2018-12-29 06:30:00,3.67,3.8494396004918965
2018-12-29 06:45:00,3.74,3.898574387570843
2018-12-29 07:00:00,3.71,4.0657888631708925
2018-12-29 07:15:00,3.67,4.514977455884218
2018-12-29 07:30:00,3.38,5.17964786356315
2018-12-29 07:45:00,3.02,5.730653570201247
2018-12-29 08:00:00,2.92,6.157328098528087
2018-12-29 08:15:00,2.95,6.506395738627761
2018-12-29 08:30:00,3.13,6.569273277670145
2018-12-29 08:45:00,3.78,6.632275720201433
2018-12-29 09:00:00,3.24,6.659215578325092
2018-12-29 09:15:00,3.17,6.535824404023587
2018-12-29 09:30:00,3.2,6.533712271992116
2018-12-29 09:45:00,3.31,6.644319784715771
2018-12-29 10:00:00,4.03,6.874787772893905
2018-12-29 10:15:00,4.03,7.535721461139619
2018-12-29 10:30:00,4.03,8.114534894637764
2018-12-29 10:45:00,4.03,8.593353682421148
2018-12-29 11:00:00,6.19,8.78090202499181
2018-12-29 11:15:00,26.17,8.979480608701705
2018-12-29 11:30:00,9.36,12.789254829511046
2018-12-29 11:45:00,3.64,11.582118464969097
2018-12-29 12:00:00,4.14,8.390194368511438
2018-12-29 12:15:00,3.78,5.665020856671035
2018-12-29 12:30:00,3.4599999999999995,5.16560001026839
2018-12-29 12:45:00,3.42,5.306285125166177
2018-12-29 13:00:00,3.42,5.420940072294324
2018-12-29 13:15:00,4.1,5.4505674605444066
2018-12-29 13:30:00,4.14,5.226053860262036
2018-12-29 13:45:00,4.07,4.834714107923209
2018-12-29 14:00:00,4.03,4.437616164404899
2018-12-29 14:15:00,3.92,4.012796944081783
2018-12-29 14:30:00,3.31,3.681078258249909
2018-12-29 14:45:00,3.35,3.492908345395699
2018-12-29 15:00:00,3.31,3.2843072390882297
2018-12-29 15:15:00,3.31,3.0629105422180145
2018-12-29 15:30:00,3.31,2.8593764827563426
2018-12-29 15:45:00,3.35,2.765814752657898
2018-12-29 16:00:00,3.49,2.7992381193279288
2018-12-29 16:15:00,4.1,2.8283825591159983
2018-12-29 16:30:00,3.71,2.852885886989534
2018-12-29 16:45:00,3.67,2.8755187500314787
2018-12-29 17:00:00,4.1,2.8953875620174223
2018-12-29 17:15:00,4.07,2.9101278928853573
2018-12-29 17:30:00,4.07,2.9130303201661447
2018-12-29 17:45:00,4.1,2.9130303201661447
2018-12-29 18:00:00,3.56,2.9130303201661447
2018-12-29 18:15:00,3.31,2.9130303201661447
2018-12-29 18:30:00,3.24,2.9130303201661447
2018-12-29 18:45:00,3.35,2.9130303201661447
2018-12-29 19:00:00,3.31,2.9130303201661447
2018-12-29 19:15:00,3.35,2.9130303201661447
2018-12-29 19:30:00,3.35,2.9130303201661447
2018-12-29 19:45:00,3.31,2.9130303201661447
2018-12-29 20:00:00,3.71,2.91850912750233
2018-12-29 20:15:00,4.36,2.946333028662484
2018-12-29 20:30:00,4.28,2.821042584539391
2018-12-29 20:45:00,4.14,2.61725078883348
2018-12-29 21:00:00,4.1,2.4069412062922493
2018-12-29 21:15:00,4.07,2.1946428514574654
2018-12-29 21:30:00,3.85,1.984449576518964
2018-12-29 21:45:00,3.4599999999999995,1.7768783977162093
2018-12-29 22:00:00,3.31,1.5722904124390333
2018-12-29 22:15:00,3.13,1.380153480572626
2018-12-29 22:30:00,3.13,1.2392533632647247
2018-12-29 22:45:00,3.13,1.116850189594552
2018-12-29 23:00:00,3.17,1.0142155893519522
2018-12-29 23:15:00,3.06,0.9393064761441201
2018-12-29 23:30:00,2.99,0.8834471097681672
2018-12-29 23:45:00,3.42,0.8532270614802838
2018-12-30 00:00:00,3.1,0.8621001211274416
2018-12-30 00:15:00,3.92,0.7606930836010725
2018-12-30 00:30:00,3.8200000000000003,0.8533289490453899
2018-12-30 00:45:00,3.74,1.0174024527519943
2018-12-30 01:00:00,3.78,1.2138098208699375
2018-12-30 01:15:00,3.42,1.4271198588795961
2018-12-30 01:30:00,3.17,1.6446060239896179
2018-12-30 01:45:00,3.02,1.84996728817001
2018-12-30 02:00:00,3.1,2.049481770915445
2018-12-30 02:15:00,3.06,2.2449609236675316
2018-12-30 02:30:00,3.1,2.421206938987598
2018-12-30 02:45:00,3.13,2.578651049679611
2018-12-30 03:00:00,3.1,2.7098831808380783
2018-12-30 03:15:00,3.13,2.808841688958928
2018-12-30 03:30:00,3.6,2.875113269800786
2018-12-30 03:45:00,4.86,3.3153670177422465
2018-12-30 04:00:00,3.85,4.042615617113188
2018-12-30 04:15:00,3.8200000000000003,4.556020180974156
2018-12-30 04:30:00,3.8200000000000003,4.979496899303048
2018-12-30 04:45:00,3.4599999999999995,5.429965121243149
2018-12-30 05:00:00,3.17,5.695232624839991
2018-12-30 05:15:00,3.13,5.9784236387535925
2018-12-30 05:30:00,3.1,6.231146060470492
2018-12-30 05:45:00,3.1,6.457696008644998
2018-12-30 06:00:00,3.1,6.665370934531092
2018-12-30 06:15:00,3.13,6.872606873773038
2018-12-30 06:30:00,3.13,7.150908407289534
2018-12-30 06:45:00,3.1,7.542362397201359
2018-12-30 07:00:00,3.8200000000000003,8.08499199166894
2018-12-30 07:15:00,4.36,9.018063717447221
2018-12-30 07:30:00,4.97,9.986850543320179
2018-12-30 07:45:00,3.9599999999999995,10.921875254437326
2018-12-30 08:00:00,3.4599999999999995,11.77321294389665
2018-12-30 08:15:00,3.06,12.649622272104024
2018-12-30 08:30:00,3.06,13.523789512515068
2018-12-30 08:45:00,3.17,14.610520597845316
2018-12-30 09:00:00,3.28,14.996699730977415
2018-12-30 09:15:00,3.35,14.391746944412589
2018-12-30 09:30:00,3.38,13.559374376162886
2018-12-30 09:45:00,3.35,12.823971824422479
2018-12-30 10:00:00,3.4599999999999995,12.345053113847971
2018-12-30 10:15:00,3.38,11.565127660930155
2018-12-30 10:30:00,4.0,10.456081234067678
2018-12-30 10:45:00,4.1,9.13779985077679
2018-12-30 11:00:00,4.1,7.483252452611922
2018-12-30 11:15:00,4.28,5.520814586114138
2018-12-30 11:30:00,4.61,3.606073151798919
2018-12-30 11:45:00,3.56,1.5680414483603091
2018-12-30 12:00:00,3.42,-0.7300821229815483
2018-12-30 12:15:00,3.4599999999999995,-2.840564305670559
2018-12-30 12:30:00,3.4599999999999995,-4.356122469566762
2018-12-30 12:45:00,3.31,-4.925909170024098
2018-12-30 13:00:00,3.28,-4.150600935965777
2018-12-30 13:15:00,3.2,-2.7321121500059964
2018-12-30 13:30:00,3.24,-0.8849450469389557
2018-12-30 13:45:00,3.24,1.1669113676063716
2018-12-30 14:00:00,4.03,3.2035584667511285
2018-12-30 14:15:00,4.0,5.171870726775378
2018-12-30 14:30:00,4.03,6.8467220992781215
2018-12-30 14:45:00,4.82,7.987557165771722
2018-12-30 15:00:00,4.1,9.817708764784038
2018-12-30 15:15:00,3.31,11.428332237154246
2018-12-30 15:30:00,3.24,12.461950429454445
2018-12-30 15:45:00,3.24,12.942147927209735
2018-12-30 16:00:00,3.35,13.889310450628399
2018-12-30 16:15:00,3.31,14.307087640315293
2018-12-30 16:30:00,3.35,14.203737160637974
2018-12-30 16:45:00,3.24,13.810419722944497
2018-12-30 17:00:00,3.24,13.076491313055158
2018-12-30 17:15:00,3.42,12.165478385463356
2018-12-30 17:30:00,4.0,11.837892180681228
2018-12-30 17:45:00,4.75,12.738695019930601
2018-12-30 18:00:00,4.68,13.28926959902048
2018-12-30 18:15:00,3.89,13.468750018253923
2018-12-30 18:30:00,3.5299999999999994,14.081241923272609
2018-12-30 18:45:00,3.2,15.410313845276832
2018-12-30 19:00:00,3.28,16.50971940688789
2018-12-30 19:15:00,3.24,17.201819462776182
2018-12-30 19:30:00,3.24,16.68783346615732
2018-12-30 19:45:00,3.2,15.93609859034419
2018-12-30 20:00:00,3.24,15.764357135146856
2018-12-30 20:15:00,3.31,16.897452395558357
2018-12-30 20:30:00,3.24,17.364988889768718
2018-12-30 20:45:00,3.78,17.468163101151585
2018-12-30 21:00:00,4.32,17.143828316628934
2018-12-30 21:15:00,4.07,16.34167172677815
2018-12-30 21:30:00,4.07,14.853804526031016
2018-12-30 21:45:00,4.03,12.593733995482324
2018-12-30 22:00:00,4.0,9.690310574285686
2018-12-30 22:15:00,3.2,6.610182117447256
2018-12-30 22:30:00,2.99,4.082381800478324
2018-12-30 22:45:00,3.1,1.4826485818624497
2018-12-30 23:00:00,3.02,0.13802477207966155
2018-12-30 23:15:00,2.95,0.6045409872289748
2018-12-30 23:30:00,2.99,0.8736633773799987
2018-12-30 23:45:00,2.92,1.2034422699268907
