date,Actual Usage (kWh),Predicted Usage (kWh)
2018-10-21 00:00:00,3.31,3.571777179883793
2018-10-21 00:15:00,2.74,2.9654018969554454
2018-10-21 00:30:00,2.74,2.2972198768053205
2018-10-21 00:45:00,2.77,1.696049701180309
2018-10-21 01:00:00,2.81,1.1967633014544845
2018-10-21 01:15:00,2.84,0.8030515055544675
2018-10-21 01:30:00,2.77,0.5016894198022783
2018-10-21 01:45:00,2.74,0.2781169462576509
2018-10-21 02:00:00,2.77,0.12045225460082297
2018-10-21 02:15:00,2.77,0.17577243085950617
2018-10-21 02:30:00,2.74,0.23496966755017643
2018-10-21 02:45:00,3.13,0.1713250246085227
2018-10-21 03:00:00,3.85,0.1173936628736556
2018-10-21 03:15:00,3.89,0.07443135360255843
2018-10-21 03:30:00,2.92,0.06390072641894226
2018-10-21 03:45:00,2.74,0.12399614550173288
2018-10-21 04:00:00,2.81,0.18380414621904498
2018-10-21 04:15:00,2.81,0.44896049974486235
2018-10-21 04:30:00,2.77,0.8151665826141835
2018-10-21 04:45:00,2.77,1.1903884519264103
2018-10-21 05:00:00,2.81,1.5812889369390906
2018-10-21 05:15:00,2.77,1.9940617069508881
2018-10-21 05:30:00,2.81,2.443062523407862
2018-10-21 05:45:00,2.81,3.0856876056361946
2018-10-21 06:00:00,2.81,3.836593346828595
2018-10-21 06:15:00,2.74,4.63181358281523
2018-10-21 06:30:00,2.74,5.584952106643468
2018-10-21 06:45:00,3.06,6.797093873247504
2018-10-21 07:00:00,3.31,8.067551535069942
2018-10-21 07:15:00,2.74,9.391920349523424
2018-10-21 07:30:00,2.77,10.669009965583681
2018-10-21 07:45:00,2.74,11.888468831181525
2018-10-21 08:00:00,3.42,13.870321752130986
2018-10-21 08:15:00,3.17,16.3507849098742
2018-10-21 08:30:00,2.74,18.948045460432766
2018-10-21 08:45:00,2.88,21.207241385877133
2018-10-21 09:00:00,3.02,21.832827667444946
2018-10-21 09:15:00,2.99,21.715807974487543
2018-10-21 09:30:00,3.06,20.90046045348048
2018-10-21 09:45:00,3.56,19.441749375909566
2018-10-21 10:00:00,3.35,17.917981824949383
2018-10-21 10:15:00,2.99,15.904985552281142
2018-10-21 10:30:00,2.99,13.103194275572896
2018-10-21 10:45:00,2.99,9.72927091963589
2018-10-21 11:00:00,3.02,5.7922394106909625
2018-10-21 11:15:00,2.95,1.33582888122648
2018-10-21 11:30:00,2.95,-3.5260015323013065
2018-10-21 11:45:00,3.02,-8.518770659044385
2018-10-21 12:00:00,2.99,-11.561950699090959
2018-10-21 12:15:00,3.1,-12.763735580667854
2018-10-21 12:30:00,3.02,-13.659693848639726
2018-10-21 12:45:00,3.1,-13.74038543201983
2018-10-21 13:00:00,3.5299999999999994,-12.554657806158067
2018-10-21 13:15:00,3.49,-10.966291854828597
2018-10-21 13:30:00,2.99,-9.05848621301353
2018-10-21 13:45:00,3.31,-6.248787563070655
2018-10-21 14:00:00,3.64,-2.668853725492954
2018-10-21 14:15:00,3.02,0.695007461514324
2018-10-21 14:30:00,2.99,5.349004925191402
2018-10-21 14:45:00,3.06,10.456111547723411
2018-10-21 15:00:00,2.99,15.081401698738336
2018-10-21 15:15:00,3.13,18.59433562077582
2018-10-21 15:30:00,3.8200000000000003,20.240809481963513
2018-10-21 15:45:00,10.37,19.700698727741838
2018-10-21 16:00:00,24.88,17.574201391637324
2018-10-21 16:15:00,24.62,14.93628573782742
2018-10-21 16:30:00,20.41,11.796357981413601
2018-10-21 16:45:00,3.92,8.35565027371049
2018-10-21 17:00:00,4.75,7.236671072319149
2018-10-21 17:15:00,3.49,7.006454013846814
2018-10-21 17:30:00,2.95,7.07582625363022
2018-10-21 17:45:00,2.95,7.301895393542945
2018-10-21 18:00:00,2.95,7.631521595083177
2018-10-21 18:15:00,2.99,8.810027273148298
2018-10-21 18:30:00,2.99,11.212756113037466
2018-10-21 18:45:00,3.02,13.701817121729254
2018-10-21 19:00:00,3.02,16.244481655582785
2018-10-21 19:15:00,3.06,19.745529256388544
2018-10-21 19:30:00,3.1,22.677065225094555
2018-10-21 19:45:00,3.02,24.50052143573761
2018-10-21 20:00:00,2.99,25.01936323091388
2018-10-21 20:15:00,3.49,24.098647688031196
2018-10-21 20:30:00,3.71,21.614412164241074
2018-10-21 20:45:00,3.24,17.43753059066832
2018-10-21 21:00:00,3.28,11.109752556309104
2018-10-21 21:15:00,3.67,4.122717206934467
2018-10-21 21:30:00,3.31,-2.757877073287964
2018-10-21 21:45:00,3.02,-3.2166989528387786
2018-10-21 22:00:00,3.06,-2.316283454746008
2018-10-21 22:15:00,2.88,-1.44034651434049
2018-10-21 22:30:00,2.88,-0.5244401768036187
2018-10-21 22:45:00,2.84,0.27631216101348405
2018-10-21 23:00:00,2.81,0.9081220045126975
2018-10-21 23:15:00,2.81,1.3726021524518728
2018-10-21 23:30:00,2.81,1.6635955645330252
2018-10-21 23:45:00,3.2,1.7995152604766191
2018-10-22 00:00:00,3.67,1.8283822811953725
2018-10-22 00:15:00,2.81,1.717820238955319
2018-10-22 00:30:00,2.81,1.5833960166946055
2018-10-22 00:45:00,2.88,1.4673994096182288
2018-10-22 01:00:00,2.88,1.3842838565073907
2018-10-22 01:15:00,2.88,1.1019054169766604
2018-10-22 01:30:00,2.84,0.6241832537576557
2018-10-22 01:45:00,2.99,0.4165602540411056
2018-10-22 02:00:00,3.5299999999999994,0.3975552759878338
2018-10-22 02:15:00,3.13,0.23448857860639696
2018-10-22 02:30:00,2.88,0.022397963535040668
2018-10-22 02:45:00,2.88,-0.3520733621157705
2018-10-22 03:00:00,3.4599999999999995,-0.9332647334970533
2018-10-22 03:15:00,3.24,-0.8635517457686365
2018-10-22 03:30:00,2.92,-0.3943895414285361
2018-10-22 03:45:00,2.92,-0.10013600794598455
2018-10-22 04:00:00,2.95,0.6177952121756971
2018-10-22 04:15:00,2.88,1.3913623758032918
2018-10-22 04:30:00,2.92,2.2561482414696368
2018-10-22 04:45:00,2.92,3.2086729137692602
2018-10-22 05:00:00,2.88,4.088082592189312
2018-10-22 05:15:00,2.88,1.9174199437722563
2018-10-22 05:30:00,2.84,-0.3028759829513728
2018-10-22 05:45:00,2.84,-2.5456803604215383
2018-10-22 06:00:00,2.84,-3.426920787170529
2018-10-22 06:15:00,2.81,-2.9283801595121624
2018-10-22 06:30:00,3.89,-1.4118123824708164
2018-10-22 06:45:00,4.1,0.9545748751051725
2018-10-22 07:00:00,2.84,4.260579502983019
2018-10-22 07:15:00,2.99,8.242922769859433
2018-10-22 07:30:00,3.6,12.63100519657135
2018-10-22 07:45:00,3.92,16.94166093289852
2018-10-22 08:00:00,3.9599999999999995,24.648782157748936
2018-10-22 08:15:00,13.5,31.99813039034605
2018-10-22 08:30:00,43.52,39.17857542410493
2018-10-22 08:45:00,48.349999999999994,48.122435421049595
2018-10-22 09:00:00,61.129999999999995,56.34706464022398
2018-10-22 09:15:00,47.41,64.1378627821803
2018-10-22 09:30:00,48.38,69.8135312089324
2018-10-22 09:45:00,49.1,74.21321478396654
2018-10-22 10:00:00,53.6,76.50666064947845
2018-10-22 10:15:00,49.39,76.67995596021414
2018-10-22 10:30:00,40.75,72.50499312877655
2018-10-22 10:45:00,41.94,66.48220864385367
2018-10-22 11:00:00,63.97,59.67910126030445
2018-10-22 11:15:00,58.1,54.43632531017065
2018-10-22 11:30:00,94.0,48.63913729667664
2018-10-22 11:45:00,88.42,45.57475902944803
2018-10-22 12:00:00,112.61,42.99994405686855
2018-10-22 12:15:00,5.44,42.563876505494115
2018-10-22 12:30:00,5.26,36.57327838659286
2018-10-22 12:45:00,4.61,31.67674950316548
2018-10-22 13:00:00,4.46,31.863162767738103
2018-10-22 13:15:00,25.56,34.36134481862187
2018-10-22 13:30:00,63.11,38.76528577819467
2018-10-22 13:45:00,120.27999999999999,46.18073574393988
2018-10-22 14:00:00,85.97,57.97036315023899
2018-10-22 14:15:00,99.97,68.4216493922472
2018-10-22 14:30:00,105.73,77.90906916379929
2018-10-22 14:45:00,92.56,84.99859343945981
2018-10-22 15:00:00,65.63,88.42605744779111
2018-10-22 15:15:00,40.43,88.86572671055795
2018-10-22 15:30:00,47.84,87.08935546636582
2018-10-22 15:45:00,46.50999999999999,85.16498172760011
2018-10-22 16:00:00,50.65,83.17789689421654
2018-10-22 16:15:00,52.38,79.05240145802499
2018-10-22 16:30:00,51.12,74.64378995001316
2018-10-22 16:45:00,52.52,70.18961364924908
2018-10-22 17:00:00,42.01,66.04650934726
2018-10-22 17:15:00,55.66,61.53293175399303
2018-10-22 17:30:00,52.13,58.02395320266485
2018-10-22 17:45:00,32.04,55.174474054574965
2018-10-22 18:00:00,30.67,51.288972953557966
2018-10-22 18:15:00,40.1,47.415601805746554
2018-10-22 18:30:00,93.01999999999998,46.54905788838863
2018-10-22 18:45:00,82.26,49.910523454546926
2018-10-22 19:00:00,105.08,53.519043069481846
2018-10-22 19:15:00,76.18,58.66699341356754
2018-10-22 19:30:00,95.22,61.11553741455078
2018-10-22 19:45:00,46.15,63.13203323036432
2018-10-22 20:00:00,62.17,60.43747707217932
2018-10-22 20:15:00,65.59,56.563037087321284
2018-10-22 20:30:00,69.84,51.20731021046638
2018-10-22 20:45:00,61.6,44.905617638230325
2018-10-22 21:00:00,17.06,36.747669479846955
2018-10-22 21:15:00,5.51,25.17385733872652
2018-10-22 21:30:00,4.07,13.651176475733518
2018-10-22 21:45:00,4.1,7.037084840238093
2018-10-22 22:00:00,4.0,5.680663825757801
2018-10-22 22:15:00,3.85,4.506254280423746
2018-10-22 22:30:00,3.8200000000000003,3.6305888998508453
2018-10-22 22:45:00,3.74,2.9381494994275275
2018-10-22 23:00:00,3.71,2.9811179837025703
2018-10-22 23:15:00,4.61,3.123620374193415
2018-10-22 23:30:00,4.32,3.362145479451865
2018-10-22 23:45:00,3.6,3.484067002814263
2018-10-23 00:00:00,4.82,3.3582111598923805
2018-10-23 00:15:00,3.64,3.163314001262188
2018-10-23 00:30:00,3.6,2.87540121444501
2018-10-23 00:45:00,3.71,2.104643537271768
2018-10-23 01:00:00,3.71,0.810155847594142
2018-10-23 01:15:00,3.71,0.014569181259721568
2018-10-23 01:30:00,3.67,-0.3719470509514212
2018-10-23 01:45:00,3.67,-0.5166591104678809
2018-10-23 02:00:00,3.64,-0.7283988730423152
2018-10-23 02:15:00,3.71,-0.9740208822675048
2018-10-23 02:30:00,3.8200000000000003,-1.1620306660421191
2018-10-23 02:45:00,4.86,-0.01097737142816181
2018-10-23 03:00:00,4.1,0.7168262765929103
2018-10-23 03:15:00,3.38,1.11085692724213
2018-10-23 03:30:00,3.06,1.2728637694008649
2018-10-23 03:45:00,3.1,1.820193103235215
2018-10-23 04:00:00,3.2,2.3657509126421066
2018-10-23 04:15:00,3.1,2.9860085868276656
2018-10-23 04:30:00,3.02,3.712881493344903
2018-10-23 04:45:00,3.1,3.5131340796267616
2018-10-23 05:00:00,3.1,1.3571202948316932
2018-10-23 05:15:00,3.1,-0.8529919276572764
2018-10-23 05:30:00,3.38,-3.093983660787344
2018-10-23 05:45:00,3.64,-4.535206004455685
2018-10-23 06:00:00,4.68,-4.4239313106238844
2018-10-23 06:15:00,4.32,-3.4937174889445304
2018-10-23 06:30:00,2.99,-1.4211916521005332
2018-10-23 06:45:00,3.06,1.5450542944669725
2018-10-23 07:00:00,2.95,6.145550681911408
2018-10-23 07:15:00,3.02,10.946160983592272
2018-10-23 07:30:00,3.17,15.563891807049512
2018-10-23 07:45:00,4.0,20.953758596628905
2018-10-23 08:00:00,4.68,28.790525713413953
2018-10-23 08:15:00,37.33,35.944981839656826
2018-10-23 08:30:00,81.86,44.5915502011776
2018-10-23 08:45:00,86.98,55.969518162608146
2018-10-23 09:00:00,68.76,66.31321562677621
2018-10-23 09:15:00,66.85,73.29675438016653
2018-10-23 09:30:00,66.67,79.04472199857236
2018-10-23 09:45:00,56.47999999999999,81.66828582048417
2018-10-23 10:00:00,46.62,81.91877990782261
2018-10-23 10:15:00,52.24,79.57405680954457
2018-10-23 10:30:00,47.02,72.95914558261633
2018-10-23 10:45:00,44.32,65.22730413287879
2018-10-23 11:00:00,48.17,56.906654725074766
2018-10-23 11:15:00,54.0,49.00260027438402
2018-10-23 11:30:00,62.32,42.32755124539137
2018-10-23 11:45:00,69.05,37.57684002786875
2018-10-23 12:00:00,91.3,34.76773193284869
2018-10-23 12:15:00,12.85,34.78458407998085
2018-10-23 12:30:00,4.82,32.719995087981225
2018-10-23 12:45:00,4.64,34.215720261931416
2018-10-23 13:00:00,4.25,36.77793149009347
2018-10-23 13:15:00,48.349999999999994,39.69401759892702
2018-10-23 13:30:00,89.89,44.959984618425366
2018-10-23 13:45:00,96.40999999999998,53.785134094059465
2018-10-23 14:00:00,55.76,63.87169541209936
2018-10-23 14:15:00,64.37,69.36322297573089
2018-10-23 14:30:00,118.48,73.27559769392013
2018-10-23 14:45:00,110.23,78.57761326372625
2018-10-23 15:00:00,55.44,82.08094673871994
2018-10-23 15:15:00,78.48000000000002,81.97311096072198
2018-10-23 15:30:00,84.1,82.36793397665025
2018-10-23 15:45:00,53.5,82.89530176818371
2018-10-23 16:00:00,74.52,81.42870464920999
2018-10-23 16:15:00,58.64,78.4015066421032
2018-10-23 16:30:00,46.800000000000004,73.45761435568333
2018-10-23 16:45:00,44.57000000000001,67.57725914359092
2018-10-23 17:00:00,66.74,61.66021318078041
2018-10-23 17:15:00,55.370000000000005,57.503721470236776
2018-10-23 17:30:00,51.440000000000005,54.09798000305891
2018-10-23 17:45:00,31.0,50.76186563491821
2018-10-23 18:00:00,31.1,46.394143880307674
2018-10-23 18:15:00,74.05,42.29742171704769
2018-10-23 18:30:00,125.28,43.56016286939383
2018-10-23 18:45:00,75.63999999999999,49.42503790795803
2018-10-23 19:00:00,47.02,52.632685248553756
2018-10-23 19:15:00,63.58,53.13029625743628
2018-10-23 19:30:00,59.26,52.89047706782818
2018-10-23 19:45:00,70.74,51.19875053226948
2018-10-23 20:00:00,51.59000000000001,48.78372669816017
2018-10-23 20:15:00,61.2,43.81901005297899
2018-10-23 20:30:00,55.510000000000005,38.206124575436114
2018-10-23 20:45:00,62.75,31.09071243777871
2018-10-23 21:00:00,34.09,23.32056350901723
2018-10-23 21:15:00,32.98,14.454432216286659
2018-10-23 21:30:00,29.99,6.782843928914517
2018-10-23 21:45:00,29.88,5.95131424870342
2018-10-23 22:00:00,37.48,5.2566296729817985
2018-10-23 22:15:00,62.5,5.1446527127921575
2018-10-23 22:30:00,92.99,6.960122959241271
2018-10-23 22:45:00,76.1,10.917476406171918
2018-10-23 23:00:00,71.17,14.176158470287918
2018-10-23 23:15:00,32.33,17.108923826143144
2018-10-23 23:30:00,17.93,16.65346339419484
2018-10-23 23:45:00,6.37,13.546533736139535
2018-10-24 00:00:00,2.92,9.028671812862157
2018-10-24 00:15:00,4.86,6.40163763873279
2018-10-24 00:30:00,4.9,4.458338074237108
2018-10-24 00:45:00,3.89,2.7666890069097283
2018-10-24 01:00:00,3.8200000000000003,1.3056235687434674
2018-10-24 01:15:00,3.74,0.11419641423970465
2018-10-24 01:30:00,3.74,-0.4978478029929101
2018-10-24 01:45:00,3.78,0.019164787605404906
2018-10-24 02:00:00,3.74,0.7003886967711151
2018-10-24 02:15:00,3.78,1.4577504045888783
2018-10-24 02:30:00,3.78,2.156817127997056
2018-10-24 02:45:00,3.78,2.5752085902355613
2018-10-24 03:00:00,3.78,2.6070787679869682
2018-10-24 03:15:00,3.74,2.3963818793743847
2018-10-24 03:30:00,3.78,2.2936971773952246
2018-10-24 03:45:00,3.8200000000000003,3.0216528147179633
2018-10-24 04:00:00,4.68,3.6882303162291645
2018-10-24 04:15:00,4.72,4.285921298153698
2018-10-24 04:30:00,3.2,4.909279806707054
2018-10-24 04:45:00,3.24,5.536496569998562
2018-10-24 05:00:00,3.24,3.5510123257059605
2018-10-24 05:15:00,3.17,0.7519889945164323
2018-10-24 05:30:00,3.13,-1.9756991473399101
2018-10-24 05:45:00,3.13,-3.95108431302011
2018-10-24 06:00:00,3.13,-3.8328453374654052
2018-10-24 06:15:00,3.2,-2.563721476495266
2018-10-24 06:30:00,3.1,-0.32569683276116845
2018-10-24 06:45:00,3.42,2.8799187911953776
2018-10-24 07:00:00,3.74,7.051152060590684
2018-10-24 07:15:00,3.64,12.681472942456603
2018-10-24 07:30:00,3.78,17.96218587137759
2018-10-24 07:45:00,5.4,25.527393155544996
2018-10-24 08:00:00,4.18,33.40816896408796
2018-10-24 08:15:00,34.16,39.91440461248159
2018-10-24 08:30:00,58.75,47.76525972008705
2018-10-24 08:45:00,68.98,57.05629191160202
2018-10-24 09:00:00,44.21,66.09608452439308
2018-10-24 09:15:00,43.85,71.47651141703129
2018-10-24 09:30:00,66.53,75.13421100884676
2018-10-24 09:45:00,52.67,77.64247964799405
2018-10-24 10:00:00,49.57,77.70782690793277
2018-10-24 10:15:00,80.78,75.83892042279244
2018-10-24 10:30:00,129.85,72.90020236313343
2018-10-24 10:45:00,90.43,73.05316282451153
2018-10-24 11:00:00,111.89,69.36540555894375
2018-10-24 11:15:00,91.55,66.00224242806435
2018-10-24 11:30:00,59.36,60.601121413111684
2018-10-24 11:45:00,61.63,53.13410904169083
2018-10-24 12:00:00,44.419999999999995,46.50738671630621
2018-10-24 12:15:00,5.290000000000001,40.28993467062712
2018-10-24 12:30:00,5.1499999999999995,34.16596544831991
2018-10-24 12:45:00,5.44,33.681728375256064
2018-10-24 13:00:00,4.75,35.407040195912124
2018-10-24 13:15:00,31.21,38.17588052883744
2018-10-24 13:30:00,54.07,42.8844916921854
2018-10-24 13:45:00,60.3,49.77738138765097
2018-10-24 14:00:00,69.52,57.527554740011695
2018-10-24 14:15:00,52.99000000000001,64.81472854197025
2018-10-24 14:30:00,54.07,69.28973369240761
2018-10-24 14:45:00,59.83,72.17038426041603
2018-10-24 15:00:00,51.19,74.17863925278186
2018-10-24 15:15:00,57.96,74.57865825384856
2018-10-24 15:30:00,55.33,74.49856732994319
2018-10-24 15:45:00,59.69,73.4796737152338
2018-10-24 16:00:00,46.87,71.65351173013448
2018-10-24 16:15:00,56.99,68.04893064498901
2018-10-24 16:30:00,55.48,64.22147009015083
2018-10-24 16:45:00,52.13,59.919809650480744
2018-10-24 17:00:00,56.23,55.228050634264946
2018-10-24 17:15:00,57.78,51.06673568427563
2018-10-24 17:30:00,62.28,47.929968407154085
2018-10-24 17:45:00,52.92,45.31182511597872
2018-10-24 18:00:00,33.52,42.44427004724741
2018-10-24 18:15:00,15.91,39.891298870444295
2018-10-24 18:30:00,3.89,37.701096825450655
2018-10-24 18:45:00,3.92,35.34288527309894
2018-10-24 19:00:00,3.89,33.242452067285775
2018-10-24 19:15:00,3.92,31.22713511586189
2018-10-24 19:30:00,3.8200000000000003,30.61616226181388
2018-10-24 19:45:00,3.85,30.213156804293394
2018-10-24 20:00:00,3.78,28.973454030305145
2018-10-24 20:15:00,4.72,26.748171226531266
2018-10-24 20:30:00,4.64,23.41460545092821
2018-10-24 20:45:00,3.85,18.94618173196912
2018-10-24 21:00:00,3.89,13.13166553467512
2018-10-24 21:15:00,3.8200000000000003,6.612037706132978
2018-10-24 21:30:00,3.8200000000000003,0.7998792376182974
2018-10-24 21:45:00,3.92,0.3767494422383607
2018-10-24 22:00:00,3.85,0.9523173497989774
2018-10-24 22:15:00,3.64,1.517078439090401
2018-10-24 22:30:00,3.56,2.201439530942589
2018-10-24 22:45:00,3.64,2.876389215076342
2018-10-24 23:00:00,3.6,3.4600465883174913
2018-10-24 23:15:00,2.95,3.881571654547006
2018-10-24 23:30:00,2.92,4.036542921755463
2018-10-24 23:45:00,2.92,3.997933428902179
2018-10-25 00:00:00,4.1,3.7805643081851303
2018-10-25 00:15:00,3.1,3.6242752389982344
2018-10-25 00:30:00,3.67,3.557554602045566
2018-10-25 00:45:00,3.02,3.5713228960707784
2018-10-25 01:00:00,2.99,3.410155222914182
2018-10-25 01:15:00,2.95,2.9227630736865104
2018-10-25 01:30:00,3.13,2.6733783819433303
2018-10-25 01:45:00,3.02,2.5530312039051206
2018-10-25 02:00:00,2.99,2.351053841887042
2018-10-25 02:15:00,2.99,1.8897466635890305
2018-10-25 02:30:00,3.13,2.440740020219237
2018-10-25 02:45:00,3.71,3.465155421695672
2018-10-25 03:00:00,3.17,4.090838749064132
2018-10-25 03:15:00,3.02,4.343690003817901
2018-10-25 03:30:00,3.02,4.297650998830795
2018-10-25 03:45:00,3.49,4.043722486570478
2018-10-25 04:00:00,3.56,3.744910677447915
2018-10-25 04:15:00,3.02,3.781817553304136
2018-10-25 04:30:00,3.02,3.8551328137889507
2018-10-25 04:45:00,3.13,3.11100820931606
2018-10-25 05:00:00,3.1,0.8303770207427442
2018-10-25 05:15:00,3.13,-1.565064191762358
2018-10-25 05:30:00,3.06,-3.895106218159199
2018-10-25 05:45:00,3.02,-6.105921549052001
2018-10-25 06:00:00,3.35,-7.442020625546575
2018-10-25 06:15:00,3.42,-7.195170913264156
2018-10-25 06:30:00,2.95,-4.81380870975554
2018-10-25 06:45:00,2.95,-0.9792954583652317
2018-10-25 07:00:00,2.95,3.32476832090877
2018-10-25 07:15:00,2.84,7.912999606765807
2018-10-25 07:30:00,2.92,12.367371823564172
2018-10-25 07:45:00,4.43,16.27696891270578
2018-10-25 08:00:00,5.9,21.47408463820815
2018-10-25 08:15:00,36.58,27.186964761465788
2018-10-25 08:30:00,54.36,34.780654532015326
2018-10-25 08:45:00,76.25,43.86142671644688
2018-10-25 09:00:00,74.56,53.84260878533125
2018-10-25 09:15:00,64.84,62.14721665561199
2018-10-25 09:30:00,55.26,68.15916456997394
2018-10-25 09:45:00,84.05999999999999,71.40521818965674
2018-10-25 10:00:00,67.79,74.4282127031684
2018-10-25 10:15:00,78.12,75.06533838301897
2018-10-25 10:30:00,58.72,75.06131901681424
2018-10-25 10:45:00,70.2,72.3506135392189
2018-10-25 11:00:00,67.43,67.4725400584936
2018-10-25 11:15:00,74.34,61.64354740649462
2018-10-25 11:30:00,58.93,56.09514693379402
2018-10-25 11:45:00,79.92,49.63879633545876
2018-10-25 12:00:00,52.45,45.373211391568184
2018-10-25 12:15:00,8.46,40.49108710825443
2018-10-25 12:30:00,5.83,34.5301694265008
2018-10-25 12:45:00,4.93,31.461771793067456
2018-10-25 13:00:00,4.68,31.80985564276576
2018-10-25 13:15:00,29.48,33.79947110503912
2018-10-25 13:30:00,50.26,37.423531520813704
2018-10-25 13:45:00,58.36,42.99798601925373
2018-10-25 14:00:00,59.14999999999999,49.72130336999893
2018-10-25 14:15:00,54.97,55.91492214590311
2018-10-25 14:30:00,60.16,60.39512328147888
2018-10-25 14:45:00,58.28,64.13771458208561
2018-10-25 15:00:00,60.23,66.79403511583806
2018-10-25 15:15:00,47.41,68.68546801537275
2018-10-25 15:30:00,47.38000000000001,68.7759688732028
2018-10-25 15:45:00,66.53,67.82740293979644
2018-10-25 16:00:00,66.28,67.34728403300046
2018-10-25 16:15:00,60.37,66.18705692797899
2018-10-25 16:30:00,57.67,63.78040864467621
2018-10-25 16:45:00,57.42,60.3516916719079
2018-10-25 17:00:00,46.84,56.37495769441128
2018-10-25 17:15:00,60.19,51.58382826924324
2018-10-25 17:30:00,51.73,48.29559600442648
2018-10-25 17:45:00,29.84,44.77433929979801
2018-10-25 18:00:00,30.02,40.152409473657606
2018-10-25 18:15:00,51.98,36.022209807187316
2018-10-25 18:30:00,57.6,36.10685227036476
2018-10-25 18:45:00,65.12,37.72104321092367
2018-10-25 19:00:00,67.32,40.062238697856664
2018-10-25 19:15:00,48.489999999999995,42.786508975028994
2018-10-25 19:30:00,51.300000000000004,43.34462154984474
2018-10-25 19:45:00,56.34,42.54083363622427
2018-10-25 20:00:00,57.06000000000001,41.182377677261826
2018-10-25 20:15:00,53.5,38.0767503836751
2018-10-25 20:30:00,56.66,33.194545263946054
2018-10-25 20:45:00,81.00000000000001,26.88543370515108
2018-10-25 21:00:00,75.02,21.48886422947049
2018-10-25 21:15:00,8.89,17.273003785535693
2018-10-25 21:30:00,4.07,9.282152356654406
2018-10-25 21:45:00,3.89,6.576368918567895
2018-10-25 22:00:00,3.89,4.340757578648627
2018-10-25 22:15:00,3.71,2.3488422080874445
2018-10-25 22:30:00,3.64,0.8975905352830887
2018-10-25 22:45:00,3.5299999999999994,0.4262131886184216
2018-10-25 23:00:00,3.56,0.2911130841076375
2018-10-25 23:15:00,3.4599999999999995,0.3890929944440723
2018-10-25 23:30:00,3.5299999999999994,0.679948310982436
2018-10-25 23:45:00,3.42,1.0625880441255868
2018-10-26 00:00:00,3.6,1.4954061400145293
2018-10-26 00:15:00,4.57,1.88351159369573
2018-10-26 00:30:00,3.49,2.263232655087486
2018-10-26 00:45:00,3.5299999999999994,2.3758055031578986
2018-10-26 01:00:00,3.49,1.5435338400863112
2018-10-26 01:15:00,3.5299999999999994,1.1356560237705708
2018-10-26 01:30:00,3.5299999999999994,1.0996972917020322
2018-10-26 01:45:00,3.49,1.3324598552100362
2018-10-26 02:00:00,3.49,1.4527963673323394
2018-10-26 02:15:00,3.35,1.4568555903807283
2018-10-26 02:30:00,2.92,2.0410188227519392
2018-10-26 02:45:00,2.88,3.5577799896895885
2018-10-26 03:00:00,2.88,4.419794681994245
2018-10-26 03:15:00,2.88,4.738667815867811
2018-10-26 03:30:00,2.95,4.647638995200396
2018-10-26 03:45:00,2.84,4.322644888665527
2018-10-26 04:00:00,2.84,4.351244700122625
2018-10-26 04:15:00,2.92,4.447480171844363
2018-10-26 04:30:00,2.88,4.714176627490669
2018-10-26 04:45:00,3.17,2.824971220288426
2018-10-26 05:00:00,3.5299999999999994,-0.030956596694886634
2018-10-26 05:15:00,3.2,-2.8242606111615896
2018-10-26 05:30:00,3.38,-5.539058432281018
2018-10-26 05:45:00,2.88,-7.478441921547056
2018-10-26 06:00:00,2.92,-8.341096709147097
2018-10-26 06:15:00,2.84,-8.095138442888857
2018-10-26 06:30:00,2.81,-4.978400633111597
2018-10-26 06:45:00,2.84,-0.9446469498611986
2018-10-26 07:00:00,2.81,3.5850938565749675
2018-10-26 07:15:00,2.84,8.250126192644238
2018-10-26 07:30:00,3.28,12.604499834179878
2018-10-26 07:45:00,5.9,16.290129530206322
2018-10-26 08:00:00,5.54,22.196169390529395
2018-10-26 08:15:00,25.99,27.42459014058113
2018-10-26 08:30:00,100.69,32.56843803659081
2018-10-26 08:45:00,80.68,44.16857365816831
2018-10-26 09:00:00,104.65,54.0337599620223
2018-10-26 09:15:00,121.18,63.73326754182577
2018-10-26 09:30:00,106.06,72.97430241048336
2018-10-26 09:45:00,106.52000000000001,79.64822871148587
2018-10-26 10:00:00,122.69,84.55518773794175
2018-10-26 10:15:00,93.2,87.11322915434837
2018-10-26 10:30:00,52.45,85.4945787382126
2018-10-26 10:45:00,74.27,78.952775067091
2018-10-26 11:00:00,60.26,72.78526196241378
2018-10-26 11:15:00,72.18,64.56739156574011
2018-10-26 11:30:00,72.9,56.724642554223536
2018-10-26 11:45:00,65.2,50.43261442452669
2018-10-26 12:00:00,60.23,45.32141770392656
2018-10-26 12:15:00,8.39,41.78501315325499
2018-10-26 12:30:00,4.32,38.65775089129806
2018-10-26 12:45:00,4.68,38.872070682793854
2018-10-26 13:00:00,4.28,39.561338095963
2018-10-26 13:15:00,33.66,41.3658449035883
2018-10-26 13:30:00,66.02,44.77759970188141
2018-10-26 13:45:00,63.76,50.74293195009231
2018-10-26 14:00:00,68.11,55.03160018146038
2018-10-26 14:15:00,69.91,58.50881900340319
2018-10-26 14:30:00,55.55,60.80444745212793
2018-10-26 14:45:00,52.34,61.0131625854969
2018-10-26 15:00:00,58.64,59.910491008162495
2018-10-26 15:15:00,67.61,58.78360443353653
2018-10-26 15:30:00,45.36,58.32461077660322
2018-10-26 15:45:00,49.1,56.5220215883851
2018-10-26 16:00:00,58.07,54.91944414615631
2018-10-26 16:15:00,50.43999999999999,54.01927677094936
2018-10-26 16:30:00,48.06,53.01725551247597
2018-10-26 16:45:00,55.62,51.93396671116352
2018-10-26 17:00:00,47.12,48.89921499013901
2018-10-26 17:15:00,54.86,45.74439424693584
2018-10-26 17:30:00,62.53000000000001,43.43633495390415
2018-10-26 17:45:00,31.5,42.14995813190937
2018-10-26 18:00:00,31.21,39.68006433546543
2018-10-26 18:15:00,39.92,36.792897454202176
2018-10-26 18:30:00,51.77,34.69470745891333
2018-10-26 18:45:00,52.06,33.879492419809104
2018-10-26 19:00:00,51.12,33.31990008950233
2018-10-26 19:15:00,63.14,32.52343236237764
2018-10-26 19:30:00,65.02,32.66512512564659
2018-10-26 19:45:00,51.37,32.81272792905569
2018-10-26 20:00:00,58.72,31.258690508753062
2018-10-26 20:15:00,51.12,29.25816437587142
2018-10-26 20:30:00,49.97,26.21373024865985
2018-10-26 20:45:00,60.26,22.526031364947556
2018-10-26 21:00:00,47.02,18.847109968662263
2018-10-26 21:15:00,5.72,14.466607078611851
2018-10-26 21:30:00,5.04,9.566715624853968
2018-10-26 21:45:00,4.07,7.592381613254546
2018-10-26 22:00:00,3.9599999999999995,6.11728151384741
2018-10-26 22:15:00,3.78,6.050202445983886
2018-10-26 22:30:00,3.85,6.11758015949279
2018-10-26 22:45:00,3.67,6.101417367346584
2018-10-26 23:00:00,3.71,5.875059124976396
2018-10-26 23:15:00,3.64,5.398762545622885
2018-10-26 23:30:00,3.56,4.6675547863356766
2018-10-26 23:45:00,3.67,3.6617068498488514
2018-10-27 00:00:00,2.74,2.2442182741872965
2018-10-27 00:15:00,3.64,0.08997832944616681
2018-10-27 00:30:00,3.64,-0.8636101276241243
2018-10-27 00:45:00,3.67,-1.5724264805577695
2018-10-27 01:00:00,3.67,-2.010576130989939
2018-10-27 01:15:00,3.74,-2.225955216344446
2018-10-27 01:30:00,3.64,-2.292173993885517
2018-10-27 01:45:00,3.64,-2.306052034571767
2018-10-27 02:00:00,4.5,-2.4618799432367084
2018-10-27 02:15:00,3.6,-2.455345666334033
2018-10-27 02:30:00,3.17,-1.3696247555129228
2018-10-27 02:45:00,3.13,-0.5568639997951685
2018-10-27 03:00:00,3.17,0.018406104166060738
2018-10-27 03:15:00,3.13,0.40847801592201
2018-10-27 03:30:00,3.13,0.658471647258848
2018-10-27 03:45:00,3.13,1.0064861685037614
2018-10-27 04:00:00,3.17,1.2435201506502926
2018-10-27 04:15:00,3.17,0.3760533508844674
2018-10-27 04:30:00,3.13,-0.561537916418165
2018-10-27 04:45:00,3.1,-1.5549282034672796
2018-10-27 05:00:00,3.42,-2.5887594334036113
2018-10-27 05:15:00,3.64,-3.6349521791934967
2018-10-27 05:30:00,3.1,-3.7271494790166617
2018-10-27 05:45:00,3.1,-2.1672567515634
2018-10-27 06:00:00,3.06,-0.1066220075450837
2018-10-27 06:15:00,3.1,2.5674401545897125
2018-10-27 06:30:00,3.67,5.209168311972171
2018-10-27 06:45:00,3.49,8.40087712533772
2018-10-27 07:00:00,3.1,11.294444678872823
2018-10-27 07:15:00,3.13,13.751891912817955
2018-10-27 07:30:00,3.24,15.722028044462203
2018-10-27 07:45:00,3.2,17.19312505722046
2018-10-27 08:00:00,3.38,18.31128803536296
2018-10-27 08:15:00,30.74,20.047361203804613
2018-10-27 08:30:00,46.55,23.58882813498378
2018-10-27 08:45:00,47.02,29.013768946975468
2018-10-27 09:00:00,45.72,34.183738232404
2018-10-27 09:15:00,46.15,39.12235818818211
2018-10-27 09:30:00,44.71000000000001,42.47471393942833
2018-10-27 09:45:00,45.25,44.073891761302946
2018-10-27 10:00:00,46.08,44.55298224925995
2018-10-27 10:15:00,42.34,44.0690864855051
2018-10-27 10:30:00,48.6,42.407237987220284
2018-10-27 10:45:00,37.48,40.621857973635194
2018-10-27 11:00:00,40.36,37.65552080541849
2018-10-27 11:15:00,46.58,34.74077523380518
2018-10-27 11:30:00,45.58,32.43168303102255
2018-10-27 11:45:00,47.3,30.12722994029522
2018-10-27 12:00:00,23.0,28.49274681404233
2018-10-27 12:15:00,3.8200000000000003,25.49565363526344
2018-10-27 12:30:00,4.46,21.811116353571414
2018-10-27 12:45:00,5.54,19.890825976505877
2018-10-27 13:00:00,4.97,19.82064537256956
2018-10-27 13:15:00,29.66,19.958562401607633
2018-10-27 13:30:00,37.76,21.18988850206137
2018-10-27 13:45:00,36.9,22.389096722900867
2018-10-27 14:00:00,48.85,23.5351370370388
2018-10-27 14:15:00,39.92,25.302034702450037
2018-10-27 14:30:00,47.089999999999996,26.210741546750068
2018-10-27 14:45:00,34.42,27.07602127239108
2018-10-27 15:00:00,43.63,26.613632486015558
2018-10-27 15:15:00,50.18000000000001,26.0342846339941
2018-10-27 15:30:00,40.54,25.775495832264422
2018-10-27 15:45:00,53.89,24.692957013249398
2018-10-27 16:00:00,53.5,24.48619318112731
2018-10-27 16:15:00,49.39,24.777653367370366
2018-10-27 16:30:00,41.87,24.87214440047741
2018-10-27 16:45:00,48.31,24.1313505089283
2018-10-27 17:00:00,9.069999999999999,23.535664719194173
2018-10-27 17:15:00,5.04,20.45307355850935
2018-10-27 17:30:00,3.64,16.475901717096566
2018-10-27 17:45:00,3.5299999999999994,13.560699195191264
2018-10-27 18:00:00,3.6,11.161202689185737
2018-10-27 18:15:00,3.5299999999999994,9.466297710686922
2018-10-27 18:30:00,3.5299999999999994,8.699178093224763
2018-10-27 18:45:00,3.67,8.22827004685998
2018-10-27 19:00:00,3.64,7.703399763740599
2018-10-27 19:15:00,3.71,7.131489142607897
2018-10-27 19:30:00,3.64,6.537030213885009
2018-10-27 19:45:00,3.6,5.948999744951725
2018-10-27 20:00:00,3.6,5.397282509449869
2018-10-27 20:15:00,3.67,4.783476310977711
2018-10-27 20:30:00,3.67,4.106174511704594
2018-10-27 20:45:00,3.64,3.910785036850721
2018-10-27 21:00:00,4.14,4.096425724225119
2018-10-27 21:15:00,4.61,4.280728821540252
2018-10-27 21:30:00,3.67,4.457969959797338
2018-10-27 21:45:00,3.64,4.60535018238239
2018-10-27 22:00:00,3.67,4.725108068566769
2018-10-27 22:15:00,3.38,4.815847786776721
2018-10-27 22:30:00,3.35,4.906312155947089
2018-10-27 22:45:00,3.42,4.838896269686519
2018-10-27 23:00:00,3.35,4.7509821771457785
2018-10-27 23:15:00,3.38,4.625496273096651
2018-10-27 23:30:00,2.84,4.459412103900686
2018-10-27 23:45:00,2.7,4.243895344026387
2018-10-28 00:00:00,2.74,3.9966260121576487
2018-10-28 00:15:00,2.74,3.5547562727006152
2018-10-28 00:30:00,2.95,3.0553399873804303
2018-10-28 00:45:00,3.38,2.602885519284755
2018-10-28 01:00:00,2.99,2.180349506670609
2018-10-28 01:15:00,2.84,1.7244572454690934
2018-10-28 01:30:00,2.81,1.3119181432202458
2018-10-28 01:45:00,2.81,0.9353801560215652
2018-10-28 02:00:00,2.84,0.7529500496760011
2018-10-28 02:15:00,2.81,0.6694154383428396
2018-10-28 02:30:00,2.84,0.5766637915745378
2018-10-28 02:45:00,2.77,0.4952637668326498
2018-10-28 03:00:00,2.95,0.4234394891187549
2018-10-28 03:15:00,3.4599999999999995,0.3614733245223761
2018-10-28 03:30:00,2.88,0.3439276121743024
2018-10-28 03:45:00,2.84,0.3764308681711555
2018-10-28 04:00:00,2.81,0.543572787474841
2018-10-28 04:15:00,2.81,0.8625805083662272
2018-10-28 04:30:00,2.84,1.189747093562037
2018-10-28 04:45:00,2.81,1.533267334662378
2018-10-28 05:00:00,3.28,1.897034290973097
2018-10-28 05:15:00,3.28,2.307894634194672
2018-10-28 05:30:00,2.84,2.8112222933210433
2018-10-28 05:45:00,2.74,3.495346910590306
2018-10-28 06:00:00,2.84,4.197586743980646
2018-10-28 06:15:00,3.35,4.933644407503307
2018-10-28 06:30:00,2.92,5.803790597617626
2018-10-28 06:45:00,2.74,6.9819005140662185
2018-10-28 07:00:00,2.74,8.172101088240742
2018-10-28 07:15:00,2.81,9.365354359820484
2018-10-28 07:30:00,2.7,10.556451993659138
2018-10-28 07:45:00,2.77,11.71536550693214
2018-10-28 08:00:00,2.74,13.524435081109404
2018-10-28 08:15:00,2.77,15.680747581720352
2018-10-28 08:30:00,2.81,18.163222668021916
2018-10-28 08:45:00,2.95,20.432738709151746
2018-10-28 09:00:00,3.5299999999999994,21.167268901243805
2018-10-28 09:15:00,3.67,21.21567419581115
2018-10-28 09:30:00,3.49,20.59366941653192
2018-10-28 09:45:00,3.02,19.275538478791713
2018-10-28 10:00:00,3.17,17.851069482192397
2018-10-28 10:15:00,3.06,15.92072507597506
2018-10-28 10:30:00,3.02,13.211171517297625
2018-10-28 10:45:00,2.99,9.849826083034277
2018-10-28 11:00:00,2.99,5.986012718603014
2018-10-28 11:15:00,3.06,1.5838591419905426
2018-10-28 11:30:00,3.1,-3.2398911449313164
2018-10-28 11:45:00,3.06,-8.214798792079092
2018-10-28 12:00:00,3.06,-11.48308691687882
2018-10-28 12:15:00,3.2,-12.698027925044299
2018-10-28 12:30:00,3.74,-13.608464893177151
2018-10-28 12:45:00,3.17,-13.754599168375135
2018-10-28 13:00:00,3.2,-12.574045073091984
2018-10-28 13:15:00,3.38,-11.00885896384716
2018-10-28 13:30:00,3.67,-9.123160958886148
2018-10-28 13:45:00,3.2,-6.342905850484968
2018-10-28 14:00:00,3.02,-2.7804573786258695
2018-10-28 14:15:00,3.1,0.5766775449924172
2018-10-28 14:30:00,3.06,5.1153989122807975
2018-10-28 14:45:00,3.06,10.23341620542109
2018-10-28 15:00:00,3.06,14.887006960883737
2018-10-28 15:15:00,3.06,18.454787267968058
2018-10-28 15:30:00,3.5299999999999994,20.16942755907774
2018-10-28 15:45:00,3.49,19.68032458290458
2018-10-28 16:00:00,3.13,17.274530695602298
2018-10-28 16:15:00,3.06,13.620579892545939
2018-10-28 16:30:00,3.02,9.39322383671999
2018-10-28 16:45:00,3.02,5.24309799388051
2018-10-28 17:00:00,3.02,3.8933602984435858
2018-10-28 17:15:00,3.02,4.03279076481238
2018-10-28 17:30:00,3.06,4.450022168355063
2018-10-28 17:45:00,3.02,5.049494779258966
2018-10-28 18:00:00,2.92,5.71415929261595
2018-10-28 18:15:00,2.95,6.441618263144045
2018-10-28 18:30:00,3.28,9.148817180544137
2018-10-28 18:45:00,4.82,11.891973987966775
2018-10-28 19:00:00,3.49,14.710693757310509
2018-10-28 19:15:00,2.95,18.281623316407202
2018-10-28 19:30:00,2.99,21.38348722577095
2018-10-28 19:45:00,2.95,23.404932026565074
2018-10-28 20:00:00,2.92,24.14652080953121
2018-10-28 20:15:00,3.06,23.474601789265872
2018-10-28 20:30:00,2.95,21.261896907165646
2018-10-28 20:45:00,2.95,17.441191806644202
2018-10-28 21:00:00,2.99,11.409035911187528
2018-10-28 21:15:00,2.99,4.62612443940714
2018-10-28 21:30:00,3.02,-2.169840710032731
2018-10-28 21:45:00,2.95,-3.492036765143275
2018-10-28 22:00:00,2.99,-2.5766564256697895
2018-10-28 22:15:00,3.17,-1.6805328360013663
2018-10-28 22:30:00,3.31,-0.7111913825012743
2018-10-28 22:45:00,2.77,0.16026503117755062
2018-10-28 23:00:00,3.2,0.8190964112617076
2018-10-28 23:15:00,3.13,1.3294273669086398
2018-10-28 23:30:00,2.74,1.6591866117157044
2018-10-28 23:45:00,2.77,1.797343904543668
2018-10-29 00:00:00,3.64,1.8011620217561721
2018-10-29 00:15:00,2.77,1.693400063123554
2018-10-29 00:30:00,2.77,1.5630575184710325
2018-10-29 00:45:00,2.84,1.4489925649017097
2018-10-29 01:00:00,2.74,1.3665599110908806
2018-10-29 01:15:00,2.81,1.19492062414065
2018-10-29 01:30:00,3.2,0.677340494543314
2018-10-29 01:45:00,3.38,0.4599702510982752
2018-10-29 02:00:00,2.77,0.45216251997277146
2018-10-29 02:15:00,2.77,0.2918692414090038
2018-10-29 02:30:00,3.24,0.06154271695762878
2018-10-29 02:45:00,3.38,-0.3007262395322322
2018-10-29 03:00:00,2.77,-0.8425062095932662
2018-10-29 03:15:00,2.81,-0.9096840775199234
2018-10-29 03:30:00,2.81,-0.43126217408105727
2018-10-29 03:45:00,2.81,-0.135906683076173
2018-10-29 04:00:00,2.81,0.5417042874172331
2018-10-29 04:15:00,2.74,1.306934915035963
2018-10-29 04:30:00,2.81,2.1637950227968394
2018-10-29 04:45:00,2.77,3.1126941257342695
2018-10-29 05:00:00,2.77,4.078777141924948
2018-10-29 05:15:00,3.42,1.9778775829728694
2018-10-29 05:30:00,3.17,-0.22602244520559903
2018-10-29 05:45:00,2.74,-2.4522660234570504
2018-10-29 06:00:00,2.7,-3.459551753476262
2018-10-29 06:15:00,2.66,-3.0116192127019166
2018-10-29 06:30:00,2.7,-1.5334885897673667
2018-10-29 06:45:00,3.02,0.7105990657955409
2018-10-29 07:00:00,3.28,3.88192910307087
2018-10-29 07:15:00,2.84,7.877035261057316
2018-10-29 07:30:00,2.92,12.34302322164178
2018-10-29 07:45:00,4.0,16.611852849423887
2018-10-29 08:00:00,3.89,24.11240784227848
2018-10-29 08:15:00,23.72,31.543593963533638
2018-10-29 08:30:00,68.29,39.72221154421568
2018-10-29 08:45:00,57.96,50.8129901766777
2018-10-29 09:00:00,67.82,59.638341743350026
2018-10-29 09:15:00,107.63999999999999,67.23705908983946
2018-10-29 09:30:00,101.23,76.62678805351258
2018-10-29 09:45:00,112.0,84.87715918004514
2018-10-29 10:00:00,93.74,90.41878286659718
2018-10-29 10:15:00,94.93,92.387715433836
2018-10-29 10:30:00,113.51,90.58279995322228
2018-10-29 10:45:00,78.43999999999998,86.44053545176983
2018-10-29 11:00:00,111.2,78.12247730016709
2018-10-29 11:15:00,90.83,71.19385341823101
2018-10-29 11:30:00,107.92999999999999,62.65988569229841
2018-10-29 11:45:00,88.42,55.937035396397114
2018-10-29 12:00:00,87.3,49.50295972138643
2018-10-29 12:15:00,5.33,44.69333222985268
2018-10-29 12:30:00,6.01,37.74245587915182
2018-10-29 12:45:00,6.01,35.81768020376563
2018-10-29 13:00:00,5.290000000000001,37.54141571432352
2018-10-29 13:15:00,61.56000000000001,41.62982519954443
2018-10-29 13:30:00,89.46,49.20804153293371
2018-10-29 13:45:00,101.47999999999999,59.634798413813115
2018-10-29 14:00:00,87.98,71.04093337506056
2018-10-29 14:15:00,118.15,80.66531248867513
2018-10-29 14:30:00,83.16,90.1136703079939
2018-10-29 14:45:00,77.33000000000001,92.85360264062882
2018-10-29 15:00:00,83.48,94.19953793704511
2018-10-29 15:15:00,109.15,95.25828839540482
2018-10-29 15:30:00,88.96,97.3279790633917
2018-10-29 15:45:00,111.31000000000002,97.88515752851964
2018-10-29 16:00:00,115.24,99.29802537679673
2018-10-29 16:15:00,73.76,100.88585915505887
2018-10-29 16:30:00,134.6,96.84616708278656
2018-10-29 16:45:00,101.27,94.93418826103212
2018-10-29 17:00:00,75.06,91.24126644670964
2018-10-29 17:15:00,55.58,86.35423808753491
2018-10-29 17:30:00,59.94,80.61158321797849
2018-10-29 17:45:00,31.39,75.87862906634808
2018-10-29 18:00:00,30.64,71.87473854422569
2018-10-29 18:15:00,47.38000000000001,69.23753582268954
2018-10-29 18:30:00,59.18,68.63891073107719
2018-10-29 18:45:00,72.43,69.8744683933258
2018-10-29 19:00:00,49.72,72.5853490164876
2018-10-29 19:15:00,47.77,73.76096647679806
2018-10-29 19:30:00,54.86,73.14674444794655
2018-10-29 19:45:00,57.82,71.14106274813413
2018-10-29 20:00:00,52.02,67.7965863019228
2018-10-29 20:15:00,61.02,62.6307172191143
2018-10-29 20:30:00,57.42,56.42893396526575
2018-10-29 20:45:00,48.82,48.31731854557991
2018-10-29 21:00:00,31.5,38.40405927464366
2018-10-29 21:15:00,22.75,26.64804858982563
2018-10-29 21:30:00,4.03,15.800456208214163
2018-10-29 21:45:00,4.0,9.689025612100957
2018-10-29 22:00:00,4.0,8.037402358986437
2018-10-29 22:15:00,3.64,6.755998379942029
2018-10-29 22:30:00,3.6,5.621458449289202
2018-10-29 22:45:00,3.89,4.648493812223896
2018-10-29 23:00:00,4.68,4.492444585803896
2018-10-29 23:15:00,4.46,4.490500301606954
2018-10-29 23:30:00,3.64,4.535701611172408
2018-10-29 23:45:00,3.67,4.400447131562978
2018-10-30 00:00:00,3.67,3.993740180199966
2018-10-30 00:15:00,3.6,3.507552507594228
2018-10-30 00:30:00,3.67,3.0311327088437974
2018-10-30 00:45:00,3.71,1.533548858705908
2018-10-30 01:00:00,3.67,0.28963781952857975
2018-10-30 01:15:00,3.64,-0.43940082928165786
2018-10-30 01:30:00,3.67,-0.7637154047004878
2018-10-30 01:45:00,3.71,-0.9567129075713455
2018-10-30 02:00:00,3.71,-1.195864635389298
2018-10-30 02:15:00,3.67,-1.5149506665579975
2018-10-30 02:30:00,3.6,-0.8016843812353909
2018-10-30 02:45:00,3.6,0.175864213872701
2018-10-30 03:00:00,3.2,0.7413901616074146
2018-10-30 03:15:00,2.99,1.013175943233073
2018-10-30 03:30:00,2.88,1.3013948137685658
2018-10-30 03:45:00,2.88,1.8587652653828264
2018-10-30 04:00:00,2.92,2.454310573777184
2018-10-30 04:15:00,2.88,3.1465996689908207
2018-10-30 04:30:00,3.2,3.9451107610575855
2018-10-30 04:45:00,3.56,2.446742825759575
2018-10-30 05:00:00,2.95,0.29150884572416547
2018-10-30 05:15:00,2.84,-1.9321563876979053
2018-10-30 05:30:00,2.84,-4.063588394001126
2018-10-30 05:45:00,2.88,-4.740862826779485
2018-10-30 06:00:00,2.88,-4.6721204373985525
2018-10-30 06:15:00,2.81,-3.271230974048376
2018-10-30 06:30:00,2.81,-0.9023167364485561
2018-10-30 06:45:00,2.84,3.2570500699663536
2018-10-30 07:00:00,2.92,8.211875972747801
2018-10-30 07:15:00,3.5299999999999994,13.167940876036882
2018-10-30 07:30:00,3.78,17.820978126600384
2018-10-30 07:45:00,4.5,25.098270799517632
2018-10-30 08:00:00,5.1499999999999995,32.772011075764894
2018-10-30 08:15:00,26.349999999999998,39.40658351525664
2018-10-30 08:30:00,66.46,46.57572941452265
2018-10-30 08:45:00,54.22,56.14008748978377
2018-10-30 09:00:00,75.49,63.652655672132965
2018-10-30 09:15:00,68.36,71.15156250029803
2018-10-30 09:30:00,63.25,76.04815650194884
2018-10-30 09:45:00,66.02,78.83355033636094
2018-10-30 10:00:00,59.76,80.14846241295338
2018-10-30 10:15:00,55.55,77.80610153436662
2018-10-30 10:30:00,74.3,72.15904919862747
2018-10-30 10:45:00,64.51,67.40382461458445
2018-10-30 11:00:00,65.77,61.12402523815632
2018-10-30 11:15:00,61.31,54.71089966744184
2018-10-30 11:30:00,69.91,48.028885233998295
2018-10-30 11:45:00,61.16,42.81111019074917
2018-10-30 12:00:00,48.74,38.31132643356919
2018-10-30 12:15:00,4.97,34.62464698687196
2018-10-30 12:30:00,4.93,31.395176059603692
2018-10-30 12:45:00,4.61,32.12647616326809
2018-10-30 13:00:00,5.62,34.686367835402486
2018-10-30 13:15:00,34.31,37.91341591566801
2018-10-30 13:30:00,65.09,42.58485804617405
2018-10-30 13:45:00,57.46,49.53525836020708
2018-10-30 14:00:00,63.49999999999999,56.53617245197296
2018-10-30 14:15:00,65.02,62.14668223708868
2018-10-30 14:30:00,61.63,66.57568248540163
2018-10-30 14:45:00,59.08,69.70962497889995
2018-10-30 15:00:00,59.76,70.92952732205391
2018-10-30 15:15:00,54.4,70.95452373802662
2018-10-30 15:30:00,57.78,70.5449570581317
2018-10-30 15:45:00,59.9,70.31368407398462
2018-10-30 16:00:00,54.97,70.28597963809968
2018-10-30 16:15:00,70.16,68.12289147406817
2018-10-30 16:30:00,68.98,66.01809534728527
2018-10-30 16:45:00,57.85,63.49538393527269
2018-10-30 17:00:00,46.3,59.902263657450675
2018-10-30 17:15:00,61.52,55.25308297753334
2018-10-30 17:30:00,41.8,51.752740449905396
2018-10-30 17:45:00,30.1,47.791702209711076
2018-10-30 18:00:00,30.89,43.36640696376562
2018-10-30 18:15:00,36.29,39.41877634122967
2018-10-30 18:30:00,45.14,37.9405230602622
2018-10-30 18:45:00,67.61,38.279014322012664
2018-10-30 19:00:00,55.66,40.485163595378395
2018-10-30 19:15:00,52.27,42.109265978634355
2018-10-30 19:30:00,52.6,43.215777285695076
2018-10-30 19:45:00,59.36,43.445689523518084
2018-10-30 20:00:00,59.08,42.97440873146057
2018-10-30 20:15:00,51.16,41.35978666335344
2018-10-30 20:30:00,113.98,38.062727511078116
2018-10-30 20:45:00,110.09,37.789040108919146
2018-10-30 21:00:00,63.4,36.64152677565813
2018-10-30 21:15:00,4.64,30.830805398970842
2018-10-30 21:30:00,4.43,20.221459265053273
2018-10-30 21:45:00,4.03,9.358122868835926
2018-10-30 22:00:00,4.07,5.70337941981852
2018-10-30 22:15:00,3.85,3.744449937948957
2018-10-30 22:30:00,3.8200000000000003,2.3283590182941407
2018-10-30 22:45:00,4.0,1.5292709843814374
2018-10-30 23:00:00,4.54,1.3796834785677494
2018-10-30 23:15:00,3.56,1.4038398133218288
2018-10-30 23:30:00,3.71,1.5078894718550147
2018-10-30 23:45:00,3.56,1.6559396823681891
2018-10-31 00:00:00,3.85,1.708224844187498
2018-10-31 00:15:00,3.64,1.825241168960929
2018-10-31 00:30:00,3.6,1.944020176678896
2018-10-31 00:45:00,3.67,2.006400768244639
2018-10-31 01:00:00,3.56,1.1131296093761922
2018-10-31 01:15:00,3.6,0.2722655686549843
2018-10-31 01:30:00,3.6,-0.20706911263987418
2018-10-31 01:45:00,3.6,-0.4038148429058492
2018-10-31 02:00:00,4.07,-0.6162658536620438
2018-10-31 02:15:00,4.72,-0.9122147064097225
2018-10-31 02:30:00,3.64,-0.15713606595993038
2018-10-31 02:45:00,3.6,1.2997845411486924
2018-10-31 03:00:00,3.6,2.239064952712506
2018-10-31 03:15:00,3.64,2.750068562766537
2018-10-31 03:30:00,3.38,2.941087257554755
2018-10-31 03:45:00,2.99,2.9436314995214343
2018-10-31 04:00:00,2.95,3.237236587419175
2018-10-31 04:15:00,2.95,3.514517140169628
2018-10-31 04:30:00,3.02,3.857726315446198
2018-10-31 04:45:00,2.95,3.2952084366790952
2018-10-31 05:00:00,2.92,1.1194370952248573
2018-10-31 05:15:00,2.88,-1.2700483259744941
2018-10-31 05:30:00,2.92,-3.5603491497039794
2018-10-31 05:45:00,3.38,-5.441949197500945
2018-10-31 06:00:00,3.5299999999999994,-6.049812095016241
2018-10-31 06:15:00,2.88,-5.775993333682418
2018-10-31 06:30:00,2.84,-3.971808748990297
2018-10-31 06:45:00,2.84,0.032351508531719496
2018-10-31 07:00:00,3.42,4.821925394069403
2018-10-31 07:15:00,3.28,9.953182176351547
2018-10-31 07:30:00,2.95,14.934177254661916
2018-10-31 07:45:00,4.39,19.66734697006643
2018-10-31 08:00:00,4.25,27.507395820766686
2018-10-31 08:15:00,27.79,34.28065435796976
2018-10-31 08:30:00,59.0,41.64669755578041
2018-10-31 08:45:00,115.56,50.61337363094091
2018-10-31 09:00:00,139.43,62.76648197859526
2018-10-31 09:15:00,105.88,75.23452001839875
2018-10-31 09:30:00,64.87,83.88015876114369
2018-10-31 09:45:00,86.98,86.51084516942502
2018-10-31 10:00:00,124.85,88.34341568589211
2018-10-31 10:15:00,89.21,91.07830921530724
2018-10-31 10:30:00,77.4,89.67386631786825
2018-10-31 10:45:00,71.71,82.64540048122407
2018-10-31 11:00:00,111.31000000000002,73.8285322472453
2018-10-31 11:15:00,117.46999999999998,67.76288200765848
2018-10-31 11:30:00,103.5,62.308184413015844
2018-10-31 11:45:00,69.37,56.51702320337296
2018-10-31 12:00:00,97.34,49.86591522604227
2018-10-31 12:15:00,7.02,46.01241187274456
2018-10-31 12:30:00,6.34,39.75455509215593
2018-10-31 12:45:00,5.98,38.10062631711364
2018-10-31 13:00:00,6.01,39.07884125128388
2018-10-31 13:15:00,38.77,41.108336011767385
2018-10-31 13:30:00,71.06,45.59138438552618
2018-10-31 13:45:00,87.3,53.23132381290198
2018-10-31 14:00:00,96.37,62.99942558199167
2018-10-31 14:15:00,112.25,72.16000127196313
2018-10-31 14:30:00,97.09,80.98140083611013
2018-10-31 14:45:00,48.56,87.39850086390973
2018-10-31 15:00:00,49.18,88.59542770147324
2018-10-31 15:15:00,49.46,87.69534116268159
2018-10-31 15:30:00,61.16,85.49322248280049
2018-10-31 15:45:00,58.1,83.00288605511189
2018-10-31 16:00:00,56.88,79.20837083041668
2018-10-31 16:15:00,50.76,74.47573104262352
2018-10-31 16:30:00,67.75,68.71192397773265
2018-10-31 16:45:00,59.9,63.68326123714447
2018-10-31 17:00:00,73.51,58.34288878828287
2018-10-31 17:15:00,62.35,54.586384642422196
2018-10-31 17:30:00,97.96,50.75571757644415
2018-10-31 17:45:00,31.36,49.03895420670509
2018-10-31 18:00:00,31.72,44.04338499635458
2018-10-31 18:15:00,46.76,41.563202520608904
2018-10-31 18:30:00,50.33,41.0009583067894
2018-10-31 18:45:00,113.58,41.72293976813555
2018-10-31 19:00:00,97.23999999999998,46.5326930052042
2018-10-31 19:15:00,96.48,50.992828746140006
2018-10-31 19:30:00,119.23,54.08842783331871
2018-10-31 19:45:00,101.77,56.250837869644165
2018-10-31 20:00:00,103.86,55.00586276501417
2018-10-31 20:15:00,91.66000000000001,50.91949215382338
2018-10-31 20:30:00,82.33,43.38615350365639
2018-10-31 20:45:00,82.76,32.61898549616337
2018-10-31 21:00:00,45.07,23.13675497338176
2018-10-31 21:15:00,6.84,13.253086321353912
2018-10-31 21:30:00,4.43,6.099982520975172
2018-10-31 21:45:00,4.43,3.410295072719455
2018-10-31 22:00:00,4.39,1.0869967119954527
2018-10-31 22:15:00,4.18,-0.5831307824887335
2018-10-31 22:30:00,4.14,-0.9654516608826815
2018-10-31 22:45:00,4.07,-0.7641880731843411
2018-10-31 23:00:00,3.9599999999999995,-0.2705967111885547
2018-10-31 23:15:00,3.89,0.4095041893050075
2018-10-31 23:30:00,3.89,1.096626349966973
2018-10-31 23:45:00,3.92,1.7063810441456735
2018-11-01 00:00:00,3.06,2.1817022535577415
2018-11-01 00:15:00,3.89,2.558642317717895
2018-11-01 00:30:00,3.9599999999999995,2.9279809520207345
2018-11-01 00:45:00,5.11,2.179156888863072
2018-11-01 01:00:00,4.72,1.2982158094644547
2018-11-01 01:15:00,3.89,0.8878612552024424
2018-11-01 01:30:00,3.89,0.8752210221253336
2018-11-01 01:45:00,3.92,0.9814280024915935
2018-11-01 02:00:00,3.9599999999999995,1.086554637849331
2018-11-01 02:15:00,3.9599999999999995,1.3965210302360356
2018-11-01 02:30:00,3.89,3.4633609515149146
2018-11-01 02:45:00,3.92,4.789992343550548
2018-11-01 03:00:00,3.89,5.468446623105556
2018-11-01 03:15:00,3.31,5.63688697732985
2018-11-01 03:30:00,3.28,5.425605287775396
2018-11-01 03:45:00,3.24,5.469226638376712
2018-11-01 04:00:00,3.31,5.514415878616273
2018-11-01 04:15:00,3.24,5.67302338110283
2018-11-01 04:30:00,3.28,5.748342430368066
2018-11-01 04:45:00,3.28,2.7192501004599037
2018-11-01 05:00:00,3.31,-0.30647180002182717
2018-11-01 05:15:00,4.0,-3.2515787433087824
2018-11-01 05:30:00,3.8200000000000003,-5.586921449229122
2018-11-01 05:45:00,3.5299999999999994,-6.500439182966948
2018-11-01 06:00:00,3.9599999999999995,-6.95878839403391
2018-11-01 06:15:00,3.35,-5.908575159311295
2018-11-01 06:30:00,3.17,-2.5605722244828937
2018-11-01 06:45:00,3.17,2.3374656053632497
2018-11-01 07:00:00,3.17,7.740948278643191
2018-11-01 07:15:00,3.17,13.42239594772458
2018-11-01 07:30:00,3.67,19.00426157362759
2018-11-01 07:45:00,4.5,26.619032807648182
2018-11-01 08:00:00,4.79,33.38770163282752
2018-11-01 08:15:00,47.27,38.698395889997485
2018-11-01 08:30:00,106.48999999999998,46.122807470560076
2018-11-01 08:45:00,110.7,57.60779386401176
2018-11-01 09:00:00,71.1,68.26251841783524
2018-11-01 09:15:00,64.84,74.58522396713495
2018-11-01 09:30:00,52.06,79.05483553230764
2018-11-01 09:45:00,53.71,79.50766316711903
2018-11-01 10:00:00,65.92,78.09735513865948
2018-11-01 10:15:00,58.43,76.21068260580302
2018-11-01 10:30:00,56.52,72.61995598405599
2018-11-01 10:45:00,77.87,65.76125560134649
2018-11-01 11:00:00,104.18,60.356950529813766
2018-11-01 11:15:00,84.82,57.38227822899818
2018-11-01 11:30:00,102.60000000000001,53.3555783650279
2018-11-01 11:45:00,114.66000000000001,50.665706228017804
2018-11-01 12:00:00,89.42000000000002,49.25159888803959
2018-11-01 12:15:00,6.26,47.103011878728864
2018-11-01 12:30:00,6.44,41.18017263948917
2018-11-01 12:45:00,6.080000000000001,40.06446169927716
2018-11-01 13:00:00,6.05,41.10205771684647
2018-11-01 13:15:00,49.64,43.057504075467584
2018-11-01 13:30:00,110.66,47.91345083296299
2018-11-01 13:45:00,120.17,58.010305321216585
2018-11-01 14:00:00,98.24,70.36742681741714
2018-11-01 14:15:00,90.47,79.71810730159284
2018-11-01 14:30:00,113.9,86.21803770959379
2018-11-01 14:45:00,82.8,92.31284294962884
2018-11-01 15:00:00,66.6,93.4978868341446
2018-11-01 15:15:00,60.37,92.77613440930844
2018-11-01 15:30:00,52.92,90.87805046916009
2018-11-01 15:45:00,50.83,88.20539199769497
2018-11-01 16:00:00,57.31,83.00561652958393
2018-11-01 16:15:00,59.0,77.22011386901141
2018-11-01 16:30:00,63.35999999999999,71.53845456570387
2018-11-01 16:45:00,59.69,66.37763326793909
2018-11-01 17:00:00,49.36,61.23061254262924
2018-11-01 17:15:00,52.16,56.22076223224401
2018-11-01 17:30:00,52.49,51.73235170960426
2018-11-01 17:45:00,36.25,47.71660517990589
2018-11-01 18:00:00,30.74,43.1929993802309
2018-11-01 18:15:00,16.31,40.88152699410915
2018-11-01 18:30:00,3.89,39.30623633295298
2018-11-01 18:45:00,3.8200000000000003,37.70514762803912
2018-11-01 19:00:00,3.89,36.10638521552086
2018-11-01 19:15:00,3.85,35.60363435789942
2018-11-01 19:30:00,3.89,35.32813038185239
2018-11-01 19:45:00,3.89,34.01078198552132
2018-11-01 20:00:00,3.85,31.40718700364232
2018-11-01 20:15:00,3.85,27.285291033387185
2018-11-01 20:30:00,4.61,21.612777472287416
2018-11-01 20:45:00,4.86,13.850754848718642
2018-11-01 21:00:00,3.92,6.0688969897478815
2018-11-01 21:15:00,3.92,0.648998349159956
2018-11-01 21:30:00,3.92,1.3425077093578877
2018-11-01 21:45:00,3.92,1.9962041526380927
2018-11-01 22:00:00,3.92,2.6250528010632843
2018-11-01 22:15:00,3.71,3.2276259656529875
2018-11-01 22:30:00,3.74,3.8811938565783204
2018-11-01 22:45:00,3.71,4.443942876970396
2018-11-01 23:00:00,3.67,4.831078153327107
2018-11-01 23:15:00,3.6,5.04256277596578
2018-11-01 23:30:00,3.64,4.996954758185892
2018-11-01 23:45:00,3.71,4.773134161755443
2018-11-02 00:00:00,3.8200000000000003,4.499669901784509
2018-11-02 00:15:00,3.02,4.236584560377524
2018-11-02 00:30:00,3.38,4.055632525430992
2018-11-02 00:45:00,3.74,3.4216558169107887
2018-11-02 01:00:00,3.28,3.0771314359642568
2018-11-02 01:15:00,3.1,2.991885646833107
2018-11-02 01:30:00,3.1,3.0137605983112006
2018-11-02 01:45:00,3.06,2.7928686378430574
2018-11-02 02:00:00,3.1,2.431750337202102
2018-11-02 02:15:00,3.13,1.9425785939395428
2018-11-02 02:30:00,3.13,2.9297912105638533
2018-11-02 02:45:00,3.24,3.4908230184949933
2018-11-02 03:00:00,3.74,3.6950960785709324
2018-11-02 03:15:00,3.31,3.6415225863829255
2018-11-02 03:30:00,3.06,3.3802970438916238
2018-11-02 03:45:00,3.13,3.423749143248424
2018-11-02 04:00:00,3.13,3.5242857157299294
2018-11-02 04:15:00,3.1,3.750408676415682
2018-11-02 04:30:00,3.06,2.893627580637112
2018-11-02 04:45:00,3.06,0.20702833605930215
2018-11-02 05:00:00,3.2,-2.465689359307289
2018-11-02 05:15:00,3.71,-5.082238376736641
2018-11-02 05:30:00,3.24,-7.48063573203981
2018-11-02 05:45:00,3.06,-8.644625098556281
2018-11-02 06:00:00,3.06,-8.450055215135217
2018-11-02 06:15:00,3.31,-5.649405752792955
2018-11-02 06:30:00,3.6,-1.5759877737425267
2018-11-02 06:45:00,3.17,3.12739849422127
2018-11-02 07:00:00,2.99,8.02083033248782
2018-11-02 07:15:00,2.95,12.574241192117332
2018-11-02 07:30:00,3.28,16.603812994286418
2018-11-02 07:45:00,5.0,23.320473690778016
2018-11-02 08:00:00,5.1499999999999995,28.558534183353185
2018-11-02 08:15:00,24.37,32.19001583114267
2018-11-02 08:30:00,44.53,36.42117344394326
2018-11-02 08:45:00,51.37,41.40045636206865
2018-11-02 09:00:00,54.65,46.73407447934151
2018-11-02 09:15:00,64.44,51.62327643990517
2018-11-02 09:30:00,66.28,56.42850283771753
2018-11-02 09:45:00,63.54,60.47247025817633
2018-11-02 10:00:00,59.0,62.48973401993513
2018-11-02 10:15:00,53.32,62.01660297214985
2018-11-02 10:30:00,56.77,59.650777078568936
2018-11-02 10:45:00,60.26,56.51736900359392
2018-11-02 11:00:00,62.06,53.10546151429415
2018-11-02 11:15:00,63.58,49.96978552877903
2018-11-02 11:30:00,62.53000000000001,46.402645176649095
2018-11-02 11:45:00,66.06,43.01052464544773
2018-11-02 12:00:00,52.6,40.7772794547677
2018-11-02 12:15:00,7.88,38.4295878636837
2018-11-02 12:30:00,5.870000000000001,34.49607217743993
2018-11-02 12:45:00,5.940000000000001,34.16431279271841
2018-11-02 13:00:00,5.98,34.12351510301232
2018-11-02 13:15:00,44.68,35.3745102751255
2018-11-02 13:30:00,57.13,38.64949884057045
2018-11-02 13:45:00,57.35,43.25565209299326
2018-11-02 14:00:00,62.32,46.87172991275787
2018-11-02 14:15:00,54.97,50.308148799538614
2018-11-02 14:30:00,79.26999999999998,52.53275347560644
2018-11-02 14:45:00,55.76,55.147874383032324
2018-11-02 15:00:00,62.75,55.768024415671825
2018-11-02 15:15:00,68.76,56.07266093760729
2018-11-02 15:30:00,58.68,56.5215320789814
2018-11-02 15:45:00,65.81,56.12528095304966
2018-11-02 16:00:00,82.98000000000002,56.06267314940691
2018-11-02 16:15:00,61.63,57.26994704812765
2018-11-02 16:30:00,63.54,57.39916854888201
2018-11-02 16:45:00,60.23,56.706660942733286
2018-11-02 17:00:00,53.53,53.870174002945426
2018-11-02 17:15:00,68.0,50.612223957479
2018-11-02 17:30:00,72.72,48.83419556677342
2018-11-02 17:45:00,31.72,48.00647109240293
2018-11-02 18:00:00,30.02,45.00260786384344
2018-11-02 18:15:00,47.66,41.483250814974305
2018-11-02 18:30:00,51.8,39.508066898286344
2018-11-02 18:45:00,58.82,38.479189986288546
2018-11-02 19:00:00,56.3,37.9039445823431
2018-11-02 19:15:00,58.46000000000001,36.71476007699967
2018-11-02 19:30:00,74.77,35.603144848495724
2018-11-02 19:45:00,62.14,35.11734044715762
2018-11-02 20:00:00,76.93,33.278882345110176
2018-11-02 20:15:00,79.13,31.854351598471403
2018-11-02 20:30:00,72.0,30.14769727155566
2018-11-02 20:45:00,64.08,27.327543778568504
2018-11-02 21:00:00,48.02,22.661389696896077
2018-11-02 21:15:00,6.23,16.55571083627641
2018-11-02 21:30:00,4.25,11.042083494886755
2018-11-02 21:45:00,4.18,8.253377612903714
2018-11-02 22:00:00,4.14,5.704974254928529
2018-11-02 22:15:00,3.92,4.901394045986235
2018-11-02 22:30:00,3.92,4.7488040848448865
2018-11-02 22:45:00,3.9599999999999995,4.517089026551694
2018-11-02 23:00:00,3.92,4.101300328476355
2018-11-02 23:15:00,3.85,3.5142934366175904
2018-11-02 23:30:00,3.8200000000000003,2.7065924650989475
2018-11-02 23:45:00,3.85,1.6869556044600904
2018-11-03 00:00:00,2.88,0.15710006097331647
2018-11-03 00:15:00,4.93,-0.8105977187491953
2018-11-03 00:30:00,4.43,-1.6020361858420074
2018-11-03 00:45:00,3.8200000000000003,-2.110310303810984
2018-11-03 01:00:00,3.8200000000000003,-2.3419501393288376
2018-11-03 01:15:00,3.78,-2.3485416753590105
2018-11-03 01:30:00,3.85,-2.218695095796138
2018-11-03 01:45:00,3.8200000000000003,-2.0471770634688435
2018-11-03 02:00:00,3.78,-2.1115239727683366
2018-11-03 02:15:00,3.8200000000000003,-2.088519837614149
2018-11-03 02:30:00,3.8200000000000003,-0.8664427703432739
2018-11-03 02:45:00,3.56,0.046747407503426125
2018-11-03 03:00:00,3.17,0.6687858686223627
2018-11-03 03:15:00,3.2,1.0413218919001521
2018-11-03 03:30:00,3.2,1.2364918734319508
2018-11-03 03:45:00,3.2,1.5358041385561227
2018-11-03 04:00:00,3.28,1.90761544091627
2018-11-03 04:15:00,3.31,1.5595009968802334
2018-11-03 04:30:00,3.85,0.37563401198014623
2018-11-03 04:45:00,3.4599999999999995,-0.8731252473406493
2018-11-03 05:00:00,3.17,-2.18934417931363
2018-11-03 05:15:00,3.6,-3.567511031553149
2018-11-03 05:30:00,3.78,-3.9351932210475207
2018-11-03 05:45:00,3.24,-2.9423468957096337
2018-11-03 06:00:00,3.24,-0.5064523903094231
2018-11-03 06:15:00,3.17,2.7233646178618076
2018-11-03 06:30:00,3.24,6.1191216650232665
2018-11-03 06:45:00,3.13,9.971328828856349
2018-11-03 07:00:00,3.17,13.457427306473255
2018-11-03 07:15:00,3.24,16.439606166630984
2018-11-03 07:30:00,3.17,18.828287433907388
2018-11-03 07:45:00,3.31,21.10738483570516
2018-11-03 08:00:00,3.28,23.93002292573452
2018-11-03 08:15:00,22.139999999999997,25.88786069497466
2018-11-03 08:30:00,41.03999999999999,28.57754196822643
2018-11-03 08:45:00,40.89999999999999,32.499190419614315
2018-11-03 09:00:00,43.52,36.608100917935374
2018-11-03 09:15:00,40.06999999999999,40.34506510585546
2018-11-03 09:30:00,38.12,42.20551969468593
2018-11-03 09:45:00,57.24,42.5858325740695
2018-11-03 10:00:00,73.87,43.38104284584522
2018-11-03 10:15:00,92.41,45.07530674666166
2018-11-03 10:30:00,88.88,47.85360943108797
2018-11-03 10:45:00,68.62,49.896314209103586
2018-11-03 11:00:00,92.59,49.44664817631244
2018-11-03 11:15:00,71.39,49.4413758456707
2018-11-03 11:30:00,92.02,47.63522087335586
2018-11-03 11:45:00,74.92,46.678234480023384
2018-11-03 12:00:00,59.18,44.83388879239559
2018-11-03 12:15:00,3.85,42.68881367623806
2018-11-03 12:30:00,3.6,37.51584670707583
2018-11-03 12:45:00,3.6,32.19079500436783
2018-11-03 13:00:00,3.67,29.74591109663248
2018-11-03 13:15:00,26.46,29.234636488109828
2018-11-03 13:30:00,91.55,30.56609308436513
2018-11-03 13:45:00,71.53,35.345265456438064
2018-11-03 14:00:00,92.23000000000002,39.03224579423666
2018-11-03 14:15:00,61.269999999999996,42.67777052372694
2018-11-03 14:30:00,32.54,43.55856859564781
2018-11-03 14:45:00,32.18,42.05794832766056
2018-11-03 15:00:00,32.04,39.62610827371478
2018-11-03 15:15:00,29.59,36.86834702059627
2018-11-03 15:30:00,30.349999999999998,32.97883778065443
2018-11-03 15:45:00,30.96,29.12632467344403
2018-11-03 16:00:00,30.2,25.54951089695096
2018-11-03 16:15:00,30.38,22.29642001822591
2018-11-03 16:30:00,29.34,19.75519706711173
2018-11-03 16:45:00,28.15,17.73401386193931
2018-11-03 17:00:00,26.139999999999997,15.860102255418896
2018-11-03 17:15:00,5.290000000000001,14.095752059817313
2018-11-03 17:30:00,3.85,11.668640936166048
2018-11-03 17:45:00,3.89,9.151325354874134
2018-11-03 18:00:00,3.74,7.401246154755354
2018-11-03 18:15:00,4.03,6.234469054639339
2018-11-03 18:30:00,4.82,5.953621454723179
2018-11-03 18:45:00,4.46,5.703117543514818
2018-11-03 19:00:00,3.71,5.445936768949031
2018-11-03 19:15:00,3.71,5.1684444416314355
2018-11-03 19:30:00,3.67,4.888452921807765
2018-11-03 19:45:00,3.71,4.622723415642977
2018-11-03 20:00:00,3.74,4.2780692192725835
2018-11-03 20:15:00,3.74,3.8230988580919805
2018-11-03 20:30:00,3.74,3.4309845637809486
2018-11-03 20:45:00,3.74,3.3179113298794256
2018-11-03 21:00:00,3.71,3.6383491957187655
2018-11-03 21:15:00,3.78,3.939935546386987
2018-11-03 21:30:00,3.71,4.214301356934011
2018-11-03 21:45:00,3.67,4.454605705374852
2018-11-03 22:00:00,3.67,4.655778913469986
2018-11-03 22:15:00,3.42,4.81541132627055
2018-11-03 22:30:00,3.49,4.9115491206571456
2018-11-03 22:45:00,3.4599999999999995,4.885504638105631
2018-11-03 23:00:00,3.89,4.820872836578637
2018-11-03 23:15:00,4.54,4.718812511702999
2018-11-03 23:30:00,3.85,4.588062978154048
2018-11-03 23:45:00,3.28,4.431887585176155
2018-11-04 00:00:00,2.92,4.243449199991301
2018-11-04 00:15:00,2.88,3.8305250020418318
2018-11-04 00:30:00,2.92,3.3315389320533724
2018-11-04 00:45:00,2.95,2.772057050112635
2018-11-04 01:00:00,2.92,2.26647172533907
2018-11-04 01:15:00,2.99,1.8121394946798683
2018-11-04 01:30:00,2.95,1.4029441570676864
2018-11-04 01:45:00,2.95,1.0301378370262684
2018-11-04 02:00:00,2.92,0.7823963980376721
2018-11-04 02:15:00,3.13,0.6901651356928051
2018-11-04 02:30:00,3.67,0.5960429187305272
2018-11-04 02:45:00,3.28,0.5185637408122421
2018-11-04 03:00:00,2.92,0.4498053525574506
2018-11-04 03:15:00,2.95,0.38959092430770403
2018-11-04 03:30:00,3.28,0.38807075060904034
2018-11-04 03:45:00,3.64,0.42226567700505263
2018-11-04 04:00:00,3.31,0.7455518335849047
2018-11-04 04:15:00,2.95,1.090059513952583
2018-11-04 04:30:00,2.99,1.4198530019633473
2018-11-04 04:45:00,2.95,1.7525880373083056
2018-11-04 05:00:00,2.99,2.0941426623798907
2018-11-04 05:15:00,2.92,2.4571420937683435
2018-11-04 05:30:00,2.95,2.9188506473228335
2018-11-04 05:45:00,2.99,3.54443980588112
2018-11-04 06:00:00,2.99,4.218616561964154
2018-11-04 06:15:00,2.92,4.938372776433825
2018-11-04 06:30:00,3.49,5.708423275314271
2018-11-04 06:45:00,3.4599999999999995,6.894939336907118
2018-11-04 07:00:00,2.95,8.151628704704343
2018-11-04 07:15:00,2.95,9.388101951628922
2018-11-04 07:30:00,2.92,10.602865568771957
2018-11-04 07:45:00,3.13,11.778167542517185
2018-11-04 08:00:00,3.17,13.598765287697315
2018-11-04 08:15:00,26.53,15.7647512126714
2018-11-04 08:30:00,29.299999999999997,20.336124597415328
2018-11-04 08:45:00,33.73,25.917621968537567
2018-11-04 09:00:00,36.4,31.523997869193554
2018-11-04 09:15:00,40.93,36.26728111833334
2018-11-04 09:30:00,47.88,39.26043127641082
2018-11-04 09:45:00,83.12,41.70645363032818
2018-11-04 10:00:00,69.34,46.37728948771954
2018-11-04 10:15:00,60.05,48.86597325980663
2018-11-04 10:30:00,86.69,48.28672645330429
2018-11-04 10:45:00,91.73,48.164667957127094
2018-11-04 11:00:00,75.17,47.51489586919546
2018-11-04 11:15:00,93.31,44.79178200185299
2018-11-04 11:30:00,63.790000000000006,42.63441525965929
2018-11-04 11:45:00,93.31,38.55831985503435
2018-11-04 12:00:00,61.34,36.566164782047274
2018-11-04 12:15:00,6.01,34.66256151109934
2018-11-04 12:30:00,3.4599999999999995,30.850462120622396
2018-11-04 12:45:00,3.38,28.90892411634326
2018-11-04 13:00:00,3.35,28.8828161996603
2018-11-04 13:15:00,37.69,29.255871765315533
2018-11-04 13:30:00,92.05,31.618607911467553
2018-11-04 13:45:00,66.96,37.154180094152686
2018-11-04 14:00:00,95.15,41.8729991003871
2018-11-04 14:15:00,71.93,47.924534403681754
2018-11-04 14:30:00,89.46,52.0433518537879
2018-11-04 14:45:00,81.58,56.0969163531065
2018-11-04 15:00:00,75.89,58.90621980279684
2018-11-04 15:15:00,93.60000000000001,60.204349341392515
2018-11-04 15:30:00,70.96,61.18242505729199
2018-11-04 15:45:00,91.66000000000001,59.45225182443857
2018-11-04 16:00:00,71.28,57.5922193813324
2018-11-04 16:15:00,93.88999999999999,53.63236674189567
2018-11-04 16:30:00,71.53,50.60073171377182
2018-11-04 16:45:00,83.81000000000002,46.728712330460546
2018-11-04 17:00:00,9.47,44.2723047426343
2018-11-04 17:15:00,3.89,38.40201366424561
2018-11-04 17:30:00,3.89,32.594011534750464
2018-11-04 17:45:00,3.92,28.23999155253172
2018-11-04 18:00:00,4.72,25.129898047000168
2018-11-04 18:15:00,4.39,23.188104060739278
2018-11-04 18:30:00,3.74,22.57605787873268
2018-11-04 18:45:00,3.78,22.482743464559316
2018-11-04 19:00:00,3.17,23.68421510502696
2018-11-04 19:15:00,3.13,24.531109037101267
2018-11-04 19:30:00,3.13,24.94282012745738
2018-11-04 19:45:00,3.17,24.4798565043509
2018-11-04 20:00:00,3.17,22.989926852285862
2018-11-04 20:15:00,3.2,20.291710600852966
2018-11-04 20:30:00,3.13,16.333737408071755
2018-11-04 20:45:00,3.13,11.260293538868426
2018-11-04 21:00:00,3.13,4.911514877453446
2018-11-04 21:15:00,3.13,-0.9342852932401001
2018-11-04 21:30:00,3.13,-2.6110220067203045
2018-11-04 21:45:00,3.24,-2.0700116666965185
2018-11-04 22:00:00,3.8200000000000003,-1.5375034650601447
2018-11-04 22:15:00,3.1,-1.0049918952398003
2018-11-04 22:30:00,2.95,-0.41810660885646933
2018-11-04 22:45:00,3.4599999999999995,0.11463231338188057
2018-11-04 23:00:00,3.42,0.589660771470517
2018-11-04 23:15:00,2.92,0.9311039657890797
2018-11-04 23:30:00,2.84,1.0795524640567602
2018-11-04 23:45:00,2.92,1.0790873739868403
2018-11-05 00:00:00,3.78,0.988555360455066
2018-11-05 00:15:00,2.95,0.9414543951302767
2018-11-05 00:30:00,2.95,0.9060758327506483
2018-11-05 00:45:00,3.5299999999999994,0.8974069692566992
2018-11-05 01:00:00,3.38,0.9426228742860259
2018-11-05 01:15:00,2.92,0.9279594853706659
2018-11-05 01:30:00,2.95,0.6176826586946845
2018-11-05 01:45:00,2.95,0.4375583549588919
2018-11-05 02:00:00,2.92,0.3280617815814913
2018-11-05 02:15:00,2.99,0.07374031452462082
2018-11-05 02:30:00,2.95,-0.31774146290495986
2018-11-05 02:45:00,3.56,-0.8349390229396522
2018-11-05 03:00:00,3.31,-1.481293526869267
2018-11-05 03:15:00,2.92,-1.176013681795448
2018-11-05 03:30:00,2.95,-0.6749036911316215
2018-11-05 03:45:00,2.92,-0.3436621646955609
2018-11-05 04:00:00,3.02,0.04443767534568911
2018-11-05 04:15:00,3.64,0.7215768194012344
2018-11-05 04:30:00,3.35,1.4742870651558042
2018-11-05 04:45:00,2.92,2.3092893430404366
2018-11-05 05:00:00,2.88,3.179315822282806
2018-11-05 05:15:00,2.95,2.1959092535451057
2018-11-05 05:30:00,2.88,0.2222892969474197
2018-11-05 05:45:00,2.92,-1.8007135696150363
2018-11-05 06:00:00,2.88,-3.250072042346001
2018-11-05 06:15:00,2.84,-2.930759220123291
2018-11-05 06:30:00,2.92,-1.4142369135655461
2018-11-05 06:45:00,3.5299999999999994,0.7967690004035831
2018-11-05 07:00:00,3.31,3.8289406925067304
2018-11-05 07:15:00,3.31,7.699553859010338
2018-11-05 07:30:00,4.32,12.141167956292628
2018-11-05 07:45:00,5.22,16.360324729606507
2018-11-05 08:00:00,5.22,23.454623967409134
2018-11-05 08:15:00,37.69,30.93063837185502
2018-11-05 08:30:00,94.86,40.090890716165305
2018-11-05 08:45:00,59.47,53.11504961133003
2018-11-05 09:00:00,78.62,62.16347824782133
2018-11-05 09:15:00,82.26,70.67400790423154
2018-11-05 09:30:00,73.48,78.08326265692712
2018-11-05 09:45:00,65.66,83.1069225215912
2018-11-05 10:00:00,83.22999999999999,84.84580363273622
2018-11-05 10:15:00,61.56000000000001,85.93528091073037
2018-11-05 10:30:00,63.0,81.69504267394544
2018-11-05 10:45:00,61.959999999999994,74.75626484006644
2018-11-05 11:00:00,64.3,67.08863444954157
2018-11-05 11:15:00,68.94,59.228716681599614
2018-11-05 11:30:00,66.1,51.860338209569456
2018-11-05 11:45:00,73.8,45.33701464116573
2018-11-05 12:00:00,55.94,40.79237790077924
2018-11-05 12:15:00,6.16,36.68832656919956
2018-11-05 12:30:00,6.62,31.66373708575964
2018-11-05 12:45:00,6.88,32.09090814054012
2018-11-05 13:00:00,6.84,34.06422383785248
2018-11-05 13:15:00,48.31,37.99991986185312
2018-11-05 13:30:00,68.87,44.263700155317785
2018-11-05 13:45:00,69.26,52.60128479212523
2018-11-05 14:00:00,59.720000000000006,61.109295046925546
2018-11-05 14:15:00,52.74,67.8434804046154
2018-11-05 14:30:00,68.47,72.05244393050671
2018-11-05 14:45:00,45.67999999999999,74.57873459935188
2018-11-05 15:00:00,46.4,74.13088738590478
2018-11-05 15:15:00,64.15,73.29029644876718
2018-11-05 15:30:00,73.44,73.35220816105604
2018-11-05 15:45:00,53.14,74.25420333743095
2018-11-05 16:00:00,55.58,74.05245809942484
2018-11-05 16:15:00,59.26,72.84087741613388
2018-11-05 16:30:00,67.43,69.32779866218567
2018-11-05 16:45:00,54.65,66.13754462361335
2018-11-05 17:00:00,51.7,61.82316592127085
2018-11-05 17:15:00,43.99,57.317115096449854
2018-11-05 17:30:00,62.75,53.039225053787234
2018-11-05 17:45:00,31.539999999999996,50.4895502063632
2018-11-05 18:00:00,32.22,46.78134132772684
2018-11-05 18:15:00,40.50000000000001,44.48364256858826
2018-11-05 18:30:00,56.66,43.94828544467688
2018-11-05 18:45:00,44.39,45.279351331591606
2018-11-05 19:00:00,60.8,46.27950886160135
2018-11-05 19:15:00,58.1,48.10646573811769
2018-11-05 19:30:00,52.16,49.69448364377022
2018-11-05 19:45:00,64.26,50.00005876630544
2018-11-05 20:00:00,59.9,50.029757167100904
2018-11-05 20:15:00,51.00999999999999,48.66250800251961
2018-11-05 20:30:00,56.45,45.15513719767332
2018-11-05 20:45:00,55.33,40.57735752701759
2018-11-05 21:00:00,45.22,35.32654059901834
2018-11-05 21:15:00,42.59,27.980791832357646
2018-11-05 21:30:00,59.33,20.243034728839994
2018-11-05 21:45:00,74.88,13.954299560338258
2018-11-05 22:00:00,61.38,13.408084534034133
2018-11-05 22:15:00,73.87,14.212570784464479
2018-11-05 22:30:00,24.44,16.10944442383945
2018-11-05 22:45:00,4.39,15.199955038130282
2018-11-05 23:00:00,4.86,12.169542660787702
2018-11-05 23:15:00,3.8200000000000003,8.605669447109102
2018-11-05 23:30:00,3.78,5.153358064945786
2018-11-05 23:45:00,3.74,2.6871389572136106
2018-11-06 00:00:00,3.49,1.5015906871482732
2018-11-06 00:15:00,3.74,0.6839609408192338
2018-11-06 00:30:00,3.71,0.24467312488704926
2018-11-06 00:45:00,3.74,0.16167180934920913
2018-11-06 01:00:00,3.64,0.3864540223032237
2018-11-06 01:15:00,3.71,0.8327788165956737
2018-11-06 01:30:00,3.71,0.9286336835287512
2018-11-06 01:45:00,3.67,0.6135353014990688
2018-11-06 02:00:00,3.71,0.6491440231166781
2018-11-06 02:15:00,4.75,0.7288066262938083
2018-11-06 02:30:00,4.14,0.9029734546318651
2018-11-06 02:45:00,3.67,0.9655762059986592
2018-11-06 03:00:00,3.64,0.7631536823324859
2018-11-06 03:15:00,3.71,0.9091007426381111
2018-11-06 03:30:00,3.38,1.4727452789433302
2018-11-06 03:45:00,3.13,1.96701448796317
2018-11-06 04:00:00,3.06,2.5326327800750734
2018-11-06 04:15:00,3.1,3.088337664715946
2018-11-06 04:30:00,3.06,3.734653715211898
2018-11-06 04:45:00,3.1,4.485545702986419
2018-11-06 05:00:00,3.1,3.8117598667554558
2018-11-06 05:15:00,3.06,1.2815037226490678
2018-11-06 05:30:00,3.17,-1.235385222006589
2018-11-06 05:45:00,3.71,-3.700601452961564
2018-11-06 06:00:00,3.31,-4.295276787504553
2018-11-06 06:15:00,3.02,-3.802830327376723
2018-11-06 06:30:00,3.38,-2.230858730841428
2018-11-06 06:45:00,3.5299999999999994,0.3345281334407628
2018-11-06 07:00:00,2.99,3.92435418699868
2018-11-06 07:15:00,3.02,8.193239810839295
2018-11-06 07:30:00,3.31,12.77130353167653
2018-11-06 07:45:00,4.39,17.591120902448893
2018-11-06 08:00:00,4.07,25.98144231840968
2018-11-06 08:15:00,35.03,33.71755687087774
2018-11-06 08:30:00,54.93999999999999,42.8908642962575
2018-11-06 08:45:00,60.37,52.807345796525475
2018-11-06 09:00:00,76.1,61.81148056834936
2018-11-06 09:15:00,70.96,70.14953226000071
2018-11-06 09:30:00,76.54,77.18222404479981
2018-11-06 09:45:00,76.0,82.64427775323392
2018-11-06 10:00:00,66.67,85.28972129821778
2018-11-06 10:15:00,63.32,85.31557996928693
2018-11-06 10:30:00,56.52,81.72838320434094
2018-11-06 10:45:00,60.23,74.42869772166014
2018-11-06 11:00:00,74.77,66.70475578606128
2018-11-06 11:15:00,85.74999999999999,59.702777348160744
2018-11-06 11:30:00,64.12,53.71307292073965
2018-11-06 11:45:00,60.62,47.12633318454027
2018-11-06 12:00:00,52.99000000000001,41.48524927079678
2018-11-06 12:15:00,6.05,36.79706277504563
2018-11-06 12:30:00,5.9,31.798900063037873
2018-11-06 12:45:00,5.76,31.80334382042289
2018-11-06 13:00:00,4.93,33.97161000594497
2018-11-06 13:15:00,44.39,37.3868272973597
2018-11-06 13:30:00,53.03,43.03879942715168
2018-11-06 13:45:00,60.34,50.07502106875181
2018-11-06 14:00:00,59.65,57.44401928663254
2018-11-06 14:15:00,51.19,63.92422111839056
2018-11-06 14:30:00,50.9,67.50998079150915
2018-11-06 14:45:00,49.900000000000006,69.64457411915063
2018-11-06 15:00:00,50.69,70.09181505948305
2018-11-06 15:15:00,50.62,69.4625844028592
2018-11-06 15:30:00,51.91,68.756568133533
2018-11-06 15:45:00,49.97,68.15542364031076
2018-11-06 16:00:00,49.18,67.56265469789506
2018-11-06 16:15:00,58.64,65.87422449171542
2018-11-06 16:30:00,55.58,63.55016857028007
2018-11-06 16:45:00,55.84,60.67349695026874
2018-11-06 17:00:00,48.71,57.45362534731626
2018-11-06 17:15:00,42.52,53.609103817939754
2018-11-06 17:30:00,60.77,49.349092095792294
2018-11-06 17:45:00,31.03,46.855760229825975
2018-11-06 18:00:00,31.32,42.823267089426515
2018-11-06 18:15:00,43.92,38.894439915269615
2018-11-06 18:30:00,51.52,37.607548883855344
2018-11-06 18:45:00,52.81,38.33264479264617
2018-11-06 19:00:00,66.46,39.50197048529982
2018-11-06 19:15:00,48.349999999999994,41.59382155835628
2018-11-06 19:30:00,46.50999999999999,42.550655260682106
2018-11-06 19:45:00,73.62,42.26048396617174
2018-11-06 20:00:00,50.98,42.965920907855036
2018-11-06 20:15:00,49.25,41.36461888462305
2018-11-06 20:30:00,42.66,38.05641328886151
2018-11-06 20:45:00,30.349999999999998,32.91056918248534
2018-11-06 21:00:00,8.28,26.02314268141985
2018-11-06 21:15:00,7.599999999999999,16.891324546188116
2018-11-06 21:30:00,4.21,7.891659354493021
2018-11-06 21:45:00,3.85,2.085374577799812
2018-11-06 22:00:00,3.85,1.4891348621435463
2018-11-06 22:15:00,3.67,1.186278986800462
2018-11-06 22:30:00,3.64,1.2287523480318487
2018-11-06 22:45:00,3.64,1.4467951055429877
2018-11-06 23:00:00,3.5299999999999994,1.7175123308040203
2018-11-06 23:15:00,3.5299999999999994,1.9374687781743707
2018-11-06 23:30:00,3.6,2.0413581672869623
2018-11-06 23:45:00,3.5299999999999994,2.0176245396211745
2018-11-07 00:00:00,0.0,1.837830879278481
2018-11-07 00:15:00,3.5299999999999994,1.5772395377606154
2018-11-07 00:30:00,3.56,1.4733159054443241
2018-11-07 00:45:00,3.64,1.4268969973735512
2018-11-07 01:00:00,3.74,0.5368381036259234
2018-11-07 01:15:00,4.68,-0.06843662519007916
2018-11-07 01:30:00,3.85,-0.39236526286229484
2018-11-07 01:45:00,2.95,-0.5485176399163901
2018-11-07 02:00:00,2.92,-0.7941345968656242
2018-11-07 02:15:00,2.95,-1.2352566696517169
2018-11-07 02:30:00,2.95,0.06798801766708498
2018-11-07 02:45:00,2.95,1.1821647500805557
2018-11-07 03:00:00,2.92,1.8948011850006878
2018-11-07 03:15:00,2.95,2.2774392340518537
2018-11-07 03:30:00,2.99,2.4141971867810934
2018-11-07 03:45:00,2.99,2.382602919433266
2018-11-07 04:00:00,2.95,2.401476678652689
2018-11-07 04:15:00,2.95,2.6508574408479038
2018-11-07 04:30:00,3.02,2.93552063183859
2018-11-07 04:45:00,3.42,2.976437190370634
2018-11-07 05:00:00,3.56,1.2533925785496831
2018-11-07 05:15:00,3.06,-0.6456302428804338
2018-11-07 05:30:00,3.6,-2.7227323190122843
2018-11-07 05:45:00,3.1,-4.639698298498988
2018-11-07 06:00:00,2.95,-5.694108290448785
2018-11-07 06:15:00,2.95,-5.124708931148053
2018-11-07 06:30:00,2.88,-3.8074896485358476
2018-11-07 06:45:00,2.88,-0.3590325915627181
2018-11-07 07:00:00,2.88,3.911465410012752
2018-11-07 07:15:00,2.84,8.487643789872527
2018-11-07 07:30:00,3.24,13.028417223244904
2018-11-07 07:45:00,4.82,17.148778424337507
2018-11-07 08:00:00,5.72,22.515203776210544
2018-11-07 08:15:00,29.92,29.09393397092819
2018-11-07 08:30:00,54.93999999999999,36.79650365650654
2018-11-07 08:45:00,64.4,45.847855876684186
2018-11-07 09:00:00,62.099999999999994,54.71653127104044
2018-11-07 09:15:00,54.79,61.901177552938464
2018-11-07 09:30:00,51.41,66.9074935156107
2018-11-07 09:45:00,44.35,69.18215838730335
2018-11-07 10:00:00,48.02,69.39608746945858
2018-11-07 10:15:00,64.12,68.39981906920671
2018-11-07 10:30:00,52.52,66.13706858694553
2018-11-07 10:45:00,70.52,60.98083251029253
2018-11-07 11:00:00,55.26,56.930065849125384
2018-11-07 11:15:00,49.0,51.60998783141375
2018-11-07 11:30:00,43.27,45.66770743429661
2018-11-07 11:45:00,50.54,39.5962639182806
2018-11-07 12:00:00,47.63,35.33197460249066
2018-11-07 12:15:00,4.18,32.15463642671704
2018-11-07 12:30:00,4.28,27.898868616372347
2018-11-07 12:45:00,4.57,28.40184177413583
2018-11-07 13:00:00,4.75,29.99669709324837
2018-11-07 13:15:00,30.64,32.04288008257747
2018-11-07 13:30:00,58.28,35.561312003582714
2018-11-07 13:45:00,47.95,41.50706163018942
2018-11-07 14:00:00,66.49,46.98249825626612
2018-11-07 14:15:00,52.06,52.792314714193346
2018-11-07 14:30:00,61.2,57.147309224307534
2018-11-07 14:45:00,51.05,60.93783651918173
2018-11-07 15:00:00,43.06,63.1483127862215
2018-11-07 15:15:00,42.55,63.68768927633762
2018-11-07 15:30:00,64.58,63.15111062437296
2018-11-07 15:45:00,56.92000000000001,63.41999050527811
2018-11-07 16:00:00,55.90999999999999,62.52367633253336
2018-11-07 16:15:00,46.22,60.798784412145615
2018-11-07 16:30:00,50.76,57.64964018166065
2018-11-07 16:45:00,68.4,54.13253307968378
2018-11-07 17:00:00,62.06,51.633699846565726
2018-11-07 17:15:00,53.75,48.984515371918675
2018-11-07 17:30:00,60.19,46.29337230682373
2018-11-07 17:45:00,32.0,43.904764016866686
2018-11-07 18:00:00,32.29,39.77617883324623
2018-11-07 18:15:00,41.15,37.20301651626825
2018-11-07 18:30:00,52.63,36.70942936450243
2018-11-07 18:45:00,52.49,37.8899576370418
2018-11-07 19:00:00,65.66,39.29412658885121
2018-11-07 19:15:00,61.85,41.64190575271845
2018-11-07 19:30:00,45.94,43.28023085415363
2018-11-07 19:45:00,59.33,42.55427942663431
2018-11-07 20:00:00,55.66,41.618454210460186
2018-11-07 20:15:00,63.29,39.13899701699614
2018-11-07 20:30:00,50.69,35.33723570585251
2018-11-07 20:45:00,33.08,29.421231634616852
2018-11-07 21:00:00,10.510000000000002,20.51337976977229
2018-11-07 21:15:00,5.26,10.890606157183647
2018-11-07 21:30:00,4.1,2.0933821545075624
2018-11-07 21:45:00,4.0,1.011174961272627
2018-11-07 22:00:00,5.0,0.2912419171445072
2018-11-07 22:15:00,4.5,0.025050969775766183
2018-11-07 22:30:00,3.74,0.23769508974626666
2018-11-07 22:45:00,3.74,0.710599627159536
2018-11-07 23:00:00,3.64,1.2978879728913308
2018-11-07 23:15:00,3.56,1.8877835736982524
2018-11-07 23:30:00,3.6,2.435927446689457
2018-11-07 23:45:00,3.56,2.8185778457485138
2018-11-08 00:00:00,3.5299999999999994,3.0141967781353745
2018-11-08 00:15:00,3.64,3.1687619686638935
2018-11-08 00:30:00,3.64,3.347793507212773
2018-11-08 00:45:00,3.67,3.227659507151693
2018-11-08 01:00:00,3.67,2.429398643085733
2018-11-08 01:15:00,3.6,2.0546800365950912
2018-11-08 01:30:00,3.74,2.0310816976521164
2018-11-08 01:45:00,3.6,2.2353484423831107
2018-11-08 02:00:00,3.64,2.3216119844373315
2018-11-08 02:15:00,3.35,2.205593484165147
2018-11-08 02:30:00,3.17,3.290484769172035
2018-11-08 02:45:00,3.74,4.567475655339658
2018-11-08 03:00:00,3.38,5.282947820480913
2018-11-08 03:15:00,3.06,5.514457980915903
2018-11-08 03:30:00,3.06,5.36947394054383
2018-11-08 03:45:00,3.06,4.9750952442176635
2018-11-08 04:00:00,3.13,4.620152368545532
2018-11-08 04:15:00,3.17,4.5351156875025485
2018-11-08 04:30:00,3.13,4.554527794793248
2018-11-08 04:45:00,3.06,3.6916125342994928
2018-11-08 05:00:00,3.06,1.0733900908008218
2018-11-08 05:15:00,3.1,-1.5750615231506526
2018-11-08 05:30:00,3.13,-4.133331134021282
2018-11-08 05:45:00,3.13,-6.4480223812907935
2018-11-08 06:00:00,3.67,-7.638557528406382
2018-11-08 06:15:00,3.4599999999999995,-7.580923409759999
2018-11-08 06:30:00,3.02,-5.4313315588980915
2018-11-08 06:45:00,3.02,-1.4425886021368206
2018-11-08 07:00:00,2.99,3.133389511117712
2018-11-08 07:15:00,2.95,8.066462488919496
2018-11-08 07:30:00,3.2,12.880985074490308
2018-11-08 07:45:00,4.68,17.256146024763584
2018-11-08 08:00:00,5.0,23.530511397719383
2018-11-08 08:15:00,22.279999999999998,29.54070561096072
2018-11-08 08:30:00,46.84,35.83377338677645
2018-11-08 08:45:00,63.04,43.90227156072855
2018-11-08 09:00:00,66.85,52.31583344608545
2018-11-08 09:15:00,54.65,59.62552018970251
2018-11-08 09:30:00,56.34,64.7854971960187
2018-11-08 09:45:00,55.98,68.31018944829702
2018-11-08 10:00:00,66.1,69.30009422630071
2018-11-08 10:15:00,53.24,69.79130568563939
2018-11-08 10:30:00,67.07,68.13699293762446
2018-11-08 10:45:00,62.93,66.31183242589235
2018-11-08 11:00:00,52.85000000000001,61.494363802075384
2018-11-08 11:15:00,52.13,55.28347297877073
2018-11-08 11:30:00,53.6,48.836629641056064
2018-11-08 11:45:00,58.25,42.903470286130904
2018-11-08 12:00:00,48.489999999999995,38.2449844366312
2018-11-08 12:15:00,7.31,34.460926300436256
2018-11-08 12:30:00,7.63,29.541630738824605
2018-11-08 12:45:00,7.88,28.431201111078263
2018-11-08 13:00:00,7.919999999999998,29.91366237655282
2018-11-08 13:15:00,45.18,32.12042465940118
2018-11-08 13:30:00,59.8,36.670291066765785
2018-11-08 13:45:00,59.0,43.36108523309231
2018-11-08 14:00:00,62.53000000000001,50.511344602108004
2018-11-08 14:15:00,60.26,56.37432896673679
2018-11-08 14:30:00,54.61,61.16100340723991
2018-11-08 14:45:00,52.13,64.34265285849571
2018-11-08 15:00:00,59.76,66.16115334779025
2018-11-08 15:15:00,43.92,67.54051001101732
2018-11-08 15:30:00,48.6,66.93324889570475
2018-11-08 15:45:00,63.68,65.59710827827453
2018-11-08 16:00:00,54.04,64.53746412843466
2018-11-08 16:15:00,56.47999999999999,62.27226609915495
2018-11-08 16:30:00,109.08,59.43406363099813
2018-11-08 16:45:00,70.06,59.83035068422556
2018-11-08 17:00:00,62.96000000000001,57.783815158307554
2018-11-08 17:15:00,64.84,54.70700155586004
2018-11-08 17:30:00,71.57,52.03043150007725
2018-11-08 17:45:00,32.36,49.48999894946814
2018-11-08 18:00:00,32.26,44.43221264481544
2018-11-08 18:15:00,52.02,40.30763784557581
2018-11-08 18:30:00,46.93999999999999,39.646241032034155
2018-11-08 18:45:00,73.94,39.698755511045455
2018-11-08 19:00:00,74.3,41.44593582749367
2018-11-08 19:15:00,80.17,43.79470074653626
2018-11-08 19:30:00,85.43,45.843293110132215
2018-11-08 19:45:00,94.21,46.65846548557281
2018-11-08 20:00:00,83.2,46.260772776901725
2018-11-08 20:15:00,70.7,43.468822211027145
2018-11-08 20:30:00,91.19,38.18279653325677
2018-11-08 20:45:00,80.13999999999999,32.53667606174946
2018-11-08 21:00:00,28.66,25.995121636241674
2018-11-08 21:15:00,19.760000000000005,16.641262709125876
2018-11-08 21:30:00,4.1,8.529275666475295
2018-11-08 21:45:00,4.1,5.637506161816417
2018-11-08 22:00:00,4.07,2.987535075871274
2018-11-08 22:15:00,3.92,0.8529096101410687
2018-11-08 22:30:00,3.78,-0.036058272682130285
2018-11-08 22:45:00,3.9599999999999995,-0.3606484778225421
2018-11-08 23:00:00,4.9,-0.3297414603456854
2018-11-08 23:15:00,4.25,0.04942904330790048
2018-11-08 23:30:00,3.56,0.615152310486883
2018-11-08 23:45:00,3.5299999999999994,1.2236414095386863
2018-11-09 00:00:00,4.9,1.8219779600575567
2018-11-09 00:15:00,3.56,2.3019429127778857
2018-11-09 00:30:00,3.64,2.71162130410783
2018-11-09 00:45:00,3.6,2.340836315471679
2018-11-09 01:00:00,3.38,1.5303151214122772
2018-11-09 01:15:00,2.88,1.1381347264908255
2018-11-09 01:30:00,2.84,1.1020567045733334
2018-11-09 01:45:00,2.88,1.3178461470082403
2018-11-09 02:00:00,2.88,1.3963506562635304
2018-11-09 02:15:00,2.95,1.3810226123780012
2018-11-09 02:30:00,2.92,2.354903816506267
2018-11-09 02:45:00,2.88,3.8360455959104
2018-11-09 03:00:00,2.92,4.6650852057803425
2018-11-09 03:15:00,2.88,4.953362317830324
2018-11-09 03:30:00,2.99,4.837199547011405
2018-11-09 03:45:00,3.28,4.5524044354818765
2018-11-09 04:00:00,3.5299999999999994,4.611456138556823
2018-11-09 04:15:00,3.17,4.7699863131530575
2018-11-09 04:30:00,3.49,5.108836005814373
2018-11-09 04:45:00,3.24,3.153284812467173
2018-11-09 05:00:00,2.88,0.25564358076080684
2018-11-09 05:15:00,2.88,-2.607660559117794
2018-11-09 05:30:00,2.88,-5.401432189792395
2018-11-09 05:45:00,2.84,-7.298022901713849
2018-11-09 06:00:00,2.84,-8.15643040932715
2018-11-09 06:15:00,2.95,-8.084027926698328
2018-11-09 06:30:00,2.84,-5.290102482289076
2018-11-09 06:45:00,2.88,-1.2841632622666657
2018-11-09 07:00:00,2.84,3.257698445380665
2018-11-09 07:15:00,2.84,7.988739398345351
2018-11-09 07:30:00,3.42,12.435030780434609
2018-11-09 07:45:00,5.72,16.248497653603554
2018-11-09 08:00:00,6.05,22.038268925994632
2018-11-09 08:15:00,35.96,27.45757139801979
2018-11-09 08:30:00,90.18,33.6675662843883
2018-11-09 08:45:00,80.53,44.80547928333282
2018-11-09 09:00:00,108.50000000000001,54.52693394988775
2018-11-09 09:15:00,102.89000000000001,64.36457749068737
2018-11-09 09:30:00,108.46999999999998,72.36793049573899
2018-11-09 09:45:00,83.63,78.98608865201474
2018-11-09 10:00:00,76.57,82.18501015067102
2018-11-09 10:15:00,59.4,81.40065441310406
2018-11-09 10:30:00,56.81,77.24706832259895
2018-11-09 10:45:00,55.98,71.19029661595822
2018-11-09 11:00:00,61.6,64.36150121599435
2018-11-09 11:15:00,68.08,57.870557122826575
2018-11-09 11:30:00,64.19,51.30998593062162
2018-11-09 11:45:00,56.95,45.92072541415691
2018-11-09 12:00:00,51.440000000000005,41.57469027340412
2018-11-09 12:15:00,5.1499999999999995,38.32891733571887
2018-11-09 12:30:00,4.82,35.6379247161746
2018-11-09 12:45:00,4.97,35.76794784471392
2018-11-09 13:00:00,4.72,36.18801427677273
2018-11-09 13:15:00,37.26,37.6314001172781
2018-11-09 13:30:00,68.62,40.8606846717
2018-11-09 13:45:00,53.35,46.46664067208767
2018-11-09 14:00:00,53.28,50.193414980769155
2018-11-09 14:15:00,54.97,52.67107356399298
2018-11-09 14:30:00,70.38,54.07495958834887
2018-11-09 14:45:00,60.12,55.49658920586109
2018-11-09 15:00:00,65.63,55.92168096840381
2018-11-09 15:15:00,51.59000000000001,56.29195665955543
2018-11-09 15:30:00,53.78,55.42127212136984
2018-11-09 15:45:00,55.87,54.258310050964354
2018-11-09 16:00:00,57.38,53.2274795922637
2018-11-09 16:15:00,59.720000000000006,52.53884315222502
2018-11-09 16:30:00,66.28,52.19884518951177
2018-11-09 16:45:00,59.720000000000006,52.34080740749836
2018-11-09 17:00:00,64.04,49.877681415379044
2018-11-09 17:15:00,69.48,47.93583353817463
2018-11-09 17:30:00,56.92000000000001,46.842193184793
2018-11-09 17:45:00,28.8,45.454043315947054
2018-11-09 18:00:00,29.12,42.10778397768736
2018-11-09 18:15:00,53.5,38.512162261903285
2018-11-09 18:30:00,58.79,36.92824231341481
2018-11-09 18:45:00,53.71,36.51114212870598
2018-11-09 19:00:00,63.0,35.81254484593868
2018-11-09 19:15:00,53.14,35.40575579509139
2018-11-09 19:30:00,55.510000000000005,34.28672831639648
2018-11-09 19:45:00,63.76,32.61428800225258
2018-11-09 20:00:00,52.45,30.987093626111747
2018-11-09 20:15:00,66.49,28.249676204174758
2018-11-09 20:30:00,51.73,26.032672396600248
2018-11-09 20:45:00,42.48,22.442599202543498
2018-11-09 21:00:00,29.27,17.218892787322403
2018-11-09 21:15:00,16.6,11.857294043079017
2018-11-09 21:30:00,6.55,9.255268634930253
2018-11-09 21:45:00,6.44,7.920351791009306
2018-11-09 22:00:00,5.9,7.800036891400814
2018-11-09 22:15:00,4.93,7.7875487879663705
2018-11-09 22:30:00,4.93,7.779662746563553
2018-11-09 22:45:00,4.97,7.598754778690636
2018-11-09 23:00:00,4.82,7.1476238665543494
2018-11-09 23:15:00,4.82,6.422574270293116
2018-11-09 23:30:00,4.82,5.41331927537918
2018-11-09 23:45:00,4.82,4.125821409486234
2018-11-10 00:00:00,2.7,2.2574388172943145
2018-11-10 00:15:00,4.82,1.1289909490570427
2018-11-10 00:30:00,4.86,0.143085889518261
2018-11-10 00:45:00,4.9,-0.5521328240446746
2018-11-10 01:00:00,4.86,-0.9549086836911738
2018-11-10 01:15:00,4.9,-1.1321453310362994
2018-11-10 01:30:00,4.97,-1.180879023540765
2018-11-10 01:45:00,4.9,-1.2288576814718544
2018-11-10 02:00:00,6.01,-1.4646496457792817
2018-11-10 02:15:00,5.54,-1.205109177660197
2018-11-10 02:30:00,4.0,-0.2426014887541532
2018-11-10 02:45:00,3.8200000000000003,0.4475234079174698
2018-11-10 03:00:00,3.74,0.900335324537009
2018-11-10 03:15:00,3.74,1.1706781200133265
2018-11-10 03:30:00,3.78,1.3418408089317382
2018-11-10 03:45:00,3.74,1.6946403968706727
2018-11-10 04:00:00,3.78,1.5556261819042265
2018-11-10 04:15:00,3.78,0.6488479036092759
2018-11-10 04:30:00,3.78,-0.3187378839962184
2018-11-10 04:45:00,3.74,-1.3310730831511317
2018-11-10 05:00:00,3.74,-2.3730182682722805
2018-11-10 05:15:00,3.78,-3.108160347118974
2018-11-10 05:30:00,3.78,-3.044204147160053
2018-11-10 05:45:00,3.74,-1.4329393164254725
2018-11-10 06:00:00,5.51,0.7870304578170181
2018-11-10 06:15:00,5.69,3.4194231319613757
2018-11-10 06:30:00,4.07,6.380153115913272
2018-11-10 06:45:00,3.74,9.435036472529172
2018-11-10 07:00:00,3.71,12.126216587647795
2018-11-10 07:15:00,3.71,14.390330061689019
2018-11-10 07:30:00,3.78,16.18547780878842
2018-11-10 07:45:00,3.8200000000000003,17.503015946149826
2018-11-10 08:00:00,4.14,18.867985972911118
2018-11-10 08:15:00,26.17,20.438776740282773
2018-11-10 08:30:00,42.15999999999999,23.29811344012618
2018-11-10 08:45:00,55.510000000000005,27.74062684252858
2018-11-10 09:00:00,57.78,33.25465162962675
2018-11-10 09:15:00,45.14,39.23073736652732
2018-11-10 09:30:00,56.09000000000001,42.46441627830267
2018-11-10 09:45:00,50.72,44.994739786088466
2018-11-10 10:00:00,50.58,45.83572143256664
2018-11-10 10:15:00,58.61,45.65334100693464
2018-11-10 10:30:00,44.86,45.165336058735846
2018-11-10 10:45:00,58.54,42.945693840384486
2018-11-10 11:00:00,44.5,41.22431830406189
2018-11-10 11:15:00,56.52,38.35464577034116
2018-11-10 11:30:00,53.14,36.39901752978563
2018-11-10 11:45:00,62.21,34.60148735389113
2018-11-10 12:00:00,30.1,33.6797636012733
2018-11-10 12:15:00,4.07,31.18742198139429
2018-11-10 12:30:00,4.57,27.282302331477403
2018-11-10 12:45:00,5.080000000000001,24.08693763509393
2018-11-10 13:00:00,5.080000000000001,23.17014714926481
2018-11-10 13:15:00,28.66,23.216576442569494
2018-11-10 13:30:00,49.97,24.203474555015564
2018-11-10 13:45:00,60.77,26.152671809643508
2018-11-10 14:00:00,63.43,28.837404097914696
2018-11-10 14:15:00,61.269999999999996,31.782867507338523
2018-11-10 14:30:00,52.52,33.35598232164979
2018-11-10 14:45:00,50.36,33.77606222644448
2018-11-10 15:00:00,47.84,33.453264456540346
2018-11-10 15:15:00,67.68,32.672764166891575
2018-11-10 15:30:00,46.36999999999999,33.00717094421387
2018-11-10 15:45:00,55.15,33.09110159784555
2018-11-10 16:00:00,51.26,32.26716296225786
2018-11-10 16:15:00,37.15,30.92243123024702
2018-11-10 16:30:00,48.82,28.362341957986356
2018-11-10 16:45:00,30.6,26.62782152235508
2018-11-10 17:00:00,5.870000000000001,23.95099997550249
2018-11-10 17:15:00,5.0,19.82301881954074
2018-11-10 17:30:00,3.67,16.207220559045673
2018-11-10 17:45:00,3.71,13.346745413020253
2018-11-10 18:00:00,4.5,10.970214308053254
2018-11-10 18:15:00,4.61,9.333624944090843
2018-11-10 18:30:00,3.64,8.717500452660024
2018-11-10 18:45:00,3.67,8.032186164744198
2018-11-10 19:00:00,3.74,7.298906130269169
2018-11-10 19:15:00,3.8200000000000003,6.546589681357145
2018-11-10 19:30:00,3.71,5.8116435185447335
2018-11-10 19:45:00,3.67,5.125676364302635
2018-11-10 20:00:00,3.71,4.518745611701161
2018-11-10 20:15:00,3.74,3.955537395561114
2018-11-10 20:30:00,3.71,3.2701852857461198
2018-11-10 20:45:00,3.71,3.432629711139016
2018-11-10 21:00:00,3.67,3.6448596146516503
2018-11-10 21:15:00,3.74,3.857366340784356
2018-11-10 21:30:00,3.67,4.061950817536562
2018-11-10 21:45:00,3.71,4.247868818724528
2018-11-10 22:00:00,3.78,4.407967584664002
2018-11-10 22:15:00,4.21,4.536700979424641
2018-11-10 22:30:00,4.43,4.690035168882459
2018-11-10 22:45:00,3.4599999999999995,4.732416466418654
2018-11-10 23:00:00,3.42,4.644009496290237
2018-11-10 23:15:00,3.49,4.509575871182606
2018-11-10 23:30:00,3.35,4.333923393031582
2018-11-10 23:45:00,2.74,4.123481504013762
2018-11-11 00:00:00,2.7,3.871073726816103
2018-11-11 00:15:00,2.7,3.408668380202726
2018-11-11 00:30:00,2.81,2.890957873817533
2018-11-11 00:45:00,2.77,2.420817773398012
2018-11-11 01:00:00,2.77,2.0255821549333635
2018-11-11 01:15:00,2.77,1.6225295428372921
2018-11-11 01:30:00,2.81,1.1824482388980688
2018-11-11 01:45:00,2.77,0.7840372649952769
2018-11-11 02:00:00,2.84,0.6595876388810575
2018-11-11 02:15:00,2.81,0.5677574711106718
2018-11-11 02:30:00,4.21,0.4684956860914827
2018-11-11 02:45:00,4.28,0.3875933105312288
2018-11-11 03:00:00,2.84,0.3203073800355197
2018-11-11 03:15:00,2.92,0.2596098980680109
2018-11-11 03:30:00,2.81,0.2687814630195499
2018-11-11 03:45:00,2.88,0.3029836871474982
2018-11-11 04:00:00,2.88,0.4632716327533126
2018-11-11 04:15:00,2.84,0.7861881311424077
2018-11-11 04:30:00,2.84,1.1171206266991796
2018-11-11 04:45:00,2.84,1.4608443622477354
2018-11-11 05:00:00,2.81,1.8225749706663192
2018-11-11 05:15:00,2.84,2.2063562374934556
2018-11-11 05:30:00,2.84,2.6438291636295617
2018-11-11 05:45:00,2.95,3.3112307474855336
2018-11-11 06:00:00,3.49,4.028043870870024
2018-11-11 06:15:00,3.38,4.83360485266894
2018-11-11 06:30:00,2.99,5.7482655235007405
2018-11-11 06:45:00,3.4599999999999995,6.963991037849336
2018-11-11 07:00:00,3.13,8.239653385952115
2018-11-11 07:15:00,2.84,9.510890220999718
2018-11-11 07:30:00,2.81,10.729810177162289
2018-11-11 07:45:00,2.77,11.893655834496021
2018-11-11 08:00:00,2.81,13.700135275200008
2018-11-11 08:15:00,2.81,15.820983044058083
2018-11-11 08:30:00,2.84,18.271849969252944
2018-11-11 08:45:00,2.95,20.547713914439083
2018-11-11 09:00:00,2.92,21.23565538585186
2018-11-11 09:15:00,2.95,21.2270676394552
2018-11-11 09:30:00,3.5299999999999994,20.529550421014427
2018-11-11 09:45:00,3.6,19.200037266910076
2018-11-11 10:00:00,3.2,17.82219853192568
2018-11-11 10:15:00,2.99,15.924422219246626
2018-11-11 10:30:00,2.99,13.225951108559965
2018-11-11 10:45:00,2.95,9.843546665385364
2018-11-11 11:00:00,2.95,5.974075032565742
2018-11-11 11:15:00,2.95,1.5554527204297484
2018-11-11 11:30:00,3.02,-3.2909281139075754
2018-11-11 11:45:00,2.95,-8.287558302208781
2018-11-11 12:00:00,3.35,-11.552993575185537
2018-11-11 12:15:00,3.64,-12.758733827471733
2018-11-11 12:30:00,3.02,-13.647062036022545
2018-11-11 12:45:00,2.99,-13.796155822202564
2018-11-11 13:00:00,3.02,-12.620998680368066
2018-11-11 13:15:00,3.42,-11.05989705555141
2018-11-11 13:30:00,3.56,-9.169127688258888
2018-11-11 13:45:00,3.28,-6.387601651772857
2018-11-11 14:00:00,2.88,-2.7966920253634453
2018-11-11 14:15:00,2.84,0.566893531922251
2018-11-11 14:30:00,2.95,5.091499401554465
2018-11-11 14:45:00,2.88,10.213934629335998
2018-11-11 15:00:00,2.92,14.869688881635666
2018-11-11 15:15:00,2.88,18.44582677587867
2018-11-11 15:30:00,2.92,20.167279780432583
2018-11-11 15:45:00,2.95,19.660590393021703
2018-11-11 16:00:00,2.99,17.228036284074186
2018-11-11 16:15:00,2.95,13.561701791286469
2018-11-11 16:30:00,3.4599999999999995,9.327004217132925
2018-11-11 16:45:00,4.03,5.202080530170351
2018-11-11 17:00:00,3.85,3.8746931211743503
2018-11-11 17:15:00,3.49,4.062056353967637
2018-11-11 17:30:00,2.95,4.5104911751765755
2018-11-11 17:45:00,2.92,5.112826742455363
2018-11-11 18:00:00,2.88,5.7699470850825305
2018-11-11 18:15:00,2.84,6.517209012582898
2018-11-11 18:30:00,2.88,9.20988796956837
2018-11-11 18:45:00,3.02,11.926973910331725
2018-11-11 19:00:00,2.92,14.65853855125606
2018-11-11 19:15:00,2.95,18.198653717935084
2018-11-11 19:30:00,2.95,21.288232737630604
2018-11-11 19:45:00,2.99,23.31131672129035
2018-11-11 20:00:00,2.95,24.06315825626254
2018-11-11 20:15:00,2.99,23.403133416324852
2018-11-11 20:30:00,3.2,21.197763316184282
2018-11-11 20:45:00,3.56,17.39634219162166
2018-11-11 21:00:00,3.49,11.395167975053191
2018-11-11 21:15:00,2.95,4.6424330458510665
2018-11-11 21:30:00,2.99,-2.1442161277495324
2018-11-11 21:45:00,2.95,-3.477794960588217
2018-11-11 22:00:00,2.92,-2.5658759915083644
2018-11-11 22:15:00,3.35,-1.6745464503578842
2018-11-11 22:30:00,3.24,-0.7356578708626329
2018-11-11 22:45:00,2.74,0.08531648214906459
2018-11-11 23:00:00,2.74,0.7047465654648841
2018-11-11 23:15:00,2.63,1.148291765935719
2018-11-11 23:30:00,2.66,1.4237488680891692
2018-11-11 23:45:00,2.66,1.554016189966351
2018-11-12 00:00:00,4.82,1.5612813627906144
2018-11-12 00:15:00,3.24,1.5174514654651285
2018-11-12 00:30:00,3.42,1.4403708559833468
2018-11-12 00:45:00,2.88,1.3709000968188048
2018-11-12 01:00:00,2.77,1.29801343774423
2018-11-12 01:15:00,2.77,0.9880041010119022
2018-11-12 01:30:00,2.77,0.45175356630235913
2018-11-12 01:45:00,2.84,0.18619443411007527
2018-11-12 02:00:00,2.84,0.11081419616937642
2018-11-12 02:15:00,2.77,-0.11260783182457085
2018-11-12 02:30:00,2.81,-0.39297041324898596
2018-11-12 02:45:00,2.77,-0.8153867149911821
2018-11-12 03:00:00,2.81,-1.4286022181995213
2018-11-12 03:15:00,3.38,-1.1418838736228645
2018-11-12 03:30:00,3.49,-0.635259043071419
2018-11-12 03:45:00,3.38,-0.2859236323460936
2018-11-12 04:00:00,3.31,0.478773699477315
2018-11-12 04:15:00,2.74,1.310303379688412
2018-11-12 04:30:00,2.74,2.213457492031157
2018-11-12 04:45:00,2.74,3.190474685947411
2018-11-12 05:00:00,2.74,3.8109551514685154
2018-11-12 05:15:00,2.7,1.6498326034657658
2018-11-12 05:30:00,2.66,-0.5662943535484373
2018-11-12 05:45:00,2.66,-2.813997754603624
2018-11-12 06:00:00,2.7,-3.6773520017415287
2018-11-12 06:15:00,2.74,-3.223186075165868
2018-11-12 06:30:00,2.59,-1.7258994672633707
2018-11-12 06:45:00,2.59,0.5592466315813364
2018-11-12 07:00:00,2.63,3.762810049112886
2018-11-12 07:15:00,3.5299999999999994,7.982811394557356
2018-11-12 07:30:00,5.72,12.556259580627083
2018-11-12 07:45:00,5.080000000000001,16.902058948501946
2018-11-12 08:00:00,5.0,24.6067247672379
2018-11-12 08:15:00,15.05,32.173630738854406
2018-11-12 08:30:00,50.58,39.57353765830398
2018-11-12 08:45:00,61.16,49.07189055502415
2018-11-12 09:00:00,55.01,58.1246439397335
2018-11-12 09:15:00,62.14,65.28226840436459
2018-11-12 09:30:00,62.5,72.02094018310308
2018-11-12 09:45:00,67.07,77.46545238941908
2018-11-12 10:00:00,57.88999999999999,80.96671555399895
2018-11-12 10:15:00,51.98,81.86358659982682
2018-11-12 10:30:00,70.02,76.94319076478482
2018-11-12 10:45:00,60.08,72.64729216516018
2018-11-12 11:00:00,57.71,66.51840090334416
2018-11-12 11:15:00,52.06,59.44237630903721
2018-11-12 11:30:00,57.17,51.62409827679396
2018-11-12 11:45:00,78.19,44.702794581353665
2018-11-12 12:00:00,59.9,40.451037155389784
2018-11-12 12:15:00,4.93,36.50375906944275
2018-11-12 12:30:00,5.0,30.909605185687543
2018-11-12 12:45:00,4.97,29.45883404046297
2018-11-12 13:00:00,5.870000000000001,30.337656111121177
2018-11-12 13:15:00,43.81,33.75011822804809
2018-11-12 13:30:00,78.72999999999999,39.61834797784686
2018-11-12 13:45:00,69.05,48.66143467456102
2018-11-12 14:00:00,70.06,57.738304256498814
2018-11-12 14:15:00,55.07999999999999,65.86094935595989
2018-11-12 14:30:00,59.28999999999999,70.76906254678964
2018-11-12 14:45:00,73.4,73.89424327105284
2018-11-12 15:00:00,68.18,76.57031932651998
2018-11-12 15:15:00,75.34999999999998,77.33947781801224
2018-11-12 15:30:00,61.959999999999994,78.45872086048126
2018-11-12 15:45:00,82.04,78.56460758268834
2018-11-12 16:00:00,115.13,79.56088047385217
2018-11-12 16:15:00,105.70000000000002,81.32331192731858
2018-11-12 16:30:00,104.4,80.88372350096704
2018-11-12 16:45:00,107.5,79.35148721277714
2018-11-12 17:00:00,96.26,77.18083186209202
2018-11-12 17:15:00,86.83,74.13621809840203
2018-11-12 17:30:00,108.97,70.83676304459571
2018-11-12 17:45:00,33.05,69.1919216299057
2018-11-12 18:00:00,32.26,65.16837887704372
2018-11-12 18:15:00,90.86,61.92247794836759
2018-11-12 18:30:00,96.34,63.03214187562465
2018-11-12 18:45:00,108.61,65.90048285394907
2018-11-12 19:00:00,109.37,70.5251566272974
2018-11-12 19:15:00,108.50000000000001,75.77724223792553
2018-11-12 19:30:00,90.25000000000001,79.90474960267545
2018-11-12 19:45:00,108.0,81.0997004389763
2018-11-12 20:00:00,123.73,80.79977937459947
2018-11-12 20:15:00,86.83,79.06059288144112
2018-11-12 20:30:00,111.35,72.68713104516267
2018-11-12 20:45:00,100.19,65.06024669885635
2018-11-12 21:00:00,23.620000000000005,54.876802937090396
2018-11-12 21:15:00,6.84,39.817771414369346
2018-11-12 21:30:00,5.359999999999999,25.629314402490852
2018-11-12 21:45:00,5.33,16.966383403241633
2018-11-12 22:00:00,5.4,12.823798924311996
2018-11-12 22:15:00,5.1499999999999995,10.190168723240495
2018-11-12 22:30:00,4.97,8.081245448365808
2018-11-12 22:45:00,5.0,6.384513791427016
2018-11-12 23:00:00,5.04,5.251378393489867
2018-11-12 23:15:00,4.9,5.082796014174819
2018-11-12 23:30:00,5.44,5.0784743534587315
2018-11-12 23:45:00,6.01,5.067515405546874
2018-11-13 00:00:00,31.5,4.814855856597423
2018-11-13 00:15:00,4.79,5.212135682050138
2018-11-13 00:30:00,4.79,4.894369978997856
2018-11-13 00:45:00,4.86,3.7299587474390865
2018-11-13 01:00:00,4.79,2.151260045468807
2018-11-13 01:15:00,4.82,1.2622624103538693
2018-11-13 01:30:00,4.36,0.9381187702715398
2018-11-13 01:45:00,3.67,0.8274200358986855
2018-11-13 02:00:00,3.78,0.8305981981568039
2018-11-13 02:15:00,3.67,0.794254089705646
2018-11-13 02:30:00,3.67,0.753023588359356
2018-11-13 02:45:00,3.67,1.7417177849076688
2018-11-13 03:00:00,3.74,2.1759150117915125
2018-11-13 03:15:00,3.74,2.244199889516458
2018-11-13 03:30:00,4.36,2.49419646801427
2018-11-13 03:45:00,4.82,2.913041231678799
2018-11-13 04:00:00,4.75,3.419725707154721
2018-11-13 04:15:00,4.79,4.076051579387858
2018-11-13 04:30:00,3.9599999999999995,4.872287042159587
2018-11-13 04:45:00,3.67,3.6265492543717848
2018-11-13 05:00:00,3.71,1.1788425979577006
2018-11-13 05:15:00,3.67,-1.2706489854492247
2018-11-13 05:30:00,3.67,-3.625767141506076
2018-11-13 05:45:00,3.71,-4.255520989373326
2018-11-13 06:00:00,3.74,-4.2460316924005745
2018-11-13 06:15:00,3.67,-3.029525601416826
2018-11-13 06:30:00,3.6,-0.912136676814407
2018-11-13 06:45:00,3.64,2.2647663015220316
2018-11-13 07:00:00,3.64,6.6134119251929215
2018-11-13 07:15:00,3.6,11.395569911673665
2018-11-13 07:30:00,4.54,15.986784145459533
2018-11-13 07:45:00,6.91,22.614675230681897
2018-11-13 08:00:00,7.269999999999999,30.85900383517146
2018-11-13 08:15:00,62.17,37.935969275534156
2018-11-13 08:30:00,103.1,48.32375402241945
2018-11-13 08:45:00,105.70000000000002,61.099212949573996
2018-11-13 09:00:00,130.46,72.22709549665451
2018-11-13 09:15:00,92.16,82.89569696843625
2018-11-13 09:30:00,72.14,89.8491286480427
2018-11-13 09:45:00,115.34,91.83486620783806
2018-11-13 10:00:00,106.42,94.34516024827958
2018-11-13 10:15:00,87.55,94.3729140841961
2018-11-13 10:30:00,102.42,88.67211451411248
2018-11-13 10:45:00,103.99999999999999,81.58770089626313
2018-11-13 11:00:00,83.38,73.82644397318363
2018-11-13 11:15:00,107.75,64.46945824861527
2018-11-13 11:30:00,84.17,57.088545641303064
2018-11-13 11:45:00,100.15,50.020937016010286
2018-11-13 12:00:00,95.94,45.61228059887886
2018-11-13 12:15:00,36.72,42.776992732584475
2018-11-13 12:30:00,31.14,39.82486930072307
2018-11-13 12:45:00,32.69,42.43458315014839
2018-11-13 13:00:00,31.43,46.35559838294983
2018-11-13 13:15:00,44.1,51.81188126951456
2018-11-13 13:30:00,82.26,58.96048349201679
2018-11-13 13:45:00,78.84,68.35815238803625
2018-11-13 14:00:00,100.32999999999998,77.61371535688639
2018-11-13 14:15:00,66.38,86.46546001315117
2018-11-13 14:30:00,85.79000000000002,90.77934920608998
2018-11-13 14:45:00,112.03,93.427397480011
2018-11-13 15:00:00,70.31,96.066670511961
2018-11-13 15:15:00,88.88,95.96972070455551
2018-11-13 15:30:00,77.29,96.25301641285421
2018-11-13 15:45:00,107.89,95.35752856791021
2018-11-13 16:00:00,60.08,95.89932116866113
2018-11-13 16:15:00,56.95,93.06375935673715
2018-11-13 16:30:00,53.06,86.61365112602712
2018-11-13 16:45:00,92.7,79.53617147624493
2018-11-13 17:00:00,114.91,75.06351507276297
2018-11-13 17:15:00,92.56,72.8438503998518
2018-11-13 17:30:00,90.79,69.90877446979285
2018-11-13 17:45:00,39.38000000000001,67.16378087937832
2018-11-13 18:00:00,35.35,61.26355787277222
2018-11-13 18:15:00,71.17,57.49376511842012
2018-11-13 18:30:00,107.17,56.90222219496965
2018-11-13 18:45:00,76.36,59.758922729492184
2018-11-13 19:00:00,93.92000000000002,61.598373323082924
2018-11-13 19:15:00,74.45,64.3772598260641
2018-11-13 19:30:00,104.26,65.06497562915087
2018-11-13 19:45:00,62.64,65.73300327420235
2018-11-13 20:00:00,90.14,62.18415440648794
2018-11-13 20:15:00,70.38,57.9110651487112
2018-11-13 20:30:00,100.73,51.0110438850522
2018-11-13 20:45:00,68.98,43.62075874447822
2018-11-13 21:00:00,49.60999999999999,32.83182328671217
2018-11-13 21:15:00,32.15,22.4651458260417
2018-11-13 21:30:00,31.14,12.631791106164455
2018-11-13 21:45:00,32.26,10.115699298381806
2018-11-13 22:00:00,32.11,8.869632902145385
2018-11-13 22:15:00,32.22,7.968692528717219
2018-11-13 22:30:00,32.54,8.048808714002371
2018-11-13 22:45:00,33.48,8.291265191659331
2018-11-13 23:00:00,33.34,8.445750317648052
2018-11-13 23:15:00,31.749999999999996,8.223007820770144
2018-11-13 23:30:00,31.5,7.64800380334258
2018-11-13 23:45:00,32.26,7.778618609532713
2018-11-14 00:00:00,4.75,8.253187310509384
2018-11-14 00:15:00,31.64,7.251991818472742
2018-11-14 00:30:00,32.47,7.349762340039014
2018-11-14 00:45:00,29.299999999999997,7.558479718863963
2018-11-14 01:00:00,26.93,7.656767818033694
2018-11-14 01:15:00,32.29,7.619927744492888
2018-11-14 01:30:00,3.8200000000000003,7.813870022967457
2018-11-14 01:45:00,3.74,7.30435697466135
2018-11-14 02:00:00,3.71,6.553568277861922
2018-11-14 02:15:00,3.6,5.661615061312913
2018-11-14 02:30:00,3.67,4.890537827685475
2018-11-14 02:45:00,3.64,4.553844895493239
2018-11-14 03:00:00,3.67,4.478441360946745
2018-11-14 03:15:00,3.67,4.347384620951488
2018-11-14 03:30:00,3.64,4.193266767356545
2018-11-14 03:45:00,3.13,4.068880996396765
2018-11-14 04:00:00,3.02,3.9985962594393643
2018-11-14 04:15:00,3.35,3.998657728796825
2018-11-14 04:30:00,3.67,4.058692520568147
2018-11-14 04:45:00,3.06,4.537202137131244
2018-11-14 05:00:00,3.02,2.197936198590323
2018-11-14 05:15:00,3.02,-0.35743382690474385
2018-11-14 05:30:00,3.02,-2.7242390199750663
2018-11-14 05:45:00,3.02,-4.235542044788599
2018-11-14 06:00:00,3.35,-3.2429202650487423
2018-11-14 06:15:00,3.64,-1.406743265595287
2018-11-14 06:30:00,3.13,1.3006327621452511
2018-11-14 06:45:00,2.95,4.5896363410912455
2018-11-14 07:00:00,2.92,8.704576169401406
2018-11-14 07:15:00,2.99,13.232831185683608
2018-11-14 07:30:00,3.13,17.364914789721368
2018-11-14 07:45:00,4.61,23.419790208786726
2018-11-14 08:00:00,4.79,29.67360965952277
2018-11-14 08:15:00,51.23,35.037613287121054
2018-11-14 08:30:00,103.03,43.88277202099562
2018-11-14 08:45:00,123.77,57.42844480395317
2018-11-14 09:00:00,95.18,71.46368088155985
2018-11-14 09:15:00,97.78,81.0663688904047
2018-11-14 09:30:00,82.04,88.68847041547299
2018-11-14 09:45:00,71.89,91.8894397699833
2018-11-14 10:00:00,76.43,92.30277432501317
2018-11-14 10:15:00,78.41,90.96089881300927
2018-11-14 10:30:00,58.97,86.60644770324231
2018-11-14 10:45:00,58.1,77.65684158444405
2018-11-14 11:00:00,75.2,68.00240479707718
2018-11-14 11:15:00,71.93,59.71384295523167
2018-11-14 11:30:00,59.47,52.079063585698606
2018-11-14 11:45:00,60.48,44.986988472044466
2018-11-14 12:00:00,52.02,39.64387207597494
2018-11-14 12:15:00,6.19,35.54986242353916
2018-11-14 12:30:00,6.91,32.11648163869977
2018-11-14 12:45:00,7.129999999999999,33.56960377633572
2018-11-14 13:00:00,7.059999999999999,37.12268981948495
2018-11-14 13:15:00,42.95,41.507308630347254
2018-11-14 13:30:00,62.17,47.803127089738844
2018-11-14 13:45:00,68.72,55.8863464730978
2018-11-14 14:00:00,81.65,64.38920565187931
2018-11-14 14:15:00,116.59999999999998,72.94255615383386
2018-11-14 14:30:00,120.64,81.87922395527363
2018-11-14 14:45:00,87.26,87.72045434236527
2018-11-14 15:00:00,107.06,90.41562126457691
2018-11-14 15:15:00,61.78,92.93391811013223
2018-11-14 15:30:00,68.58,92.13634112775327
2018-11-14 15:45:00,69.95,90.74282012820245
2018-11-14 16:00:00,74.63,89.05701261460781
2018-11-14 16:15:00,69.41,84.12072793304921
2018-11-14 16:30:00,65.27,78.48816327929498
2018-11-14 16:45:00,120.85,72.74219860762358
2018-11-14 17:00:00,97.45,71.17592120677233
2018-11-14 17:15:00,119.59,69.13171646416187
2018-11-14 17:30:00,108.97,68.38991211742163
2018-11-14 17:45:00,68.15,67.84323789536953
2018-11-14 18:00:00,30.64,65.3148903888464
2018-11-14 18:15:00,19.01,60.84033882051706
2018-11-14 18:30:00,5.18,57.034088842868805
2018-11-14 18:45:00,5.18,54.084691394567486
2018-11-14 19:00:00,5.18,51.26101702660322
2018-11-14 19:15:00,5.1499999999999995,48.677494175732136
2018-11-14 19:30:00,5.11,45.287937955260276
2018-11-14 19:45:00,5.080000000000001,41.934497648775576
2018-11-14 20:00:00,5.080000000000001,39.580563690066334
2018-11-14 20:15:00,5.1499999999999995,36.88793188765645
2018-11-14 20:30:00,5.11,33.03694569051266
2018-11-14 20:45:00,5.1499999999999995,27.66406577542424
2018-11-14 21:00:00,5.080000000000001,19.697778512239456
2018-11-14 21:15:00,5.080000000000001,10.759179618656635
2018-11-14 21:30:00,5.11,2.2398055321630093
2018-11-14 21:45:00,4.97,0.6356659542769194
2018-11-14 22:00:00,5.65,1.351365752518177
2018-11-14 22:15:00,5.83,2.17367657286115
2018-11-14 22:30:00,4.93,3.170347611438483
2018-11-14 22:45:00,4.82,4.158304456379264
2018-11-14 23:00:00,4.79,5.02904372755438
2018-11-14 23:15:00,4.75,5.718255004324019
2018-11-14 23:30:00,4.64,6.168595515955239
2018-11-14 23:45:00,4.72,6.261286254730075
2018-11-15 00:00:00,3.92,5.9988230449706315
2018-11-15 00:15:00,4.75,5.636842629574239
2018-11-15 00:30:00,3.67,5.343671967238187
2018-11-15 00:45:00,3.64,4.865042920485139
2018-11-15 01:00:00,3.6,3.7214726079255342
2018-11-15 01:15:00,3.56,3.1078672374226155
2018-11-15 01:30:00,3.56,2.916994637614116
2018-11-15 01:45:00,3.5299999999999994,2.9379569515772164
2018-11-15 02:00:00,3.56,2.874287748960778
2018-11-15 02:15:00,3.6,2.701868025716394
2018-11-15 02:30:00,3.56,3.0923117007780823
2018-11-15 02:45:00,4.75,4.225095544513315
2018-11-15 03:00:00,4.39,4.795901120621711
2018-11-15 03:15:00,3.56,4.901369065288454
2018-11-15 03:30:00,4.07,4.6585839090123775
2018-11-15 03:45:00,4.43,4.720726762926206
2018-11-15 04:00:00,3.6,4.827926094494759
2018-11-15 04:15:00,3.6,5.079401726778596
2018-11-15 04:30:00,3.6,5.565845521707088
2018-11-15 04:45:00,3.6,2.465392460403964
2018-11-15 05:00:00,3.56,-0.6721350439079106
2018-11-15 05:15:00,3.5299999999999994,-3.682855614349246
2018-11-15 05:30:00,3.6,-6.077578280940652
2018-11-15 05:45:00,3.5299999999999994,-6.953995468243957
2018-11-15 06:00:00,3.56,-7.208648140057922
2018-11-15 06:15:00,3.92,-5.810300532877446
2018-11-15 06:30:00,4.54,-2.134222164545208
2018-11-15 06:45:00,3.6,3.026070328336209
2018-11-15 07:00:00,3.49,8.589256286621094
2018-11-15 07:15:00,4.18,14.670147558674216
2018-11-15 07:30:00,4.9,20.392440633401275
2018-11-15 07:45:00,5.359999999999999,28.909049861878156
2018-11-15 08:00:00,5.76,35.4196843585372
2018-11-15 08:15:00,52.13,40.57808954566717
2018-11-15 08:30:00,115.31,48.01913546413183
2018-11-15 08:45:00,119.12,60.024879026710984
2018-11-15 09:00:00,87.3,71.49763666689395
2018-11-15 09:15:00,107.24,78.93531440138818
2018-11-15 09:30:00,123.48,85.9138592606783
2018-11-15 09:45:00,113.15,91.16836996376516
2018-11-15 10:00:00,117.43,93.88456333577633
2018-11-15 10:15:00,108.50000000000001,94.65451222777368
2018-11-15 10:30:00,88.42,93.2141150891781
2018-11-15 10:45:00,99.76,86.00533015549183
2018-11-15 11:00:00,112.82,77.86596539080143
2018-11-15 11:15:00,123.98,70.51016596317291
2018-11-15 11:30:00,115.56,64.61324377685786
2018-11-15 11:45:00,121.64,59.01152719736099
2018-11-15 12:00:00,97.23999999999998,55.55669557154179
2018-11-15 12:15:00,4.46,51.870631379783156
2018-11-15 12:30:00,4.54,45.03796481370926
2018-11-15 12:45:00,4.43,44.71350989729166
2018-11-15 13:00:00,4.54,45.95237736165524
2018-11-15 13:15:00,54.0,48.55610482543707
2018-11-15 13:30:00,85.97,54.47583635360002
2018-11-15 13:45:00,125.71,63.83549866169691
2018-11-15 14:00:00,111.74,76.56018782913685
2018-11-15 14:15:00,54.86,87.20814906954766
2018-11-15 14:30:00,58.1,91.46339593410492
2018-11-15 14:45:00,49.54,93.27466156423093
2018-11-15 15:00:00,49.43,92.96495929360391
2018-11-15 15:15:00,50.29,91.38726599454881
2018-11-15 15:30:00,61.67,88.9003606235981
2018-11-15 15:45:00,45.47,86.16177556455136
2018-11-15 16:00:00,48.64000000000001,81.10277222275735
2018-11-15 16:15:00,51.59000000000001,75.29517427533865
2018-11-15 16:30:00,55.87,69.1675269961357
2018-11-15 16:45:00,49.54,63.22287539750337
2018-11-15 17:00:00,49.21,57.280145909190175
2018-11-15 17:15:00,56.47999999999999,52.27702747583389
2018-11-15 17:30:00,50.69,48.43851927757263
2018-11-15 17:45:00,33.52,44.87701501995325
2018-11-15 18:00:00,30.13,41.356593624949454
2018-11-15 18:15:00,38.45,39.904044078588484
2018-11-15 18:30:00,57.46,39.92897537633777
2018-11-15 18:45:00,55.370000000000005,41.93790176004171
2018-11-15 19:00:00,56.59,44.31852520853281
2018-11-15 19:15:00,58.75,46.45067098915577
2018-11-15 19:30:00,58.14,47.94394412517548
2018-11-15 19:45:00,55.04,48.0229347756505
2018-11-15 20:00:00,51.26,45.626736844480035
2018-11-15 20:15:00,55.370000000000005,40.710755575895305
2018-11-15 20:30:00,46.04,33.22537537455559
2018-11-15 20:45:00,42.7,23.87845602914691
2018-11-15 21:00:00,28.37,14.96674198001623
2018-11-15 21:15:00,19.66,7.000184139385819
2018-11-15 21:30:00,4.07,5.2252887211367485
2018-11-15 21:45:00,4.03,4.091346081774682
2018-11-15 22:00:00,4.07,2.860767858503386
2018-11-15 22:15:00,3.89,1.8046966501511634
2018-11-15 22:30:00,3.85,1.1736384730413556
2018-11-15 22:45:00,3.74,1.2465804264694453
2018-11-15 23:00:00,3.78,1.4589595826342703
2018-11-15 23:15:00,3.67,1.792372465003282
2018-11-15 23:30:00,3.78,2.107508177738637
2018-11-15 23:45:00,3.67,2.3797264903225006
2018-11-16 00:00:00,4.25,2.609002422057092
2018-11-16 00:15:00,4.79,2.783765418957919
2018-11-16 00:30:00,4.0,3.007961427560076
2018-11-16 00:45:00,3.78,2.341473603947088
2018-11-16 01:00:00,3.71,1.7911933199316263
2018-11-16 01:15:00,3.67,1.6826900801435114
2018-11-16 01:30:00,3.74,1.9099902912974358
2018-11-16 01:45:00,3.8200000000000003,2.1171358509361746
2018-11-16 02:00:00,3.74,2.2473769290465864
2018-11-16 02:15:00,3.74,2.1713488770555704
2018-11-16 02:30:00,3.67,3.3179744833288716
2018-11-16 02:45:00,3.1,4.381861773096025
2018-11-16 03:00:00,3.1,4.837783365566283
2018-11-16 03:15:00,3.1,4.825774386301636
2018-11-16 03:30:00,3.17,4.494874028833583
2018-11-16 03:45:00,3.1,4.464703380577267
2018-11-16 04:00:00,3.13,4.505906655769795
2018-11-16 04:15:00,3.67,4.723127295710146
2018-11-16 04:30:00,3.5299999999999994,4.667402376011014
2018-11-16 04:45:00,3.2,1.6766298751346767
2018-11-16 05:00:00,3.1,-1.3063169309683142
2018-11-16 05:15:00,3.1,-4.223436791598797
2018-11-16 05:30:00,3.24,-6.7482207594811925
2018-11-16 05:45:00,3.8200000000000003,-7.9925177364051345
2018-11-16 06:00:00,3.2,-8.13083894751966
2018-11-16 06:15:00,3.1,-6.255847276672721
2018-11-16 06:30:00,3.02,-2.0065185920335353
2018-11-16 06:45:00,3.06,2.9271049435064196
2018-11-16 07:00:00,3.13,8.11883718829602
2018-11-16 07:15:00,3.1,12.958732865080236
2018-11-16 07:30:00,3.35,17.48849907323718
2018-11-16 07:45:00,4.46,24.418000928461552
2018-11-16 08:00:00,5.8,29.573965304940938
2018-11-16 08:15:00,28.94,33.11207415670157
2018-11-16 08:30:00,50.65,37.71951854631305
2018-11-16 08:45:00,58.72,43.963886872828006
2018-11-16 09:00:00,60.16,50.4532456740737
2018-11-16 09:15:00,65.3,55.90424724817276
2018-11-16 09:30:00,69.23,60.61941738843918
2018-11-16 09:45:00,71.32,64.63946172088384
2018-11-16 10:00:00,65.23,67.46555219948291
2018-11-16 10:15:00,67.68,67.51923207014799
2018-11-16 10:30:00,64.51,66.37356450170279
2018-11-16 10:45:00,63.18,63.83286249637604
2018-11-16 11:00:00,60.52,60.37102055698633
2018-11-16 11:15:00,58.39,56.2576505830884
2018-11-16 11:30:00,58.25,51.31638548016548
2018-11-16 11:45:00,62.099999999999994,46.16007754892111
2018-11-16 12:00:00,68.26,42.442217700481415
2018-11-16 12:15:00,9.29,40.54356341451406
2018-11-16 12:30:00,5.47,35.92087237879634
2018-11-16 12:45:00,6.23,34.7888077826798
2018-11-16 13:00:00,5.83,34.69073075637221
2018-11-16 13:15:00,32.08,35.31592408314347
2018-11-16 13:30:00,73.22,37.91378641590476
2018-11-16 13:45:00,72.18,43.91911248058081
2018-11-16 14:00:00,59.14999999999999,49.333652340471744
2018-11-16 14:15:00,51.37,52.97853486955166
2018-11-16 14:30:00,59.26,54.921954565942286
2018-11-16 14:45:00,96.19,55.92012262195349
2018-11-16 15:00:00,98.86,58.38253455907106
2018-11-16 15:15:00,101.77,61.239154257178306
2018-11-16 15:30:00,105.84,64.12420142799616
2018-11-16 15:45:00,55.21999999999999,67.62066380769015
2018-11-16 16:00:00,54.93999999999999,66.68214404433965
2018-11-16 16:15:00,60.16,64.60582479029894
2018-11-16 16:30:00,58.79,63.49138702362776
2018-11-16 16:45:00,56.34,62.06370365679264
2018-11-16 17:00:00,57.24,58.34680486351252
2018-11-16 17:15:00,64.8,54.957482170462605
2018-11-16 17:30:00,59.62,52.825525008141994
2018-11-16 17:45:00,36.29,50.70048834115267
2018-11-16 18:00:00,32.08,47.50116266041994
2018-11-16 18:15:00,40.209999999999994,44.73980418682098
2018-11-16 18:30:00,47.56,42.4789803057909
2018-11-16 18:45:00,49.07,41.08962238162756
2018-11-16 19:00:00,53.64,39.418976186811925
2018-11-16 19:15:00,50.4,37.44924199178815
2018-11-16 19:30:00,59.04,34.93645324975252
2018-11-16 19:45:00,95.18,32.93283287853002
2018-11-16 20:00:00,94.71999999999998,33.12839413076639
2018-11-16 20:15:00,122.80000000000001,33.26064026072621
2018-11-16 20:30:00,80.35,35.13550843149424
2018-11-16 20:45:00,119.34,33.5693320761621
2018-11-16 21:00:00,23.0,32.97904211714864
2018-11-16 21:15:00,4.61,24.997636198848486
2018-11-16 21:30:00,4.36,15.528936793804169
2018-11-16 21:45:00,4.36,10.633893279507756
2018-11-16 22:00:00,4.36,7.272846490889787
2018-11-16 22:15:00,4.18,5.027542359549551
2018-11-16 22:30:00,4.07,5.003063801862299
2018-11-16 22:45:00,4.07,4.889967201184481
2018-11-16 23:00:00,4.03,4.571756196143106
2018-11-16 23:15:00,3.92,4.048582776039839
2018-11-16 23:30:00,3.89,3.27313756916672
2018-11-16 23:45:00,3.92,2.2523889271356166
2018-11-17 00:00:00,3.24,1.2579949212633075
2018-11-17 00:15:00,5.0,0.16695115704089408
2018-11-17 00:30:00,4.03,-0.7123505991511047
2018-11-17 00:45:00,3.9599999999999995,-1.3040164613164962
2018-11-17 01:00:00,4.0,-1.6007590827532112
2018-11-17 01:15:00,3.9599999999999995,-1.6484065359272062
2018-11-17 01:30:00,3.9599999999999995,-1.545506270173937
2018-11-17 01:45:00,3.89,-1.4289221956767142
2018-11-17 02:00:00,4.0,-1.518334568720311
2018-11-17 02:15:00,3.49,-1.7230859109200536
2018-11-17 02:30:00,3.31,-0.6105842886678874
2018-11-17 02:45:00,3.35,0.2749491692334414
2018-11-17 03:00:00,3.42,0.866664712112397
2018-11-17 03:15:00,3.35,1.2300302931666374
2018-11-17 03:30:00,3.38,1.4254253816604614
2018-11-17 03:45:00,3.56,1.752373596262187
2018-11-17 04:00:00,3.85,2.130492524811998
2018-11-17 04:15:00,3.2,1.8726932674646377
2018-11-17 04:30:00,3.24,0.6665479910559953
2018-11-17 04:45:00,3.6,-0.6362779187224805
2018-11-17 05:00:00,3.64,-2.0094960666634143
2018-11-17 05:15:00,3.17,-3.432469308897853
2018-11-17 05:30:00,3.17,-3.8074368803203105
2018-11-17 05:45:00,3.13,-2.9376651199907062
2018-11-17 06:00:00,3.28,-0.7189836761169135
2018-11-17 06:15:00,3.2,2.5057333401590585
2018-11-17 06:30:00,3.13,5.946105632875114
2018-11-17 06:45:00,3.13,9.847937654554844
2018-11-17 07:00:00,3.17,13.410617408379911
2018-11-17 07:15:00,3.2,16.48486782282591
2018-11-17 07:30:00,3.31,18.965336594209074
2018-11-17 07:45:00,4.57,21.278857958912848
2018-11-17 08:00:00,4.9,24.347080446779728
2018-11-17 08:15:00,45.65,26.59326844573021
2018-11-17 08:30:00,82.62,31.108658121973274
2018-11-17 08:45:00,102.71,38.54548258319497
2018-11-17 09:00:00,105.59,48.95116585969925
2018-11-17 09:15:00,115.45,58.0766899818182
2018-11-17 09:30:00,104.04,65.49016170084477
2018-11-17 09:45:00,123.62,69.77811138629913
2018-11-17 10:00:00,105.01,73.17132320910692
2018-11-17 10:15:00,113.00000000000001,73.46547345161439
2018-11-17 10:30:00,117.72,72.75965927332639
2018-11-17 10:45:00,100.87,70.89270184397698
2018-11-17 11:00:00,106.48999999999998,67.30908433586359
2018-11-17 11:15:00,92.81,63.38907506734133
2018-11-17 11:30:00,93.82,58.88518886208534
2018-11-17 11:45:00,127.98,55.07539555490017
2018-11-17 12:00:00,78.72999999999999,54.28140681117773
2018-11-17 12:15:00,4.0,51.47334285318851
2018-11-17 12:30:00,4.14,45.84591580271721
2018-11-17 12:45:00,4.5,42.04316424548626
2018-11-17 13:00:00,4.79,39.958339204192164
2018-11-17 13:15:00,46.33,39.081686244010925
2018-11-17 13:30:00,107.1,41.95214244186878
2018-11-17 13:45:00,75.02,47.99806859612465
2018-11-17 14:00:00,121.43000000000002,51.525679941177366
2018-11-17 14:15:00,103.0,55.50214895486832
2018-11-17 14:30:00,105.08,57.292069280445574
2018-11-17 14:45:00,100.01,57.748238153755665
2018-11-17 15:00:00,133.42,57.3425291672349
2018-11-17 15:15:00,101.19999999999999,59.77504510343075
2018-11-17 15:30:00,95.18,60.31588113993406
2018-11-17 15:45:00,132.3,59.91555675685406
2018-11-17 16:00:00,81.5,61.5369825565815
2018-11-17 16:15:00,110.34,59.77998061567545
2018-11-17 16:30:00,128.16,58.455372660160066
2018-11-17 16:45:00,74.74,57.61457514107227
2018-11-17 17:00:00,23.11,53.38323340088129
2018-11-17 17:15:00,4.54,45.847379840016366
2018-11-17 17:30:00,4.9,37.5266338776052
2018-11-17 17:45:00,5.0,30.176084326058625
2018-11-17 18:00:00,4.03,24.1777887840569
2018-11-17 18:15:00,4.03,20.198030177354813
2018-11-17 18:30:00,4.03,17.45393364660442
2018-11-17 18:45:00,4.14,15.979167558774352
2018-11-17 19:00:00,4.14,14.105735357105731
2018-11-17 19:15:00,4.14,11.898419569358229
2018-11-17 19:30:00,4.14,9.446031347736715
2018-11-17 19:45:00,4.1,6.843917524758726
2018-11-17 20:00:00,4.18,4.75556094257161
2018-11-17 20:15:00,4.07,2.971287377420813
2018-11-17 20:30:00,4.07,1.5131109990552067
2018-11-17 20:45:00,4.07,0.8806934790313244
2018-11-17 21:00:00,4.1,1.0997023439779878
2018-11-17 21:15:00,4.36,1.3947285949997605
2018-11-17 21:30:00,5.26,1.7531522081233561
2018-11-17 21:45:00,4.28,2.1529685567878185
2018-11-17 22:00:00,4.03,2.540460579963401
2018-11-17 22:15:00,3.85,2.8869312098808586
2018-11-17 22:30:00,3.78,3.229087546984665
2018-11-17 22:45:00,3.89,3.5120327536389233
2018-11-17 23:00:00,3.78,3.708125898260623
2018-11-17 23:15:00,3.8200000000000003,3.8375782599579544
2018-11-17 23:30:00,3.35,3.89325377962552
2018-11-17 23:45:00,3.13,3.654497532742098
2018-11-18 00:00:00,3.13,3.246052247597836
2018-11-18 00:15:00,3.13,2.652558093070984
2018-11-18 00:30:00,3.2,2.025711830016226
2018-11-18 00:45:00,3.2,1.4664355476386846
2018-11-18 01:00:00,3.2,1.003223520964384
2018-11-18 01:15:00,3.74,0.6404002175293864
2018-11-18 01:30:00,3.56,0.3899319529347122
2018-11-18 01:45:00,3.2,0.22413955267518765
2018-11-18 02:00:00,3.31,0.11107775656506425
2018-11-18 02:15:00,3.24,0.24605436099693184
2018-11-18 02:30:00,3.35,0.2841628364846111
2018-11-18 02:45:00,3.8200000000000003,0.23436171034350997
2018-11-18 03:00:00,3.42,0.19424299038946632
2018-11-18 03:15:00,3.35,0.1593225010298193
2018-11-18 03:30:00,3.28,0.15209241345524793
2018-11-18 03:45:00,3.31,0.21225098598748451
2018-11-18 04:00:00,3.28,0.27424409605562694
2018-11-18 04:15:00,3.24,0.6290073352493346
2018-11-18 04:30:00,3.24,0.9995454640686513
2018-11-18 04:45:00,3.67,1.381919952724129
2018-11-18 05:00:00,3.8200000000000003,1.8076508281752468
2018-11-18 05:15:00,3.31,2.270384713066742
2018-11-18 05:30:00,3.28,2.773497510123998
2018-11-18 05:45:00,3.42,3.487214360223152
2018-11-18 06:00:00,3.8200000000000003,4.235578596098349
2018-11-18 06:15:00,3.35,5.046481938697397
2018-11-18 06:30:00,3.24,6.0532203388214105
2018-11-18 06:45:00,3.24,7.2123438022285695
2018-11-18 07:00:00,3.17,8.390926948525012
2018-11-18 07:15:00,3.17,9.575471780449151
2018-11-18 07:30:00,3.17,10.749378203302621
2018-11-18 07:45:00,4.07,11.885537388399243
2018-11-18 08:00:00,5.0,14.030445218086243
2018-11-18 08:15:00,44.21,16.73672714740038
2018-11-18 08:30:00,86.22,22.569586474597454
2018-11-18 08:45:00,69.16,32.785387257039545
2018-11-18 09:00:00,70.6,42.18388248085976
2018-11-18 09:15:00,34.74,50.32336850017309
2018-11-18 09:30:00,36.4,54.17995710998773
2018-11-18 09:45:00,38.2,53.529682039916516
2018-11-18 10:00:00,32.76,50.17629562437534
2018-11-18 10:15:00,32.58,45.09894690722227
2018-11-18 10:30:00,31.72,39.25899418458342
2018-11-18 10:45:00,31.57,33.40743245452642
2018-11-18 11:00:00,32.54,27.950136867314576
2018-11-18 11:15:00,37.51,22.87239070445299
2018-11-18 11:30:00,37.22,18.693712766095995
2018-11-18 11:45:00,36.0,15.275478704571723
2018-11-18 12:00:00,34.52,12.528455221951008
2018-11-18 12:15:00,3.8200000000000003,13.431135262399911
2018-11-18 12:30:00,3.71,14.763971691355108
2018-11-18 12:45:00,4.18,15.790699701979756
2018-11-18 13:00:00,4.25,16.77487070813775
2018-11-18 13:15:00,16.45,16.42107217296958
2018-11-18 13:30:00,36.29,16.437885024622084
2018-11-18 13:45:00,35.5,17.854990048334002
2018-11-18 14:00:00,35.1,19.982253084927798
2018-11-18 14:15:00,35.89,22.28044808983803
2018-11-18 14:30:00,34.34,24.263116111308335
2018-11-18 14:45:00,36.36,27.46184225529432
2018-11-18 15:00:00,34.34,30.770912351608278
2018-11-18 15:15:00,37.01,32.53963781818747
2018-11-18 15:30:00,33.52,32.56511925265193
2018-11-18 15:45:00,37.12,30.468595385700464
2018-11-18 16:00:00,34.49,27.111587049663065
2018-11-18 16:15:00,38.41,22.809345036894083
2018-11-18 16:30:00,34.02,20.56977551944554
2018-11-18 16:45:00,36.94,19.05089744888246
2018-11-18 17:00:00,7.16,18.454061985686423
2018-11-18 17:15:00,4.03,16.755428427532316
2018-11-18 17:30:00,3.9599999999999995,14.906676032543182
2018-11-18 17:45:00,3.85,13.500431156679987
2018-11-18 18:00:00,3.85,13.019364667460321
2018-11-18 18:15:00,3.74,13.717646463662385
2018-11-18 18:30:00,3.78,14.87763891853392
2018-11-18 18:45:00,3.89,16.341812067776917
2018-11-18 19:00:00,3.8200000000000003,17.867112142443656
2018-11-18 19:15:00,3.78,20.578704575151203
2018-11-18 19:30:00,3.78,22.57380568638444
2018-11-18 19:45:00,3.8200000000000003,23.543501360565422
2018-11-18 20:00:00,3.89,23.34167079523206
2018-11-18 20:15:00,3.74,21.823448397815227
2018-11-18 20:30:00,3.78,18.866505094692112
2018-11-18 20:45:00,4.39,14.42048990368843
2018-11-18 21:00:00,3.8200000000000003,8.24990726068616
2018-11-18 21:15:00,3.24,1.7053596423566342
2018-11-18 21:30:00,3.13,-3.463528456017375
2018-11-18 21:45:00,3.1,-2.7030868246406317
2018-11-18 22:00:00,3.1,-1.950408015269786
2018-11-18 22:15:00,2.95,-1.226318632122129
2018-11-18 22:30:00,2.99,-0.4742531129159033
2018-11-18 22:45:00,2.92,0.19015092754736548
2018-11-18 23:00:00,2.92,0.7293174675293267
2018-11-18 23:15:00,2.88,1.1300465940497817
2018-11-18 23:30:00,2.88,1.3707460024021567
2018-11-18 23:45:00,2.92,1.464401164520532
2018-11-19 00:00:00,4.14,1.4403576639294624
2018-11-19 00:15:00,3.42,1.312120234258473
2018-11-19 00:30:00,3.31,1.2520357617735862
2018-11-19 00:45:00,3.49,1.225301924236119
2018-11-19 01:00:00,2.95,1.234299747031182
2018-11-19 01:15:00,2.92,1.0009943445399405
2018-11-19 01:30:00,2.88,0.5973368627391756
2018-11-19 01:45:00,2.92,0.40324357734993105
2018-11-19 02:00:00,2.95,0.34505960267037156
2018-11-19 02:15:00,2.95,0.12288689024746423
2018-11-19 02:30:00,2.92,-0.1834718964248895
2018-11-19 02:45:00,3.31,-0.6311290881596505
2018-11-19 03:00:00,3.4599999999999995,-1.2463043130747973
2018-11-19 03:15:00,2.95,-0.997789595182985
2018-11-19 03:30:00,2.92,-0.5062025833316147
2018-11-19 03:45:00,2.95,-0.19302967980504032
2018-11-19 04:00:00,2.92,0.39070186365395787
2018-11-19 04:15:00,2.92,1.127150236517191
2018-11-19 04:30:00,3.13,1.9424404983967543
2018-11-19 04:45:00,3.64,2.852575031677261
2018-11-19 05:00:00,3.13,3.8075647936202586
2018-11-19 05:15:00,2.92,1.9961252809967847
2018-11-19 05:30:00,2.88,-0.13213459771126504
2018-11-19 05:45:00,2.92,-2.301732899993658
2018-11-19 06:00:00,3.38,-3.418584531843662
2018-11-19 06:15:00,3.42,-2.9586208379268646
2018-11-19 06:30:00,2.77,-1.3855192156694829
2018-11-19 06:45:00,2.77,0.8636723613366485
2018-11-19 07:00:00,2.81,3.9538531632348897
2018-11-19 07:15:00,3.2,7.897741733379662
2018-11-19 07:30:00,3.64,12.390000406205653
2018-11-19 07:45:00,4.07,16.631857616752384
2018-11-19 08:00:00,5.76,24.03434456512332
2018-11-19 08:15:00,16.99,31.575659074932336
2018-11-19 08:30:00,57.02,39.11699828475714
2018-11-19 08:45:00,58.54,49.31281899988651
2018-11-19 09:00:00,58.86,58.38558388829231
2018-11-19 09:15:00,62.75,65.75219294101
2018-11-19 09:30:00,68.83,72.4503072938323
2018-11-19 09:45:00,72.18,78.17984420955182
2018-11-19 10:00:00,67.5,81.77500785231591
2018-11-19 10:15:00,67.72,83.18229798793793
2018-11-19 10:30:00,64.37,80.22311035156251
2018-11-19 10:45:00,61.31,74.8735045877099
2018-11-19 11:00:00,65.45,68.22027689993381
2018-11-19 11:15:00,59.18,61.13024964213371
2018-11-19 11:30:00,62.03,53.362826696932316
2018-11-19 11:45:00,60.34,46.34167206496
2018-11-19 12:00:00,46.12,40.53489146351814
2018-11-19 12:15:00,5.940000000000001,35.35408336207271
2018-11-19 12:30:00,6.080000000000001,29.8187357249856
2018-11-19 12:45:00,6.05,29.266043680906296
2018-11-19 13:00:00,5.11,30.41708238005638
2018-11-19 13:15:00,29.299999999999997,34.11516649767756
2018-11-19 13:30:00,69.52,39.384892410486934
2018-11-19 13:45:00,60.23,47.366111955940724
2018-11-19 14:00:00,58.79,55.36835570573807
2018-11-19 14:15:00,58.21,62.311534633338454
2018-11-19 14:30:00,68.62,67.15657745659351
2018-11-19 14:45:00,60.66,70.929859649539
2018-11-19 15:00:00,64.44,72.82279251366853
2018-11-19 15:15:00,63.35999999999999,73.57944381535053
2018-11-19 15:30:00,60.05,74.13396815150976
2018-11-19 15:45:00,65.52,74.36965121120214
2018-11-19 16:00:00,61.42,74.74354657739401
2018-11-19 16:15:00,61.42,72.91989052116871
2018-11-19 16:30:00,59.08,69.56781545192003
2018-11-19 16:45:00,62.89,65.58413403362036
2018-11-19 17:00:00,62.89,61.7619368276
2018-11-19 17:15:00,56.05,58.219932109713554
2018-11-19 17:30:00,59.11,54.846412935853
2018-11-19 17:45:00,30.89,52.44802793055773
2018-11-19 18:00:00,31.609999999999996,48.87221562743187
2018-11-19 18:15:00,34.99,46.60822565346956
2018-11-19 18:30:00,43.06,45.590670330524446
2018-11-19 18:45:00,43.49,45.79175989538431
2018-11-19 19:00:00,63.32,46.47672276943922
2018-11-19 19:15:00,45.53999999999999,48.40448714673519
2018-11-19 19:30:00,45.79,49.445143720805646
2018-11-19 19:45:00,53.21,49.544181802272796
2018-11-19 20:00:00,44.78,49.12668866276741
2018-11-19 20:15:00,44.17,47.16534573674202
2018-11-19 20:30:00,52.81,43.90385685265064
2018-11-19 20:45:00,40.39,39.973496032059195
2018-11-19 21:00:00,26.64,34.15089394778013
2018-11-19 21:15:00,13.43,25.94331672132015
2018-11-19 21:30:00,3.8200000000000003,16.64518215253949
2018-11-19 21:45:00,3.89,7.663624317869544
2018-11-19 22:00:00,3.78,5.835587096344679
2018-11-19 22:15:00,3.67,5.180375952664762
2018-11-19 22:30:00,3.64,4.571307525970042
2018-11-19 22:45:00,3.6,3.8692109807394446
2018-11-19 23:00:00,3.56,3.6299629789963364
2018-11-19 23:15:00,3.56,3.6522064659371973
2018-11-19 23:30:00,3.64,3.629403579775244
2018-11-19 23:45:00,4.57,3.5198940950259567
2018-11-20 00:00:00,4.61,3.2370229182485493
2018-11-20 00:15:00,3.5299999999999994,2.8482060760445895
2018-11-20 00:30:00,3.64,2.3886984903737902
2018-11-20 00:45:00,3.71,1.956467300541699
2018-11-20 01:00:00,3.6,0.714477248955518
2018-11-20 01:15:00,3.64,-0.36074868129566307
2018-11-20 01:30:00,3.5299999999999994,-1.057496269699186
2018-11-20 01:45:00,3.6,-1.4742731087468564
2018-11-20 02:00:00,3.71,-1.8134756186790764
2018-11-20 02:15:00,3.56,-2.256985172536224
2018-11-20 02:30:00,3.56,-2.7670216927677393
2018-11-20 02:45:00,3.02,-1.62851067321375
2018-11-20 03:00:00,3.02,-0.7214738867990672
2018-11-20 03:15:00,3.13,-0.13284444248303767
2018-11-20 03:30:00,3.31,0.23030276797711854
2018-11-20 03:45:00,3.67,0.5214432574249804
2018-11-20 04:00:00,2.95,1.1753332309424878
2018-11-20 04:15:00,2.88,1.8292220817320048
2018-11-20 04:30:00,2.95,2.533080467861146
2018-11-20 04:45:00,2.88,3.302891334486194
2018-11-20 05:00:00,2.84,1.560827500000596
2018-11-20 05:15:00,2.81,-0.42035206483677023
2018-11-20 05:30:00,2.88,-2.461337665617466
2018-11-20 05:45:00,3.17,-4.350796809345484
2018-11-20 06:00:00,3.4599999999999995,-4.983084654286504
2018-11-20 06:15:00,3.42,-4.6483534085750575
2018-11-20 06:30:00,2.81,-2.927237222418189
2018-11-20 06:45:00,2.77,-0.32516044946387407
2018-11-20 07:00:00,2.84,4.192383320769295
2018-11-20 07:15:00,2.7,9.005516670793295
2018-11-20 07:30:00,3.71,13.792114765793084
2018-11-20 07:45:00,5.51,18.250451896488666
2018-11-20 08:00:00,5.33,25.477826960235834
2018-11-20 08:15:00,25.88,32.93064580440521
2018-11-20 08:30:00,60.16,41.223698558211325
2018-11-20 08:45:00,67.54,51.41446699738503
2018-11-20 09:00:00,78.98,60.840805875360964
2018-11-20 09:15:00,70.24,69.46531936824321
2018-11-20 09:30:00,77.47,75.99834330648184
2018-11-20 09:45:00,74.88,80.60220619380475
2018-11-20 10:00:00,54.18,83.26960131645204
2018-11-20 10:15:00,54.79,82.34688058137894
2018-11-20 10:30:00,59.54,76.6356665864587
2018-11-20 10:45:00,52.16,69.90748108714818
2018-11-20 11:00:00,61.81,61.77778974682093
2018-11-20 11:15:00,52.2,54.22981521457434
2018-11-20 11:30:00,46.93999999999999,46.39499266266823
2018-11-20 11:45:00,48.56,39.10588103219867
2018-11-20 12:00:00,52.699999999999996,33.67819851845503
2018-11-20 12:15:00,6.12,30.447429717630147
2018-11-20 12:30:00,5.44,28.21663656488061
2018-11-20 12:45:00,5.4,29.29325636193156
2018-11-20 13:00:00,5.58,32.22221791535616
2018-11-20 13:15:00,28.15,35.6253524081409
2018-11-20 13:30:00,53.24,40.059474541544915
2018-11-20 13:45:00,48.67,46.07800613284111
2018-11-20 14:00:00,57.85,52.12980190902948
2018-11-20 14:15:00,55.12,56.74897880613804
2018-11-20 14:30:00,52.63,60.282522645890715
2018-11-20 14:45:00,56.77,62.675226647555824
2018-11-20 15:00:00,47.41,64.50915341943502
2018-11-20 15:15:00,51.16,64.86875421285629
2018-11-20 15:30:00,46.50999999999999,64.65811696916819
2018-11-20 15:45:00,56.99,64.08711996793747
2018-11-20 16:00:00,44.57000000000001,63.066676988601685
2018-11-20 16:15:00,43.09,60.531094622910025
2018-11-20 16:30:00,67.32,57.04674423277378
2018-11-20 16:45:00,45.47,54.86440352916718
2018-11-20 17:00:00,64.84,51.34200164198875
2018-11-20 17:15:00,41.15,48.879194504618646
2018-11-20 17:30:00,31.97,45.49657225221395
2018-11-20 17:45:00,27.83,41.83781280517578
2018-11-20 18:00:00,22.97,38.13240401014686
2018-11-20 18:15:00,8.14,34.604026964604856
2018-11-20 18:30:00,8.17,32.10729996919632
2018-11-20 18:45:00,8.39,30.230051615089177
2018-11-20 19:00:00,8.32,28.58163318902254
2018-11-20 19:15:00,8.71,26.945906080156565
2018-11-20 19:30:00,7.38,25.202592438906432
2018-11-20 19:45:00,7.599999999999999,23.801531198173763
2018-11-20 20:00:00,6.44,22.923389500677587
2018-11-20 20:15:00,5.0,21.25939322374761
2018-11-20 20:30:00,4.86,18.74852097839117
2018-11-20 20:45:00,5.0,15.479673735052346
2018-11-20 21:00:00,4.1,11.664303837940096
2018-11-20 21:15:00,3.89,7.483805957511067
2018-11-20 21:30:00,3.8200000000000003,2.652973923450336
2018-11-20 21:45:00,3.85,0.5665067521296442
2018-11-20 22:00:00,3.92,0.6804931147396565
2018-11-20 22:15:00,3.71,0.7835688067413867
2018-11-20 22:30:00,3.64,0.9108042016811669
2018-11-20 22:45:00,3.64,1.0044414001517
2018-11-20 23:00:00,3.64,1.0360652794502676
2018-11-20 23:15:00,3.6,0.9836891766637564
2018-11-20 23:30:00,3.49,0.8222119814343751
2018-11-20 23:45:00,3.56,0.5608246257714927
2018-11-21 00:00:00,3.71,0.2481165316328407
2018-11-21 00:15:00,4.0,0.12252116160467272
2018-11-21 00:30:00,3.64,0.049013072587549736
2018-11-21 00:45:00,3.4599999999999995,-0.026802222449332426
2018-11-21 01:00:00,3.4599999999999995,-0.11570459630340332
2018-11-21 01:15:00,3.4599999999999995,-0.29926164086908097
2018-11-21 01:30:00,3.13,-0.9567718507908284
2018-11-21 01:45:00,2.95,-1.5380631449632347
2018-11-21 02:00:00,2.77,-2.0852919946424664
2018-11-21 02:15:00,2.88,-2.6698181488364936
2018-11-21 02:30:00,2.92,-1.6174304706789553
2018-11-21 02:45:00,2.88,-0.7610360143519938
2018-11-21 03:00:00,2.95,-0.11157436070963735
2018-11-21 03:15:00,2.84,0.35291252359747893
2018-11-21 03:30:00,2.88,0.6603743905201555
2018-11-21 03:45:00,3.38,0.8419711520150305
2018-11-21 04:00:00,3.74,0.9406909400969744
2018-11-21 04:15:00,3.71,0.9829608068801463
2018-11-21 04:30:00,3.49,1.3392894095741212
2018-11-21 04:45:00,2.92,1.8423697878606617
2018-11-21 05:00:00,2.95,0.9179279107786715
2018-11-21 05:15:00,2.92,-0.062228781450539776
2018-11-21 05:30:00,2.92,-1.0740149666182697
2018-11-21 05:45:00,2.88,-2.088887531030923
2018-11-21 06:00:00,2.84,-3.0746514075249434
2018-11-21 06:15:00,2.92,-3.9933247081935406
2018-11-21 06:30:00,2.88,-3.7472440645843745
2018-11-21 06:45:00,2.84,-2.4313810373842717
2018-11-21 07:00:00,2.88,-0.06456265226006502
2018-11-21 07:15:00,2.77,2.688434023950249
2018-11-21 07:30:00,3.56,5.43578281700611
2018-11-21 07:45:00,5.83,8.141245154887438
2018-11-21 08:00:00,6.26,10.77781016692519
2018-11-21 08:15:00,24.98,13.183846563473343
2018-11-21 08:30:00,50.08,16.356473772600292
2018-11-21 08:45:00,64.04,25.61370848342776
2018-11-21 09:00:00,77.89999999999999,36.36043835058808
2018-11-21 09:15:00,65.12,47.46506021916866
2018-11-21 09:30:00,67.43,56.461439186036586
2018-11-21 09:45:00,67.43,63.28014799773693
2018-11-21 10:00:00,75.67000000000002,67.9705193221569
2018-11-21 10:15:00,69.66,71.37524584323168
2018-11-21 10:30:00,69.08,72.53152543663978
2018-11-21 10:45:00,69.66,70.0875352203846
2018-11-21 11:00:00,68.87,64.92357926607131
2018-11-21 11:15:00,81.32,58.880837168395516
2018-11-21 11:30:00,96.26,53.58310143768787
2018-11-21 11:45:00,83.95,49.605671368837356
2018-11-21 12:00:00,109.33000000000001,45.74903335899115
2018-11-21 12:15:00,7.599999999999999,43.965741619467735
2018-11-21 12:30:00,6.66,38.887288137972355
2018-11-21 12:45:00,6.730000000000001,36.23649816229939
2018-11-21 13:00:00,6.66,36.832015542834995
2018-11-21 13:15:00,47.3,38.17377204567194
2018-11-21 13:30:00,74.52,42.266295206248756
2018-11-21 13:45:00,109.19,49.50157652050257
2018-11-21 14:00:00,79.38,59.89968587398529
2018-11-21 14:15:00,94.0,67.56998386621476
2018-11-21 14:30:00,85.14,74.88521239519119
2018-11-21 14:45:00,91.76,80.48430179119111
2018-11-21 15:00:00,127.33,85.12348570108415
2018-11-21 15:15:00,94.82,90.98993704974652
2018-11-21 15:30:00,122.98,93.35926136374475
2018-11-21 15:45:00,86.51,95.45331972002984
2018-11-21 16:00:00,79.16,93.0041380095482
2018-11-21 16:15:00,70.6,87.8255596458912
2018-11-21 16:30:00,103.9,80.93679709851743
2018-11-21 16:45:00,106.13,75.64207027882338
2018-11-21 17:00:00,103.54,71.16759954690933
2018-11-21 17:15:00,126.22,67.05485830068588
2018-11-21 17:30:00,115.48999999999998,65.36642809450626
2018-11-21 17:45:00,44.6,63.663025187849996
2018-11-21 18:00:00,33.77,60.13668477088213
2018-11-21 18:15:00,74.27,56.426966945827004
2018-11-21 18:30:00,127.4,55.64698535650969
2018-11-21 18:45:00,106.52000000000001,58.856469480097296
2018-11-21 19:00:00,119.59,62.00167967170477
2018-11-21 19:15:00,83.38,66.44139523595571
2018-11-21 19:30:00,93.53,67.80233466923237
2018-11-21 19:45:00,99.32,67.3971286648512
2018-11-21 20:00:00,119.45000000000002,64.83982824891805
2018-11-21 20:15:00,95.65,60.79946703076362
2018-11-21 20:30:00,98.6,51.50452325493097
2018-11-21 20:45:00,86.83,37.9240975497663
2018-11-21 21:00:00,47.63,24.840557571202517
2018-11-21 21:15:00,24.73,13.44090299591422
2018-11-21 21:30:00,5.4,7.834884122759103
2018-11-21 21:45:00,5.359999999999999,5.278566655181348
2018-11-21 22:00:00,4.1,3.134461435666308
2018-11-21 22:15:00,3.89,1.5016347542218864
2018-11-21 22:30:00,3.85,0.8314481032453478
2018-11-21 22:45:00,3.89,0.8292453109286726
2018-11-21 23:00:00,3.92,1.1313214516825973
2018-11-21 23:15:00,3.74,1.5967792150191964
2018-11-21 23:30:00,3.71,2.0475752735324204
2018-11-21 23:45:00,3.71,2.382639408092946
2018-11-22 00:00:00,3.78,2.5687084161955864
2018-11-22 00:15:00,3.8200000000000003,2.6953393624536695
2018-11-22 00:30:00,3.71,2.3480383348464966
2018-11-22 00:45:00,3.74,0.9727874878793955
2018-11-22 01:00:00,3.74,0.12591011604294186
2018-11-22 01:15:00,3.85,-0.256214846316725
2018-11-22 01:30:00,3.8200000000000003,-0.38931144272908563
2018-11-22 01:45:00,3.74,-0.4003978202678263
2018-11-22 02:00:00,4.68,-0.36942119365558024
2018-11-22 02:15:00,4.32,1.8808552192710342
2018-11-22 02:30:00,3.71,3.581325279735029
2018-11-22 02:45:00,3.4599999999999995,4.56316101167351
2018-11-22 03:00:00,3.17,4.980467778332531
2018-11-22 03:15:00,3.2,5.218980673924088
2018-11-22 03:30:00,3.17,5.592716051377356
2018-11-22 03:45:00,3.2,5.89695344351232
2018-11-22 04:00:00,3.2,6.3216741444543
2018-11-22 04:15:00,3.24,6.967623624261468
2018-11-22 04:30:00,3.2,3.840167972408235
2018-11-22 04:45:00,3.2,0.7186453766189516
2018-11-22 05:00:00,3.42,-2.304830506518483
2018-11-22 05:15:00,3.78,-4.647561885342002
2018-11-22 05:30:00,4.39,-5.305029150918126
2018-11-22 05:45:00,3.49,-6.032812870517374
2018-11-22 06:00:00,3.1,-5.666651977449656
2018-11-22 06:15:00,3.17,-4.049823748841882
2018-11-22 06:30:00,3.13,-0.059113772641867346
2018-11-22 06:45:00,3.17,5.209546671304851
2018-11-22 07:00:00,3.1,11.392146714031696
2018-11-22 07:15:00,3.06,17.492288280203937
2018-11-22 07:30:00,3.17,23.834108273535968
2018-11-22 07:45:00,4.79,31.69813971683383
2018-11-22 08:00:00,6.3,37.782272304594514
2018-11-22 08:15:00,41.51,42.78668412059545
2018-11-22 08:30:00,101.47999999999999,49.34116114526987
2018-11-22 08:45:00,120.67,59.7413677546382
2018-11-22 09:00:00,124.49000000000001,70.8025916954875
2018-11-22 09:15:00,139.61,80.58418865501882
2018-11-22 09:30:00,120.81999999999998,89.98105367779732
2018-11-22 09:45:00,157.18,94.93658640801907
2018-11-22 10:00:00,136.4,100.34352764487268
2018-11-22 10:15:00,139.57,101.8668898910284
2018-11-22 10:30:00,103.5,101.33629762470723
2018-11-22 10:45:00,113.87,94.2659136158228
2018-11-22 11:00:00,133.13,85.28703573286535
2018-11-22 11:15:00,134.6,77.50704272508622
2018-11-22 11:30:00,96.62,70.69028296917676
2018-11-22 11:45:00,70.63,62.936862687468526
2018-11-22 12:00:00,55.69,55.296864878237244
2018-11-22 12:15:00,5.22,48.78955590188503
2018-11-22 12:30:00,6.44,42.9625617057085
2018-11-22 12:45:00,6.62,42.055577126145366
2018-11-22 13:00:00,6.55,43.85204520136118
2018-11-22 13:15:00,41.87,47.14200646728277
2018-11-22 13:30:00,75.34999999999998,52.978575287759305
2018-11-22 13:45:00,93.67,61.701300534307954
2018-11-22 14:00:00,83.63,72.14947008341551
2018-11-22 14:15:00,87.77,80.82615000963212
2018-11-22 14:30:00,89.06,86.79249720394613
2018-11-22 14:45:00,85.54,91.19707587301733
2018-11-22 15:00:00,70.52,92.67566372692586
2018-11-22 15:15:00,79.34,91.92440601050855
2018-11-22 15:30:00,80.24,91.0978985732794
2018-11-22 15:45:00,80.57,89.96392533957959
2018-11-22 16:00:00,79.6,88.59840068519117
2018-11-22 16:15:00,81.07,84.6938491356373
2018-11-22 16:30:00,97.96,79.64741136550904
2018-11-22 16:45:00,95.04000000000002,75.37903756529093
2018-11-22 17:00:00,84.67,70.93965432852507
2018-11-22 17:15:00,58.07,66.45687540948391
2018-11-22 17:30:00,46.12,60.32356509029865
2018-11-22 17:45:00,32.94,53.81038200110197
2018-11-22 18:00:00,32.87,47.424803684353826
2018-11-22 18:15:00,45.67999999999999,43.973591733574864
2018-11-22 18:30:00,70.16,43.000653620958325
2018-11-22 18:45:00,67.79,44.897224123775956
2018-11-22 19:00:00,82.37,47.509704374969004
2018-11-22 19:15:00,67.21,50.9663503292203
2018-11-22 19:30:00,71.71,52.64499932914972
2018-11-22 19:45:00,75.53,53.26909238249063
2018-11-22 20:00:00,71.78,51.51064885884524
2018-11-22 20:15:00,72.86,46.78911509633064
2018-11-22 20:30:00,74.88,39.72720768377185
2018-11-22 20:45:00,68.98,30.368993694782258
2018-11-22 21:00:00,43.6,21.433149975687265
2018-11-22 21:15:00,18.65,13.328611110523342
2018-11-22 21:30:00,4.97,8.166140525341033
2018-11-22 21:45:00,4.07,5.892705882843583
2018-11-22 22:00:00,4.07,3.7528337688744067
2018-11-22 22:15:00,3.74,1.9738429195992648
2018-11-22 22:30:00,3.8200000000000003,0.9290083939954639
2018-11-22 22:45:00,3.78,0.6279968800581992
2018-11-22 23:00:00,3.74,0.6050895801931621
2018-11-22 23:15:00,3.71,0.8308468824066222
2018-11-22 23:30:00,3.67,1.1820451795496048
2018-11-22 23:45:00,3.74,1.5761575086601078
2018-11-23 00:00:00,3.5299999999999994,1.9522871035523712
2018-11-23 00:15:00,3.78,2.1886346778739245
2018-11-23 00:30:00,4.64,2.418317037140951
2018-11-23 00:45:00,4.18,1.3529038898646832
2018-11-23 01:00:00,3.67,0.5184820623509586
2018-11-23 01:15:00,3.67,0.15020707247778778
2018-11-23 01:30:00,3.6,0.17603346511721615
2018-11-23 01:45:00,3.64,0.3610029014945031
2018-11-23 02:00:00,3.67,0.4543591372855008
2018-11-23 02:15:00,3.2,0.40794107126072054
2018-11-23 02:30:00,3.06,2.303083183392882
2018-11-23 02:45:00,3.02,3.6176485475478692
2018-11-23 03:00:00,3.02,4.301806355463341
2018-11-23 03:15:00,3.06,4.4914353936817495
2018-11-23 03:30:00,3.02,4.334328136472031
2018-11-23 03:45:00,3.2,4.490518966959789
2018-11-23 04:00:00,3.67,4.704788937401027
2018-11-23 04:15:00,3.42,5.084669005144387
2018-11-23 04:30:00,3.06,4.826871572230011
2018-11-23 04:45:00,3.56,1.8958259549736978
2018-11-23 05:00:00,3.56,-1.0153271677531301
2018-11-23 05:15:00,2.95,-3.8661735178530217
2018-11-23 05:30:00,2.99,-6.28539074100554
2018-11-23 05:45:00,2.99,-7.519236243069172
2018-11-23 06:00:00,2.95,-8.170283749997616
2018-11-23 06:15:00,2.99,-7.409733214005828
2018-11-23 06:30:00,2.92,-3.6713701070100067
2018-11-23 06:45:00,2.92,0.8553849446773529
2018-11-23 07:00:00,2.99,5.876099893823265
2018-11-23 07:15:00,3.02,10.875674997642635
2018-11-23 07:30:00,3.5299999999999994,15.583933624401688
2018-11-23 07:45:00,6.12,20.844295985773204
2018-11-23 08:00:00,6.59,27.37855604752898
2018-11-23 08:15:00,42.23,32.23364279538393
2018-11-23 08:30:00,82.39999999999999,38.3115307700634
2018-11-23 08:45:00,90.9,48.329048807621
2018-11-23 09:00:00,99.25,58.11101402193308
2018-11-23 09:15:00,93.06000000000002,66.65517162710428
2018-11-23 09:30:00,73.69,73.2013719010353
2018-11-23 09:45:00,63.35999999999999,76.6345258948207
2018-11-23 10:00:00,75.67000000000002,77.14970984220506
2018-11-23 10:15:00,70.96,75.84491129934788
2018-11-23 10:30:00,100.69,72.91659419178963
2018-11-23 10:45:00,83.66,71.69084468126297
2018-11-23 11:00:00,65.77,68.41563606113195
2018-11-23 11:15:00,73.66,63.19432667016983
2018-11-23 11:30:00,67.03,56.712597928345204
2018-11-23 11:45:00,66.89,50.43568620830774
2018-11-23 12:00:00,66.42,45.57522159337997
2018-11-23 12:15:00,24.8,42.30774183273316
2018-11-23 12:30:00,10.119999999999997,38.61201768934727
2018-11-23 12:45:00,6.52,38.87164180070162
2018-11-23 13:00:00,6.7,39.47178482055664
2018-11-23 13:15:00,57.17,41.59812385201454
2018-11-23 13:30:00,80.35,46.40054342985153
2018-11-23 13:45:00,92.52,53.69644307374954
2018-11-23 14:00:00,85.9,59.994062388837335
2018-11-23 14:15:00,80.64,65.05151636600495
2018-11-23 14:30:00,87.95,68.69977606087923
2018-11-23 14:45:00,72.54,70.87017093867064
2018-11-23 15:00:00,74.3,71.1424234944582
2018-11-23 15:15:00,78.23,70.8657743358612
2018-11-23 15:30:00,110.48000000000002,70.60682386130094
2018-11-23 15:45:00,80.32,72.36202494651079
2018-11-23 16:00:00,89.38999999999999,72.3772985380888
2018-11-23 16:15:00,86.03999999999999,72.70028941720724
2018-11-23 16:30:00,76.0,72.92998609125614
2018-11-23 16:45:00,104.28999999999999,72.3883102542162
2018-11-23 17:00:00,86.11,70.52181089788675
2018-11-23 17:15:00,86.98,67.7207033625245
2018-11-23 17:30:00,52.699999999999996,65.33674765735864
2018-11-23 17:45:00,34.13,60.906979463100434
2018-11-23 18:00:00,34.27,56.44735119521618
2018-11-23 18:15:00,54.61,52.80274710267782
2018-11-23 18:30:00,63.9,51.02604802191257
2018-11-23 18:45:00,56.02,50.515426841080185
2018-11-23 19:00:00,68.8,49.05394487082958
2018-11-23 19:15:00,65.23,47.09672460198402
2018-11-23 19:30:00,69.48,44.36747165799141
2018-11-23 19:45:00,66.17,42.07151537269354
2018-11-23 20:00:00,72.94,38.40823357731104
2018-11-23 20:15:00,59.580000000000005,34.22640863239765
2018-11-23 20:30:00,53.39,28.820455396175383
2018-11-23 20:45:00,45.67999999999999,22.17241022080183
2018-11-23 21:00:00,23.36,15.275424813628197
2018-11-23 21:15:00,7.519999999999999,11.960903872922062
2018-11-23 21:30:00,5.290000000000001,9.887775411829352
2018-11-23 21:45:00,5.22,8.938088995888828
2018-11-23 22:00:00,5.26,8.873068449795246
2018-11-23 22:15:00,4.93,8.751480376645922
2018-11-23 22:30:00,4.86,8.453494895324111
2018-11-23 22:45:00,4.86,7.861729671731591
2018-11-23 23:00:00,4.75,6.970048155356198
2018-11-23 23:15:00,4.68,5.766060762144625
2018-11-23 23:30:00,4.61,4.263924530688674
2018-11-23 23:45:00,3.92,2.0964939354732635
2018-11-24 00:00:00,3.02,0.8733003152161837
2018-11-24 00:15:00,3.49,-0.26438521858304737
2018-11-24 00:30:00,3.56,-1.245480230730027
2018-11-24 00:45:00,3.56,-1.9331909815408288
2018-11-24 01:00:00,3.56,-2.3308665686100722
2018-11-24 01:15:00,3.6,-2.517714328914881
2018-11-24 01:30:00,3.56,-2.605984326228499
2018-11-24 01:45:00,3.49,-2.885967986956239
2018-11-24 02:00:00,3.56,-2.3854839171469213
2018-11-24 02:15:00,3.6,-1.2549543708749116
2018-11-24 02:30:00,3.6,-0.3988254397176206
2018-11-24 02:45:00,3.56,0.21522958334535366
2018-11-24 03:00:00,3.56,0.6316488335281611
2018-11-24 03:15:00,3.64,0.9051863515004516
2018-11-24 03:30:00,3.56,1.3998392528109254
2018-11-24 03:45:00,3.89,2.0129462724272162
2018-11-24 04:00:00,4.79,1.0335548596642912
2018-11-24 04:15:00,4.25,-0.02624422663822765
2018-11-24 04:30:00,3.64,-1.1576722359843552
2018-11-24 04:45:00,3.6,-2.3591828912496564
2018-11-24 05:00:00,3.13,-3.6133003699034454
2018-11-24 05:15:00,3.02,-4.02174881272018
2018-11-24 05:30:00,3.02,-3.237436861544847
2018-11-24 05:45:00,3.1,-1.1219936245493591
2018-11-24 06:00:00,3.02,1.844598122239113
2018-11-24 06:15:00,3.06,4.787194926422089
2018-11-24 06:30:00,3.02,8.298326027989386
2018-11-24 06:45:00,3.02,11.481731425821781
2018-11-24 07:00:00,3.1,14.236076217666268
2018-11-24 07:15:00,3.64,16.496778844073415
2018-11-24 07:30:00,3.71,18.252166302129627
2018-11-24 07:45:00,3.5299999999999994,19.479032927006482
2018-11-24 08:00:00,3.35,20.878316889330744
2018-11-24 08:15:00,3.92,22.256785474717617
2018-11-24 08:30:00,3.13,23.289719925671815
2018-11-24 08:45:00,3.2,23.863364319503308
2018-11-24 09:00:00,3.24,23.72764896005392
2018-11-24 09:15:00,3.38,22.928704494982956
2018-11-24 09:30:00,3.42,21.166387559771536
2018-11-24 09:45:00,3.38,18.995143899619578
2018-11-24 10:00:00,3.4599999999999995,16.8630115917325
2018-11-24 10:15:00,3.42,14.694680287986994
2018-11-24 10:30:00,3.74,12.459500636979937
2018-11-24 10:45:00,3.85,10.43520298436284
2018-11-24 11:00:00,3.92,8.655526428967713
2018-11-24 11:15:00,3.78,7.6486100764572615
2018-11-24 11:30:00,3.24,6.923772395104169
2018-11-24 11:45:00,3.28,6.3229557384550565
2018-11-24 12:00:00,3.78,5.930500555858016
2018-11-24 12:15:00,4.18,5.630033003631978
2018-11-24 12:30:00,3.4599999999999995,5.3935050911270075
2018-11-24 12:45:00,3.35,5.129012831207365
2018-11-24 13:00:00,3.4599999999999995,4.827295121364295
2018-11-24 13:15:00,3.89,4.745241107568145
2018-11-24 13:30:00,5.72,4.5781275371462105
2018-11-24 13:45:00,5.83,4.390145681230352
2018-11-24 14:00:00,5.26,4.163650185363367
2018-11-24 14:15:00,4.57,3.9153615568205713
2018-11-24 14:30:00,4.57,3.630637177154422
2018-11-24 14:45:00,4.64,3.2989798905095085
2018-11-24 15:00:00,4.61,2.937911060070619
2018-11-24 15:15:00,4.57,2.55440822978504
2018-11-24 15:30:00,4.54,2.159781831596047
2018-11-24 15:45:00,5.33,1.8973478127643466
2018-11-24 16:00:00,5.44,1.7473002691566946
2018-11-24 16:15:00,4.61,1.6273247140832245
2018-11-24 16:30:00,4.61,1.5120362676866352
2018-11-24 16:45:00,5.69,1.5123792610876263
2018-11-24 17:00:00,5.83,1.7178780594468117
2018-11-24 17:15:00,5.9,1.9595952207222582
2018-11-24 17:30:00,4.79,2.2252594683226197
2018-11-24 17:45:00,3.85,2.5911100674420595
2018-11-24 18:00:00,3.67,3.044032292086631
2018-11-24 18:15:00,3.6,3.4550032240152357
2018-11-24 18:30:00,3.71,3.8161191388592126
2018-11-24 18:45:00,3.71,4.132225590283051
2018-11-24 19:00:00,3.74,4.408055297788232
2018-11-24 19:15:00,3.67,4.574287807419896
2018-11-24 19:30:00,4.14,4.629833652004599
2018-11-24 19:45:00,3.9599999999999995,4.581901446944102
2018-11-24 20:00:00,3.2,4.627065004780889
2018-11-24 20:15:00,3.1,4.717389032952487
2018-11-24 20:30:00,3.06,4.801045600613579
2018-11-24 20:45:00,3.06,4.873476291783153
2018-11-24 21:00:00,3.2,4.931286959405988
2018-11-24 21:15:00,3.06,4.973587420526892
2018-11-24 21:30:00,3.1,4.993726073168218
2018-11-24 21:45:00,3.06,4.9906276245974
2018-11-24 22:00:00,3.06,4.970159170608967
2018-11-24 22:15:00,3.5299999999999994,4.92378180347383
2018-11-24 22:30:00,3.4599999999999995,4.884424012415111
2018-11-24 22:45:00,3.38,4.837906584963202
2018-11-24 23:00:00,2.92,4.772370285699144
2018-11-24 23:15:00,2.84,4.674340273626148
2018-11-24 23:30:00,2.84,4.313550370922313
2018-11-24 23:45:00,2.77,3.8958068630751224
2018-11-25 00:00:00,2.88,3.4584526654239744
2018-11-25 00:15:00,3.38,2.933948391629383
2018-11-25 00:30:00,3.28,2.4288430330716073
2018-11-25 00:45:00,2.88,1.964202054347843
2018-11-25 01:00:00,2.77,1.5404280937835575
2018-11-25 01:15:00,2.77,1.1941271361336112
2018-11-25 01:30:00,3.31,1.0366687457449735
2018-11-25 01:45:00,3.4599999999999995,0.9009093192219735
2018-11-25 02:00:00,3.4599999999999995,0.7863787142187357
2018-11-25 02:15:00,3.2,0.6519216521643103
2018-11-25 02:30:00,2.84,0.5299591492302717
2018-11-25 02:45:00,2.84,0.42111796831712134
2018-11-25 03:00:00,2.88,0.32511069105938084
2018-11-25 03:15:00,2.92,0.2518234987743199
2018-11-25 03:30:00,2.84,0.2540989877283574
2018-11-25 03:45:00,2.92,0.26370420636609204
2018-11-25 04:00:00,2.92,0.37667758764699105
2018-11-25 04:15:00,2.88,0.6767824987322093
2018-11-25 04:30:00,2.88,0.9934063874185086
2018-11-25 04:45:00,2.84,1.3253939666040242
2018-11-25 05:00:00,2.88,1.6770124446973205
2018-11-25 05:15:00,2.88,2.0525516250077636
2018-11-25 05:30:00,4.18,2.481821058401838
2018-11-25 05:45:00,4.28,3.1931660052808004
2018-11-25 06:00:00,3.5299999999999994,3.9766275601740926
2018-11-25 06:15:00,3.13,4.789574267715215
2018-11-25 06:30:00,2.88,5.65012085283175
2018-11-25 06:45:00,2.84,6.823747435733676
2018-11-25 07:00:00,2.81,8.035461162291467
2018-11-25 07:15:00,2.95,9.267468197271228
2018-11-25 07:30:00,2.84,10.514340712204575
2018-11-25 07:45:00,2.88,11.74507176682353
2018-11-25 08:00:00,2.92,13.21717586658895
2018-11-25 08:15:00,2.88,15.489146191105245
2018-11-25 08:30:00,2.92,17.769876039400696
2018-11-25 08:45:00,2.92,20.28822116225958
2018-11-25 09:00:00,3.4599999999999995,21.33176314726472
2018-11-25 09:15:00,4.93,21.567217170447112
2018-11-25 09:30:00,4.32,21.208401163890958
2018-11-25 09:45:00,3.49,20.104181344658137
2018-11-25 10:00:00,2.88,18.742339238077403
2018-11-25 10:15:00,2.95,16.850588606521487
2018-11-25 10:30:00,3.56,14.154797447547317
2018-11-25 10:45:00,2.95,10.700896563231945
2018-11-25 11:00:00,2.99,6.776868489868939
2018-11-25 11:15:00,2.95,2.2694317976851015
2018-11-25 11:30:00,2.95,-2.6918932265788316
2018-11-25 11:45:00,2.99,-7.817423815429211
2018-11-25 12:00:00,2.99,-11.464038713797928
2018-11-25 12:15:00,3.1,-12.721007921546699
2018-11-25 12:30:00,3.02,-13.66359757386148
2018-11-25 12:45:00,3.17,-13.912811751291157
2018-11-25 13:00:00,3.71,-12.740779161453247
2018-11-25 13:15:00,3.67,-11.144233013987542
2018-11-25 13:30:00,3.64,-9.20400074236095
2018-11-25 13:45:00,3.2,-6.387827320098878
2018-11-25 14:00:00,3.67,-2.6941521552950145
2018-11-25 14:15:00,3.1,0.7664806060492992
2018-11-25 14:30:00,2.95,5.2259601124748585
2018-11-25 14:45:00,3.06,10.435710457414388
2018-11-25 15:00:00,2.99,15.180630643963813
2018-11-25 15:15:00,2.99,18.832196772769095
2018-11-25 15:30:00,2.95,20.59411064863205
2018-11-25 15:45:00,2.95,20.065947965681552
2018-11-25 16:00:00,2.95,17.56258789330721
2018-11-25 16:15:00,3.35,13.804298609942197
2018-11-25 16:30:00,3.56,9.501775915175676
2018-11-25 16:45:00,3.6,5.32297840628773
2018-11-25 17:00:00,3.42,3.9289086734317245
2018-11-25 17:15:00,2.95,4.083741143392399
2018-11-25 17:30:00,2.92,4.5020990641321985
2018-11-25 17:45:00,2.99,5.096097534038126
2018-11-25 18:00:00,3.17,5.7567404357343905
2018-11-25 18:15:00,3.4599999999999995,6.552261983845383
2018-11-25 18:30:00,3.02,9.280350378230214
2018-11-25 18:45:00,3.02,12.017698191031814
2018-11-25 19:00:00,2.99,14.760747216567397
2018-11-25 19:15:00,3.02,18.31591592013836
2018-11-25 19:30:00,2.99,21.394045359790326
2018-11-25 19:45:00,3.02,23.397483849078416
2018-11-25 20:00:00,3.1,24.12383272230625
2018-11-25 20:15:00,3.6,23.43744398370385
2018-11-25 20:30:00,3.6,21.217549151554703
2018-11-25 20:45:00,3.6,17.379063407853245
2018-11-25 21:00:00,3.38,11.34434656985104
2018-11-25 21:15:00,2.99,4.561506110616028
2018-11-25 21:30:00,2.95,-2.2392062134481967
2018-11-25 21:45:00,2.92,-3.4494898652285335
2018-11-25 22:00:00,3.13,-2.540612366273999
2018-11-25 22:15:00,3.4599999999999995,-1.647545403558761
2018-11-25 22:30:00,2.92,-0.755851817857474
2018-11-25 22:45:00,2.74,0.00024485619738703044
2018-11-25 23:00:00,2.77,0.5881369489058853
2018-11-25 23:15:00,2.84,1.0310646489821376
2018-11-25 23:30:00,2.88,1.3310833906941117
2018-11-25 23:45:00,2.88,1.4871577381528915
2018-11-26 00:00:00,4.68,1.5155672472156585
2018-11-26 00:15:00,3.2,1.43965006461367
2018-11-26 00:30:00,3.5299999999999994,1.3320553924515843
2018-11-26 00:45:00,3.4599999999999995,1.241388651560992
2018-11-26 01:00:00,3.49,1.1686353164352477
2018-11-26 01:15:00,2.92,0.7551065294630827
2018-11-26 01:30:00,2.92,0.22176722843199972
2018-11-26 01:45:00,3.06,-0.050604617204517074
2018-11-26 02:00:00,3.56,-0.13925016703084106
2018-11-26 02:15:00,3.13,-0.38339803440496323
2018-11-26 02:30:00,2.92,-0.6801125876419246
2018-11-26 02:45:00,2.92,-1.1263183727674186
2018-11-26 03:00:00,2.88,-1.7638908983580768
2018-11-26 03:15:00,2.95,-1.207676856573671
2018-11-26 03:30:00,2.95,-0.7135350771807134
2018-11-26 03:45:00,3.31,-0.3782604311220347
2018-11-26 04:00:00,3.49,0.4137972204573453
2018-11-26 04:15:00,3.4599999999999995,1.2605640035867691
2018-11-26 04:30:00,3.24,2.198492369968444
2018-11-26 04:45:00,2.88,3.2156532645365226
2018-11-26 05:00:00,2.95,3.4958445597719403
2018-11-26 05:15:00,2.84,1.3641154515743257
2018-11-26 05:30:00,2.88,-0.825355978179723
2018-11-26 05:45:00,2.84,-3.0528570117801426
2018-11-26 06:00:00,3.17,-3.719539628699422
2018-11-26 06:15:00,3.38,-3.1913354048132896
2018-11-26 06:30:00,2.88,-1.6258924715407193
2018-11-26 06:45:00,2.88,0.723394516017288
2018-11-26 07:00:00,2.99,3.990573245221749
2018-11-26 07:15:00,3.35,8.313141546547412
2018-11-26 07:30:00,3.5299999999999994,12.865262391716241
2018-11-26 07:45:00,5.22,17.114263520464302
2018-11-26 08:00:00,5.58,24.7901425935328
2018-11-26 08:15:00,45.36,32.29257703304291
2018-11-26 08:30:00,88.92,42.23382591277361
2018-11-26 08:45:00,88.99,54.895309985280036
2018-11-26 09:00:00,90.61,65.75420486956834
2018-11-26 09:15:00,93.31,74.53834333717823
2018-11-26 09:30:00,92.19999999999999,82.3085281932354
2018-11-26 09:45:00,94.43,88.50273527860642
2018-11-26 10:00:00,85.43,91.52740939319135
2018-11-26 10:15:00,64.55,91.69656408309937
2018-11-26 10:30:00,70.06,87.40489592254163
2018-11-26 10:45:00,73.12,79.51643840909006
2018-11-26 11:00:00,80.75,71.31681458771229
2018-11-26 11:15:00,82.66000000000001,63.43830444425345
2018-11-26 11:30:00,79.13,55.99543521553278
2018-11-26 11:45:00,84.74,49.35742273747921
2018-11-26 12:00:00,61.34,44.546259354054925
2018-11-26 12:15:00,7.239999999999999,39.87610611528158
2018-11-26 12:30:00,6.84,34.0266730774939
2018-11-26 12:45:00,6.3,34.00341688990593
2018-11-26 13:00:00,6.01,35.79225939661264
2018-11-26 13:15:00,56.52,39.90188619539141
2018-11-26 13:30:00,93.17,46.90440129727125
2018-11-26 13:45:00,82.58,57.24028457462788
2018-11-26 14:00:00,90.65,67.27970478981733
2018-11-26 14:15:00,77.51,76.54333792746068
2018-11-26 14:30:00,88.63,82.40579236447812
2018-11-26 14:45:00,69.05,84.84305519461633
2018-11-26 15:00:00,71.6,85.63541373729707
2018-11-26 15:15:00,67.97,85.9790134114027
2018-11-26 15:30:00,64.51,85.75704559683801
2018-11-26 15:45:00,70.96,85.17319111466409
2018-11-26 16:00:00,65.34,84.95645072162152
2018-11-26 16:15:00,64.22,83.743338637352
2018-11-26 16:30:00,61.45,79.66218646585942
2018-11-26 16:45:00,51.52,75.16177173554897
2018-11-26 17:00:00,65.34,70.2405630454421
2018-11-26 17:15:00,74.05,66.62844621002674
2018-11-26 17:30:00,50.65,64.15864223182201
2018-11-26 17:45:00,32.58,61.04524566054344
2018-11-26 18:00:00,32.72,57.029553021788594
2018-11-26 18:15:00,43.16,54.670809296369555
2018-11-26 18:30:00,61.88,53.97155634045601
2018-11-26 18:45:00,71.03,55.32288073122501
2018-11-26 19:00:00,58.43,57.6723866507411
2018-11-26 19:15:00,59.33,59.170087825953956
2018-11-26 19:30:00,60.05,59.837697816193106
2018-11-26 19:45:00,66.17,59.307801641225815
2018-11-26 20:00:00,78.98,57.960186743736266
2018-11-26 20:15:00,58.18000000000001,56.32682859092951
2018-11-26 20:30:00,51.77,51.80460150122642
2018-11-26 20:45:00,43.6,44.99849418848753
2018-11-26 21:00:00,40.64000000000001,36.36357300713658
2018-11-26 21:15:00,16.09,26.518452097922562
2018-11-26 21:30:00,6.23,16.187304487228392
2018-11-26 21:45:00,5.26,8.621595343649387
2018-11-26 22:00:00,5.11,7.10007605548948
2018-11-26 22:15:00,4.79,6.031574704535305
2018-11-26 22:30:00,4.72,5.12843995925039
2018-11-26 22:45:00,4.75,4.196439877338707
2018-11-26 23:00:00,4.72,3.789764222018421
2018-11-26 23:15:00,4.82,3.819232884598896
2018-11-26 23:30:00,4.64,3.876126985158771
2018-11-26 23:45:00,4.64,3.8302949831448494
2018-11-27 00:00:00,23.65,3.568593965349719
2018-11-27 00:15:00,4.72,3.7484577961917966
2018-11-27 00:30:00,4.79,3.5071011709421875
2018-11-27 00:45:00,4.72,3.055218592416495
2018-11-27 01:00:00,4.75,1.6473915121331812
2018-11-27 01:15:00,5.62,0.7422863792255522
2018-11-27 01:30:00,5.940000000000001,0.271793461535126
2018-11-27 01:45:00,4.72,0.0727565241232515
2018-11-27 02:00:00,4.68,-0.2073730912432074
2018-11-27 02:15:00,4.72,-0.5214374407939613
2018-11-27 02:30:00,4.72,-1.0030007371492684
2018-11-27 02:45:00,4.72,0.03910584012046461
2018-11-27 03:00:00,4.72,0.7131656219810248
2018-11-27 03:15:00,4.18,1.0648118875920773
2018-11-27 03:30:00,3.71,1.1980819454789162
2018-11-27 03:45:00,3.71,1.6337733829766512
2018-11-27 04:00:00,3.74,2.1437423991877584
2018-11-27 04:15:00,3.78,2.733613861342892
2018-11-27 04:30:00,3.74,3.4390064552705737
2018-11-27 04:45:00,3.71,3.4093230007914825
2018-11-27 05:00:00,3.71,1.2814930567331613
2018-11-27 05:15:00,3.74,-0.906777896117419
2018-11-27 05:30:00,3.78,-3.1315860666334627
2018-11-27 05:45:00,3.92,-4.7014169015735385
2018-11-27 06:00:00,5.9,-4.774791666641832
2018-11-27 06:15:00,5.62,-3.9248349326103926
2018-11-27 06:30:00,4.64,-1.8089077998511494
2018-11-27 06:45:00,3.8200000000000003,1.4043947216309607
2018-11-27 07:00:00,3.71,6.274649243950844
2018-11-27 07:15:00,3.71,11.25560502678156
2018-11-27 07:30:00,3.78,16.01521723181009
2018-11-27 07:45:00,5.11,21.862561995536087
2018-11-27 08:00:00,6.88,29.83374435275793
2018-11-27 08:15:00,49.60999999999999,37.129388014674184
2018-11-27 08:30:00,72.36,46.611822873950004
2018-11-27 08:45:00,73.62,57.04801066994667
2018-11-27 09:00:00,111.64,66.09555010586978
2018-11-27 09:15:00,81.54,75.85730172544719
2018-11-27 09:30:00,103.1,82.57591709136963
2018-11-27 09:45:00,126.43,87.6817067539692
2018-11-27 10:00:00,104.44,92.50622161865235
2018-11-27 10:15:00,129.2,93.65844591856003
2018-11-27 10:30:00,131.8,92.74050351381302
2018-11-27 10:45:00,133.42,88.73025386035444
2018-11-27 11:00:00,151.67,83.51017947018147
2018-11-27 11:15:00,126.11,78.5234169381857
2018-11-27 11:30:00,145.01,71.13189679682255
2018-11-27 11:45:00,123.8,65.29670219540596
2018-11-27 12:00:00,108.61,59.34029788017273
2018-11-27 12:15:00,7.81,53.94142681211233
2018-11-27 12:30:00,5.51,45.195703605413435
2018-11-27 12:45:00,5.76,41.685386762320995
2018-11-27 13:00:00,6.34,42.34753580361605
2018-11-27 13:15:00,71.06,44.73644947558641
2018-11-27 13:30:00,121.25,51.58203639537096
2018-11-27 13:45:00,132.59,63.841489538252354
2018-11-27 14:00:00,126.68,78.63030064284803
2018-11-27 14:15:00,93.46,92.7027888351679
2018-11-27 14:30:00,77.36,100.54116369843484
2018-11-27 14:45:00,76.72,103.04024842262268
2018-11-27 15:00:00,107.42,103.40836847603322
2018-11-27 15:15:00,81.58,104.68084143459798
2018-11-27 15:30:00,79.38,104.08332559823991
2018-11-27 15:45:00,57.85,102.69185245454312
2018-11-27 16:00:00,59.08,99.73947304069996
2018-11-27 16:15:00,59.26,96.3853905338049
2018-11-27 16:30:00,53.46,89.9471562743187
2018-11-27 16:45:00,59.4,82.91671443641187
2018-11-27 17:00:00,47.48,76.40032483607531
2018-11-27 17:15:00,62.78,69.72283724188804
2018-11-27 17:30:00,50.15,64.40672919034958
2018-11-27 17:45:00,34.13,59.483158280551436
2018-11-27 18:00:00,31.93,53.75574107527733
2018-11-27 18:15:00,36.76,48.41828771919012
2018-11-27 18:30:00,56.84,46.154387563467026
2018-11-27 18:45:00,48.17,46.57411717712879
2018-11-27 19:00:00,61.16,47.203383761048315
2018-11-27 19:15:00,41.98,48.48630258083343
2018-11-27 19:30:00,43.38,48.23687733054161
2018-11-27 19:45:00,47.48,46.87971924513578
2018-11-27 20:00:00,48.46,45.47489462018013
2018-11-27 20:15:00,49.60999999999999,43.086892603337766
2018-11-27 20:30:00,49.21,39.335914524644615
2018-11-27 20:45:00,35.5,33.82261951074004
2018-11-27 21:00:00,29.99,25.953230409473182
2018-11-27 21:15:00,25.96,16.7283695602417
2018-11-27 21:30:00,25.020000000000003,8.2086846184358
2018-11-27 21:45:00,25.13,4.4391747915372255
2018-11-27 22:00:00,25.2,4.775566692287102
2018-11-27 22:15:00,24.88,5.046582984216511
2018-11-27 22:30:00,24.77,5.621253270749002
2018-11-27 22:45:00,24.88,6.106857545822859
2018-11-27 23:00:00,23.65,6.291770284436643
2018-11-27 23:15:00,23.620000000000005,6.163459316082299
2018-11-27 23:30:00,23.58,6.376520810183137
2018-11-27 23:45:00,23.539999999999996,6.416942386012524
2018-11-28 00:00:00,3.92,6.249003329835832
2018-11-28 00:15:00,23.51,5.603416491169482
2018-11-28 00:30:00,23.65,5.485872203558683
2018-11-28 00:45:00,23.65,5.6176771014183755
2018-11-28 01:00:00,23.65,5.924911054559051
2018-11-28 01:15:00,23.58,6.347557796221226
2018-11-28 01:30:00,23.65,6.845450048465281
2018-11-28 01:45:00,23.620000000000005,7.207767562940716
2018-11-28 02:00:00,23.65,7.511844404973089
2018-11-28 02:15:00,23.58,7.768707166835665
2018-11-28 02:30:00,23.65,7.933134610541164
2018-11-28 02:45:00,24.66,8.344881066828966
2018-11-28 03:00:00,24.12,8.432036195248365
2018-11-28 03:15:00,22.46,8.00628090046346
2018-11-28 03:30:00,22.39,8.183801597990096
2018-11-28 03:45:00,22.54,8.620616324841976
2018-11-28 04:00:00,22.46,8.8590074044466
2018-11-28 04:15:00,22.54,8.954921495281159
2018-11-28 04:30:00,22.5,8.95985700752586
2018-11-28 04:45:00,22.46,8.948930057361721
2018-11-28 05:00:00,22.46,9.589065770953892
2018-11-28 05:15:00,22.46,10.387476940229535
2018-11-28 05:30:00,22.54,9.507200936824082
2018-11-28 05:45:00,22.5,9.462085235267876
2018-11-28 06:00:00,23.620000000000005,10.260553663671017
2018-11-28 06:15:00,23.87,11.68283334068954
2018-11-28 06:30:00,24.55,13.282550071999431
2018-11-28 06:45:00,23.11,16.036305431649087
2018-11-28 07:00:00,22.5,19.50559218034148
2018-11-28 07:15:00,22.46,24.81993979439139
2018-11-28 07:30:00,22.93,31.22023482963443
2018-11-28 07:45:00,24.62,37.12534170299769
2018-11-28 08:00:00,25.090000000000003,42.40668111413717
2018-11-28 08:15:00,54.18,46.91464057654142
2018-11-28 08:30:00,52.27,53.57025742948055
2018-11-28 08:45:00,51.88,60.0315345582366
2018-11-28 09:00:00,54.43,64.65903760612011
2018-11-28 09:15:00,58.72,67.76104971557855
2018-11-28 09:30:00,52.78,69.78528337270022
2018-11-28 09:45:00,58.97,70.14548145741225
2018-11-28 10:00:00,51.16,69.88737078338862
2018-11-28 10:15:00,50.0,66.19020056635141
2018-11-28 10:30:00,48.56,61.067430765628814
2018-11-28 10:45:00,66.2,55.51461572647095
2018-11-28 11:00:00,62.099999999999994,51.752991940975186
2018-11-28 11:15:00,51.98,48.59471319556236
2018-11-28 11:30:00,53.89,45.186847527027126
2018-11-28 11:45:00,63.94,42.81825074076652
2018-11-28 12:00:00,51.77,43.545077896118165
2018-11-28 12:15:00,8.5,44.787106962502
2018-11-28 12:30:00,6.98,44.052797947824004
2018-11-28 12:45:00,7.419999999999999,45.07356876373291
2018-11-28 13:00:00,8.28,46.784902620911595
2018-11-28 13:15:00,60.88,48.46920118808746
2018-11-28 13:30:00,71.89,53.43190141379833
2018-11-28 13:45:00,79.24,60.45531946539879
2018-11-28 14:00:00,58.39,68.08017391949892
2018-11-28 14:15:00,84.46,73.08466657191515
2018-11-28 14:30:00,62.39000000000001,77.93861936450006
2018-11-28 14:45:00,92.81,81.35049092650414
2018-11-28 15:00:00,98.53,85.32987005114556
2018-11-28 15:15:00,105.91,89.02344753861428
2018-11-28 15:30:00,96.91,92.41354715943338
2018-11-28 15:45:00,65.66,92.1006832867861
2018-11-28 16:00:00,73.44,88.19364377200604
2018-11-28 16:15:00,100.84,84.11402749240399
2018-11-28 16:30:00,97.63,82.29443571150304
2018-11-28 16:45:00,83.3,81.04223472952843
2018-11-28 17:00:00,111.78,79.51291753411294
2018-11-28 17:15:00,83.74,80.58610178351402
2018-11-28 17:30:00,90.11,80.23818185210229
2018-11-28 17:45:00,37.91,81.02277111709118
2018-11-28 18:00:00,31.679999999999996,78.45598140418531
2018-11-28 18:15:00,35.17,75.62323539406061
2018-11-28 18:30:00,60.73,73.64601709425449
2018-11-28 18:45:00,50.43999999999999,74.04277120232582
2018-11-28 19:00:00,62.21,74.04702858686447
2018-11-28 19:15:00,50.65,74.39868046611548
2018-11-28 19:30:00,54.07,73.04418549150229
2018-11-28 19:45:00,40.86,70.98084048211574
2018-11-28 20:00:00,50.8,66.89006877720355
2018-11-28 20:15:00,49.82,62.61608582794666
2018-11-28 20:30:00,41.44,57.77097564101219
2018-11-28 20:45:00,20.449999999999996,51.82988084465265
2018-11-28 21:00:00,8.859999999999998,44.031102352142334
2018-11-28 21:15:00,6.34,35.16142772987485
2018-11-28 21:30:00,5.54,26.620133081078528
2018-11-28 21:45:00,5.54,22.83089243248105
2018-11-28 22:00:00,5.54,19.642782804369926
2018-11-28 22:15:00,5.18,16.799608896672726
2018-11-28 22:30:00,5.22,14.531559138298034
2018-11-28 22:45:00,5.1499999999999995,12.434563725590705
2018-11-28 23:00:00,5.11,10.353993823379279
2018-11-28 23:15:00,5.11,9.36150677099824
2018-11-28 23:30:00,4.61,8.942597871497274
2018-11-28 23:45:00,3.92,8.377014664635063
2018-11-29 00:00:00,4.07,7.907613319233059
2018-11-29 00:15:00,3.89,7.488184596672654
2018-11-29 00:30:00,4.03,7.140514191556721
2018-11-29 00:45:00,4.0,6.361803811006247
2018-11-29 01:00:00,4.0,5.498207054622471
2018-11-29 01:15:00,4.0,4.870543726272881
2018-11-29 01:30:00,4.0,4.288639141935855
2018-11-29 01:45:00,4.1,3.712106249667704
2018-11-29 02:00:00,4.0,3.4549378251098095
2018-11-29 02:15:00,3.9599999999999995,4.786973187644034
2018-11-29 02:30:00,4.03,5.578495297972112
2018-11-29 02:45:00,4.03,5.9215874990262085
2018-11-29 03:00:00,4.79,5.92725025832653
2018-11-29 03:15:00,5.1499999999999995,5.704805284366011
2018-11-29 03:30:00,4.18,5.836479384414851
2018-11-29 03:45:00,4.0,5.9754986516572535
2018-11-29 04:00:00,4.0,6.207601612471044
2018-11-29 04:15:00,4.07,6.522734518386423
2018-11-29 04:30:00,3.71,3.7125073442421854
2018-11-29 04:45:00,3.35,0.8203729529865087
2018-11-29 05:00:00,3.35,-2.053801158610731
2018-11-29 05:15:00,3.38,-4.5913491403311495
2018-11-29 05:30:00,3.4599999999999995,-5.560581127852202
2018-11-29 05:45:00,3.38,-6.2321161751449115
2018-11-29 06:00:00,3.38,-6.3076162642985585
2018-11-29 06:15:00,3.35,-5.0461089900136
2018-11-29 06:30:00,3.31,-1.4629672378860414
2018-11-29 06:45:00,3.71,3.2131261441716923
2018-11-29 07:00:00,4.68,8.334268480502068
2018-11-29 07:15:00,3.89,14.149342112243176
2018-11-29 07:30:00,4.25,19.49259997203946
2018-11-29 07:45:00,5.62,27.126811241209506
2018-11-29 08:00:00,5.69,33.88768159776926
2018-11-29 08:15:00,41.58,39.28589250177145
2018-11-29 08:30:00,73.98,46.45636097460985
2018-11-29 08:45:00,88.06,55.736174868047236
2018-11-29 09:00:00,100.58,64.587124632895
2018-11-29 09:15:00,82.07999999999998,72.98090405106545
2018-11-29 09:30:00,102.82,79.06123059093953
2018-11-29 09:45:00,128.41,83.65990647494793
2018-11-29 10:00:00,104.26,88.45175444602967
2018-11-29 10:15:00,104.9,89.57620694637299
2018-11-29 10:30:00,116.71,88.62709761261941
2018-11-29 10:45:00,93.01999999999998,83.99782963633538
2018-11-29 11:00:00,56.05,76.1770816025138
2018-11-29 11:15:00,55.55,65.13819545775652
2018-11-29 11:30:00,57.35,54.65481715887785
2018-11-29 11:45:00,64.58,46.23155939459801
2018-11-29 12:00:00,46.01,40.817037498354914
2018-11-29 12:15:00,9.36,36.727215621322394
2018-11-29 12:30:00,6.84,35.70084463819861
2018-11-29 12:45:00,6.19,37.53621074736118
2018-11-29 13:00:00,6.34,40.08332128405571
2018-11-29 13:15:00,40.209999999999994,43.32672975659371
2018-11-29 13:30:00,62.24,48.46830300569534
2018-11-29 13:45:00,77.36,55.59494017779827
2018-11-29 14:00:00,64.76,63.674036903977395
2018-11-29 14:15:00,57.28,69.40950631439686
2018-11-29 14:30:00,50.54,73.08198998838662
2018-11-29 14:45:00,59.51,74.79250200867652
2018-11-29 15:00:00,57.46,75.92282862186433
2018-11-29 15:15:00,59.69,76.09802807927133
2018-11-29 15:30:00,57.67,75.43433865517379
2018-11-29 15:45:00,66.2,73.44336020112037
2018-11-29 16:00:00,63.49999999999999,70.83229907810689
2018-11-29 16:15:00,50.36,67.27073643863201
2018-11-29 16:30:00,70.24,62.24950166642666
2018-11-29 16:45:00,59.22,58.30627887398005
2018-11-29 17:00:00,56.88,53.954877093434334
2018-11-29 17:15:00,59.8,50.30860687255859
2018-11-29 17:30:00,51.7,47.15695222228766
2018-11-29 17:45:00,33.59,43.88297411203384
2018-11-29 18:00:00,33.05,40.433792053461076
2018-11-29 18:15:00,43.99,38.98837407529354
2018-11-29 18:30:00,46.91,39.20083687469363
2018-11-29 18:45:00,59.83,40.37552696168423
2018-11-29 19:00:00,51.88,42.41281569987535
2018-11-29 19:15:00,39.89,44.14571491628885
2018-11-29 19:30:00,39.49,43.833309116661546
2018-11-29 19:45:00,63.49999999999999,42.97464674979448
2018-11-29 20:00:00,40.57,41.81377744436264
2018-11-29 20:15:00,39.82,37.842614443153145
2018-11-29 20:30:00,54.07,31.861806512326
2018-11-29 20:45:00,33.41,24.49902596205473
2018-11-29 21:00:00,27.679999999999996,16.12595750711858
2018-11-29 21:15:00,5.72,8.599505670443177
2018-11-29 21:30:00,5.69,4.617369687221944
2018-11-29 21:45:00,5.65,4.1222865004092455
2018-11-29 22:00:00,4.61,3.633737029135227
2018-11-29 22:15:00,4.21,3.2371931518800556
2018-11-29 22:30:00,4.14,3.0090680163353682
2018-11-29 22:45:00,4.18,2.938070768127218
2018-11-29 23:00:00,4.03,3.3159881670027973
2018-11-29 23:15:00,4.03,3.6936626356095075
2018-11-29 23:30:00,3.9599999999999995,3.9706865046732127
2018-11-29 23:45:00,4.0,4.085959794241935
2018-11-30 00:00:00,3.9599999999999995,4.072207499090582
2018-11-30 00:15:00,4.07,3.91889309771359
2018-11-30 00:30:00,4.0,3.8488942353706808
2018-11-30 00:45:00,4.0,3.134134721821174
2018-11-30 01:00:00,4.0,2.401323005259037
2018-11-30 01:15:00,4.97,2.133275627158582
2018-11-30 01:30:00,5.18,2.233697190191597
2018-11-30 01:45:00,4.0,2.44839506033808
2018-11-30 02:00:00,4.0,2.5111105055268856
2018-11-30 02:15:00,4.1,2.394807393709198
2018-11-30 02:30:00,4.1,3.014626081250608
2018-11-30 02:45:00,4.07,4.168017737586052
2018-11-30 03:00:00,3.85,4.745199706973508
2018-11-30 03:15:00,3.4599999999999995,4.844560713078827
2018-11-30 03:30:00,3.42,4.585244509875775
2018-11-30 03:45:00,3.4599999999999995,4.438746330467984
2018-11-30 04:00:00,3.42,4.4497675897832965
2018-11-30 04:15:00,3.42,4.604077710546553
2018-11-30 04:30:00,3.4599999999999995,4.969806914702057
2018-11-30 04:45:00,3.4599999999999995,2.278534595547244
2018-11-30 05:00:00,3.4599999999999995,-0.7257599009014666
2018-11-30 05:15:00,3.4599999999999995,-3.658125284910202
2018-11-30 05:30:00,3.92,-6.49896616384387
2018-11-30 05:45:00,4.93,-8.086982946768403
2018-11-30 06:00:00,5.11,-8.52410024881363
2018-11-30 06:15:00,3.67,-7.421291698664427
2018-11-30 06:30:00,3.42,-3.545980476886034
2018-11-30 06:45:00,3.31,1.0857858498580755
2018-11-30 07:00:00,3.35,6.127123347409069
2018-11-30 07:15:00,3.28,11.04927456766367
2018-11-30 07:30:00,3.74,15.58961911894381
2018-11-30 07:45:00,5.22,21.382393688708543
2018-11-30 08:00:00,5.33,27.49278912961483
2018-11-30 08:15:00,35.57,31.874356365799905
2018-11-30 08:30:00,62.71,37.33962781265378
2018-11-30 08:45:00,63.18,45.33086658269167
2018-11-30 09:00:00,68.11,52.57832275927067
2018-11-30 09:15:00,51.48,58.613264142870904
2018-11-30 09:30:00,57.67,62.067826313972475
2018-11-30 09:45:00,59.26,64.59755253046751
2018-11-30 10:00:00,63.21999999999999,65.54451969921588
2018-11-30 10:15:00,49.21,64.8026524797082
2018-11-30 10:30:00,60.34,61.561597245037554
2018-11-30 10:45:00,73.26,58.39594442218542
2018-11-30 11:00:00,60.34,55.94402774631977
2018-11-30 11:15:00,69.62,52.38431087166071
2018-11-30 11:30:00,54.18,48.7620086479187
2018-11-30 11:45:00,49.32,44.03747046530247
2018-11-30 12:00:00,61.06,39.76999709293246
2018-11-30 12:15:00,5.65,37.732746527493
2018-11-30 12:30:00,6.34,34.574804600477215
2018-11-30 12:45:00,6.48,34.45549454241991
2018-11-30 13:00:00,6.41,34.58504612520337
2018-11-30 13:15:00,41.76,35.990865487158295
2018-11-30 13:30:00,62.96000000000001,39.10132051110268
2018-11-30 13:45:00,50.72,43.76917889386415
2018-11-30 14:00:00,48.24,46.91035175561905
2018-11-30 14:15:00,50.29,49.13006582856178
2018-11-30 14:30:00,51.77,50.572443459331986
2018-11-30 14:45:00,52.96,51.061360062658785
2018-11-30 15:00:00,44.71000000000001,51.1975739133358
2018-11-30 15:15:00,51.19,50.65139369159937
2018-11-30 15:30:00,42.77,50.228915639817714
2018-11-30 15:45:00,41.72,49.38393259078264
2018-11-30 16:00:00,45.72,48.39597237765789
2018-11-30 16:15:00,67.68,47.6553356680274
2018-11-30 16:30:00,44.75,48.54614398270845
2018-11-30 16:45:00,48.28,47.25156675547361
2018-11-30 17:00:00,66.13,44.92360374063254
2018-11-30 17:15:00,44.419999999999995,43.877369453907015
2018-11-30 17:30:00,49.43,42.01413499057293
2018-11-30 17:45:00,28.8,40.7281623506546
2018-11-30 18:00:00,28.66,38.180750922858714
2018-11-30 18:15:00,42.84,35.41748605713248
2018-11-30 18:30:00,50.54,33.93757338419557
2018-11-30 18:45:00,45.61,33.631623270511625
2018-11-30 19:00:00,63.11,32.972992858737705
2018-11-30 19:15:00,44.96,33.52903512313962
2018-11-30 19:30:00,66.46,32.913811620920896
2018-11-30 19:45:00,45.61,33.140407320261
2018-11-30 20:00:00,38.09,31.60002451777458
2018-11-30 20:15:00,54.79,28.325024725049733
2018-11-30 20:30:00,52.63,25.569868200868367
2018-11-30 20:45:00,37.91,22.966964819431304
2018-11-30 21:00:00,9.139999999999999,18.522879597842692
2018-11-30 21:15:00,5.69,11.713813896849752
2018-11-30 21:30:00,5.58,8.334092212207615
2018-11-30 21:45:00,5.47,6.2983500318229195
2018-11-30 22:00:00,5.44,6.462481075339019
2018-11-30 22:15:00,5.22,6.747237452752888
2018-11-30 22:30:00,5.18,7.01181756613776
2018-11-30 22:45:00,5.11,7.0957678675092755
2018-11-30 23:00:00,3.92,6.9018932333961125
2018-11-30 23:15:00,3.92,6.380707182176411
2018-11-30 23:30:00,3.89,5.5763946739025405
2018-11-30 23:45:00,3.8200000000000003,4.480301159862429
2018-12-01 00:00:00,3.35,2.930354258650914
2018-12-01 00:15:00,3.89,0.5419046943634749
2018-12-01 00:30:00,3.85,-0.825222373548895
2018-12-01 00:45:00,3.89,-1.7470550307817756
2018-12-01 01:00:00,3.89,-2.424585164859891
2018-12-01 01:15:00,4.03,-2.8974804397672416
2018-12-01 01:30:00,3.89,-3.228768278732896
2018-12-01 01:45:00,3.92,-3.4942552756518124
2018-12-01 02:00:00,3.92,-3.826641142591834
2018-12-01 02:15:00,3.9599999999999995,-3.187195906713605
2018-12-01 02:30:00,4.03,-2.27562722876668
2018-12-01 02:45:00,4.14,-1.5316209317557514
2018-12-01 03:00:00,5.080000000000001,-0.9379762615077197
2018-12-01 03:15:00,4.72,-0.4618194617889821
2018-12-01 03:30:00,3.9599999999999995,0.030277549251914074
2018-12-01 03:45:00,3.92,-0.00768020000308747
2018-12-01 04:00:00,3.35,-0.6206647019274533
2018-12-01 04:15:00,3.28,-1.3129157647304237
2018-12-01 04:30:00,3.35,-2.0676842515729366
2018-12-01 04:45:00,3.24,-2.8655579148232935
2018-12-01 05:00:00,3.31,-3.4167937806993725
2018-12-01 05:15:00,3.31,-2.9905074355751275
2018-12-01 05:30:00,3.28,-2.053465462941676
2018-12-01 05:45:00,3.28,-1.0934387222118676
2018-12-01 06:00:00,3.2,0.5804392451234163
2018-12-01 06:15:00,3.4599999999999995,2.7265556914918125
2018-12-01 06:30:00,4.03,4.9485775318183
2018-12-01 06:45:00,3.89,7.503387456387281
2018-12-01 07:00:00,3.89,9.823419520705938
2018-12-01 07:15:00,4.46,11.850618302449584
2018-12-01 07:30:00,3.67,13.563437528759241
2018-12-01 07:45:00,3.4599999999999995,14.895462225377559
2018-12-01 08:00:00,3.4599999999999995,15.85221284583211
2018-12-01 08:15:00,3.71,16.44764602176845
2018-12-01 08:30:00,4.72,16.996911500021813
2018-12-01 08:45:00,4.46,18.202063442841173
2018-12-01 09:00:00,5.22,18.842218242809174
2018-12-01 09:15:00,28.58,18.98171831831336
2018-12-01 09:30:00,30.560000000000002,19.938746252581478
2018-12-01 09:45:00,28.08,21.04408094070852
2018-12-01 10:00:00,28.58,21.70675878688693
2018-12-01 10:15:00,28.73,22.521232825517654
2018-12-01 10:30:00,29.56,22.960347460657356
2018-12-01 10:45:00,30.06,23.135174172371624
2018-12-01 11:00:00,29.2,22.935418408364058
2018-12-01 11:15:00,27.94,22.2969679094851
2018-12-01 11:30:00,27.94,21.194577014148233
2018-12-01 11:45:00,25.63,19.354851352199912
2018-12-01 12:00:00,3.64,17.088522735834122
2018-12-01 12:15:00,3.85,13.496108653917908
2018-12-01 12:30:00,3.71,10.358434212580322
2018-12-01 12:45:00,3.74,9.509803420305252
2018-12-01 13:00:00,3.71,9.16994579859078
2018-12-01 13:15:00,11.3,8.904910138323903
2018-12-01 13:30:00,27.29,9.0185790495947
2018-12-01 13:45:00,26.86,10.030423616617918
2018-12-01 14:00:00,25.31,11.192285413593053
2018-12-01 14:15:00,26.209999999999997,12.162883761078119
2018-12-01 14:30:00,26.279999999999998,12.902219228968024
2018-12-01 14:45:00,18.68,13.336565638333559
2018-12-01 15:00:00,5.18,13.155368568003178
2018-12-01 15:15:00,5.080000000000001,12.037407680898903
2018-12-01 15:30:00,4.75,10.500973512753843
2018-12-01 15:45:00,4.75,8.857182971462606
2018-12-01 16:00:00,4.72,7.445804983228444
2018-12-01 16:15:00,4.64,6.186994501575827
2018-12-01 16:30:00,4.72,5.373088001944124
2018-12-01 16:45:00,4.68,4.7290214773174375
2018-12-01 17:00:00,4.64,4.229278829004616
2018-12-01 17:15:00,4.79,3.854097658582032
2018-12-01 17:30:00,4.75,3.898748691091314
2018-12-01 17:45:00,4.72,4.120784571040422
2018-12-01 18:00:00,4.68,4.350331501243636
2018-12-01 18:15:00,5.76,4.566744619077071
2018-12-01 18:30:00,5.4,4.773684017788618
2018-12-01 18:45:00,4.79,4.951447505243122
2018-12-01 19:00:00,4.79,5.093817273490131
2018-12-01 19:15:00,4.79,5.201643508300185
2018-12-01 19:30:00,4.79,5.241461337152868
2018-12-01 19:45:00,4.9,5.1450535266846416
2018-12-01 20:00:00,4.75,5.043448608350008
2018-12-01 20:15:00,4.79,4.959037707820534
2018-12-01 20:30:00,4.75,5.048456817232072
2018-12-01 20:45:00,4.82,5.131829475052654
2018-12-01 21:00:00,4.82,5.204194626975804
2018-12-01 21:15:00,4.75,5.26024626052007
2018-12-01 21:30:00,4.79,5.29367211824283
2018-12-01 21:45:00,4.79,5.30221663961187
2018-12-01 22:00:00,4.9,5.284741659127175
2018-12-01 22:15:00,5.76,5.251093501262367
2018-12-01 22:30:00,4.61,5.241437479183078
2018-12-01 22:45:00,3.42,5.212334404904395
2018-12-01 23:00:00,3.42,5.131117665506899
2018-12-01 23:15:00,3.28,5.010612744186073
2018-12-01 23:30:00,3.38,4.822848557159304
2018-12-01 23:45:00,3.31,4.379854335449636
2018-12-02 00:00:00,4.36,3.9183574161212893
2018-12-02 00:15:00,3.35,3.3768469709483906
2018-12-02 00:30:00,3.35,2.8483158227056267
2018-12-02 00:45:00,3.38,2.355533526567742
2018-12-02 01:00:00,3.89,1.9074725737795235
2018-12-02 01:15:00,4.46,1.5087811985611916
2018-12-02 01:30:00,4.43,1.1576323014497758
2018-12-02 01:45:00,4.14,0.9482671085745097
2018-12-02 02:00:00,3.4599999999999995,0.8439684851095081
2018-12-02 02:15:00,3.38,0.716827680002898
2018-12-02 02:30:00,3.38,0.6018269326537848
2018-12-02 02:45:00,3.38,0.49991158002987507
2018-12-02 03:00:00,4.32,0.40938658354803925
2018-12-02 03:15:00,4.64,0.3402661155164242
2018-12-02 03:30:00,3.8200000000000003,0.3544085586443544
2018-12-02 03:45:00,3.4599999999999995,0.4055019447021187
2018-12-02 04:00:00,3.42,0.695884031392634
2018-12-02 04:15:00,3.4599999999999995,0.988977225497365
2018-12-02 04:30:00,4.32,1.2911047310568393
2018-12-02 04:45:00,4.5,1.6381242346204818
2018-12-02 05:00:00,4.54,2.0253702400252225
2018-12-02 05:15:00,4.39,2.445289033353329
2018-12-02 05:30:00,3.35,3.03495672037825
2018-12-02 05:45:00,3.4599999999999995,3.684808241315186
2018-12-02 06:00:00,3.35,4.347590220514685
2018-12-02 06:15:00,3.42,5.03823915047571
2018-12-02 06:30:00,3.42,5.783841966688633
2018-12-02 06:45:00,3.38,6.871258196774869
2018-12-02 07:00:00,3.4599999999999995,8.031781982667743
2018-12-02 07:15:00,3.38,9.23420625783503
2018-12-02 07:30:00,3.4599999999999995,10.456872757300735
2018-12-02 07:45:00,3.4599999999999995,11.6741748624295
2018-12-02 08:00:00,3.49,13.157647705823182
2018-12-02 08:15:00,4.57,15.409062003567815
2018-12-02 08:30:00,4.54,17.900762545764447
2018-12-02 08:45:00,5.54,20.582438768446444
2018-12-02 09:00:00,4.75,21.940838591009378
2018-12-02 09:15:00,3.74,22.283968964815138
2018-12-02 09:30:00,3.71,21.795580043643714
2018-12-02 09:45:00,3.6,20.471966825127602
2018-12-02 10:00:00,3.56,18.907887725681068
2018-12-02 10:15:00,3.6,16.922973125502466
2018-12-02 10:30:00,3.64,14.187604682147503
2018-12-02 10:45:00,3.64,10.881272919401527
2018-12-02 11:00:00,3.64,6.968292208779602
2018-12-02 11:15:00,3.64,2.5263419948052617
2018-12-02 11:30:00,3.56,-2.3482856933772562
2018-12-02 11:45:00,3.64,-7.387811949998141
2018-12-02 12:00:00,4.03,-11.019927939102054
2018-12-02 12:15:00,4.86,-12.246475709229708
2018-12-02 12:30:00,4.75,-13.138357351869345
2018-12-02 12:45:00,5.359999999999999,-13.242035668119788
2018-12-02 13:00:00,4.9,-12.00007621087134
2018-12-02 13:15:00,3.78,-10.364218865558506
2018-12-02 13:30:00,3.64,-8.448407050445676
2018-12-02 13:45:00,3.6,-5.608023121803999
2018-12-02 14:00:00,3.6,-2.0566152763180434
2018-12-02 14:15:00,3.6,1.2947676311247052
2018-12-02 14:30:00,3.56,5.639251442477106
2018-12-02 14:45:00,3.56,10.772772486433386
2018-12-02 15:00:00,3.64,15.437621958181262
2018-12-02 15:15:00,3.6,19.01142794638872
2018-12-02 15:30:00,3.56,20.704600555598734
2018-12-02 15:45:00,3.85,20.134038050100205
2018-12-02 16:00:00,4.68,17.63216334685683
2018-12-02 16:15:00,4.72,13.934395838528872
2018-12-02 16:30:00,4.72,9.69119584530592
2018-12-02 16:45:00,3.89,5.5525841393694275
2018-12-02 17:00:00,3.5299999999999994,4.281403861744329
2018-12-02 17:15:00,3.6,4.408488109428435
2018-12-02 17:30:00,3.6,4.809830245431512
2018-12-02 17:45:00,3.74,5.391908571925014
2018-12-02 18:00:00,4.72,6.04571321811527
2018-12-02 18:15:00,3.89,6.9731028175354
2018-12-02 18:30:00,3.5299999999999994,9.70217387959361
2018-12-02 18:45:00,3.5299999999999994,12.43125167801976
2018-12-02 19:00:00,3.56,15.171944097504019
2018-12-02 19:15:00,3.67,18.698996324017642
2018-12-02 19:30:00,3.56,21.763521668612956
2018-12-02 19:45:00,4.39,23.742540824115277
2018-12-02 20:00:00,4.72,24.46447737634182
2018-12-02 20:15:00,4.68,23.782060849368573
2018-12-02 20:30:00,4.75,21.539122025221587
2018-12-02 20:45:00,3.71,17.636465640515087
2018-12-02 21:00:00,3.5299999999999994,11.514734015092253
2018-12-02 21:15:00,3.6,4.649223725758493
2018-12-02 21:30:00,3.6,-2.1993701402656733
2018-12-02 21:45:00,3.6,-3.3208824966847894
2018-12-02 22:00:00,3.56,-2.4142459627985953
2018-12-02 22:15:00,4.07,-1.527045253831893
2018-12-02 22:30:00,4.32,-0.631327249649912
2018-12-02 22:45:00,3.35,0.16030797552317386
2018-12-02 23:00:00,3.31,0.754702628068626
2018-12-02 23:15:00,3.31,1.1828479300625623
2018-12-02 23:30:00,3.28,1.454177042078227
2018-12-02 23:45:00,3.35,1.584368018452078
2018-12-03 00:00:00,4.57,1.5894360125996172
2018-12-03 00:15:00,4.43,1.5097161502949894
2018-12-03 00:30:00,4.36,1.41685026595369
2018-12-03 00:45:00,4.21,1.3349607318080963
2018-12-03 01:00:00,3.35,1.270013163033873
2018-12-03 01:15:00,3.38,0.9108951426483691
2018-12-03 01:30:00,3.35,0.3747768091596663
2018-12-03 01:45:00,3.42,0.1058739123307169
2018-12-03 02:00:00,3.49,0.017434102408587983
2018-12-03 02:15:00,3.42,-0.23492174861952658
2018-12-03 02:30:00,3.38,-0.5379656809009611
2018-12-03 02:45:00,4.36,-0.9857421624846756
2018-12-03 03:00:00,4.14,-1.6076273712329565
2018-12-03 03:15:00,3.42,-1.1407791092805564
2018-12-03 03:30:00,3.38,-0.6397841982357203
2018-12-03 03:45:00,3.35,-0.2951569473370909
2018-12-03 04:00:00,3.35,0.49682548146694905
2018-12-03 04:15:00,4.1,1.3321811379864812
2018-12-03 04:30:00,4.43,2.2696827273909004
2018-12-03 04:45:00,4.5,3.2997963944403454
2018-12-03 05:00:00,3.78,3.5925846977252514
2018-12-03 05:15:00,3.31,1.4600180344469846
2018-12-03 05:30:00,3.38,-0.739486373309046
2018-12-03 05:45:00,3.31,-2.978712055310607
2018-12-03 06:00:00,3.31,-3.5861404570937156
2018-12-03 06:15:00,3.35,-3.058636815473437
2018-12-03 06:30:00,3.31,-1.5420471452362834
2018-12-03 06:45:00,3.24,0.7885983474552631
2018-12-03 07:00:00,3.24,4.053383280243724
2018-12-03 07:15:00,4.21,8.304081131666898
2018-12-03 07:30:00,5.76,12.880715619772673
2018-12-03 07:45:00,5.98,17.197467769086362
2018-12-03 08:00:00,5.58,25.131885275542736
2018-12-03 08:15:00,34.99,32.63873877242207
2018-12-03 08:30:00,56.84,41.64975137591362
2018-12-03 08:45:00,61.06,51.6825924050808
2018-12-03 09:00:00,57.88999999999999,60.51177022874355
2018-12-03 09:15:00,70.49,67.49189139813184
2018-12-03 09:30:00,50.11,74.64281093120574
2018-12-03 09:45:00,66.38,78.65030316472054
2018-12-03 10:00:00,56.88,81.427905266881
2018-12-03 10:15:00,47.089999999999996,81.36607439100743
2018-12-03 10:30:00,55.8,75.59132297366858
2018-12-03 10:45:00,66.89,69.68479023575783
2018-12-03 11:00:00,62.89,63.92541121006012
2018-12-03 11:15:00,63.790000000000006,57.379907027482986
2018-12-03 11:30:00,58.1,50.75653941333294
2018-12-03 11:45:00,54.5,44.129080578386784
2018-12-03 12:00:00,35.35,38.32648999780417
2018-12-03 12:15:00,6.34,32.863201288580896
2018-12-03 12:30:00,5.76,27.756787389218808
2018-12-03 12:45:00,6.3,28.021382940113543
2018-12-03 13:00:00,6.19,29.570749811977148
2018-12-03 13:15:00,35.35,33.35174963712692
2018-12-03 13:30:00,51.95,38.977337659150365
2018-12-03 13:45:00,48.46,46.154189963340755
2018-12-03 14:00:00,65.02,53.13719429820776
2018-12-03 14:15:00,69.91,60.25460713714361
2018-12-03 14:30:00,55.12,65.60928314059973
2018-12-03 14:45:00,56.84,68.87978079408407
2018-12-03 15:00:00,54.22,70.98962919682265
2018-12-03 15:15:00,49.97,71.86855455845594
2018-12-03 15:30:00,48.17,71.72759381383658
2018-12-03 15:45:00,49.86,70.99459614545107
2018-12-03 16:00:00,58.75,68.71894327312708
2018-12-03 16:15:00,65.7,66.02142311304807
2018-12-03 16:30:00,51.88,63.420453069210055
2018-12-03 16:45:00,57.199999999999996,59.603141975402835
2018-12-03 17:00:00,76.03,56.057337945997716
2018-12-03 17:15:00,72.18,54.048907808065415
2018-12-03 17:30:00,61.42,52.62918682813644
2018-12-03 17:45:00,36.61,50.760828234255314
2018-12-03 18:00:00,29.56,47.73182937145233
2018-12-03 18:15:00,34.13,45.71761942982673
2018-12-03 18:30:00,42.26,44.50027690649033
2018-12-03 18:45:00,56.81,44.5439824616909
2018-12-03 19:00:00,43.019999999999996,46.06017721235752
2018-12-03 19:15:00,47.74,47.184728512763975
2018-12-03 19:30:00,39.17,48.35471436947584
2018-12-03 19:45:00,43.67,48.129140352606775
2018-12-03 20:00:00,50.43999999999999,47.02085962623358
2018-12-03 20:15:00,46.22,45.42044231265783
2018-12-03 20:30:00,45.36,42.48540680080652
2018-12-03 20:45:00,50.11,38.08151524126529
2018-12-03 21:00:00,25.45,33.03981538325548
2018-12-03 21:15:00,8.6,24.700030199587346
2018-12-03 21:30:00,6.19,15.095659221485256
2018-12-03 21:45:00,5.62,6.744257451985031
2018-12-03 22:00:00,4.93,5.3902595651894805
2018-12-03 22:15:00,4.72,4.725366015322506
2018-12-03 22:30:00,4.75,4.178682390423492
2018-12-03 22:45:00,4.68,3.577851138310507
2018-12-03 23:00:00,4.68,3.441921618496999
2018-12-03 23:15:00,4.61,3.519710809681565
2018-12-03 23:30:00,4.57,3.546485626790673
2018-12-03 23:45:00,4.61,3.4900045497901737
2018-12-04 00:00:00,3.89,3.2422111144615338
2018-12-04 00:15:00,4.61,2.890395387094468
2018-12-04 00:30:00,4.57,2.5011340849474073
2018-12-04 00:45:00,4.61,2.15566422669217
2018-12-04 01:00:00,4.64,1.0871238609403373
2018-12-04 01:15:00,5.04,0.13093600789085036
2018-12-04 01:30:00,5.8,-0.4248665540851652
2018-12-04 01:45:00,4.68,-0.6836918444745242
2018-12-04 02:00:00,3.6,-0.9333393949083983
2018-12-04 02:15:00,3.56,-1.2998842609487473
2018-12-04 02:30:00,3.64,-1.7856841713748872
2018-12-04 02:45:00,3.67,-1.0321203716658056
2018-12-04 03:00:00,3.64,-0.2085707613267004
2018-12-04 03:15:00,3.64,0.2931081717461348
2018-12-04 03:30:00,3.71,0.5710992709733547
2018-12-04 03:45:00,3.67,0.8244215101189912
2018-12-04 04:00:00,3.71,1.3906864935532213
2018-12-04 04:15:00,3.67,1.98554890264757
2018-12-04 04:30:00,3.6,2.6535466550663114
2018-12-04 04:45:00,4.36,3.3984384336089715
2018-12-04 05:00:00,4.64,1.9023961591720582
2018-12-04 05:15:00,4.72,-0.0538681067898869
2018-12-04 05:30:00,5.44,-2.051680886801332
2018-12-04 05:45:00,4.43,-3.916225854381919
2018-12-04 06:00:00,3.64,-4.331449960619211
2018-12-04 06:15:00,3.56,-3.9420003208518026
2018-12-04 06:30:00,3.67,-2.2289585137180983
2018-12-04 06:45:00,3.64,0.2782289383746684
2018-12-04 07:00:00,3.56,4.334706636145711
2018-12-04 07:15:00,3.56,9.062471539005637
2018-12-04 07:30:00,3.8200000000000003,13.769746656045317
2018-12-04 07:45:00,4.54,18.146546789184214
2018-12-04 08:00:00,5.940000000000001,25.40958306208253
2018-12-04 08:15:00,28.4,32.9963388645649
2018-12-04 08:30:00,55.04,41.545894545912745
2018-12-04 08:45:00,61.129999999999995,51.36645914852619
2018-12-04 09:00:00,82.33,60.24294423878193
2018-12-04 09:15:00,82.37,68.94935849308968
2018-12-04 09:30:00,64.08,76.57453629285098
2018-12-04 09:45:00,59.36,80.33276045799256
2018-12-04 10:00:00,52.16,81.61393680393697
2018-12-04 10:15:00,56.95,80.41090232610703
2018-12-04 10:30:00,53.42,75.65966118097306
2018-12-04 10:45:00,58.86,68.84765730082988
2018-12-04 11:00:00,59.98,61.90281224489212
2018-12-04 11:15:00,61.24,54.92669247806072
2018-12-04 11:30:00,84.1,48.3606917732954
2018-12-04 11:45:00,63.86,44.18887258023024
2018-12-04 12:00:00,49.86,39.93177770540118
2018-12-04 12:15:00,6.91,36.0390597088635
2018-12-04 12:30:00,7.38,31.323730141222477
2018-12-04 12:45:00,6.62,31.221038702875376
2018-12-04 13:00:00,6.55,33.50791885510087
2018-12-04 13:15:00,32.51,36.54192283928394
2018-12-04 13:30:00,57.28,41.11276405096054
2018-12-04 13:45:00,55.510000000000005,47.66458694666624
2018-12-04 14:00:00,56.12,54.46372436404228
2018-12-04 14:15:00,58.82,60.07618769586086
2018-12-04 14:30:00,52.88,64.17677653431892
2018-12-04 14:45:00,53.46,66.73929988086223
2018-12-04 15:00:00,62.96000000000001,68.3244974938035
2018-12-04 15:15:00,64.62,68.93676597595214
2018-12-04 15:30:00,60.01,69.4675333878398
2018-12-04 15:45:00,55.66,69.68618241846562
2018-12-04 16:00:00,53.81999999999999,69.55984408318996
2018-12-04 16:15:00,71.86,67.67980911821127
2018-12-04 16:30:00,60.73,65.89597846925258
2018-12-04 16:45:00,68.22,62.94254369109869
2018-12-04 17:00:00,80.46,60.0063091057539
2018-12-04 17:15:00,61.52,57.87145979613066
2018-12-04 17:30:00,71.1,54.66446812868118
2018-12-04 17:45:00,35.21,52.21050808787346
2018-12-04 18:00:00,30.31,47.68092488437891
2018-12-04 18:15:00,43.56,43.08228941857815
2018-12-04 18:30:00,40.97,41.681722178161145
2018-12-04 18:45:00,38.56,41.117870217859746
2018-12-04 19:00:00,41.65,40.79477155685425
2018-12-04 19:15:00,49.07,40.65942445218563
2018-12-04 19:30:00,40.46,40.7978208860755
2018-12-04 19:45:00,48.64000000000001,40.216247787177565
2018-12-04 20:00:00,49.74999999999999,39.34868443280458
2018-12-04 20:15:00,48.89,37.9561514338851
2018-12-04 20:30:00,37.84000000000001,35.69512770727277
2018-12-04 20:45:00,30.67,31.398788998275993
2018-12-04 21:00:00,5.080000000000001,25.57525055885315
2018-12-04 21:15:00,5.69,17.158457462340593
2018-12-04 21:30:00,5.44,8.560733382031321
2018-12-04 21:45:00,5.4,2.82081249547191
2018-12-04 22:00:00,5.44,2.498184117153287
2018-12-04 22:15:00,5.26,2.3658643081691118
2018-12-04 22:30:00,4.64,2.456703528147191
2018-12-04 22:45:00,3.92,2.632166826631874
2018-12-04 23:00:00,3.9599999999999995,2.7843952693603935
2018-12-04 23:15:00,3.92,2.8513213655352594
2018-12-04 23:30:00,3.85,2.7605311245657504
2018-12-04 23:45:00,3.89,2.5296648486331104
2018-12-05 00:00:00,3.9599999999999995,2.1436842980142683
2018-12-05 00:15:00,3.89,1.8625547530315818
2018-12-05 00:30:00,3.92,1.643439790289849
2018-12-05 00:45:00,3.89,1.4626379202120006
2018-12-05 01:00:00,3.9599999999999995,0.5222987761534751
2018-12-05 01:15:00,3.78,-0.22071980090811844
2018-12-05 01:30:00,3.85,-0.7150995986349881
2018-12-05 01:45:00,3.8200000000000003,-1.036026903707534
2018-12-05 02:00:00,3.8200000000000003,-1.3493926357664168
2018-12-05 02:15:00,3.85,-1.8517707476951182
2018-12-05 02:30:00,4.64,-0.4176457290165126
2018-12-05 02:45:00,4.86,0.7250609250366689
2018-12-05 03:00:00,3.8200000000000003,1.5042119763232769
2018-12-05 03:15:00,3.49,1.963348500393331
2018-12-05 03:30:00,3.13,2.164246920812875
2018-12-05 03:45:00,3.2,2.176282564867288
2018-12-05 04:00:00,3.13,2.2294810659065845
2018-12-05 04:15:00,3.1,2.5027634439431132
2018-12-05 04:30:00,3.17,2.8352467075362804
2018-12-05 04:45:00,3.06,2.6997518237959595
2018-12-05 05:00:00,3.17,0.9780455037392677
2018-12-05 05:15:00,3.06,-0.9257115809433162
2018-12-05 05:30:00,3.1,-2.9997968869656324
2018-12-05 05:45:00,3.02,-4.982638931274415
2018-12-05 06:00:00,3.1,-6.084961340203882
2018-12-05 06:15:00,3.02,-5.636062130630017
2018-12-05 06:30:00,4.61,-4.396838761493564
2018-12-05 06:45:00,4.9,-0.6172488020174205
2018-12-05 07:00:00,3.85,3.7364512027241292
2018-12-05 07:15:00,3.49,8.394019502773881
2018-12-05 07:30:00,3.2,12.999064622670412
2018-12-05 07:45:00,4.32,17.12791701555252
2018-12-05 08:00:00,4.72,22.100027947276832
2018-12-05 08:15:00,27.65,28.421664659529924
2018-12-05 08:30:00,61.56000000000001,35.92574950918555
2018-12-05 08:45:00,57.71,45.65115842372179
2018-12-05 09:00:00,57.82,54.27118998646736
2018-12-05 09:15:00,68.08,61.22435221135616
2018-12-05 09:30:00,64.08,67.33074849516153
2018-12-05 09:45:00,64.76,70.84388114005327
2018-12-05 10:00:00,62.68,72.94507555544376
2018-12-05 10:15:00,49.28,73.31039777070283
2018-12-05 10:30:00,56.52,69.788386592865
2018-12-05 10:45:00,59.04,63.97244004011154
2018-12-05 11:00:00,66.85,57.99524280250073
2018-12-05 11:15:00,68.83,52.60648975908756
2018-12-05 11:30:00,60.3,47.63051888853312
2018-12-05 11:45:00,53.21,42.487306456565854
2018-12-05 12:00:00,40.97,37.968746196478605
2018-12-05 12:15:00,10.69,33.85102677434683
2018-12-05 12:30:00,9.43,29.33547991618514
2018-12-05 12:45:00,10.33,30.355698349922896
2018-12-05 13:00:00,26.68,32.21849045842886
2018-12-05 13:15:00,43.34,35.40870407879353
2018-12-05 13:30:00,46.50999999999999,40.22913670450449
2018-12-05 13:45:00,50.43999999999999,45.944891011416914
2018-12-05 14:00:00,63.4,51.281477621495725
2018-12-05 14:15:00,54.36,56.785683029592036
2018-12-05 14:30:00,61.52,61.09043321669102
2018-12-05 14:45:00,58.93,64.9650618198514
2018-12-05 15:00:00,85.46000000000001,67.76618731886148
2018-12-05 15:15:00,109.3,71.2757317250967
2018-12-05 15:30:00,87.16000000000001,75.66207280069591
2018-12-05 15:45:00,96.01,77.47186092078687
2018-12-05 16:00:00,105.91,78.10858241856099
2018-12-05 16:15:00,68.18,77.76575518131257
2018-12-05 16:30:00,64.91,73.69495007097721
2018-12-05 16:45:00,56.05,68.08223524808884
2018-12-05 17:00:00,62.96000000000001,61.47542113542557
2018-12-05 17:15:00,47.12,55.953701170682905
2018-12-05 17:30:00,44.57000000000001,50.684963258504865
2018-12-05 17:45:00,44.24,45.91055798947811
2018-12-05 18:00:00,27.32,42.00888960540295
2018-12-05 18:15:00,5.870000000000001,39.896849637627604
2018-12-05 18:30:00,5.359999999999999,37.74583529040218
2018-12-05 18:45:00,5.47,36.19526709958911
2018-12-05 19:00:00,5.58,35.09939476296306
2018-12-05 19:15:00,5.58,34.01112778574228
2018-12-05 19:30:00,5.47,34.74906545728445
2018-12-05 19:45:00,5.44,34.95048285871744
2018-12-05 20:00:00,5.44,34.12786679670214
2018-12-05 20:15:00,5.44,32.07881186917424
2018-12-05 20:30:00,5.51,28.492695168554782
2018-12-05 20:45:00,5.44,23.19976022273302
2018-12-05 21:00:00,4.82,15.442918988838791
2018-12-05 21:15:00,4.28,7.347304688468575
2018-12-05 21:30:00,4.25,0.29630991129204637
2018-12-05 21:45:00,4.28,0.4147487324289978
2018-12-05 22:00:00,4.36,1.1413569558225574
2018-12-05 22:15:00,4.03,1.9247861621156335
2018-12-05 22:30:00,4.0,2.814905963856727
2018-12-05 22:45:00,4.03,3.6632058320567014
2018-12-05 23:00:00,4.0,4.395088631547988
2018-12-05 23:15:00,4.0,4.952031323798001
2018-12-05 23:30:00,3.92,5.302356419246643
2018-12-05 23:45:00,4.0,5.352902756091207
2018-12-06 00:00:00,4.0,5.121093669328838
2018-12-06 00:15:00,3.9599999999999995,4.835586186889558
2018-12-06 00:30:00,4.79,4.6330797393061225
2018-12-06 00:45:00,5.18,4.377260553110391
2018-12-06 01:00:00,4.03,3.3432772637018933
2018-12-06 01:15:00,3.92,2.770860081734136
2018-12-06 01:30:00,4.0,2.5789677642285826
2018-12-06 01:45:00,3.92,2.596844400651753
2018-12-06 02:00:00,4.07,2.4656101292930543
2018-12-06 02:15:00,3.4599999999999995,2.21675368106924
2018-12-06 02:30:00,3.28,2.6555313574709
2018-12-06 02:45:00,3.38,3.774576940154657
2018-12-06 03:00:00,3.31,4.344612605543807
2018-12-06 03:15:00,3.35,4.4723783491179345
2018-12-06 03:30:00,3.35,4.283095532143489
2018-12-06 03:45:00,3.38,4.276481962576509
2018-12-06 04:00:00,3.42,4.389270234080032
2018-12-06 04:15:00,3.31,4.614722154280171
2018-12-06 04:30:00,4.61,5.037384754475205
2018-12-06 04:45:00,5.04,2.1361909307260065
2018-12-06 05:00:00,4.07,-0.7787588370405137
2018-12-06 05:15:00,3.71,-3.5915149559825656
2018-12-06 05:30:00,3.31,-6.109825274273754
2018-12-06 05:45:00,3.31,-7.266411372423172
2018-12-06 06:00:00,3.38,-7.584023261740804
2018-12-06 06:15:00,3.31,-6.526906372606755
2018-12-06 06:30:00,3.28,-2.9047972580790518
2018-12-06 06:45:00,3.31,1.87608643213287
2018-12-06 07:00:00,3.24,7.1687774652987715
2018-12-06 07:15:00,3.28,12.479353836029768
2018-12-06 07:30:00,3.4599999999999995,18.091638654097913
2018-12-06 07:45:00,4.21,25.180780079513788
2018-12-06 08:00:00,6.44,32.036550142169
2018-12-06 08:15:00,32.29,37.46394299209118
2018-12-06 08:30:00,64.98,44.115500060617926
2018-12-06 08:45:00,60.84,52.83800525248051
2018-12-06 09:00:00,59.87,60.271272911429406
2018-12-06 09:15:00,67.0,65.9571087628603
2018-12-06 09:30:00,71.17,70.99776223838329
2018-12-06 09:45:00,76.86,73.83712785273791
2018-12-06 10:00:00,66.67,75.69340589344502
2018-12-06 10:15:00,63.18,75.33735292047263
2018-12-06 10:30:00,68.87,73.10052398204803
2018-12-06 10:45:00,71.06,68.4891073808074
2018-12-06 11:00:00,62.78,62.808454041779044
2018-12-06 11:15:00,60.88,56.184040045142176
2018-12-06 11:30:00,74.45,49.64460757553577
2018-12-06 11:45:00,67.82,44.8736468359828
2018-12-06 12:00:00,69.26,40.96350410103798
2018-12-06 12:15:00,9.94,38.67361728325486
2018-12-06 12:30:00,6.88,34.514170552641154
2018-12-06 12:45:00,7.02,35.011940988898274
2018-12-06 13:00:00,6.95,36.74334024071693
2018-12-06 13:15:00,35.78,38.95693544611335
2018-12-06 13:30:00,61.78,42.91592358499766
2018-12-06 13:45:00,60.8,49.27883177816868
2018-12-06 14:00:00,71.78,56.275614230930806
2018-12-06 14:15:00,72.11,62.36123106509447
2018-12-06 14:30:00,68.22,67.74787337988614
2018-12-06 14:45:00,73.44,71.72142330080271
2018-12-06 15:00:00,56.88,74.8667457652092
2018-12-06 15:15:00,50.29,75.42021473705769
2018-12-06 15:30:00,48.78000000000001,74.48796877771616
2018-12-06 15:45:00,48.96,72.38193315923213
2018-12-06 16:00:00,49.97,69.18223024189471
2018-12-06 16:15:00,62.28,65.45643046110868
2018-12-06 16:30:00,47.95,62.163109993040564
2018-12-06 16:45:00,57.35,57.808110992014406
2018-12-06 17:00:00,47.77,53.925555929243565
2018-12-06 17:15:00,48.6,49.6603347492218
2018-12-06 17:30:00,57.46,46.23956669062376
2018-12-06 17:45:00,31.86,43.75117931872606
2018-12-06 18:00:00,31.609999999999996,40.180504618883134
2018-12-06 18:15:00,36.61,37.841714015305044
2018-12-06 18:30:00,40.06999999999999,37.782799986749886
2018-12-06 18:45:00,37.87,38.642232545018196
2018-12-06 19:00:00,47.23,39.52976923033595
2018-12-06 19:15:00,53.03,40.930334225296974
2018-12-06 19:30:00,38.63,42.44168777287006
2018-12-06 19:45:00,37.51,42.65781291097402
2018-12-06 20:00:00,38.3,41.32464976817369
2018-12-06 20:15:00,54.36,38.373119136691095
2018-12-06 20:30:00,38.84,34.47424859076738
2018-12-06 20:45:00,27.72,27.432640100270508
2018-12-06 21:00:00,8.859999999999998,18.82247170291841
2018-12-06 21:15:00,5.51,9.695816993713379
2018-12-06 21:30:00,5.58,3.4246755341812967
2018-12-06 21:45:00,5.62,3.3309599552629514
2018-12-06 22:00:00,5.54,3.2208031476568433
2018-12-06 22:15:00,5.26,3.1598278606822716
2018-12-06 22:30:00,5.22,3.199920828063041
2018-12-06 22:45:00,5.26,3.2727749280259015
2018-12-06 23:00:00,4.18,3.714524886440486
2018-12-06 23:15:00,3.9599999999999995,4.087712793657556
2018-12-06 23:30:00,4.0,4.326045070383698
2018-12-06 23:45:00,4.0,4.37523515181616
2018-12-07 00:00:00,4.03,4.281577884582803
2018-12-07 00:15:00,3.9599999999999995,4.07855007018894
2018-12-07 00:30:00,4.03,3.9420016465708616
2018-12-07 00:45:00,4.03,3.4012351490324364
2018-12-07 01:00:00,4.0,2.5922423386201263
2018-12-07 01:15:00,4.03,2.268256862843409
2018-12-07 01:30:00,4.03,2.3107328905537723
2018-12-07 01:45:00,4.03,2.452485158406198
2018-12-07 02:00:00,4.1,2.469867654172704
2018-12-07 02:15:00,4.0,2.3302293427847327
2018-12-07 02:30:00,4.72,2.6795575961191207
2018-12-07 02:45:00,4.79,3.8381080472283067
2018-12-07 03:00:00,4.14,4.437846042960882
2018-12-07 03:15:00,4.07,4.569672132311389
2018-12-07 03:30:00,4.03,4.357319921618328
2018-12-07 03:45:00,4.0,4.3617650824133305
2018-12-07 04:00:00,3.42,4.439888285174966
2018-12-07 04:15:00,3.49,4.646086543072015
2018-12-07 04:30:00,3.4599999999999995,5.042392682675271
2018-12-07 04:45:00,3.38,2.1363300086557864
2018-12-07 05:00:00,3.42,-0.9027124980650841
2018-12-07 05:15:00,3.42,-3.857675589695573
2018-12-07 05:30:00,3.74,-6.6419478188455106
2018-12-07 05:45:00,4.07,-8.182219471260906
2018-12-07 06:00:00,3.49,-8.63820983082056
2018-12-07 06:15:00,3.42,-7.422340326607228
2018-12-07 06:30:00,3.64,-3.5356098384410144
2018-12-07 06:45:00,4.1,1.032135731484741
2018-12-07 07:00:00,4.0,6.044463060498237
2018-12-07 07:15:00,4.0,10.977241462543606
2018-12-07 07:30:00,3.8200000000000003,15.481823759153485
2018-12-07 07:45:00,4.54,21.315256800353527
2018-12-07 08:00:00,4.79,27.38908049970865
2018-12-07 08:15:00,47.66,31.71373889952898
2018-12-07 08:30:00,60.19,38.33040158212185
2018-12-07 08:45:00,60.19,46.029823138415814
2018-12-07 09:00:00,53.32,52.733950822353364
2018-12-07 09:15:00,58.86,57.1968978741765
2018-12-07 09:30:00,49.5,60.88240968376398
2018-12-07 09:45:00,48.42,62.57238027274609
2018-12-07 10:00:00,62.78,61.78531651526689
2018-12-07 10:15:00,48.02,60.43175115942955
2018-12-07 10:30:00,46.22,56.88076910853386
2018-12-07 10:45:00,57.46,52.174288882911206
2018-12-07 11:00:00,48.78000000000001,48.050441611409184
2018-12-07 11:15:00,47.02,42.90857645303011
2018-12-07 11:30:00,58.0,37.71961285546422
2018-12-07 11:45:00,51.48,34.63676346734166
2018-12-07 12:00:00,44.279999999999994,32.36712392613292
2018-12-07 12:15:00,26.6,31.037894822210074
2018-12-07 12:30:00,12.49,32.32494977191091
2018-12-07 12:45:00,9.79,33.26351893529296
2018-12-07 13:00:00,10.76,35.31652586534619
2018-12-07 13:15:00,44.06,36.927750558555125
2018-12-07 13:30:00,49.82,39.72856843009591
2018-12-07 13:45:00,54.36,42.206844513714316
2018-12-07 14:00:00,55.98,45.05104234933853
2018-12-07 14:15:00,56.47999999999999,47.7805737298727
2018-12-07 14:30:00,47.41,50.220616434514525
2018-12-07 14:45:00,47.95,50.99629123926162
2018-12-07 15:00:00,58.86,51.09416168361902
2018-12-07 15:15:00,50.08,51.63263999134302
2018-12-07 15:30:00,51.88,51.6031077542901
2018-12-07 15:45:00,53.81999999999999,51.469413305222986
2018-12-07 16:00:00,49.900000000000006,51.46288351923227
2018-12-07 16:15:00,57.1,51.424261676371096
2018-12-07 16:30:00,50.33,50.9028129068017
2018-12-07 16:45:00,68.54,48.92134620428085
2018-12-07 17:00:00,60.12,48.1163367626071
2018-12-07 17:15:00,72.11,47.061619143188
2018-12-07 17:30:00,46.33,47.61159418553114
2018-12-07 17:45:00,34.16,46.52770360201597
2018-12-07 18:00:00,30.349999999999998,44.13025719732046
2018-12-07 18:15:00,42.48,41.255925342440605
2018-12-07 18:30:00,52.85000000000001,39.31887825012207
2018-12-07 18:45:00,58.97,38.51779386550188
2018-12-07 19:00:00,57.17,38.32324531391263
2018-12-07 19:15:00,44.39,37.992159565985204
2018-12-07 19:30:00,47.84,36.44274778500199
2018-12-07 19:45:00,54.07,34.246597527116535
2018-12-07 20:00:00,43.38,32.15091570615768
2018-12-07 20:15:00,57.64,28.920005441606044
2018-12-07 20:30:00,41.72,26.384420830458403
2018-12-07 20:45:00,31.9,22.632055059969424
2018-12-07 21:00:00,19.690000000000005,17.086071820631624
2018-12-07 21:15:00,5.62,11.871379788443445
2018-12-07 21:30:00,5.62,8.552237699329853
2018-12-07 21:45:00,5.1499999999999995,7.3989872260391705
2018-12-07 22:00:00,4.28,7.58196382023394
2018-12-07 22:15:00,4.0,7.809420651942491
2018-12-07 22:30:00,4.07,7.969943809062242
2018-12-07 22:45:00,4.03,7.91209524936974
2018-12-07 23:00:00,4.0,7.5478239075094455
2018-12-07 23:15:00,3.9599999999999995,6.859359244853258
2018-12-07 23:30:00,4.03,5.874926362391561
2018-12-07 23:45:00,4.0,4.59745543983765
2018-12-08 00:00:00,3.78,2.8028209197707477
2018-12-08 00:15:00,4.0,0.8398017608560622
2018-12-08 00:30:00,3.9599999999999995,-0.2940137295611202
2018-12-08 00:45:00,4.0,-1.1951651758514343
2018-12-08 01:00:00,4.0,-1.837696229610592
2018-12-08 01:15:00,5.1499999999999995,-2.274160946011543
2018-12-08 01:30:00,4.79,-2.5631668488681316
2018-12-08 01:45:00,3.9599999999999995,-2.790181325748563
2018-12-08 02:00:00,3.9599999999999995,-3.1648064651340246
2018-12-08 02:15:00,4.1,-2.5354567993432284
2018-12-08 02:30:00,4.0,-1.6935340261273086
2018-12-08 02:45:00,4.0,-1.0336203362606464
2018-12-08 03:00:00,4.0,-0.5312119106762111
2018-12-08 03:15:00,3.9599999999999995,-0.15617697557434435
2018-12-08 03:30:00,3.64,0.23005211895331745
2018-12-08 03:45:00,3.38,0.22451117563992745
2018-12-08 04:00:00,3.31,-0.45633493555709714
2018-12-08 04:15:00,3.35,-1.2018016210012137
2018-12-08 04:30:00,3.35,-1.9947585777007042
2018-12-08 04:45:00,3.42,-2.819590062722564
2018-12-08 05:00:00,3.49,-3.462560664489865
2018-12-08 05:15:00,4.0,-3.0277516911923885
2018-12-08 05:30:00,3.5299999999999994,-2.0496257332153616
2018-12-08 05:45:00,3.35,-1.0536200513131917
2018-12-08 06:00:00,3.38,0.6987304275296629
2018-12-08 06:15:00,4.03,2.849504651306197
2018-12-08 06:30:00,4.03,5.12563931427896
2018-12-08 06:45:00,4.0,7.686978744156658
2018-12-08 07:00:00,3.78,10.013528805822133
2018-12-08 07:15:00,3.35,12.01975727416575
2018-12-08 07:30:00,3.31,13.644534416943788
2018-12-08 07:45:00,3.5299999999999994,14.894557306617498
2018-12-08 08:00:00,3.67,15.797183456122875
2018-12-08 08:15:00,29.230000000000004,16.361504716724156
2018-12-08 08:30:00,38.16,19.0004757348448
2018-12-08 08:45:00,33.08,23.478883873820305
2018-12-08 09:00:00,51.52,27.204393990784883
2018-12-08 09:15:00,47.77,31.15577901571989
2018-12-08 09:30:00,42.05,35.42476357996464
2018-12-08 09:45:00,32.4,37.79456393063068
2018-12-08 10:00:00,31.43,38.07870617583394
2018-12-08 10:15:00,31.57,36.98761890590191
2018-12-08 10:30:00,31.43,34.961211647391316
2018-12-08 10:45:00,47.66,32.328802974373104
2018-12-08 11:00:00,49.28,30.85860638946295
2018-12-08 11:15:00,38.16,29.829374695420263
2018-12-08 11:30:00,44.13999999999999,28.0520850597322
2018-12-08 11:45:00,38.27,26.35797160446644
2018-12-08 12:00:00,22.46,24.479200831204654
2018-12-08 12:15:00,3.92,21.683507090210913
2018-12-08 12:30:00,4.57,18.08317553050816
2018-12-08 12:45:00,5.359999999999999,17.075420500189065
2018-12-08 13:00:00,6.080000000000001,17.172502789497376
2018-12-08 13:15:00,34.09,17.496377255544065
2018-12-08 13:30:00,55.69,18.925749205276368
2018-12-08 13:45:00,40.61,21.51468023687601
2018-12-08 14:00:00,50.51,23.509136902242897
2018-12-08 14:15:00,37.98,25.577060396373273
2018-12-08 14:30:00,48.89,26.163548798412084
2018-12-08 14:45:00,37.73,26.72379006549716
2018-12-08 15:00:00,40.03,26.551069591492414
2018-12-08 15:15:00,43.67,26.068150601089002
2018-12-08 15:30:00,46.15,25.270914928019046
2018-12-08 15:45:00,49.68,24.546818247139452
2018-12-08 16:00:00,49.32,24.074973845630883
2018-12-08 16:15:00,49.46,23.96542253926396
2018-12-08 16:30:00,49.54,23.751340766102075
2018-12-08 16:45:00,34.63,23.51935821786523
2018-12-08 17:00:00,27.0,22.32389766305685
2018-12-08 17:15:00,9.9,20.343671574965118
2018-12-08 17:30:00,5.22,17.595844219103455
2018-12-08 17:45:00,5.290000000000001,15.111022631302475
2018-12-08 18:00:00,5.22,12.804760825783013
2018-12-08 18:15:00,5.18,10.88868629232049
2018-12-08 18:30:00,5.1499999999999995,9.654537653699517
2018-12-08 18:45:00,5.33,9.200284154340624
2018-12-08 19:00:00,5.1499999999999995,8.697818469628691
2018-12-08 19:15:00,4.1,8.148851637020707
2018-12-08 19:30:00,4.14,7.5601132880896325
2018-12-08 19:45:00,4.1,6.970925005916506
2018-12-08 20:00:00,4.14,6.4112058073468505
2018-12-08 20:15:00,4.1,5.7315264912135895
2018-12-08 20:30:00,4.03,5.034931874498724
2018-12-08 20:45:00,4.14,4.424837835785001
2018-12-08 21:00:00,4.1,4.538728345492855
2018-12-08 21:15:00,4.14,4.703711399212479
2018-12-08 21:30:00,4.1,4.8576584578119215
2018-12-08 21:45:00,4.14,4.992702987287193
2018-12-08 22:00:00,4.1,5.104158440325409
2018-12-08 22:15:00,3.8200000000000003,5.187181087695062
2018-12-08 22:30:00,3.89,5.272165421545505
2018-12-08 22:45:00,5.0,5.184022853858768
2018-12-08 23:00:00,4.75,5.06551189744845
2018-12-08 23:15:00,3.8200000000000003,4.911009088493883
2018-12-08 23:30:00,3.71,4.710213959049433
2018-12-08 23:45:00,3.8200000000000003,4.476322913570329
2018-12-09 00:00:00,3.17,4.226028250791132
2018-12-09 00:15:00,3.74,3.76125366743654
2018-12-09 00:30:00,3.74,3.2509698663651942
2018-12-09 00:45:00,3.8200000000000003,2.7904126703646033
2018-12-09 01:00:00,3.85,2.264690657723695
2018-12-09 01:15:00,3.78,1.7878285041451454
2018-12-09 01:30:00,3.8200000000000003,1.3594154315255582
2018-12-09 01:45:00,3.78,0.9710492242686452
2018-12-09 02:00:00,3.78,0.6683115160465241
2018-12-09 02:15:00,3.17,0.5671753366477787
2018-12-09 02:30:00,3.13,0.467404675167054
2018-12-09 02:45:00,3.35,0.37846244446933275
2018-12-09 03:00:00,3.67,0.2989011674933136
2018-12-09 03:15:00,3.02,0.22819372344762093
2018-12-09 03:30:00,3.13,0.2312248083390296
2018-12-09 03:45:00,3.06,0.24852745007723576
2018-12-09 04:00:00,3.06,0.3065665928460658
2018-12-09 04:15:00,3.06,0.5925955824367702
2018-12-09 04:30:00,3.2,0.8968088359199465
2018-12-09 04:45:00,3.78,1.2255430300720036
2018-12-09 05:00:00,3.78,1.600467657148838
2018-12-09 05:15:00,3.74,2.0135821574926376
2018-12-09 05:30:00,3.74,2.4702735203411432
2018-12-09 05:45:00,3.13,3.1951214465871454
2018-12-09 06:00:00,3.74,3.929041857039556
2018-12-09 06:15:00,3.56,4.7157563057728105
2018-12-09 06:30:00,3.1,5.570548067893832
2018-12-09 06:45:00,2.95,6.742284538224339
2018-12-09 07:00:00,3.06,7.948223513364791
2018-12-09 07:15:00,3.02,9.181915201693773
2018-12-09 07:30:00,2.95,10.426661269813776
2018-12-09 07:45:00,3.02,11.657110519707203
2018-12-09 08:00:00,2.99,13.06546051055193
2018-12-09 08:15:00,3.13,15.33014882132411
2018-12-09 08:30:00,3.74,17.697704838737845
2018-12-09 08:45:00,3.8200000000000003,20.322893248051404
2018-12-09 09:00:00,3.9599999999999995,21.39989477261901
2018-12-09 09:15:00,4.03,21.74353935584426
2018-12-09 09:30:00,3.35,21.34677402049303
2018-12-09 09:45:00,3.31,20.125294244512915
2018-12-09 10:00:00,3.89,18.70306172206998
2018-12-09 10:15:00,4.03,16.80814162939787
2018-12-09 10:30:00,3.31,14.13617139019072
2018-12-09 10:45:00,3.35,10.678803521841765
2018-12-09 11:00:00,3.42,6.728999859280884
2018-12-09 11:15:00,3.35,2.209867007918656
2018-12-09 11:30:00,3.31,-2.751992855891585
2018-12-09 11:45:00,3.38,-7.86367684043944
2018-12-09 12:00:00,3.89,-11.343909064307809
2018-12-09 12:15:00,4.18,-12.558548058643938
2018-12-09 12:30:00,4.1,-13.445283116176725
2018-12-09 12:45:00,4.1,-13.533556481674314
2018-12-09 13:00:00,3.6,-12.296323709264398
2018-12-09 13:15:00,3.42,-10.6768537016958
2018-12-09 13:30:00,3.42,-8.750901407375933
2018-12-09 13:45:00,3.35,-5.886159894987942
2018-12-09 14:00:00,3.92,-2.210799511205405
2018-12-09 14:15:00,3.78,1.2051677625067532
2018-12-09 14:30:00,3.42,5.7016824164614075
2018-12-09 14:45:00,3.38,10.909272632747887
2018-12-09 15:00:00,3.4599999999999995,15.629995785653591
2018-12-09 15:15:00,3.42,19.22805382117629
2018-12-09 15:30:00,3.5299999999999994,20.903933051154016
2018-12-09 15:45:00,4.07,20.291910446435214
2018-12-09 16:00:00,4.03,17.75236260548234
2018-12-09 16:15:00,4.14,13.98699901305139
2018-12-09 16:30:00,4.0,9.68045358389616
2018-12-09 16:45:00,3.31,5.499826870430261
2018-12-09 17:00:00,3.35,4.154304176550359
2018-12-09 17:15:00,3.49,4.276563360355794
2018-12-09 17:30:00,4.1,4.686273609092459
2018-12-09 17:45:00,3.64,5.302035038359462
2018-12-09 18:00:00,3.24,5.97584782006219
2018-12-09 18:15:00,3.28,6.871395450271666
2018-12-09 18:30:00,3.31,9.572761515080929
2018-12-09 18:45:00,3.42,12.293283003494142
2018-12-09 19:00:00,3.64,15.035186846479773
2018-12-09 19:15:00,4.07,18.60688659697771
2018-12-09 19:30:00,4.03,21.695805452615023
2018-12-09 19:45:00,4.03,23.704293972402812
2018-12-09 20:00:00,4.0,24.42448355987668
2018-12-09 20:15:00,3.31,23.71488578826189
2018-12-09 20:30:00,3.31,21.414999954998493
2018-12-09 20:45:00,3.35,17.443695490062236
2018-12-09 21:00:00,3.35,11.308507969677448
2018-12-09 21:15:00,3.67,4.457499115746469
2018-12-09 21:30:00,4.14,-2.357178821787238
2018-12-09 21:45:00,3.38,-3.3625143732875586
2018-12-09 22:00:00,3.28,-2.4456778556108474
2018-12-09 22:15:00,3.13,-1.554663239661604
2018-12-09 22:30:00,3.17,-0.6827678393386304
2018-12-09 22:45:00,3.78,0.06921993095427757
2018-12-09 23:00:00,3.78,0.6970920867100359
2018-12-09 23:15:00,3.74,1.1766024749353527
2018-12-09 23:30:00,3.74,1.4961698757298292
2018-12-09 23:45:00,3.4599999999999995,1.6625794957019389
2018-12-10 00:00:00,5.359999999999999,1.681269267871976
2018-12-10 00:15:00,3.06,1.5701924548484385
2018-12-10 00:30:00,3.02,1.4198184780776502
2018-12-10 00:45:00,3.31,1.2754157301224769
2018-12-10 01:00:00,3.85,1.1701170367002487
2018-12-10 01:15:00,3.42,0.814860919918865
2018-12-10 01:30:00,3.1,0.29162813557311895
2018-12-10 01:45:00,3.1,0.025277480147779037
2018-12-10 02:00:00,3.17,-0.06308542290702457
2018-12-10 02:15:00,3.31,-0.3251368721760809
2018-12-10 02:30:00,3.8200000000000003,-0.6330006757192314
2018-12-10 02:45:00,3.78,-1.0698485230468213
2018-12-10 03:00:00,3.8200000000000003,-1.6837348562292753
2018-12-10 03:15:00,3.74,-1.1716872494854031
2018-12-10 03:30:00,3.1,-0.6562203746475279
2018-12-10 03:45:00,3.2,-0.3086889071203768
2018-12-10 04:00:00,3.1,0.484944773875177
2018-12-10 04:15:00,3.13,1.3187353475764394
2018-12-10 04:30:00,3.17,2.244133648565039
2018-12-10 04:45:00,3.49,3.2534298335621132
2018-12-10 05:00:00,3.74,3.509245300721377
2018-12-10 05:15:00,3.13,1.3802021788991987
2018-12-10 05:30:00,3.1,-0.8120196537487209
2018-12-10 05:45:00,3.8200000000000003,-3.045688393563032
2018-12-10 06:00:00,3.8200000000000003,-3.6551983330398796
2018-12-10 06:15:00,3.85,-3.0706601095199586
2018-12-10 06:30:00,3.8200000000000003,-1.4777092177607118
2018-12-10 06:45:00,3.4599999999999995,0.9199266472831369
2018-12-10 07:00:00,3.06,4.2199500821344555
2018-12-10 07:15:00,3.13,8.418278286457062
2018-12-10 07:30:00,3.56,12.928103722780943
2018-12-10 07:45:00,5.870000000000001,17.134425469711424
2018-12-10 08:00:00,6.8,24.92275024190545
2018-12-10 08:15:00,33.48,32.457714602202174
2018-12-10 08:30:00,61.06,41.323221658170226
2018-12-10 08:45:00,58.36,51.50954858541488
2018-12-10 09:00:00,68.62,60.13935686349869
2018-12-10 09:15:00,69.23,68.08480854064226
2018-12-10 09:30:00,70.78,75.1296931514144
2018-12-10 09:45:00,61.74,80.7339246416092
2018-12-10 10:00:00,72.0,83.15158913195134
2018-12-10 10:15:00,56.2,84.41143364608288
2018-12-10 10:30:00,56.02,79.05767378866673
2018-12-10 10:45:00,63.9,72.51059778690338
2018-12-10 11:00:00,68.47,65.78680889040231
2018-12-10 11:15:00,61.56000000000001,59.15524087101221
2018-12-10 11:30:00,70.31,51.78694323539734
2018-12-10 11:45:00,62.42,45.62276238739491
2018-12-10 12:00:00,44.75,40.06940170243382
2018-12-10 12:15:00,9.109999999999998,34.9419501259923
2018-12-10 12:30:00,10.33,29.731865769475696
2018-12-10 12:45:00,11.45,30.01640995129943
2018-12-10 13:00:00,11.09,32.01588521078229
2018-12-10 13:15:00,42.66,36.18789077669382
2018-12-10 13:30:00,72.9,42.43102185696363
2018-12-10 13:45:00,71.03,51.115188133418556
2018-12-10 14:00:00,67.32,59.96974859148264
2018-12-10 14:15:00,64.22,67.52985307693481
2018-12-10 14:30:00,69.91,72.49872830659152
2018-12-10 14:45:00,51.23,76.28134261459113
2018-12-10 15:00:00,58.39,77.00819671541453
2018-12-10 15:15:00,69.62,77.15276366233826
2018-12-10 15:30:00,66.71,77.81784976005555
2018-12-10 15:45:00,65.99,78.33835543811323
2018-12-10 16:00:00,64.98,78.12729155778885
2018-12-10 16:15:00,64.55,75.39248335570097
2018-12-10 16:30:00,63.72,71.79264018267394
2018-12-10 16:45:00,66.53,67.82047346264123
2018-12-10 17:00:00,62.57,64.06767431914807
2018-12-10 17:15:00,63.72,60.35127401709556
2018-12-10 17:30:00,58.64,57.31053591042757
2018-12-10 17:45:00,60.12,54.81193620473147
2018-12-10 18:00:00,24.73,53.219633969068525
2018-12-10 18:15:00,5.47,51.272441906630995
2018-12-10 18:30:00,4.5,48.541064761281014
2018-12-10 18:45:00,4.46,46.06134934037924
2018-12-10 19:00:00,4.46,43.808146536946296
2018-12-10 19:15:00,4.75,41.4397877690196
2018-12-10 19:30:00,5.69,38.617395556420085
2018-12-10 19:45:00,5.62,35.40055756449699
2018-12-10 20:00:00,4.46,32.3362915700674
2018-12-10 20:15:00,4.46,29.611037783175707
2018-12-10 20:30:00,4.5,25.928344020843504
2018-12-10 20:45:00,4.43,21.31730914711952
2018-12-10 21:00:00,4.46,16.00719758577645
2018-12-10 21:15:00,4.5,10.387505008429288
2018-12-10 21:30:00,4.57,4.161795579064638
2018-12-10 21:45:00,4.54,0.8118110293336213
2018-12-10 22:00:00,4.46,0.951414957176894
2018-12-10 22:15:00,4.28,1.0948123022168876
2018-12-10 22:30:00,4.25,1.2915251926891507
2018-12-10 22:45:00,4.32,1.488501924239099
2018-12-10 23:00:00,4.18,1.6456380916945637
2018-12-10 23:15:00,4.18,1.719383356999606
2018-12-10 23:30:00,4.21,1.68016197739169
2018-12-10 23:45:00,4.28,1.5206905357167124
2018-12-11 00:00:00,4.18,1.2903962896950543
2018-12-11 00:15:00,4.86,1.0630399421416223
2018-12-11 00:30:00,4.21,0.8158542535081507
2018-12-11 00:45:00,4.18,0.5609652474522591
2018-12-11 01:00:00,4.21,0.3206256734207273
2018-12-11 01:15:00,4.32,0.06676564756780867
2018-12-11 01:30:00,4.25,-0.6376330514065921
2018-12-11 01:45:00,4.18,-1.1814813671074806
2018-12-11 02:00:00,4.21,-1.6301004560478032
2018-12-11 02:15:00,4.28,-2.098670982737094
2018-12-11 02:30:00,4.25,-2.7175464384257793
2018-12-11 02:45:00,4.21,-2.4803016640990974
2018-12-11 03:00:00,3.56,-1.675687141995877
2018-12-11 03:15:00,3.56,-1.1006410222686827
2018-12-11 03:30:00,3.5299999999999994,-0.7088471264578402
2018-12-11 03:45:00,3.5299999999999994,-0.4525867081619799
2018-12-11 04:00:00,3.85,-0.2854854877479374
2018-12-11 04:15:00,4.18,0.016372282411903194
2018-12-11 04:30:00,3.49,0.5081422989256681
2018-12-11 04:45:00,3.56,1.0049216470494866
2018-12-11 05:00:00,3.56,1.5155490028858185
2018-12-11 05:15:00,3.74,0.9065541148744524
2018-12-11 05:30:00,4.18,-0.3810897056572139
2018-12-11 05:45:00,4.25,-1.6180002551339565
2018-12-11 06:00:00,4.28,-2.7848281586915253
2018-12-11 06:15:00,3.56,-3.247776063606143
2018-12-11 06:30:00,3.5299999999999994,-2.1131901011057197
2018-12-11 06:45:00,3.6,-0.11020743938162918
2018-12-11 07:00:00,3.49,2.6059501456748695
2018-12-11 07:15:00,4.1,5.838734383583068
2018-12-11 07:30:00,4.07,9.601716669946908
2018-12-11 07:45:00,4.86,13.25739422865212
2018-12-11 08:00:00,14.83,16.707883142605425
2018-12-11 08:15:00,44.21,23.629989588558672
2018-12-11 08:30:00,54.04,33.69552221134305
2018-12-11 08:45:00,61.74,44.28692715197801
2018-12-11 09:00:00,69.48,54.11665770590305
2018-12-11 09:15:00,75.38,62.696850388646126
2018-12-11 09:30:00,71.82,69.86148067593574
2018-12-11 09:45:00,71.24,74.7727958869934
2018-12-11 10:00:00,54.86,77.92328739106657
2018-12-11 10:15:00,66.13,77.85963320493698
2018-12-11 10:30:00,73.08,73.56376155078411
2018-12-11 10:45:00,77.51,68.72748049676419
2018-12-11 11:00:00,72.54,63.57734756946564
2018-12-11 11:15:00,63.83,57.43020973235369
2018-12-11 11:30:00,67.07,50.5341539439559
2018-12-11 11:45:00,84.24,44.502113689482215
2018-12-11 12:00:00,72.79,40.85029719233513
2018-12-11 12:15:00,7.959999999999999,38.09461972236633
2018-12-11 12:30:00,5.8,33.54074293062091
2018-12-11 12:45:00,6.98,34.339950114041564
2018-12-11 13:00:00,6.95,36.516717595905064
2018-12-11 13:15:00,38.45,39.4971517367661
2018-12-11 13:30:00,59.36,44.34166238695383
2018-12-11 13:45:00,66.02,51.09269764631986
2018-12-11 14:00:00,80.28,58.68049309492111
2018-12-11 14:15:00,75.53,65.8393256148696
2018-12-11 14:30:00,72.0,71.37261865973473
2018-12-11 14:45:00,72.61,75.34793799996376
2018-12-11 15:00:00,78.55,77.5104423454404
2018-12-11 15:15:00,73.98,78.5571347051859
2018-12-11 15:30:00,76.78999999999999,79.08390969634057
2018-12-11 15:45:00,80.46,79.52890518069268
2018-12-11 16:00:00,68.11,80.13955244362356
2018-12-11 16:15:00,71.68,78.32999336004258
2018-12-11 16:30:00,69.8,74.78674016863107
2018-12-11 16:45:00,75.46,70.5724504211545
2018-12-11 17:00:00,70.27,66.53599180549384
2018-12-11 17:15:00,78.48000000000002,62.333481720089914
2018-12-11 17:30:00,66.78,59.38212174326181
2018-12-11 17:45:00,32.11,56.05753554612398
2018-12-11 18:00:00,31.25,50.823557292521
2018-12-11 18:15:00,36.4,46.341546319425106
2018-12-11 18:30:00,39.56,44.56369756519794
2018-12-11 18:45:00,51.440000000000005,43.98232655733824
2018-12-11 19:00:00,51.52,44.55077272057533
2018-12-11 19:15:00,53.57,45.175615756213666
2018-12-11 19:30:00,52.81,45.599283899664876
2018-12-11 19:45:00,52.38,45.32799688994884
2018-12-11 20:00:00,53.21,44.03194664359093
2018-12-11 20:15:00,51.91,42.081799561083315
2018-12-11 20:30:00,53.46,38.391401639282705
2018-12-11 20:45:00,32.36,33.209464073479175
2018-12-11 21:00:00,28.37,25.586125302165748
2018-12-11 21:15:00,6.77,16.577471550181507
2018-12-11 21:30:00,5.69,7.410900492742657
2018-12-11 21:45:00,5.8,3.8421559026557954
2018-12-11 22:00:00,5.69,3.2660455069644376
2018-12-11 22:15:00,5.47,2.790595534685999
2018-12-11 22:30:00,5.44,2.76191727261059
2018-12-11 22:45:00,4.97,2.8648197838198395
2018-12-11 23:00:00,4.36,3.0024895320180804
2018-12-11 23:15:00,4.25,3.085423343535513
2018-12-11 23:30:00,4.21,3.0474897329322994
2018-12-11 23:45:00,4.14,2.832527741026133
2018-12-12 00:00:00,4.21,2.4357083743903787
2018-12-12 00:15:00,4.21,2.110894465697929
2018-12-12 00:30:00,4.14,1.8546350297890604
2018-12-12 00:45:00,4.14,1.1881980096176268
2018-12-12 01:00:00,4.14,0.09055681504309182
2018-12-12 01:15:00,4.21,-0.641430678833276
2018-12-12 01:30:00,4.18,-1.0726396248303354
2018-12-12 01:45:00,4.75,-1.3055473009310663
2018-12-12 02:00:00,5.33,-1.6378949951194226
2018-12-12 02:15:00,4.25,-1.702888034377247
2018-12-12 02:30:00,4.25,-0.08134631298482413
2018-12-12 02:45:00,4.18,1.085076566450298
2018-12-12 03:00:00,4.21,1.8416902567446232
2018-12-12 03:15:00,4.18,2.265445972979069
2018-12-12 03:30:00,4.18,2.4410143868718297
2018-12-12 03:45:00,4.25,2.46766921242699
2018-12-12 04:00:00,4.18,2.8291745735425504
2018-12-12 04:15:00,4.03,3.1838318552821874
2018-12-12 04:30:00,3.4599999999999995,3.6340518139954656
2018-12-12 04:45:00,3.4599999999999995,2.589637188659981
2018-12-12 05:00:00,3.5299999999999994,0.6025308831036091
2018-12-12 05:15:00,3.4599999999999995,-1.598809465598315
2018-12-12 05:30:00,3.49,-3.8526109637320043
2018-12-12 05:45:00,4.0,-5.517855714187027
2018-12-12 06:00:00,4.25,-5.748537020683289
2018-12-12 06:15:00,3.85,-5.2120526778697975
2018-12-12 06:30:00,3.42,-2.6977201848477126
2018-12-12 06:45:00,3.42,1.6936380814574659
2018-12-12 07:00:00,3.9599999999999995,6.573580062240362
2018-12-12 07:15:00,4.1,11.645710339695215
2018-12-12 07:30:00,4.32,16.386169927939772
2018-12-12 07:45:00,5.83,21.625161162018774
2018-12-12 08:00:00,5.8,28.73631142422557
2018-12-12 08:15:00,36.86,34.93077449157834
2018-12-12 08:30:00,60.37,42.097252789139745
2018-12-12 08:45:00,66.46,50.64706445246935
2018-12-12 09:00:00,69.05,58.8747744372487
2018-12-12 09:15:00,63.86,65.91665013700724
2018-12-12 09:30:00,65.59,70.47026421040296
2018-12-12 09:45:00,60.980000000000004,73.34730857610703
2018-12-12 10:00:00,65.74,74.33373289734125
2018-12-12 10:15:00,57.17,74.09770852833987
2018-12-12 10:30:00,64.55,69.42209434062242
2018-12-12 10:45:00,53.42,63.94251709371805
2018-12-12 11:00:00,65.88,57.05057048976421
2018-12-12 11:15:00,57.71,51.00179709732532
2018-12-12 11:30:00,59.76,44.80109615325928
2018-12-12 11:45:00,79.85000000000001,39.57274725779891
2018-12-12 12:00:00,49.64,37.15734618708491
2018-12-12 12:15:00,27.97,34.30990815848112
2018-12-12 12:30:00,29.74,32.32372824385762
2018-12-12 12:45:00,29.56,34.81306544363498
2018-12-12 13:00:00,29.299999999999997,37.921151511520144
2018-12-12 13:15:00,58.86,41.70723504900932
2018-12-12 13:30:00,61.78,47.6071077644825
2018-12-12 13:45:00,77.0,54.64482937067747
2018-12-12 14:00:00,65.56,61.59857541412115
2018-12-12 14:15:00,86.51,67.4583173403144
2018-12-12 14:30:00,60.44,73.64738682240248
2018-12-12 14:45:00,64.8,76.97091765522957
2018-12-12 15:00:00,72.18,79.05885938942433
2018-12-12 15:15:00,69.08,80.35904127478601
2018-12-12 15:30:00,66.17,80.34304464638234
2018-12-12 15:45:00,61.67,78.65681498706341
2018-12-12 16:00:00,70.6,75.25384441256523
2018-12-12 16:15:00,68.36,71.42899756848811
2018-12-12 16:30:00,75.1,66.99791802793742
2018-12-12 16:45:00,66.13,62.80535082161426
2018-12-12 17:00:00,70.7,58.088819935023785
2018-12-12 17:15:00,60.699999999999996,54.44720678985119
2018-12-12 17:30:00,57.92,50.57024291247129
2018-12-12 17:45:00,32.9,46.70015462130308
2018-12-12 18:00:00,30.53,43.3114561650157
2018-12-12 18:15:00,49.900000000000006,41.21496822535992
2018-12-12 18:30:00,67.25,41.30098266214132
2018-12-12 18:45:00,69.37,43.456521603167054
2018-12-12 19:00:00,65.99,46.17747983276844
2018-12-12 19:15:00,66.02,48.65935538232326
2018-12-12 19:30:00,60.19,49.87213064819574
2018-12-12 19:45:00,58.54,49.9495674431324
2018-12-12 20:00:00,61.85,48.111621305048466
2018-12-12 20:15:00,67.07,44.356828196644784
2018-12-12 20:30:00,58.82,38.69045146673918
2018-12-12 20:45:00,53.35,29.593635499328375
2018-12-12 21:00:00,30.349999999999998,19.90279088869691
2018-12-12 21:15:00,12.2,10.239293686449527
2018-12-12 21:30:00,5.8,3.8359046935476364
2018-12-12 21:45:00,5.76,3.0716323142685
2018-12-12 22:00:00,5.65,2.364066820656881
2018-12-12 22:15:00,5.04,1.9213988917693496
2018-12-12 22:30:00,4.25,1.729602707847953
2018-12-12 22:45:00,4.25,2.035573872681707
2018-12-12 23:00:00,4.21,2.575428364239633
2018-12-12 23:15:00,4.14,3.156967290104367
2018-12-12 23:30:00,4.1,3.6517189213074746
2018-12-12 23:45:00,4.1,3.9112397416867317
2018-12-13 00:00:00,5.26,3.9197660187259316
2018-12-13 00:15:00,4.1,3.8470175955351444
2018-12-13 00:30:00,4.18,3.81903177594766
2018-12-13 00:45:00,4.21,2.822459116410464
2018-12-13 01:00:00,4.14,1.7728229638747872
2018-12-13 01:15:00,4.28,1.2200725379399955
2018-12-13 01:30:00,4.18,1.0829717321507633
2018-12-13 01:45:00,4.25,1.1481750022247434
2018-12-13 02:00:00,5.359999999999999,1.1311971095576883
2018-12-13 02:15:00,4.79,1.0054771167226135
2018-12-13 02:30:00,4.25,2.9066712940856814
2018-12-13 02:45:00,4.18,4.196858795220033
2018-12-13 03:00:00,4.21,4.8859629918076095
2018-12-13 03:15:00,4.18,5.097619391828775
2018-12-13 03:30:00,4.21,4.965498446039855
2018-12-13 03:45:00,4.21,5.0526184892095625
2018-12-13 04:00:00,4.21,5.197047340590506
2018-12-13 04:15:00,4.18,5.436157527472823
2018-12-13 04:30:00,4.21,5.659454932659864
2018-12-13 04:45:00,4.21,2.7065307150594893
2018-12-13 05:00:00,4.18,-0.23738782064989203
2018-12-13 05:15:00,3.67,-3.1025264980643987
2018-12-13 05:30:00,3.42,-5.556008256748319
2018-12-13 05:45:00,3.89,-6.628541323915124
2018-12-13 06:00:00,4.32,-7.1004834027588375
2018-12-13 06:15:00,3.4599999999999995,-6.364300555065275
2018-12-13 06:30:00,3.38,-3.264528287947178
2018-12-13 06:45:00,3.38,1.537178918980062
2018-12-13 07:00:00,3.42,6.933698994629085
2018-12-13 07:15:00,3.42,12.520913858041167
2018-12-13 07:30:00,3.71,18.325107694193722
2018-12-13 07:45:00,5.69,25.314110764712094
2018-12-13 08:00:00,6.23,32.40722552448511
2018-12-13 08:15:00,35.57,37.73145988121629
2018-12-13 08:30:00,72.86,44.42412002146244
2018-12-13 08:45:00,61.74,53.55660505712032
2018-12-13 09:00:00,76.36,60.96709930151701
2018-12-13 09:15:00,63.11,67.9126135033369
2018-12-13 09:30:00,65.66,72.70760511279106
2018-12-13 09:45:00,72.07,75.01901911705733
2018-12-13 10:00:00,56.84,76.07855997592212
2018-12-13 10:15:00,69.3,74.42073084384202
2018-12-13 10:30:00,65.66,72.26734754055738
2018-12-13 10:45:00,85.43,66.87728315085172
2018-12-13 11:00:00,53.17,62.358109881281855
2018-12-13 11:15:00,55.4,55.01085665911436
2018-12-13 11:30:00,60.08,47.92251349329948
2018-12-13 11:45:00,58.0,41.98562219053507
2018-12-13 12:00:00,51.300000000000004,37.65532320529223
2018-12-13 12:15:00,11.38,34.311078041046855
2018-12-13 12:30:00,10.91,31.53015715494752
2018-12-13 12:45:00,30.1,32.780840208679436
2018-12-13 13:00:00,36.4,35.82509694486856
2018-12-13 13:15:00,41.69,40.164557390511035
2018-12-13 13:30:00,56.92000000000001,45.41675976485014
2018-12-13 13:45:00,46.660000000000004,51.971075116693974
2018-12-13 14:00:00,52.52,57.35623093962669
2018-12-13 14:15:00,58.25,61.535972101390364
2018-12-13 14:30:00,72.61,65.27937176614999
2018-12-13 14:45:00,66.24,69.39628057867289
2018-12-13 15:00:00,73.08,72.51027893215418
2018-12-13 15:15:00,60.52,75.08944110751152
2018-12-13 15:30:00,59.87,75.57859572917224
2018-12-13 15:45:00,63.49999999999999,74.4487182071805
2018-12-13 16:00:00,60.52,71.78772712498903
2018-12-13 16:15:00,88.92,68.05002193659544
2018-12-13 16:30:00,105.37,65.48761086285114
2018-12-13 16:45:00,102.89000000000001,64.24327795863151
2018-12-13 17:00:00,77.83,63.07945812404156
2018-12-13 17:15:00,67.18,60.11390686541796
2018-12-13 17:30:00,70.13,56.59564559906721
2018-12-13 17:45:00,31.72,53.34816386938095
2018-12-13 18:00:00,31.5,49.36107384890318
2018-12-13 18:15:00,54.79,46.555574201643466
2018-12-13 18:30:00,77.04,46.12694360047579
2018-12-13 18:45:00,79.63,48.27826108425855
2018-12-13 19:00:00,80.46,51.21533996105194
2018-12-13 19:15:00,71.89,54.47462380737066
2018-12-13 19:30:00,78.52,55.930424773991106
2018-12-13 19:45:00,52.31,55.8438399913907
2018-12-13 20:00:00,61.16,52.8768067318201
2018-12-13 20:15:00,61.6,48.20597087442875
2018-12-13 20:30:00,49.68,41.38134753167629
2018-12-13 20:45:00,41.54,31.155734106600285
2018-12-13 21:00:00,20.16,20.542507824748753
2018-12-13 21:15:00,6.16,10.175205004587768
2018-12-13 21:30:00,5.69,4.497706811893732
2018-12-13 21:45:00,5.69,3.656590438056737
2018-12-13 22:00:00,5.65,2.95754308170639
2018-12-13 22:15:00,5.47,2.5184552516974508
2018-12-13 22:30:00,5.4,2.3573151555471124
2018-12-13 22:45:00,5.359999999999999,2.7286960320640357
2018-12-13 23:00:00,5.359999999999999,3.1976931953895837
2018-12-13 23:15:00,5.26,3.710897773327306
2018-12-13 23:30:00,5.22,4.110617146361619
2018-12-13 23:45:00,5.18,4.296963047254831
2018-12-14 00:00:00,4.1,4.279707840774209
2018-12-14 00:15:00,5.33,4.1022982933186
2018-12-14 00:30:00,5.290000000000001,3.9634995017852637
2018-12-14 00:45:00,5.26,2.6480737771373244
2018-12-14 01:00:00,5.290000000000001,1.777849136404693
2018-12-14 01:15:00,5.26,1.4420689820684494
2018-12-14 01:30:00,5.359999999999999,1.529373713992536
2018-12-14 01:45:00,5.33,1.7459490660205483
2018-12-14 02:00:00,4.79,1.8931024975515902
2018-12-14 02:15:00,4.14,1.8740545751526951
2018-12-14 02:30:00,4.18,3.0463498833402993
2018-12-14 02:45:00,4.21,4.234239181606099
2018-12-14 03:00:00,4.18,4.798962098145857
2018-12-14 03:15:00,4.25,4.872020674943924
2018-12-14 03:30:00,4.18,4.633239447362721
2018-12-14 03:45:00,4.14,4.736459269570187
2018-12-14 04:00:00,4.28,4.872406612690538
2018-12-14 04:15:00,4.18,5.200238975584506
2018-12-14 04:30:00,4.18,5.452610544804483
2018-12-14 04:45:00,4.1,2.347366241803393
2018-12-14 05:00:00,4.46,-0.7245114273764193
2018-12-14 05:15:00,5.4,-3.7057267062366006
2018-12-14 05:30:00,4.5,-6.207969664260745
2018-12-14 05:45:00,4.18,-7.351879040673375
2018-12-14 06:00:00,4.14,-7.91808199338615
2018-12-14 06:15:00,4.14,-6.937101780176163
2018-12-14 06:30:00,3.49,-3.4927654156088828
2018-12-14 06:45:00,3.42,1.0894462237879634
2018-12-14 07:00:00,3.35,6.098162859585136
2018-12-14 07:15:00,3.35,11.026708857789636
2018-12-14 07:30:00,4.25,15.840672324821352
2018-12-14 07:45:00,6.52,21.468457525521515
2018-12-14 08:00:00,7.38,27.848473847806453
2018-12-14 08:15:00,36.22,32.57560328662395
2018-12-14 08:30:00,94.17999999999999,38.25759491741657
2018-12-14 08:45:00,97.88,48.810164696872235
2018-12-14 09:00:00,134.5,58.96299391180277
2018-12-14 09:15:00,93.67,70.04898972302675
2018-12-14 09:30:00,109.26,76.79404757857324
2018-12-14 09:45:00,128.34,82.8687784421444
2018-12-14 10:00:00,81.47,87.9832714921236
2018-12-14 10:15:00,109.69,86.58353507041932
2018-12-14 10:30:00,120.67,85.29474213778974
2018-12-14 10:45:00,92.81,83.7687122899294
2018-12-14 11:00:00,91.58,78.6021605885029
2018-12-14 11:15:00,104.9,71.55123570114374
2018-12-14 11:30:00,124.19999999999999,64.74966870039701
2018-12-14 11:45:00,88.85,60.51876257866621
2018-12-14 12:00:00,132.01,55.125671314299105
2018-12-14 12:15:00,13.61,54.09203403562307
2018-12-14 12:30:00,9.86,47.62858779639006
2018-12-14 12:45:00,9.61,47.04524078726769
2018-12-14 13:00:00,9.43,47.88163272172213
2018-12-14 13:15:00,86.98,50.94621307998896
2018-12-14 13:30:00,74.66,58.764401293993
2018-12-14 13:45:00,116.42,66.75010052412749
2018-12-14 14:00:00,107.57,74.89367776423693
2018-12-14 14:15:00,103.82,81.18537805736065
2018-12-14 14:30:00,114.73,86.04547890841961
2018-12-14 14:45:00,84.74,89.54496816277505
2018-12-14 15:00:00,109.4,89.7802560222149
2018-12-14 15:15:00,125.21,90.74903555035591
2018-12-14 15:30:00,89.35,92.4879436069727
2018-12-14 15:45:00,122.25999999999999,91.75491899311544
2018-12-14 16:00:00,114.66000000000001,92.72551284968854
2018-12-14 16:15:00,96.8,93.1943371129036
2018-12-14 16:30:00,118.12,92.48928189873696
2018-12-14 16:45:00,133.2,93.1637989115715
2018-12-14 17:00:00,102.64,94.68848148584367
2018-12-14 17:15:00,63.94,90.55015102326871
2018-12-14 17:30:00,62.64,84.34655793190004
2018-12-14 17:45:00,37.94,78.3731689876318
2018-12-14 18:00:00,32.62,71.55935077905654
2018-12-14 18:15:00,29.63,65.8392223238945
2018-12-14 18:30:00,26.57,62.675707175135614
2018-12-14 18:45:00,26.349999999999998,60.905874698758126
2018-12-14 19:00:00,26.32,57.678090108931066
2018-12-14 19:15:00,26.39,52.66154384881258
2018-12-14 19:30:00,26.64,47.54826783597469
2018-12-14 19:45:00,28.44,41.46840835094452
2018-12-14 20:00:00,30.46,34.667110804915424
2018-12-14 20:15:00,29.88,27.391146319210527
2018-12-14 20:30:00,30.06,19.726260998621584
2018-12-14 20:45:00,31.93,12.656016208007932
2018-12-14 21:00:00,28.66,9.570935959368944
2018-12-14 21:15:00,5.76,9.447973667159676
2018-12-14 21:30:00,5.8,9.115346413701772
2018-12-14 21:45:00,5.72,8.944231440722941
2018-12-14 22:00:00,5.69,8.89161816164851
2018-12-14 22:15:00,5.4,8.793595026284455
2018-12-14 22:30:00,5.33,8.513483374565839
2018-12-14 22:45:00,5.33,7.895314956828951
2018-12-14 23:00:00,5.33,6.879085014276206
2018-12-14 23:15:00,4.86,5.514655019678175
2018-12-14 23:30:00,4.03,3.8085269715078174
2018-12-14 23:45:00,4.03,3.339677727594972
2018-12-15 00:00:00,3.28,2.064235995542258
2018-12-15 00:15:00,4.14,0.7672283428907395
2018-12-15 00:30:00,4.1,-0.3649749101325869
2018-12-15 00:45:00,4.07,-1.22867579953745
2018-12-15 01:00:00,4.14,-1.8538028853572905
2018-12-15 01:15:00,4.14,-2.3193080839514733
2018-12-15 01:30:00,4.14,-2.7444436328858135
2018-12-15 01:45:00,4.14,-3.0500052826851607
2018-12-15 02:00:00,4.1,-2.1843345670215784
2018-12-15 02:15:00,4.1,-1.497104343790561
2018-12-15 02:30:00,4.21,-0.9665227433852851
2018-12-15 02:45:00,4.1,-0.5617299029044807
2018-12-15 03:00:00,4.18,-0.25466323623433706
2018-12-15 03:15:00,4.82,0.14589523563161497
2018-12-15 03:30:00,5.26,0.34283491715788844
2018-12-15 03:45:00,4.18,-0.33609217122197144
2018-12-15 04:00:00,4.14,-1.0572992309369147
2018-12-15 04:15:00,4.14,-1.8130220365710557
2018-12-15 04:30:00,3.8200000000000003,-2.5858964770287276
2018-12-15 04:45:00,3.4599999999999995,-3.263551514595747
2018-12-15 05:00:00,3.49,-2.805242721736431
2018-12-15 05:15:00,3.42,-1.8530433598719536
2018-12-15 05:30:00,3.42,-0.9118593630008399
2018-12-15 05:45:00,3.42,0.01265464935451751
2018-12-15 06:00:00,3.38,1.4626727247796953
2018-12-15 06:15:00,3.4599999999999995,3.0827828276436775
2018-12-15 06:30:00,3.42,4.793486413396894
2018-12-15 06:45:00,3.49,6.5528640467301
2018-12-15 07:00:00,4.57,8.13006952047348
2018-12-15 07:15:00,4.43,9.578835473507642
2018-12-15 07:30:00,4.1,10.843873727321624
2018-12-15 07:45:00,4.07,11.888344208374619
2018-12-15 08:00:00,3.64,12.709691587761045
2018-12-15 08:15:00,3.35,13.26007642582059
2018-12-15 08:30:00,3.35,13.701973180919886
2018-12-15 08:45:00,3.38,14.177723553106189
2018-12-15 09:00:00,3.49,14.452432637736202
2018-12-15 09:15:00,3.56,15.30895283959806
2018-12-15 09:30:00,3.38,15.366811503842472
2018-12-15 09:45:00,3.42,14.979285097122192
2018-12-15 10:00:00,3.35,14.126906638816
2018-12-15 10:15:00,3.35,12.769431944116949
2018-12-15 10:30:00,3.35,11.221120436564087
2018-12-15 10:45:00,4.97,9.611213826015591
2018-12-15 11:00:00,5.359999999999999,8.173557266443968
2018-12-15 11:15:00,4.28,7.349167294204235
2018-12-15 11:30:00,4.18,6.572162337470799
2018-12-15 11:45:00,3.35,5.727804928608238
2018-12-15 12:00:00,3.38,4.950119598712772
2018-12-15 12:15:00,3.42,4.178978229248896
2018-12-15 12:30:00,3.42,3.751217742273584
2018-12-15 12:45:00,3.42,3.488705062312074
2018-12-15 13:00:00,3.38,3.3201365767559037
2018-12-15 13:15:00,3.31,3.1444388386327775
2018-12-15 13:30:00,3.35,2.893001379100606
2018-12-15 13:45:00,3.38,2.6536583665013316
2018-12-15 14:00:00,3.31,2.4256316099967807
2018-12-15 14:15:00,3.8200000000000003,2.2004498462192714
2018-12-15 14:30:00,4.1,1.9887330995686352
2018-12-15 14:45:00,4.07,1.77282605137676
2018-12-15 15:00:00,4.21,1.567046571020037
2018-12-15 15:15:00,3.74,1.3478207388892771
2018-12-15 15:30:00,3.74,1.1050636508129537
2018-12-15 15:45:00,3.9599999999999995,0.865012337192893
2018-12-15 16:00:00,3.28,0.7336127441376448
2018-12-15 16:15:00,3.35,0.7226302189379931
2018-12-15 16:30:00,3.28,0.7313212563097478
2018-12-15 16:45:00,3.24,0.956381063759327
2018-12-15 17:00:00,3.28,1.1898630152270198
2018-12-15 17:15:00,3.28,1.4551639199815691
2018-12-15 17:30:00,3.35,1.7539490643143654
2018-12-15 17:45:00,4.18,2.062726347418502
2018-12-15 18:00:00,4.1,2.4054947817884385
2018-12-15 18:15:00,4.1,2.834535599695519
2018-12-15 18:30:00,4.1,3.2660361742880197
2018-12-15 18:45:00,4.03,3.653826702767983
2018-12-15 19:00:00,4.28,3.959522658903152
2018-12-15 19:15:00,3.49,4.189738313965499
2018-12-15 19:30:00,3.38,4.313456763476133
2018-12-15 19:45:00,3.35,4.405206094831228
2018-12-15 20:00:00,3.38,4.516868550842628
2018-12-15 20:15:00,3.4599999999999995,4.623297691009939
2018-12-15 20:30:00,3.42,4.722414924800396
2018-12-15 20:45:00,3.35,4.809077736996114
2018-12-15 21:00:00,3.38,4.878450257461518
2018-12-15 21:15:00,3.9599999999999995,4.928511295132338
2018-12-15 21:30:00,4.28,4.964938485454767
2018-12-15 21:45:00,4.25,4.986665236838162
2018-12-15 22:00:00,4.18,4.990397746041417
2018-12-15 22:15:00,3.74,4.967285829000175
2018-12-15 22:30:00,3.31,4.933506311960518
2018-12-15 22:45:00,4.07,4.873010921031236
2018-12-15 23:00:00,3.56,4.799536373512819
2018-12-15 23:15:00,3.17,4.6978341988660395
2018-12-15 23:30:00,3.24,4.310782425403595
2018-12-15 23:45:00,3.2,3.898297494780272
2018-12-16 00:00:00,4.21,3.468005115846172
2018-12-16 00:15:00,3.24,2.9627170333079995
2018-12-16 00:30:00,3.28,2.4670723421592267
2018-12-16 00:45:00,3.28,2.0039043825585394
2018-12-16 01:00:00,3.85,1.5830667767114939
2018-12-16 01:15:00,4.18,1.2123431170918049
2018-12-16 01:30:00,4.07,1.063230244535953
2018-12-16 01:45:00,4.07,0.9360717564634979
2018-12-16 02:00:00,3.92,0.8270251163281501
2018-12-16 02:15:00,3.28,0.6974740949086845
2018-12-16 02:30:00,3.42,0.5815973390452565
2018-12-16 02:45:00,3.5299999999999994,0.48014174353331335
2018-12-16 03:00:00,4.14,0.39057976698502905
2018-12-16 03:15:00,3.56,0.33230457065626984
2018-12-16 03:30:00,3.35,0.338458523452282
2018-12-16 03:45:00,3.38,0.35023313324898486
2018-12-16 04:00:00,3.42,0.6149940058402718
2018-12-16 04:15:00,3.42,0.8976197262108326
2018-12-16 04:30:00,3.42,1.1977305316179991
2018-12-16 04:45:00,3.38,1.5200525455363096
2018-12-16 05:00:00,4.07,1.8606772711500525
2018-12-16 05:15:00,4.14,2.2513649992085996
2018-12-16 05:30:00,4.07,2.7682821579277515
2018-12-16 05:45:00,4.07,3.472479046545923
2018-12-16 06:00:00,3.5299999999999994,4.220877034431323
2018-12-16 06:15:00,3.31,4.98031284186989
2018-12-16 06:30:00,3.35,5.77375425569713
2018-12-16 06:45:00,3.64,6.887730300482362
2018-12-16 07:00:00,4.07,8.075334285497664
2018-12-16 07:15:00,3.38,9.332988357320428
2018-12-16 07:30:00,3.28,10.575257687494158
2018-12-16 07:45:00,3.89,11.782951486483215
2018-12-16 08:00:00,3.9599999999999995,13.292930814996362
2018-12-16 08:15:00,39.35,15.545464472547174
2018-12-16 08:30:00,63.54,21.074005009829996
2018-12-16 08:45:00,65.02,30.099788222759962
2018-12-16 09:00:00,63.790000000000006,39.35529954612255
2018-12-16 09:15:00,61.70000000000001,47.29785009413958
2018-12-16 09:30:00,64.8,53.679449462890624
2018-12-16 09:45:00,51.16,58.63007362633944
2018-12-16 10:00:00,55.01,58.25857191622257
2018-12-16 10:15:00,61.81,55.70871294140816
2018-12-16 10:30:00,72.18,52.613068945109845
2018-12-16 10:45:00,54.86,49.8416553196311
2018-12-16 11:00:00,66.78,45.100626508295534
2018-12-16 11:15:00,69.95,41.05318761289119
2018-12-16 11:30:00,53.35,37.69749960497022
2018-12-16 11:45:00,55.510000000000005,33.83554660081863
2018-12-16 12:00:00,11.810000000000002,30.820467319637537
2018-12-16 12:15:00,5.65,26.920292163789274
2018-12-16 12:30:00,5.54,23.53586905568838
2018-12-16 12:45:00,5.44,23.39175793632865
2018-12-16 13:00:00,5.33,23.603383180648088
2018-12-16 13:15:00,36.47,24.029013852626086
2018-12-16 13:30:00,63.72,25.932668769061564
2018-12-16 13:45:00,64.8,29.24870876073837
2018-12-16 14:00:00,61.85,33.71690793409944
2018-12-16 14:15:00,57.88999999999999,37.84976846590638
2018-12-16 14:30:00,54.36,40.88538019657135
2018-12-16 14:45:00,47.38000000000001,42.7577716293931
2018-12-16 15:00:00,43.49,43.21427283018827
2018-12-16 15:15:00,45.400000000000006,42.25577749043703
2018-12-16 15:30:00,60.54999999999999,40.68427266806364
2018-12-16 15:45:00,48.42,39.76077275976539
2018-12-16 16:00:00,63.21999999999999,37.60874122098088
2018-12-16 16:15:00,62.64,36.05676063835621
2018-12-16 16:30:00,66.02,34.46525778502226
2018-12-16 16:45:00,35.42,33.22776453971863
2018-12-16 17:00:00,9.109999999999998,30.687239925414325
2018-12-16 17:15:00,8.059999999999999,26.576674526035784
2018-12-16 17:30:00,7.739999999999999,22.469272974133492
2018-12-16 17:45:00,7.8500000000000005,19.176241047158836
2018-12-16 18:00:00,6.730000000000001,17.256586134135723
2018-12-16 18:15:00,5.22,16.544323006272315
2018-12-16 18:30:00,5.69,16.42832050487399
2018-12-16 18:45:00,5.72,16.628352459967136
2018-12-16 19:00:00,5.69,17.31203430138528
2018-12-16 19:15:00,5.72,18.48433859139681
2018-12-16 19:30:00,5.44,19.225551260486245
2018-12-16 19:45:00,4.46,19.21482247181237
2018-12-16 20:00:00,4.5,18.287609702050684
2018-12-16 20:15:00,4.46,16.36337293609977
2018-12-16 20:30:00,4.5,13.437730166614054
2018-12-16 20:45:00,4.54,9.65195762477815
2018-12-16 21:00:00,4.46,4.548361211307347
2018-12-16 21:15:00,4.5,-0.7427428458444774
2018-12-16 21:30:00,4.5,-2.8938079965114594
2018-12-16 21:45:00,4.57,-2.3334443520754573
2018-12-16 22:00:00,4.57,-1.771496257763356
2018-12-16 22:15:00,4.25,-1.223355752956122
2018-12-16 22:30:00,4.25,-0.6474647804163396
2018-12-16 22:45:00,4.18,-0.11938096910715099
2018-12-16 23:00:00,5.44,0.3159789829514921
2018-12-16 23:15:00,4.82,0.6545418186113239
2018-12-16 23:30:00,4.14,0.8526906781829894
2018-12-16 23:45:00,4.18,0.914393563065678
2018-12-17 00:00:00,4.57,0.8902335794456304
2018-12-17 00:15:00,4.25,0.863363049775362
2018-12-17 00:30:00,4.18,0.8861575154773892
2018-12-17 00:45:00,4.21,0.9329623612947763
2018-12-17 01:00:00,4.21,0.9849603854306043
2018-12-17 01:15:00,4.21,1.0359207282215357
2018-12-17 01:30:00,4.36,0.9301605935953559
2018-12-17 01:45:00,4.28,0.7198169432766736
2018-12-17 02:00:00,4.28,0.5874046495743096
2018-12-17 02:15:00,4.28,0.3420346927829087
2018-12-17 02:30:00,3.71,-0.057218888476490926
2018-12-17 02:45:00,4.32,-0.5889420225657522
2018-12-17 03:00:00,3.8200000000000003,-1.2598427285440266
2018-12-17 03:15:00,3.5299999999999994,-1.2000400607846677
2018-12-17 03:30:00,3.5299999999999994,-0.6944065990485251
2018-12-17 03:45:00,3.5299999999999994,-0.3579519658721983
2018-12-17 04:00:00,3.6,-0.014499088451266238
2018-12-17 04:15:00,3.5299999999999994,0.6543762162327766
2018-12-17 04:30:00,3.5299999999999994,1.3795024386793375
2018-12-17 04:45:00,4.1,2.1871884638816117
2018-12-17 05:00:00,4.25,3.0627509745024146
2018-12-17 05:15:00,4.28,2.2621718174777925
2018-12-17 05:30:00,4.25,0.33470299832522876
2018-12-17 05:45:00,3.64,-1.6463468914292751
2018-12-17 06:00:00,3.49,-3.1279574097692966
2018-12-17 06:15:00,3.4599999999999995,-2.8262242624163627
2018-12-17 06:30:00,4.32,-1.357596970554441
2018-12-17 06:45:00,3.6,0.842624579705298
2018-12-17 07:00:00,3.42,3.78165405604057
2018-12-17 07:15:00,3.49,7.524337560683488
2018-12-17 07:30:00,4.36,11.96626938998699
2018-12-17 07:45:00,6.19,16.212881353572012
2018-12-17 08:00:00,6.3,23.189123497754334
2018-12-17 08:15:00,6.48,30.80700132012367
2018-12-17 08:30:00,53.35,37.491575573384765
2018-12-17 08:45:00,46.93999999999999,47.26945854872465
2018-12-17 09:00:00,52.06,55.47133231699467
2018-12-17 09:15:00,54.83,62.64190857172012
2018-12-17 09:30:00,56.12,69.16850152403116
2018-12-17 09:45:00,58.0,73.73313180446625
2018-12-17 10:00:00,50.08,77.00103820174934
2018-12-17 10:15:00,46.04,75.76645057648422
2018-12-17 10:30:00,49.54,71.03428682535886
2018-12-17 10:45:00,54.14,65.58631212592125
2018-12-17 11:00:00,53.78,59.6981651815772
2018-12-17 11:15:00,52.67,53.26966721922159
2018-12-17 11:30:00,55.84,46.60455657839775
2018-12-17 11:45:00,49.64,40.702079133987425
2018-12-17 12:00:00,54.5,35.35400028020143
2018-12-17 12:15:00,11.12,31.588552483171224
2018-12-17 12:30:00,7.059999999999999,26.97469282582402
2018-12-17 12:45:00,7.129999999999999,25.79406575322151
2018-12-17 13:00:00,8.21,26.889661898761986
2018-12-17 13:15:00,33.26,29.90104965031147
2018-12-17 13:30:00,56.99,34.83497884854674
2018-12-17 13:45:00,56.59,42.22101783186197
2018-12-17 14:00:00,55.07999999999999,50.430063586533066
2018-12-17 14:15:00,51.05,57.89308353722095
2018-12-17 14:30:00,47.95,62.28944383740425
2018-12-17 14:45:00,57.82,65.7668737322092
2018-12-17 15:00:00,59.11,68.95151862174272
2018-12-17 15:15:00,60.62,71.67089155942202
2018-12-17 15:30:00,53.6,73.87670176893472
2018-12-17 15:45:00,60.44,75.61199464142324
2018-12-17 16:00:00,67.5,74.18787256777287
2018-12-17 16:15:00,85.86,70.28220278114081
2018-12-17 16:30:00,82.33,66.680509352386
2018-12-17 16:45:00,59.8,64.32432095587254
2018-12-17 17:00:00,60.37,60.51051277339459
2018-12-17 17:15:00,56.38,56.79934887468815
2018-12-17 17:30:00,52.99000000000001,53.67203047633171
2018-12-17 17:45:00,35.35,51.00873555630445
2018-12-17 18:00:00,31.32,49.333414322137834
2018-12-17 18:15:00,16.09,47.95940184414387
2018-12-17 18:30:00,6.37,46.49618189096451
2018-12-17 18:45:00,5.8,44.97447679132223
2018-12-17 19:00:00,5.54,43.831885497570035
2018-12-17 19:15:00,5.54,42.9226779165864
2018-12-17 19:30:00,5.62,41.68237785130739
2018-12-17 19:45:00,5.54,40.21693040579557
2018-12-17 20:00:00,5.62,39.389369849711656
2018-12-17 20:15:00,5.54,37.26696710258722
2018-12-17 20:30:00,4.75,33.72094975486398
2018-12-17 20:45:00,4.46,28.510189516097306
2018-12-17 21:00:00,4.46,21.736865860670804
2018-12-17 21:15:00,4.43,13.296788508370518
2018-12-17 21:30:00,4.43,4.874248167276382
2018-12-17 21:45:00,4.46,0.35348006259649994
2018-12-17 22:00:00,4.46,0.7991696735285223
2018-12-17 22:15:00,4.14,1.266925099696964
2018-12-17 22:30:00,4.18,1.8177306800708175
2018-12-17 22:45:00,4.21,2.359469670560211
2018-12-17 23:00:00,4.18,2.8219168387912212
2018-12-17 23:15:00,4.14,3.157102368315682
2018-12-17 23:30:00,4.07,3.3184101719595493
2018-12-17 23:45:00,4.07,3.294738013651222
2018-12-18 00:00:00,4.14,3.013074330827221
2018-12-18 00:15:00,5.22,2.6059773718286308
2018-12-18 00:30:00,4.68,2.145511678159237
2018-12-18 00:45:00,4.14,1.7175881149433554
2018-12-18 01:00:00,4.1,0.6575204159691931
2018-12-18 01:15:00,4.18,-0.3499104266427457
2018-12-18 01:30:00,4.07,-1.008132165428251
2018-12-18 01:45:00,4.18,-1.4161595852486788
2018-12-18 02:00:00,4.1,-1.7375999770127237
2018-12-18 02:15:00,4.18,-2.198533707913011
2018-12-18 02:30:00,4.14,-2.717007528990507
2018-12-18 02:45:00,4.21,-1.8787493399344384
2018-12-18 03:00:00,4.18,-1.0288689514063298
2018-12-18 03:15:00,3.6,-0.4536937179602682
2018-12-18 03:30:00,3.42,-0.09562881642952556
2018-12-18 03:45:00,3.42,0.1101371911913157
2018-12-18 04:00:00,3.38,0.43619901204481726
2018-12-18 04:15:00,3.42,0.9232740607857705
2018-12-18 04:30:00,3.71,1.4179496973380448
2018-12-18 04:45:00,4.18,1.9450042477622629
2018-12-18 05:00:00,3.5299999999999994,2.222603234238923
2018-12-18 05:15:00,3.4599999999999995,0.6704901697114111
2018-12-18 05:30:00,3.38,-0.88548030750826
2018-12-18 05:45:00,4.03,-2.4173424465954305
2018-12-18 06:00:00,4.14,-3.7526937862485648
2018-12-18 06:15:00,3.6,-3.8454636773467064
2018-12-18 06:30:00,3.38,-2.880089383199811
2018-12-18 06:45:00,3.35,-0.6411123854480684
2018-12-18 07:00:00,3.31,2.1371211108658463
2018-12-18 07:15:00,3.28,5.972195585910231
2018-12-18 07:30:00,3.42,9.98283342257142
2018-12-18 07:45:00,5.58,13.86707033187151
2018-12-18 08:00:00,7.269999999999999,17.482719269543885
2018-12-18 08:15:00,38.38,24.039527077525854
2018-12-18 08:30:00,72.86,33.6247521752119
2018-12-18 08:45:00,66.42,46.40339964985847
2018-12-18 09:00:00,81.4,57.00279616832733
2018-12-18 09:15:00,66.28,66.38041763335467
2018-12-18 09:30:00,78.3,72.89960507184267
2018-12-18 09:45:00,77.72,77.94024507462979
2018-12-18 10:00:00,74.59,81.16783655524254
2018-12-18 10:15:00,63.04,82.13728073835374
2018-12-18 10:30:00,58.68,78.20055629551412
2018-12-18 10:45:00,62.96000000000001,71.18001691848039
2018-12-18 11:00:00,68.36,63.80812206238508
2018-12-18 11:15:00,60.05,56.52404249876737
2018-12-18 11:30:00,58.82,49.01206262588501
2018-12-18 11:45:00,64.73,42.31872660338878
2018-12-18 12:00:00,67.54,37.52216092929244
2018-12-18 12:15:00,8.14,34.85450757920742
2018-12-18 12:30:00,8.64,31.5094248598814
2018-12-18 12:45:00,8.78,32.61516822099686
2018-12-18 13:00:00,9.4,35.33852684304118
2018-12-18 13:15:00,52.45,38.74618592962623
2018-12-18 13:30:00,67.46,44.59723569571972
2018-12-18 13:45:00,62.53000000000001,52.30372145652771
2018-12-18 14:00:00,62.46,59.83626970618963
2018-12-18 14:15:00,67.18,65.36147461861371
2018-12-18 14:30:00,113.51,69.61634873747826
2018-12-18 14:45:00,99.49999999999999,75.92480911403895
2018-12-18 15:00:00,68.0,79.72720588922502
2018-12-18 15:15:00,120.81999999999998,80.66962376415731
2018-12-18 15:30:00,79.45,84.18479528307915
2018-12-18 15:45:00,117.68,85.23310886204243
2018-12-18 16:00:00,114.07999999999998,87.94720946907998
2018-12-18 16:15:00,106.27,88.9755474716425
2018-12-18 16:30:00,93.28,86.78929069280625
2018-12-18 16:45:00,127.58000000000001,82.81924368321896
2018-12-18 17:00:00,94.61,80.49462190687657
2018-12-18 17:15:00,101.02,76.26632051408292
2018-12-18 17:30:00,112.13999999999999,72.76283434808254
2018-12-18 17:45:00,68.08,70.21392744660378
2018-12-18 18:00:00,15.95,66.15699027240277
2018-12-18 18:15:00,7.16,61.27583153516054
2018-12-18 18:30:00,5.58,56.71953638732433
2018-12-18 18:45:00,5.65,53.19177235126495
2018-12-18 19:00:00,5.0,50.54708327949047
2018-12-18 19:15:00,4.5,47.892999219894406
2018-12-18 19:30:00,4.39,44.40424324512482
2018-12-18 19:45:00,4.43,41.19695517748594
2018-12-18 20:00:00,4.39,38.39021154761314
2018-12-18 20:15:00,4.43,34.69460865885019
2018-12-18 20:30:00,4.36,29.708813918381928
2018-12-18 20:45:00,4.39,23.401150678694247
2018-12-18 21:00:00,4.43,16.072265286445617
2018-12-18 21:15:00,4.39,7.881257279664277
2018-12-18 21:30:00,4.46,1.8192850969731809
2018-12-18 21:45:00,4.39,2.138754960773513
2018-12-18 22:00:00,4.39,2.4380724185146394
2018-12-18 22:15:00,4.25,2.709158600261435
2018-12-18 22:30:00,5.18,2.999386592535302
2018-12-18 22:45:00,5.1499999999999995,3.2432805128721522
2018-12-18 23:00:00,4.14,3.3573531150259077
2018-12-18 23:15:00,4.14,3.2653299082117155
2018-12-18 23:30:00,4.14,2.9658766705542803
2018-12-18 23:45:00,4.1,2.4908425988256933
2018-12-19 00:00:00,3.92,1.8846884933114052
2018-12-19 00:15:00,4.14,1.4169049989432096
2018-12-19 00:30:00,4.14,1.0864651002921164
2018-12-19 00:45:00,4.14,0.439219150338322
2018-12-19 01:00:00,4.21,-0.4715653021074831
2018-12-19 01:15:00,4.14,-1.0973789360933006
2018-12-19 01:30:00,4.14,-1.515052273441106
2018-12-19 01:45:00,4.18,-1.8206189755164086
2018-12-19 02:00:00,4.18,-2.2725105358660223
2018-12-19 02:15:00,4.93,-1.2919465740583838
2018-12-19 02:30:00,5.26,-0.055177207626402325
2018-12-19 02:45:00,4.14,0.8504160312749446
2018-12-19 03:00:00,4.14,1.4418076671287419
2018-12-19 03:15:00,4.1,1.7750538243912162
2018-12-19 03:30:00,4.25,1.915289567410946
2018-12-19 03:45:00,3.8200000000000003,1.924577054027468
2018-12-19 04:00:00,3.49,2.158436522781849
2018-12-19 04:15:00,3.42,2.4410811891872437
2018-12-19 04:30:00,3.42,2.9650622717384247
2018-12-19 04:45:00,3.49,1.6975373157672584
2018-12-19 05:00:00,3.38,0.11097671104595071
2018-12-19 05:15:00,3.42,-1.5779053931497038
2018-12-19 05:30:00,3.38,-3.3289560336619615
2018-12-19 05:45:00,3.42,-4.955752964094281
2018-12-19 06:00:00,3.42,-5.146012694761158
2018-12-19 06:15:00,4.07,-4.157596654072404
2018-12-19 06:30:00,4.18,-1.513379408735782
2018-12-19 06:45:00,3.9599999999999995,2.3750261895917357
2018-12-19 07:00:00,4.1,6.4665894177369765
2018-12-19 07:15:00,4.1,10.57871007606387
2018-12-19 07:30:00,4.07,14.38816544212401
2018-12-19 07:45:00,5.76,17.573010177239777
2018-12-19 08:00:00,6.23,22.543855794519185
2018-12-19 08:15:00,36.14,28.211310343295334
2018-12-19 08:30:00,70.81,34.7995904622972
2018-12-19 08:45:00,59.54,44.005733190476896
2018-12-19 09:00:00,63.86,52.28657964557409
2018-12-19 09:15:00,77.4,59.47535307556391
2018-12-19 09:30:00,65.23,65.83910106927156
2018-12-19 09:45:00,69.3,69.84314877331256
2018-12-19 10:00:00,61.129999999999995,72.5520983043313
2018-12-19 10:15:00,61.16,72.79881104379892
2018-12-19 10:30:00,70.42,69.72042113125325
2018-12-19 10:45:00,63.68,64.9423557689786
2018-12-19 11:00:00,83.09,59.07138207197189
2018-12-19 11:15:00,140.8,54.55245131164789
2018-12-19 11:30:00,110.88,54.2816268658638
2018-12-19 11:45:00,115.13,52.14816973894835
2018-12-19 12:00:00,101.99,50.44096752077341
2018-12-19 12:15:00,12.13,48.35270693182945
2018-12-19 12:30:00,6.66,44.082613112330435
2018-12-19 12:45:00,6.8,41.57414687305689
2018-12-19 13:00:00,6.98,41.898350298404694
2018-12-19 13:15:00,62.42,43.16267225176096
2018-12-19 13:30:00,116.46,47.92808222413063
2018-12-19 13:45:00,89.86,57.876974636018275
2018-12-19 14:00:00,98.03,67.79020471602678
2018-12-19 14:15:00,149.18,76.44358130007983
2018-12-19 14:30:00,116.64000000000001,87.1681799530983
2018-12-19 14:45:00,105.48,94.48749521195889
2018-12-19 15:00:00,145.22,99.03801055610181
2018-12-19 15:15:00,101.38,104.11965707600118
2018-12-19 15:30:00,130.46,104.66585975229741
2018-12-19 15:45:00,115.24,104.652683416605
2018-12-19 16:00:00,125.21,101.52009268760682
2018-12-19 16:15:00,133.56,97.42185708701611
2018-12-19 16:30:00,81.65,92.97703984677793
2018-12-19 16:45:00,62.68,85.29908934056759
2018-12-19 17:00:00,125.5,76.60082160055639
2018-12-19 17:15:00,68.0,72.02844449698925
2018-12-19 17:30:00,40.50000000000001,65.33595276594161
2018-12-19 17:45:00,31.679999999999996,57.8832978400588
2018-12-19 18:00:00,26.82,53.199604501724245
2018-12-19 18:15:00,5.98,49.62546730875969
2018-12-19 18:30:00,5.47,46.24728207737208
2018-12-19 18:45:00,5.54,43.9407362216711
2018-12-19 19:00:00,5.44,43.024581199884416
2018-12-19 19:15:00,5.47,42.95096168011427
2018-12-19 19:30:00,5.47,44.64286785215139
2018-12-19 19:45:00,5.4,45.617328383922576
2018-12-19 20:00:00,5.33,45.26794441521168
2018-12-19 20:15:00,5.359999999999999,43.492668953537944
2018-12-19 20:30:00,5.33,39.965998454540966
2018-12-19 20:45:00,5.44,33.175068178772925
2018-12-19 21:00:00,5.4,22.965644491314887
2018-12-19 21:15:00,5.4,11.589686212986708
2018-12-19 21:30:00,5.04,1.0549669665284456
2018-12-19 21:45:00,4.25,0.47944649422541263
2018-12-19 22:00:00,4.39,1.5657618895173073
2018-12-19 22:15:00,4.03,3.1860942925233395
2018-12-19 22:30:00,4.03,4.362180351428687
2018-12-19 22:45:00,3.9599999999999995,4.844468930065632
2018-12-19 23:00:00,4.07,5.021064499728381
2018-12-19 23:15:00,4.03,5.50390770599246
2018-12-19 23:30:00,3.92,5.830364165734499
2018-12-19 23:45:00,3.9599999999999995,5.856438400577753
2018-12-20 00:00:00,3.89,5.611098196078092
2018-12-20 00:15:00,4.03,5.25834492066875
2018-12-20 00:30:00,4.03,5.021103233844041
2018-12-20 00:45:00,4.0,4.846199334580451
2018-12-20 01:00:00,4.0,3.787126372605562
2018-12-20 01:15:00,4.0,2.9075192344002425
2018-12-20 01:30:00,4.1,2.489063495984301
2018-12-20 01:45:00,4.0,2.329564968496561
2018-12-20 02:00:00,4.07,2.438965408289805
2018-12-20 02:15:00,4.43,2.5072352695278823
2018-12-20 02:30:00,5.18,2.5302575086709114
2018-12-20 02:45:00,4.1,3.713273044731468
2018-12-20 03:00:00,4.0,4.16697037271224
2018-12-20 03:15:00,4.1,4.691477874349803
2018-12-20 03:30:00,4.03,5.088397584799677
2018-12-20 03:45:00,4.1,5.50122663155198
2018-12-20 04:00:00,3.31,6.157707580588758
2018-12-20 04:15:00,3.35,7.061114868093282
2018-12-20 04:30:00,3.4599999999999995,5.559644414335489
2018-12-20 04:45:00,3.38,2.0580239415727557
2018-12-20 05:00:00,3.35,-1.2388426628522575
2018-12-20 05:15:00,3.35,-4.027633030116558
2018-12-20 05:30:00,3.38,-4.625847203284502
2018-12-20 05:45:00,3.38,-5.337458026185632
2018-12-20 06:00:00,3.92,-4.8846326368302115
2018-12-20 06:15:00,3.67,-3.4281265970319508
2018-12-20 06:30:00,3.35,-0.6955287656746805
2018-12-20 06:45:00,4.0,3.288530941787176
2018-12-20 07:00:00,4.03,9.699079641252755
2018-12-20 07:15:00,3.9599999999999995,15.68096539095044
2018-12-20 07:30:00,4.18,21.0968592607975
2018-12-20 07:45:00,4.79,29.81196567520499
2018-12-20 08:00:00,5.870000000000001,37.28418750450015
2018-12-20 08:15:00,39.49,43.296205027997495
2018-12-20 08:30:00,79.85000000000001,50.701947887539866
2018-12-20 08:45:00,66.96,60.50856820851564
2018-12-20 09:00:00,63.14,68.10494129896163
2018-12-20 09:15:00,64.12,73.75677196502686
2018-12-20 09:30:00,64.37,78.35285210192204
2018-12-20 09:45:00,83.16,80.57332962989808
2018-12-20 10:00:00,71.14,81.97137746870519
2018-12-20 10:15:00,58.72,81.03176192283631
2018-12-20 10:30:00,68.72,77.40840882569552
2018-12-20 10:45:00,75.53,71.10982396453619
2018-12-20 11:00:00,77.51,64.56762958407403
2018-12-20 11:15:00,64.4,58.331881563067434
2018-12-20 11:30:00,63.0,51.204027353823186
2018-12-20 11:45:00,71.46,44.886571680605414
2018-12-20 12:00:00,71.06,40.7466738897562
2018-12-20 12:15:00,16.96,38.44364890903235
2018-12-20 12:30:00,7.669999999999999,35.646468676179644
2018-12-20 12:45:00,7.489999999999999,36.929933141767975
2018-12-20 13:00:00,6.66,39.00801732420921
2018-12-20 13:15:00,42.7,41.60048607170582
2018-12-20 13:30:00,63.07,46.35673907458782
2018-12-20 13:45:00,71.5,53.138667317330835
2018-12-20 14:00:00,76.9,60.627828866541385
2018-12-20 14:15:00,63.49999999999999,66.99048107773065
2018-12-20 14:30:00,78.41,71.39823931246995
2018-12-20 14:45:00,73.4,75.55775340676308
2018-12-20 15:00:00,64.44,78.41149443030358
2018-12-20 15:15:00,60.26,79.45499375164509
2018-12-20 15:30:00,58.9,78.90858449339868
2018-12-20 15:45:00,60.59,77.0108553352952
2018-12-20 16:00:00,56.92000000000001,73.92320965319873
2018-12-20 16:15:00,60.08,69.8722229373455
2018-12-20 16:30:00,58.68,65.61212139695883
2018-12-20 16:45:00,57.56,61.13113435178995
2018-12-20 17:00:00,46.50999999999999,56.63233634978533
2018-12-20 17:15:00,58.07,52.08571462631225
2018-12-20 17:30:00,41.22,48.80319031059742
2018-12-20 17:45:00,41.51,44.84872676551342
2018-12-20 18:00:00,24.8,41.19793419629335
2018-12-20 18:15:00,5.44,38.71451826393604
2018-12-20 18:30:00,5.18,36.75429132953286
2018-12-20 18:45:00,5.290000000000001,35.23321495756507
2018-12-20 19:00:00,5.290000000000001,33.97215565174818
2018-12-20 19:15:00,5.290000000000001,33.108838454633954
2018-12-20 19:30:00,4.18,33.497037375420334
2018-12-20 19:45:00,4.07,32.91418661206961
2018-12-20 20:00:00,4.1,31.068574487268926
2018-12-20 20:15:00,4.07,27.74621578246355
2018-12-20 20:30:00,4.18,22.836440954208374
2018-12-20 20:45:00,4.1,15.720850302800535
2018-12-20 21:00:00,4.1,8.1029382372275
2018-12-20 21:15:00,4.14,0.9521186269447208
2018-12-20 21:30:00,4.14,1.4535236143879593
2018-12-20 21:45:00,4.21,2.1340428713988513
2018-12-20 22:00:00,4.18,2.778203143812716
2018-12-20 22:15:00,3.85,3.380069691473618
2018-12-20 22:30:00,3.85,3.948968173749745
2018-12-20 22:45:00,4.64,4.4046051546745
2018-12-20 23:00:00,5.04,4.708618141552433
2018-12-20 23:15:00,4.07,4.865994993820786
2018-12-20 23:30:00,3.8200000000000003,4.79850697228685
2018-12-20 23:45:00,3.85,4.556863349694758
2018-12-21 00:00:00,3.92,4.255854361895472
2018-12-21 00:15:00,3.89,3.9671155279595407
2018-12-21 00:30:00,3.85,3.7926602988690137
2018-12-21 00:45:00,3.89,3.153330282950774
2018-12-21 01:00:00,3.89,2.6818523117899895
2018-12-21 01:15:00,3.9599999999999995,2.5037894769851117
2018-12-21 01:30:00,3.89,2.4771412474568932
2018-12-21 01:45:00,3.89,2.226190490508452
2018-12-21 02:00:00,3.89,1.850323473624885
2018-12-21 02:15:00,3.92,1.4699404237419367
2018-12-21 02:30:00,3.92,2.5497089114412668
2018-12-21 02:45:00,3.92,3.187952828370035
2018-12-21 03:00:00,3.9599999999999995,3.453020767066628
2018-12-21 03:15:00,4.79,3.4325848721899095
2018-12-21 03:30:00,4.5,3.3115604084916415
2018-12-21 03:45:00,3.24,3.4800413914350794
2018-12-21 04:00:00,3.28,3.673634290993214
2018-12-21 04:15:00,3.24,3.9844086265098304
2018-12-21 04:30:00,3.24,2.3855789906531575
2018-12-21 04:45:00,3.28,-0.2973409339599311
2018-12-21 05:00:00,3.28,-2.959521265774965
2018-12-21 05:15:00,3.28,-5.576394751593471
2018-12-21 05:30:00,3.2,-7.722099718153477
2018-12-21 05:45:00,3.24,-8.673371426016093
2018-12-21 06:00:00,3.2,-8.377047582119705
2018-12-21 06:15:00,3.67,-5.176747373491526
2018-12-21 06:30:00,3.9599999999999995,-1.046459853556007
2018-12-21 06:45:00,3.92,3.6746062927506866
2018-12-21 07:00:00,3.89,8.578839616328477
2018-12-21 07:15:00,3.67,13.148079817891121
2018-12-21 07:30:00,3.17,17.313891293480992
2018-12-21 07:45:00,5.44,23.82488169491291
2018-12-21 08:00:00,6.77,28.977781023979187
2018-12-21 08:15:00,28.8,32.60630091533065
2018-12-21 08:30:00,54.22,37.01316321313381
2018-12-21 08:45:00,56.41,43.33378048837185
2018-12-21 09:00:00,56.74,49.465950115919114
2018-12-21 09:15:00,43.78,54.39884415894747
2018-12-21 09:30:00,47.52000000000001,56.84719055980444
2018-12-21 09:45:00,56.2,58.20501330018043
2018-12-21 10:00:00,51.59000000000001,58.311178458929064
2018-12-21 10:15:00,66.64,56.648943742215636
2018-12-21 10:30:00,53.14,55.512513979673386
2018-12-21 10:45:00,58.54,52.679570369422436
2018-12-21 11:00:00,73.12,49.7797256436944
2018-12-21 11:15:00,67.79,48.2939972397685
2018-12-21 11:30:00,65.59,45.96609709769487
2018-12-21 11:45:00,57.85,43.50818954527378
2018-12-21 12:00:00,58.9,40.9488772007823
2018-12-21 12:15:00,7.419999999999999,39.243125547170635
2018-12-21 12:30:00,8.35,35.75478049084544
2018-12-21 12:45:00,7.669999999999999,35.48586243718862
2018-12-21 13:00:00,7.199999999999998,35.977940642535685
2018-12-21 13:15:00,39.74,37.14531278848648
2018-12-21 13:30:00,58.029999999999994,39.76340892508626
2018-12-21 13:45:00,63.97,43.958937887847426
2018-12-21 14:00:00,56.34,47.801990889012814
2018-12-21 14:15:00,69.62,50.78743688762188
2018-12-21 14:30:00,60.34,53.81370527595281
2018-12-21 14:45:00,57.74,55.29076621979475
2018-12-21 15:00:00,68.04,55.76998694419861
2018-12-21 15:15:00,67.68,56.5103497081995
2018-12-21 15:30:00,58.32000000000001,57.1211990621686
2018-12-21 15:45:00,65.48,56.94870313376188
2018-12-21 16:00:00,63.0,57.03898393690586
2018-12-21 16:15:00,69.73,57.19401021778584
2018-12-21 16:30:00,59.69,57.7782015183568
2018-12-21 16:45:00,63.32,56.595991399288174
2018-12-21 17:00:00,62.32,54.308545392155644
2018-12-21 17:15:00,52.78,52.025621733367444
2018-12-21 17:30:00,45.86,49.54454556614161
2018-12-21 17:45:00,30.780000000000005,46.613084820210936
2018-12-21 18:00:00,8.21,43.287869895398615
2018-12-21 18:15:00,5.51,38.79687709838152
2018-12-21 18:30:00,5.4,33.84022837653756
2018-12-21 18:45:00,5.62,29.138221099227668
2018-12-21 19:00:00,5.54,24.755021416544913
2018-12-21 19:15:00,5.54,20.490342514142394
2018-12-21 19:30:00,5.51,17.20207095384598
2018-12-21 19:45:00,5.47,14.050473562702535
2018-12-21 20:00:00,5.54,11.672039433792232
2018-12-21 20:15:00,5.47,9.45597871772945
2018-12-21 20:30:00,5.44,7.546247036047279
2018-12-21 20:45:00,5.47,5.903079608790576
2018-12-21 21:00:00,5.44,5.923271029647439
2018-12-21 21:15:00,5.54,5.9206856677681206
2018-12-21 21:30:00,5.4,5.882306614834815
2018-12-21 21:45:00,5.44,5.787190502919256
2018-12-21 22:00:00,5.44,5.617369473949075
2018-12-21 22:15:00,5.18,5.354417035467923
2018-12-21 22:30:00,5.26,5.017004434634
2018-12-21 22:45:00,5.1499999999999995,4.588747561546042
2018-12-21 23:00:00,5.1499999999999995,4.0726627652905885
2018-12-21 23:15:00,5.11,3.0825857888814063
2018-12-21 23:30:00,4.57,1.925032320227474
2018-12-21 23:45:00,4.0,0.7162065307423473
2018-12-22 00:00:00,3.31,-0.5052190736122429
2018-12-22 00:15:00,4.0,-1.7261689219810068
2018-12-22 00:30:00,4.0,-2.8307870289683343
2018-12-22 00:45:00,4.0,-3.726803678795695
2018-12-22 01:00:00,4.1,-3.9460488779842855
2018-12-22 01:15:00,3.9599999999999995,-3.4073493928462266
2018-12-22 01:30:00,4.03,-2.7913669265061616
2018-12-22 01:45:00,4.03,-2.1210845629684627
2018-12-22 02:00:00,3.9599999999999995,-1.4188299937732518
2018-12-22 02:15:00,4.07,-0.710539638902992
2018-12-22 02:30:00,4.07,-0.18128594502806658
2018-12-22 02:45:00,3.67,-0.29134612785652275
2018-12-22 03:00:00,3.31,-0.406612119693309
2018-12-22 03:15:00,3.8200000000000003,-0.5279037926532327
2018-12-22 03:30:00,4.07,-0.6534579024277627
2018-12-22 03:45:00,3.42,-0.7569161639921367
2018-12-22 04:00:00,3.38,-0.7326349257491529
2018-12-22 04:15:00,3.31,-0.7175724070332944
2018-12-22 04:30:00,3.38,-0.7105581639148294
2018-12-22 04:45:00,3.35,-0.708540060352534
2018-12-22 05:00:00,3.38,-0.707942769061774
2018-12-22 05:15:00,3.42,-0.3387070047110319
2018-12-22 05:30:00,3.9599999999999995,0.21671972407028084
2018-12-22 05:45:00,4.07,0.7985476822219789
2018-12-22 06:00:00,4.07,1.4224296627007424
2018-12-22 06:15:00,4.0,2.2110770280100405
2018-12-22 06:30:00,3.38,3.1726994458958506
2018-12-22 06:45:00,3.35,4.082143220780417
2018-12-22 07:00:00,3.35,5.139918730221688
2018-12-22 07:15:00,3.31,6.384937059879302
2018-12-22 07:30:00,3.85,7.584378808140754
2018-12-22 07:45:00,4.03,8.771197725608944
2018-12-22 08:00:00,3.35,9.852404989227653
2018-12-22 08:15:00,3.31,10.74317625388503
2018-12-22 08:30:00,3.24,11.461416785567998
2018-12-22 08:45:00,3.38,12.005429019555448
2018-12-22 09:00:00,3.8200000000000003,12.332795169651508
2018-12-22 09:15:00,4.28,12.458083754256368
2018-12-22 09:30:00,4.28,12.414720631092786
2018-12-22 09:45:00,4.32,12.735957809090614
2018-12-22 10:00:00,4.21,12.89696598470211
2018-12-22 10:15:00,3.6,12.313135079815984
2018-12-22 10:30:00,3.6,11.441923982203006
2018-12-22 10:45:00,3.6,10.400509566739201
2018-12-22 11:00:00,3.6,9.226779412180186
2018-12-22 11:15:00,3.6,7.6663025854900475
2018-12-22 11:30:00,3.6,5.857318057958036
2018-12-22 11:45:00,3.6,4.104537995317951
2018-12-22 12:00:00,3.6,2.712415493819863
2018-12-22 12:15:00,3.71,1.7896142030134798
2018-12-22 12:30:00,4.39,1.0607739963755012
2018-12-22 12:45:00,4.1,0.5161706461012364
2018-12-22 13:00:00,3.71,0.1302028665132821
2018-12-22 13:15:00,4.28,-0.047050060387700744
2018-12-22 13:30:00,4.25,-0.0674592904746532
2018-12-22 13:45:00,4.25,-0.04203904468566174
2018-12-22 14:00:00,4.21,0.010861933436244777
2018-12-22 14:15:00,3.67,0.09866319181397562
2018-12-22 14:30:00,3.4599999999999995,0.1739696103893221
2018-12-22 14:45:00,3.49,0.23033195890486247
2018-12-22 15:00:00,3.5299999999999994,0.25773297755047686
2018-12-22 15:15:00,3.56,0.24631960548460488
2018-12-22 15:30:00,3.5299999999999994,0.20119351869449026
2018-12-22 15:45:00,3.56,0.12483454262837773
2018-12-22 16:00:00,3.56,0.24695422748103743
2018-12-22 16:15:00,3.49,0.38848896678537137
2018-12-22 16:30:00,3.5299999999999994,0.49388337276875977
2018-12-22 16:45:00,3.56,0.7701008424535394
2018-12-22 17:00:00,4.68,1.0920795822888614
2018-12-22 17:15:00,5.44,1.426216062847525
2018-12-22 17:30:00,4.46,1.773016634453088
2018-12-22 17:45:00,4.28,2.1113132432382553
2018-12-22 18:00:00,4.07,2.4601382337510587
2018-12-22 18:15:00,3.6,2.9204884267784657
2018-12-22 18:30:00,3.67,3.3327324620774017
2018-12-22 18:45:00,3.67,3.7008523049764337
2018-12-22 19:00:00,3.71,4.025122251957655
2018-12-22 19:15:00,3.74,4.250288999248296
2018-12-22 19:30:00,3.71,4.371564813675359
2018-12-22 19:45:00,3.74,4.427912566727027
2018-12-22 20:00:00,3.67,4.544286270067095
2018-12-22 20:15:00,3.67,4.656655343007296
2018-12-22 20:30:00,3.67,4.760638760589063
2018-12-22 20:45:00,3.67,4.851843288186937
2018-12-22 21:00:00,4.18,4.926226543672382
2018-12-22 21:15:00,4.61,4.986858907416463
2018-12-22 21:30:00,5.51,5.032361669447273
2018-12-22 21:45:00,4.43,5.069175358880311
2018-12-22 22:00:00,4.1,5.077742054127156
2018-12-22 22:15:00,3.4599999999999995,5.050947308596223
2018-12-22 22:30:00,3.38,5.007165688574314
2018-12-22 22:45:00,3.42,4.944503993988037
2018-12-22 23:00:00,3.38,4.8589931007102125
2018-12-22 23:15:00,3.35,4.7500209816452115
2018-12-22 23:30:00,3.31,4.379735887646675
2018-12-22 23:45:00,3.31,3.9663586689531805
2018-12-23 00:00:00,3.78,3.53509744593408
2018-12-23 00:15:00,3.31,3.021069136504084
2018-12-23 00:30:00,3.35,2.5185485784616324
2018-12-23 00:45:00,3.42,2.051164915598929
2018-12-23 01:00:00,4.93,1.6286276399157942
2018-12-23 01:15:00,4.93,1.263450537249446
2018-12-23 01:30:00,4.14,1.0781759995408358
2018-12-23 01:45:00,4.07,0.953385344799608
2018-12-23 02:00:00,3.49,0.8467034504935146
2018-12-23 02:15:00,3.4599999999999995,0.7164641968160869
2018-12-23 02:30:00,3.49,0.6020500748418272
2018-12-23 02:45:00,3.42,0.5010912864655257
2018-12-23 03:00:00,3.42,0.41126434611156587
2018-12-23 03:15:00,3.4599999999999995,0.3426462988555432
2018-12-23 03:30:00,3.42,0.34528695508837703
2018-12-23 03:45:00,3.5299999999999994,0.3552093443833292
2018-12-23 04:00:00,3.4599999999999995,0.5934774852730335
2018-12-23 04:15:00,3.42,0.8781168182939292
2018-12-23 04:30:00,3.6,1.180067213512957
2018-12-23 04:45:00,4.14,1.5087520076334477
2018-12-23 05:00:00,5.18,1.883750734757632
2018-12-23 05:15:00,4.64,2.3112374164443463
2018-12-23 05:30:00,4.1,2.8869880479853602
2018-12-23 05:45:00,3.49,3.604343027966097
2018-12-23 06:00:00,3.38,4.317180711878463
2018-12-23 06:15:00,3.35,5.038356194868683
2018-12-23 06:30:00,3.4599999999999995,5.80692132461816
2018-12-23 06:45:00,3.38,6.9074914358370005
2018-12-23 07:00:00,3.38,8.064455051273107
2018-12-23 07:15:00,3.38,9.262495635002852
2018-12-23 07:30:00,3.38,10.478606525734067
2018-12-23 07:45:00,3.42,11.689501222223043
2018-12-23 08:00:00,3.49,13.14688298985362
2018-12-23 08:15:00,4.07,15.392322129234671
2018-12-23 08:30:00,4.97,17.826153902634978
2018-12-23 08:45:00,4.82,20.508717080429196
2018-12-23 09:00:00,4.28,21.75550988167524
2018-12-23 09:15:00,3.92,22.06964468240738
2018-12-23 09:30:00,3.71,21.602908693253994
2018-12-23 09:45:00,3.64,20.31881662271917
2018-12-23 10:00:00,3.64,18.813612256348133
2018-12-23 10:15:00,3.67,16.8667502759397
2018-12-23 10:30:00,3.71,14.154183315336704
2018-12-23 10:45:00,3.71,10.817910642549394
2018-12-23 11:00:00,3.74,6.913658861368894
2018-12-23 11:15:00,3.78,2.469511609058827
2018-12-23 11:30:00,3.71,-2.408259577155113
2018-12-23 11:45:00,3.74,-7.447440033555031
2018-12-23 12:00:00,3.9599999999999995,-11.049944071918727
2018-12-23 12:15:00,4.86,-12.271994193717838
2018-12-23 12:30:00,5.54,-13.159787983745337
2018-12-23 12:45:00,4.54,-13.224408838674426
2018-12-23 13:00:00,4.36,-11.983524954840542
2018-12-23 13:15:00,3.67,-10.364904852360487
2018-12-23 13:30:00,3.67,-8.45873277977109
2018-12-23 13:45:00,3.67,-5.612438810989262
2018-12-23 14:00:00,3.67,-2.027470380421728
2018-12-23 14:15:00,3.71,1.3385413920506835
2018-12-23 14:30:00,3.67,5.702610912509262
2018-12-23 14:45:00,3.67,10.862305552735924
2018-12-23 15:00:00,3.67,15.551124144345522
2018-12-23 15:15:00,3.64,19.13604289419949
2018-12-23 15:30:00,3.67,20.82389040455222
2018-12-23 15:45:00,3.74,20.236939438581466
2018-12-23 16:00:00,4.36,17.70280763745308
2018-12-23 16:15:00,4.36,13.962392183691263
2018-12-23 16:30:00,5.0,9.678622414544224
2018-12-23 16:45:00,5.33,5.538309495020657
2018-12-23 17:00:00,3.6,4.3212765639275315
2018-12-23 17:15:00,3.56,4.466174154244364
2018-12-23 17:30:00,3.6,4.869702241644263
2018-12-23 17:45:00,3.67,5.448720573000609
2018-12-23 18:00:00,3.49,6.094987504146992
2018-12-23 18:15:00,3.49,7.002409105580299
2018-12-23 18:30:00,3.49,9.692052486762403
2018-12-23 18:45:00,3.64,12.405023629441857
2018-12-23 19:00:00,3.64,15.144284570738673
2018-12-23 19:15:00,4.03,18.69688222721219
2018-12-23 19:30:00,4.25,21.775083521455525
2018-12-23 19:45:00,4.28,23.780143229961396
2018-12-23 20:00:00,4.25,24.500409162938595
2018-12-23 20:15:00,4.0,23.791260482519863
2018-12-23 20:30:00,3.49,21.50550754919648
2018-12-23 20:45:00,4.21,17.52986149512231
2018-12-23 21:00:00,4.14,11.406702882423996
2018-12-23 21:15:00,3.49,4.568857452813536
2018-12-23 21:30:00,3.42,-2.2653497767448423
2018-12-23 21:45:00,3.4599999999999995,-3.3247570309787986
2018-12-23 22:00:00,3.5299999999999994,-2.4187020701915025
2018-12-23 22:15:00,3.2,-1.5308400744386017
2018-12-23 22:30:00,3.2,-0.6750294366665184
2018-12-23 22:45:00,3.2,0.05850293092429643
2018-12-23 23:00:00,3.9599999999999995,0.6373680099099875
2018-12-23 23:15:00,4.0,1.0922401323914528
2018-12-23 23:30:00,4.0,1.4200455498136582
2018-12-23 23:45:00,4.0,1.609060175139457
2018-12-24 00:00:00,3.78,1.6667397642694415
2018-12-24 00:15:00,3.35,1.5461475508473814
2018-12-24 00:30:00,3.38,1.4017936415597796
2018-12-24 00:45:00,3.38,1.2693889262713491
2018-12-24 01:00:00,3.9599999999999995,1.1672591326013209
2018-12-24 01:15:00,3.89,0.7676900647766889
2018-12-24 01:30:00,3.38,0.25860982811078437
2018-12-24 01:45:00,3.35,0.006015678066760352
2018-12-24 02:00:00,3.49,-0.07684136692434544
2018-12-24 02:15:00,3.38,-0.3302402322553098
2018-12-24 02:30:00,3.42,-0.636147682275623
2018-12-24 02:45:00,4.0,-1.088689582813531
2018-12-24 03:00:00,4.07,-1.7168575773946941
2018-12-24 03:15:00,4.14,-1.1522539507038891
2018-12-24 03:30:00,4.1,-0.6358793502859771
2018-12-24 03:45:00,3.9599999999999995,-0.2606529900617897
2018-12-24 04:00:00,3.35,0.5554773530364037
2018-12-24 04:15:00,3.38,1.399914756268263
2018-12-24 04:30:00,3.64,2.327431925656274
2018-12-24 04:45:00,4.07,3.3356114874966445
2018-12-24 05:00:00,3.42,3.547571234586649
2018-12-24 05:15:00,3.31,1.4013647594675422
2018-12-24 05:30:00,3.35,-0.8046197535656392
2018-12-24 05:45:00,3.35,-3.0473848355561493
2018-12-24 06:00:00,3.35,-3.620714865550399
2018-12-24 06:15:00,3.38,-3.075962753817439
2018-12-24 06:30:00,3.6,-1.5401890304125845
2018-12-24 06:45:00,4.03,0.8244158964790405
2018-12-24 07:00:00,4.0,4.157551667261869
2018-12-24 07:15:00,3.9599999999999995,8.479031343460083
2018-12-24 07:30:00,4.54,13.048593767955898
2018-12-24 07:45:00,5.359999999999999,17.30625674314797
2018-12-24 08:00:00,6.52,25.25795191064477
2018-12-24 08:15:00,21.89,32.75332663655281
2018-12-24 08:30:00,59.62,40.56368270009756
2018-12-24 08:45:00,64.58,50.59024094343185
2018-12-24 09:00:00,67.18,59.836673888266084
2018-12-24 09:15:00,69.44,67.65742641299963
2018-12-24 09:30:00,65.38,74.7791909456253
2018-12-24 09:45:00,67.0,80.02858200907708
2018-12-24 10:00:00,56.27,83.08827625513078
2018-12-24 10:15:00,54.18,82.57717454671861
2018-12-24 10:30:00,58.39,77.2205135601759
2018-12-24 10:45:00,54.86,71.25286849230528
2018-12-24 11:00:00,54.18,64.04247132122516
2018-12-24 11:15:00,55.55,56.3416935095191
2018-12-24 11:30:00,53.21,48.7409777072072
2018-12-24 11:45:00,53.03,41.7270938616991
2018-12-24 12:00:00,40.64000000000001,36.05684372022748
2018-12-24 12:15:00,6.91,31.292617103159426
2018-12-24 12:30:00,6.91,27.132858254164457
2018-12-24 12:45:00,6.48,27.641514661014078
2018-12-24 13:00:00,6.12,29.591372079700232
2018-12-24 13:15:00,34.49,33.445111205875875
2018-12-24 13:30:00,46.98,39.06045994862914
2018-12-24 13:45:00,38.2,45.833583758473395
2018-12-24 14:00:00,37.84000000000001,51.857208043932914
2018-12-24 14:15:00,43.45000000000001,56.403897131085394
2018-12-24 14:30:00,63.9,58.80338240981102
2018-12-24 14:45:00,38.48,62.02654585123062
2018-12-24 15:00:00,38.12,63.22179308772087
2018-12-24 15:15:00,45.25,63.48872391283512
2018-12-24 15:30:00,51.12,64.31948424369097
2018-12-24 15:45:00,45.72,65.67914376705885
2018-12-24 16:00:00,51.7,64.23115698724985
2018-12-24 16:15:00,47.2,60.60293574154377
2018-12-24 16:30:00,69.55,54.81061138570308
2018-12-24 16:45:00,44.82,51.41770045399666
2018-12-24 17:00:00,40.86,47.71654230713844
2018-12-24 17:15:00,33.66,43.858067514300345
2018-12-24 17:30:00,9.86,40.433280089497565
2018-12-24 17:45:00,6.730000000000001,36.54017587453127
2018-12-24 18:00:00,5.290000000000001,33.20723658114672
2018-12-24 18:15:00,5.22,31.371924362927675
2018-12-24 18:30:00,5.18,30.01015635639429
2018-12-24 18:45:00,5.33,29.10152585759759
2018-12-24 19:00:00,5.04,28.718482503741978
2018-12-24 19:15:00,4.14,28.790307904183866
2018-12-24 19:30:00,4.18,29.37057190224528
2018-12-24 19:45:00,4.1,29.91285850331187
2018-12-24 20:00:00,4.18,30.83161376312375
2018-12-24 20:15:00,4.1,31.699516181349754
2018-12-24 20:30:00,4.14,31.40494603857398
2018-12-24 20:45:00,4.21,29.760764787942172
2018-12-24 21:00:00,4.18,26.538304174244402
2018-12-24 21:15:00,4.18,21.633424440026282
2018-12-24 21:30:00,4.14,14.712254349216819
2018-12-24 21:45:00,4.18,6.807200951296836
2018-12-24 22:00:00,5.4,-0.32411378629505627
2018-12-24 22:15:00,4.5,-1.0959592465497552
2018-12-24 22:30:00,3.92,0.22067790159955625
2018-12-24 22:45:00,3.89,1.2914342517219484
2018-12-24 23:00:00,3.85,1.983217698317021
2018-12-24 23:15:00,3.85,2.336814142446965
2018-12-24 23:30:00,3.8200000000000003,2.921021161209792
2018-12-24 23:45:00,3.85,3.3056121955998243
2018-12-25 00:00:00,3.13,3.5387785903317854
2018-12-25 00:15:00,3.85,3.551749536972493
2018-12-25 00:30:00,3.92,3.327014478594065
2018-12-25 00:45:00,3.89,2.9551746870111675
2018-12-25 01:00:00,3.85,2.560448085349053
2018-12-25 01:15:00,3.56,1.5391159054450692
2018-12-25 01:30:00,3.2,0.3008316982723773
2018-12-25 01:45:00,3.92,-0.5022775262780487
2018-12-25 02:00:00,3.64,-0.9525885662995278
2018-12-25 02:15:00,3.17,-1.340596061963588
2018-12-25 02:30:00,3.17,-1.7909778338484466
2018-12-25 02:45:00,3.2,-2.3194955795258285
2018-12-25 03:00:00,3.24,-1.5917289815284312
2018-12-25 03:15:00,3.2,-0.7215238481946289
2018-12-25 03:30:00,3.2,-0.16901733491569754
2018-12-25 03:45:00,3.28,0.1587389631569386
2018-12-25 04:00:00,3.9599999999999995,0.4533542957343162
2018-12-25 04:15:00,3.9599999999999995,1.033535492606461
2018-12-25 04:30:00,3.92,1.6061775710247457
2018-12-25 04:45:00,3.89,2.1936619731318205
2018-12-25 05:00:00,3.35,2.7948119396530093
2018-12-25 05:15:00,3.24,1.6261166587658227
2018-12-25 05:30:00,3.35,-0.09847128301858897
2018-12-25 05:45:00,3.9599999999999995,-1.7737540637515485
2018-12-25 06:00:00,3.71,-3.3496041241288186
2018-12-25 06:15:00,3.17,-4.0873464410007
2018-12-25 06:30:00,3.2,-3.3064655465632677
2018-12-25 06:45:00,3.2,-1.5913803744874895
2018-12-25 07:00:00,3.17,1.020449255835265
2018-12-25 07:15:00,3.24,4.494569067843258
2018-12-25 07:30:00,3.85,8.58169471360743
2018-12-25 07:45:00,3.92,12.642606344893574
2018-12-25 08:00:00,3.89,16.428944741636514
2018-12-25 08:15:00,3.89,21.749703132510184
2018-12-25 08:30:00,3.49,28.86385332390666
2018-12-25 08:45:00,3.24,35.94824673265219
2018-12-25 09:00:00,3.38,42.298477081358435
2018-12-25 09:15:00,3.49,47.75144118398428
2018-12-25 09:30:00,3.4599999999999995,52.18431259840727
2018-12-25 09:45:00,3.8200000000000003,54.361300134956835
2018-12-25 10:00:00,3.9599999999999995,50.70383856147528
2018-12-25 10:15:00,3.42,45.13713762253523
2018-12-25 10:30:00,3.5299999999999994,39.06422108739614
2018-12-25 10:45:00,3.4599999999999995,32.85628977507353
2018-12-25 11:00:00,3.4599999999999995,25.539817263484
2018-12-25 11:15:00,3.78,17.986180813983083
2018-12-25 11:30:00,4.18,10.336583680436014
2018-12-25 11:45:00,4.28,3.0831586608383805
2018-12-25 12:00:00,4.18,-3.4584503573179246
2018-12-25 12:15:00,4.07,-6.933449546024204
2018-12-25 12:30:00,3.56,-7.927253558337689
2018-12-25 12:45:00,3.5299999999999994,-8.406735878363252
2018-12-25 13:00:00,3.5299999999999994,-7.445597636923194
2018-12-25 13:15:00,5.04,-6.2441349782794715
2018-12-25 13:30:00,4.07,-4.542218563482165
2018-12-25 13:45:00,3.42,-1.4965244547836483
2018-12-25 14:00:00,3.42,2.0705798297096045
2018-12-25 14:15:00,3.49,6.60461114116013
2018-12-25 14:30:00,3.4599999999999995,11.802722726389765
2018-12-25 14:45:00,3.5299999999999994,17.079608275592328
2018-12-25 15:00:00,4.14,23.638315739333628
2018-12-25 15:15:00,4.14,30.8745244269073
2018-12-25 15:30:00,4.14,35.81616003006697
2018-12-25 15:45:00,4.1,37.100114005059005
2018-12-25 16:00:00,3.67,34.93549219459295
2018-12-25 16:15:00,3.4599999999999995,30.673753716796636
2018-12-25 16:30:00,3.42,25.512310427725314
2018-12-25 16:45:00,3.4599999999999995,20.081464066505433
2018-12-25 17:00:00,3.42,14.904177962765097
2018-12-25 17:15:00,3.4599999999999995,13.393865184038876
2018-12-25 17:30:00,4.0,12.766502746790646
2018-12-25 17:45:00,4.0,12.637522632554173
2018-12-25 18:00:00,3.38,13.125454603433608
2018-12-25 18:15:00,3.38,14.209067873135208
2018-12-25 18:30:00,3.74,17.182877918854356
2018-12-25 18:45:00,4.1,19.990236803665756
2018-12-25 19:00:00,4.18,22.725104510337115
2018-12-25 19:15:00,4.1,25.53504342406988
2018-12-25 19:30:00,4.18,28.585295527726412
2018-12-25 19:45:00,3.64,32.88497547522187
2018-12-25 20:00:00,3.4599999999999995,35.88859170362353
2018-12-25 20:15:00,3.4599999999999995,37.036632719039915
2018-12-25 20:30:00,3.38,36.11269943773746
2018-12-25 20:45:00,3.42,32.528915765881536
2018-12-25 21:00:00,3.42,25.619030214101077
2018-12-25 21:15:00,3.42,16.54033732190728
2018-12-25 21:30:00,4.03,6.69759322784841
2018-12-25 21:45:00,4.14,-0.4560076603479683
2018-12-25 22:00:00,3.49,-0.4624274189956486
2018-12-25 22:15:00,3.2,0.6366814617440105
2018-12-25 22:30:00,3.85,2.049039591513574
2018-12-25 22:45:00,3.89,2.9370692947600037
2018-12-25 23:00:00,3.89,3.1204138630535456
2018-12-25 23:15:00,3.85,3.5102438970981167
2018-12-25 23:30:00,3.64,3.8372199693880975
2018-12-25 23:45:00,3.31,4.146640435289592
2018-12-26 00:00:00,3.67,4.335767193073407
2018-12-26 00:15:00,3.24,4.548184802671894
2018-12-26 00:30:00,3.24,4.766651249658316
2018-12-26 00:45:00,3.2,4.93404746685177
2018-12-26 01:00:00,3.31,4.765112971970811
2018-12-26 01:15:00,3.24,3.6802788759209215
2018-12-26 01:30:00,3.28,3.0146026443038134
2018-12-26 01:45:00,3.24,2.442803874947131
2018-12-26 02:00:00,3.24,2.1163114879094063
2018-12-26 02:15:00,3.78,1.882313923612237
2018-12-26 02:30:00,3.9599999999999995,1.5565689927339554
2018-12-26 02:45:00,4.97,2.251987972902134
2018-12-26 03:00:00,4.36,3.2192191188037396
2018-12-26 03:15:00,3.71,3.635303234681487
2018-12-26 03:30:00,3.28,4.294751413455233
2018-12-26 03:45:00,3.31,4.770623601628467
2018-12-26 04:00:00,3.28,5.250653672572225
2018-12-26 04:15:00,3.28,5.883258407488465
2018-12-26 04:30:00,3.2,6.684213117025792
2018-12-26 04:45:00,3.24,4.04566340258345
2018-12-26 05:00:00,3.28,0.9838870574720204
2018-12-26 05:15:00,3.2,-1.9485476549901068
2018-12-26 05:30:00,3.24,-4.300315590724349
2018-12-26 05:45:00,3.2,-4.8331825039535765
2018-12-26 06:00:00,4.79,-5.283549119010568
2018-12-26 06:15:00,4.86,-4.423760655969382
2018-12-26 06:30:00,3.92,-2.515859582275152
2018-12-26 06:45:00,3.8200000000000003,0.6596982275880874
2018-12-26 07:00:00,3.35,5.463889189511537
2018-12-26 07:15:00,3.17,11.211103457435964
2018-12-26 07:30:00,3.42,16.958318848088382
2018-12-26 07:45:00,4.82,23.452569375187156
2018-12-26 08:00:00,5.0,31.994681369960308
2018-12-26 08:15:00,34.52,39.431750585883854
2018-12-26 08:30:00,48.06,47.70945115715265
2018-12-26 08:45:00,78.23,55.84418130069971
2018-12-26 09:00:00,51.08,65.11714655339718
2018-12-26 09:15:00,70.99,70.96652345478535
2018-12-26 09:30:00,65.74,77.08640145629646
2018-12-26 09:45:00,52.96,79.86536430478097
2018-12-26 10:00:00,55.44,79.89476181447506
2018-12-26 10:15:00,52.06,78.22100790858269
2018-12-26 10:30:00,57.64,72.12613081395627
2018-12-26 10:45:00,62.21,65.27770563781262
2018-12-26 11:00:00,45.58,58.65810589879751
2018-12-26 11:15:00,54.58,50.71049858391285
2018-12-26 11:30:00,55.15,43.809700392484665
2018-12-26 11:45:00,58.64,38.300512317568064
2018-12-26 12:00:00,31.28,34.57696922004223
2018-12-26 12:15:00,6.77,30.659461389482022
2018-12-26 12:30:00,7.09,27.23848450347781
2018-12-26 12:45:00,6.95,28.340192780196666
2018-12-26 13:00:00,6.41,30.0155926053226
2018-12-26 13:15:00,20.66,32.033642276674506
2018-12-26 13:30:00,59.9,34.83398186609149
2018-12-26 13:45:00,55.3,40.24751800715923
2018-12-26 14:00:00,51.41,45.71025433421135
2018-12-26 14:15:00,57.02,50.35554139345884
2018-12-26 14:30:00,43.06,54.65742637872696
2018-12-26 14:45:00,41.4,57.208277845084666
2018-12-26 15:00:00,52.92,58.53549502044916
2018-12-26 15:15:00,53.42,59.87338260263205
2018-12-26 15:30:00,40.68,60.87643227994442
2018-12-26 15:45:00,40.64000000000001,60.17686046928167
2018-12-26 16:00:00,41.46999999999999,58.19934127837419
2018-12-26 16:15:00,56.2,55.450198085308074
2018-12-26 16:30:00,59.04,53.195742317438125
2018-12-26 16:45:00,54.68,51.112300477027894
2018-12-26 17:00:00,57.67,48.55986371874809
2018-12-26 17:15:00,54.79,46.00078939259052
2018-12-26 17:30:00,34.42,43.86358235418796
2018-12-26 17:45:00,9.5,40.390944262444975
2018-12-26 18:00:00,5.22,36.06380463376641
2018-12-26 18:15:00,5.04,33.26191118881106
2018-12-26 18:30:00,5.04,31.205715711265803
2018-12-26 18:45:00,5.080000000000001,29.86434991776943
2018-12-26 19:00:00,5.080000000000001,28.96431502446532
2018-12-26 19:15:00,4.68,28.546678175777195
2018-12-26 19:30:00,3.92,29.45838045835495
2018-12-26 19:45:00,3.89,29.650407362878322
2018-12-26 20:00:00,3.85,28.81431856498122
2018-12-26 20:15:00,3.89,26.758983097076417
2018-12-26 20:30:00,3.89,23.330533333569765
2018-12-26 20:45:00,3.9599999999999995,18.535783110633492
2018-12-26 21:00:00,3.89,11.938605372309684
2018-12-26 21:15:00,3.9599999999999995,5.159912831634283
2018-12-26 21:30:00,4.0,-0.16528398366644972
2018-12-26 21:45:00,3.9599999999999995,0.45812925787642605
2018-12-26 22:00:00,4.07,1.0820227463170886
2018-12-26 22:15:00,4.0,1.7118111180700362
2018-12-26 22:30:00,4.9,2.390192560646683
2018-12-26 22:45:00,4.1,3.04209460391663
2018-12-26 23:00:00,3.71,3.5737974587315695
2018-12-26 23:15:00,3.74,3.931342607373372
2018-12-26 23:30:00,3.64,4.106496173273772
2018-12-26 23:45:00,3.67,4.0770739635638895
2018-12-27 00:00:00,3.74,3.870757819227874
2018-12-27 00:15:00,3.64,3.682636885382235
2018-12-27 00:30:00,3.74,3.6011577083170416
2018-12-27 00:45:00,3.71,3.5672925130976365
2018-12-27 01:00:00,3.71,3.050568253081292
2018-12-27 01:15:00,3.67,2.5706969078071418
2018-12-27 01:30:00,3.67,2.3578062087018044
2018-12-27 01:45:00,3.78,2.2839628450386225
2018-12-27 02:00:00,4.18,2.0374124801065774
2018-12-27 02:15:00,4.86,1.6033272453397514
2018-12-27 02:30:00,4.21,2.3133887036144736
2018-12-27 02:45:00,3.71,3.3918900524359197
2018-12-27 03:00:00,3.78,4.003045209441334
2018-12-27 03:15:00,3.67,4.22635342088528
2018-12-27 03:30:00,3.71,4.159514616811648
2018-12-27 03:45:00,3.24,3.897685748366639
2018-12-27 04:00:00,3.02,3.8910814413055776
2018-12-27 04:15:00,2.99,3.9495943752862512
2018-12-27 04:30:00,2.99,4.085597433783114
2018-12-27 04:45:00,2.95,2.402338653067127
2018-12-27 05:00:00,2.95,-0.004304998982697675
2018-12-27 05:15:00,2.95,-2.524311478585005
2018-12-27 05:30:00,2.95,-4.861796349510551
2018-12-27 05:45:00,2.95,-6.929522243514658
2018-12-27 06:00:00,3.42,-7.847234489023686
2018-12-27 06:15:00,3.74,-7.607441122159362
2018-12-27 06:30:00,4.86,-4.563127126842737
2018-12-27 06:45:00,4.21,-0.573605558220297
2018-12-27 07:00:00,3.6,3.944726367061958
2018-12-27 07:15:00,2.88,8.726198787763714
2018-12-27 07:30:00,3.2,13.31091018103063
2018-12-27 07:45:00,4.9,17.419602870121597
2018-12-27 08:00:00,5.65,23.422170392125846
2018-12-27 08:15:00,32.0,29.210214908868075
2018-12-27 08:30:00,52.63,36.56212969765067
2018-12-27 08:45:00,73.66,45.4501631680131
2018-12-27 09:00:00,63.47,55.13997037798166
2018-12-27 09:15:00,56.77,62.27694113850593
2018-12-27 09:30:00,53.93,67.29255777984858
2018-12-27 09:45:00,59.4,69.47814990371465
2018-12-27 10:00:00,76.03,70.09331951498986
2018-12-27 10:15:00,47.81,70.84133928388357
2018-12-27 10:30:00,45.830000000000005,68.03863747477531
2018-12-27 10:45:00,52.63,61.62882619708776
2018-12-27 11:00:00,68.69,54.718323144912716
2018-12-27 11:15:00,51.16,49.48547211021185
2018-12-27 11:30:00,51.52,43.31781080543995
2018-12-27 11:45:00,54.83,37.766958294808866
2018-12-27 12:00:00,59.62,33.977189964056016
2018-12-27 12:15:00,13.54,31.85763894602656
2018-12-27 12:30:00,6.62,29.724294091910124
2018-12-27 12:45:00,6.59,31.343056780844925
2018-12-27 13:00:00,17.82,33.45299949273467
2018-12-27 13:15:00,40.57,36.36221226081252
2018-12-27 13:30:00,43.7,40.62450312077999
2018-12-27 13:45:00,46.84,45.43726975977421
2018-12-27 14:00:00,53.32,50.158269103765484
2018-12-27 14:15:00,55.01,54.26427398204803
2018-12-27 14:30:00,61.74,57.99551225721836
2018-12-27 14:45:00,54.14,61.56722435772419
2018-12-27 15:00:00,53.5,63.95851821303368
2018-12-27 15:15:00,44.75,65.31104167729616
2018-12-27 15:30:00,42.95,65.11198649555445
2018-12-27 15:45:00,60.84,63.531140576303
2018-12-27 16:00:00,63.04,62.2704023706913
2018-12-27 16:15:00,59.580000000000005,60.70576864361763
2018-12-27 16:30:00,63.21999999999999,58.428876279592515
2018-12-27 16:45:00,45.79,55.96175786674023
2018-12-27 17:00:00,41.58,52.03315299272537
2018-12-27 17:15:00,54.58,47.57828958243132
2018-12-27 17:30:00,36.72,44.67319498062134
2018-12-27 17:45:00,29.38,41.25409305036068
2018-12-27 18:00:00,28.48,37.70149876207113
2018-12-27 18:15:00,48.56,36.36347196161747
2018-12-27 18:30:00,53.81999999999999,37.26896106749773
2018-12-27 18:45:00,53.5,39.33412714168429
2018-12-27 19:00:00,53.14,41.53587532132864
2018-12-27 19:15:00,51.00999999999999,43.67574996143579
2018-12-27 19:30:00,47.99,44.68755242615938
2018-12-27 19:45:00,49.18,44.21843625366688
2018-12-27 20:00:00,50.33,42.97811822474003
2018-12-27 20:15:00,50.040000000000006,40.195630010366436
2018-12-27 20:30:00,40.93,35.55797974690795
2018-12-27 20:45:00,14.510000000000002,27.758480463027954
2018-12-27 21:00:00,8.35,18.298270004317164
2018-12-27 21:15:00,5.26,9.268401184231042
2018-12-27 21:30:00,5.26,3.427975231744349
2018-12-27 21:45:00,5.26,3.430512597002089
2018-12-27 22:00:00,4.5,3.5179347943421453
2018-12-27 22:15:00,3.89,3.6450695647858082
2018-12-27 22:30:00,3.85,3.7382913538999856
2018-12-27 22:45:00,3.8200000000000003,3.624642300880514
2018-12-27 23:00:00,3.8200000000000003,4.033393108379096
2018-12-27 23:15:00,3.8200000000000003,4.45119541910477
2018-12-27 23:30:00,3.78,4.724052704256027
2018-12-27 23:45:00,3.74,4.781986029911786
2018-12-28 00:00:00,4.82,4.664234739327803
2018-12-28 00:15:00,3.74,4.460301304468885
2018-12-28 00:30:00,3.78,4.2915293244645
2018-12-28 00:45:00,3.85,3.5146595862833783
2018-12-28 01:00:00,4.14,2.647610792182386
2018-12-28 01:15:00,4.9,2.2714748819451778
2018-12-28 01:30:00,4.14,2.2801938471756875
2018-12-28 01:45:00,3.8200000000000003,2.3767210878338667
2018-12-28 02:00:00,3.85,2.3713235730212183
2018-12-28 02:15:00,3.8200000000000003,2.2020522597432137
2018-12-28 02:30:00,3.8200000000000003,2.620631919261068
2018-12-28 02:45:00,3.8200000000000003,3.763197670951486
2018-12-28 03:00:00,3.8200000000000003,4.333048647586256
2018-12-28 03:15:00,3.89,4.441582341371104
2018-12-28 03:30:00,3.89,4.224660768099129
2018-12-28 03:45:00,3.85,4.359035309646279
2018-12-28 04:00:00,3.8200000000000003,4.515777680259198
2018-12-28 04:15:00,4.07,4.848309782519936
2018-12-28 04:30:00,5.04,5.231631292235106
2018-12-28 04:45:00,4.1,2.142381793204695
2018-12-28 05:00:00,3.8200000000000003,-0.9166354478709399
2018-12-28 05:15:00,3.89,-3.8963872507959603
2018-12-28 05:30:00,3.38,-6.476493640393019
2018-12-28 05:45:00,3.17,-7.746037401631475
2018-12-28 06:00:00,3.06,-8.284898559600116
2018-12-28 06:15:00,3.06,-7.266465263366699
2018-12-28 06:30:00,3.1,-3.535742320343852
2018-12-28 06:45:00,3.06,1.084950820915401
2018-12-28 07:00:00,3.1,6.132887713592499
2018-12-28 07:15:00,3.38,11.098265926241874
2018-12-28 07:30:00,4.97,15.954945825114846
2018-12-28 07:45:00,6.7,21.828410855531693
2018-12-28 08:00:00,6.16,28.241924890130758
2018-12-28 08:15:00,35.75,32.88512367531657
2018-12-28 08:30:00,57.78,38.5319941291213
2018-12-28 08:45:00,57.74,46.063963051140306
2018-12-28 09:00:00,66.46,52.615821874141695
2018-12-28 09:15:00,66.82,58.44885634690523
2018-12-28 09:30:00,59.9,63.292556387484076
2018-12-28 09:45:00,63.32,66.32460008859634
2018-12-28 10:00:00,57.17,67.64151960283517
2018-12-28 10:15:00,55.90999999999999,66.12483534276485
2018-12-28 10:30:00,62.42,63.1171144208312
2018-12-28 10:45:00,59.720000000000006,59.6398731443286
2018-12-28 11:00:00,62.71,55.531407246291636
2018-12-28 11:15:00,57.82,51.674252781569955
2018-12-28 11:30:00,64.94,46.37918016165495
2018-12-28 11:45:00,58.97,42.58241948097944
2018-12-28 12:00:00,47.05,39.4775803424418
2018-12-28 12:15:00,10.01,36.64008968383074
2018-12-28 12:30:00,7.81,34.52835958898068
2018-12-28 12:45:00,7.269999999999999,34.65768213525414
2018-12-28 13:00:00,7.31,35.39440276965499
2018-12-28 13:15:00,42.55,36.89268551796675
2018-12-28 13:30:00,56.12,39.89126069769263
2018-12-28 13:45:00,45.0,43.84837612628937
2018-12-28 14:00:00,45.22,46.46460179805756
2018-12-28 14:15:00,42.62,48.194905267357825
2018-12-28 14:30:00,34.2,48.878817268013954
2018-12-28 14:45:00,42.8,48.131560954153535
2018-12-28 15:00:00,48.02,47.279118500351906
2018-12-28 15:15:00,44.6,46.83556459873915
2018-12-28 15:30:00,35.78,46.38724583953619
2018-12-28 15:45:00,32.62,45.38549403578043
2018-12-28 16:00:00,31.39,44.04535201579332
2018-12-28 16:15:00,30.06,42.59139681398869
2018-12-28 16:30:00,30.13,40.67851082801819
2018-12-28 16:45:00,23.58,37.21935894489288
2018-12-28 17:00:00,8.57,33.59898556783795
2018-12-28 17:15:00,9.58,29.539735573977232
2018-12-28 17:30:00,9.139999999999999,25.742543765753506
2018-12-28 17:45:00,5.47,22.146039585769177
2018-12-28 18:00:00,5.080000000000001,18.668490681797266
2018-12-28 18:15:00,5.080000000000001,15.419791914969682
2018-12-28 18:30:00,5.11,12.690651243776083
2018-12-28 18:45:00,5.1499999999999995,10.845963124111295
2018-12-28 19:00:00,5.1499999999999995,9.704976208657026
2018-12-28 19:15:00,5.1499999999999995,8.783497210741043
2018-12-28 19:30:00,5.18,7.79687641210854
2018-12-28 19:45:00,5.22,6.794743722882122
2018-12-28 20:00:00,5.1499999999999995,5.820591660626232
2018-12-28 20:15:00,5.1499999999999995,4.908122274149209
2018-12-28 20:30:00,5.18,4.368739889711142
2018-12-28 20:45:00,5.26,4.678522716071456
2018-12-28 21:00:00,5.18,4.754158514970913
2018-12-28 21:15:00,5.1499999999999995,4.742669779788702
2018-12-28 21:30:00,5.26,4.647697798078879
2018-12-28 21:45:00,5.26,4.493379397196695
2018-12-28 22:00:00,5.22,4.276319588040933
2018-12-28 22:15:00,4.97,3.995857504848391
2018-12-28 22:30:00,4.97,3.669384484868497
2018-12-28 22:45:00,4.93,3.280136304604821
2018-12-28 23:00:00,5.04,2.8229194348864257
2018-12-28 23:15:00,4.86,2.3051689313165844
2018-12-28 23:30:00,4.86,1.7282590831257403
2018-12-28 23:45:00,4.86,1.3106011832877995
2018-12-29 00:00:00,4.28,1.355623417738825
2018-12-29 00:15:00,4.9,1.2042575107887388
2018-12-29 00:30:00,4.82,1.0900227446109056
2018-12-29 00:45:00,3.85,1.0609783328697087
2018-12-29 01:00:00,3.74,1.1224984937720002
2018-12-29 01:15:00,3.8200000000000003,1.2681862039119005
2018-12-29 01:30:00,3.78,1.306217491850257
2018-12-29 01:45:00,3.67,1.210699162632227
2018-12-29 02:00:00,3.74,1.1151412572525443
2018-12-29 02:15:00,3.71,1.0196793451160193
2018-12-29 02:30:00,3.8200000000000003,0.9233557392470539
2018-12-29 02:45:00,3.78,0.7969966335035861
2018-12-29 03:00:00,3.71,0.6332540538720787
2018-12-29 03:15:00,3.74,0.468557436130941
2018-12-29 03:30:00,3.78,0.3031613588519395
2018-12-29 03:45:00,3.78,0.13791123621165757
2018-12-29 04:00:00,3.74,-0.011239247731864401
2018-12-29 04:15:00,3.02,-0.038733733482658815
2018-12-29 04:30:00,3.74,-0.07299854969605798
2018-12-29 04:45:00,3.6,-0.10368186362087721
2018-12-29 05:00:00,3.06,-0.13240405242890116
2018-12-29 05:15:00,3.02,0.027755340822041084
2018-12-29 05:30:00,3.02,0.4734514074400068
2018-12-29 05:45:00,2.99,0.9301692947372795
2018-12-29 06:00:00,3.06,1.4122939550876619
2018-12-29 06:15:00,3.06,1.9060175183042884
2018-12-29 06:30:00,3.67,2.6435343071911483
2018-12-29 06:45:00,3.74,3.4833076878404245
2018-12-29 07:00:00,3.71,4.34277484016493
2018-12-29 07:15:00,3.67,5.270641879662871
2018-12-29 07:30:00,3.38,6.496902231425047
2018-12-29 07:45:00,3.02,7.643305748067796
2018-12-29 08:00:00,2.92,8.747730465158819
2018-12-29 08:15:00,2.95,9.686932847127318
2018-12-29 08:30:00,3.13,10.467205222994089
2018-12-29 08:45:00,3.78,11.096392093226314
2018-12-29 09:00:00,3.24,11.559369189068674
2018-12-29 09:15:00,3.17,11.811428359225392
2018-12-29 09:30:00,3.2,11.870958765447138
2018-12-29 09:45:00,3.31,11.887842348963021
2018-12-29 10:00:00,4.03,12.155385060831904
2018-12-29 10:15:00,4.03,11.815250125303864
2018-12-29 10:30:00,4.03,11.109958015531301
2018-12-29 10:45:00,4.03,10.242577665820717
2018-12-29 11:00:00,6.19,9.297532607391476
2018-12-29 11:15:00,26.17,7.9914580841735
2018-12-29 11:30:00,9.36,7.427473080605268
2018-12-29 11:45:00,3.64,6.363895453251898
2018-12-29 12:00:00,4.14,4.791818320285528
2018-12-29 12:15:00,3.78,2.9891129297204317
2018-12-29 12:30:00,3.4599999999999995,1.5410082634724678
2018-12-29 12:45:00,3.42,0.7029518847726286
2018-12-29 13:00:00,3.42,0.0292912327125669
2018-12-29 13:15:00,4.1,-0.48838039921596643
2018-12-29 13:30:00,4.14,-0.7696406016685068
2018-12-29 13:45:00,4.07,-0.7456237658672035
2018-12-29 14:00:00,4.03,-0.5999975250847637
2018-12-29 14:15:00,3.92,-0.4192972618900239
2018-12-29 14:30:00,3.31,-0.24400658283382648
2018-12-29 14:45:00,3.35,-0.09755710175260897
2018-12-29 15:00:00,3.31,0.044835963100194984
2018-12-29 15:15:00,3.31,0.1335587004758418
2018-12-29 15:30:00,3.31,0.16687846040353185
2018-12-29 15:45:00,3.35,0.42768536569550636
2018-12-29 16:00:00,3.49,0.6228188585676253
2018-12-29 16:15:00,4.1,0.7593156366981566
2018-12-29 16:30:00,3.71,0.8599033634737134
2018-12-29 16:45:00,3.67,1.0574218112789096
2018-12-29 17:00:00,4.1,1.3474373272806406
2018-12-29 17:15:00,4.07,1.638551993984729
2018-12-29 17:30:00,4.07,1.9304188884422184
2018-12-29 17:45:00,4.1,2.226588216898963
2018-12-29 18:00:00,3.56,2.5373207307979464
2018-12-29 18:15:00,3.31,2.8818281304836275
2018-12-29 18:30:00,3.24,3.2743061886634677
2018-12-29 18:45:00,3.35,3.628794499840587
2018-12-29 19:00:00,3.31,3.9461585469543934
2018-12-29 19:15:00,3.35,4.155452165920288
2018-12-29 19:30:00,3.35,4.272777100550011
2018-12-29 19:45:00,3.31,4.377527201008052
2018-12-29 20:00:00,3.71,4.485706814453006
2018-12-29 20:15:00,4.36,4.597393549457193
2018-12-29 20:30:00,4.28,4.712546707130968
2018-12-29 20:45:00,4.14,4.818512020297348
2018-12-29 21:00:00,4.1,4.906680691409855
2018-12-29 21:15:00,4.07,4.9727810211479655
2018-12-29 21:30:00,3.85,5.013858831487595
2018-12-29 21:45:00,3.4599999999999995,5.0287136455252766
2018-12-29 22:00:00,3.31,5.016352971717715
2018-12-29 22:15:00,3.13,4.9729842349141835
2018-12-29 22:30:00,3.13,4.925770435426384
2018-12-29 22:45:00,3.13,4.867121089994907
2018-12-29 23:00:00,3.17,4.78671945111826
2018-12-29 23:15:00,3.06,4.683646986959502
2018-12-29 23:30:00,2.99,4.299746851306408
2018-12-29 23:45:00,3.42,3.8865119383856657
2018-12-30 00:00:00,3.1,3.459510064679198
2018-12-30 00:15:00,3.92,2.9421901974640785
2018-12-30 00:30:00,3.8200000000000003,2.4461111509241165
2018-12-30 00:45:00,3.74,1.9931416313629597
2018-12-30 01:00:00,3.78,1.5871770838834345
2018-12-30 01:15:00,3.42,1.2259166178107261
2018-12-30 01:30:00,3.17,1.075017485022545
2018-12-30 01:45:00,3.02,0.9417580930516124
2018-12-30 02:00:00,3.1,0.8263295863382519
2018-12-30 02:15:00,3.06,0.6903192301094533
2018-12-30 02:30:00,3.1,0.5675935528241098
2018-12-30 02:45:00,3.13,0.4583173148147762
2018-12-30 03:00:00,3.1,0.3609021366573871
2018-12-30 03:15:00,3.13,0.28034135108813646
2018-12-30 03:30:00,3.6,0.28103351289406425
2018-12-30 03:45:00,4.86,0.29442793849855664
2018-12-30 04:00:00,3.85,0.49428895825520164
2018-12-30 04:15:00,3.8200000000000003,0.8448046367801726
2018-12-30 04:30:00,3.8200000000000003,1.2073377150297167
2018-12-30 04:45:00,3.4599999999999995,1.584023902323097
2018-12-30 05:00:00,3.17,1.9594762115553022
2018-12-30 05:15:00,3.13,2.3336693813465534
2018-12-30 05:30:00,3.1,2.8243168102111667
2018-12-30 05:45:00,3.1,3.4447998018702495
2018-12-30 06:00:00,3.1,4.104801976736635
2018-12-30 06:15:00,3.13,4.810998724587261
2018-12-30 06:30:00,3.13,5.573394464030861
2018-12-30 06:45:00,3.1,6.681673786994069
2018-12-30 07:00:00,3.8200000000000003,7.881064170449972
2018-12-30 07:15:00,4.36,9.168055124655366
2018-12-30 07:30:00,4.97,10.505033297166229
2018-12-30 07:45:00,3.9599999999999995,11.85350708156824
2018-12-30 08:00:00,3.4599999999999995,13.525471359044312
2018-12-30 08:15:00,3.06,15.831729796379804
2018-12-30 08:30:00,3.06,18.18282100781798
2018-12-30 08:45:00,3.17,20.62427049063146
2018-12-30 09:00:00,3.28,21.582032689005135
2018-12-30 09:15:00,3.35,21.684391799867154
2018-12-30 09:30:00,3.38,21.094274740964174
2018-12-30 09:45:00,3.35,19.78003742389381
2018-12-30 10:00:00,3.4599999999999995,18.345667089149355
2018-12-30 10:15:00,3.38,16.462230258360506
2018-12-30 10:30:00,4.0,13.792359520494937
2018-12-30 10:45:00,4.1,10.433128183037041
2018-12-30 11:00:00,4.1,6.620174396559595
2018-12-30 11:15:00,4.28,2.2481768727395686
2018-12-30 11:30:00,4.61,-2.5630613124370574
2018-12-30 11:45:00,3.56,-7.520502680242062
2018-12-30 12:00:00,3.42,-11.099799931049347
2018-12-30 12:15:00,3.4599999999999995,-12.319438433125615
2018-12-30 12:30:00,3.4599999999999995,-13.248864099755883
2018-12-30 12:45:00,3.31,-13.433070081099869
2018-12-30 13:00:00,3.28,-12.281503699794412
2018-12-30 13:15:00,3.2,-10.736798394545913
2018-12-30 13:30:00,3.24,-8.868905732780695
2018-12-30 13:45:00,3.24,-6.100264122709633
2018-12-30 14:00:00,4.03,-2.490003156661987
2018-12-30 14:15:00,4.0,0.9302622004784644
2018-12-30 14:30:00,4.03,5.369628315642475
2018-12-30 14:45:00,4.82,10.617868582904338
2018-12-30 15:00:00,4.1,15.449536347612739
2018-12-30 15:15:00,3.31,19.16404148481786
2018-12-30 15:30:00,3.24,20.92202019907534
2018-12-30 15:45:00,3.24,20.353347244784235
2018-12-30 16:00:00,3.35,17.798391084894536
2018-12-30 16:15:00,3.31,13.997535815238953
2018-12-30 16:30:00,3.35,9.64568045258522
2018-12-30 16:45:00,3.24,5.422190510593354
2018-12-30 17:00:00,3.24,4.052327073886991
2018-12-30 17:15:00,3.42,4.176282419003546
2018-12-30 17:30:00,4.0,4.592627569139004
2018-12-30 17:45:00,4.75,5.215012111160903
2018-12-30 18:00:00,4.68,5.933975398987531
2018-12-30 18:15:00,3.89,6.863230972327291
2018-12-30 18:30:00,3.5299999999999994,9.621814623698592
2018-12-30 18:45:00,3.2,12.36864050619304
2018-12-30 19:00:00,3.28,15.110073926150799
2018-12-30 19:15:00,3.24,18.62672856874764
2018-12-30 19:30:00,3.24,21.67912620559335
2018-12-30 19:45:00,3.2,23.651382047683
2018-12-30 20:00:00,3.24,24.340326115190983
2018-12-30 20:15:00,3.31,23.611188385635614
2018-12-30 20:30:00,3.24,21.32917638197541
2018-12-30 20:45:00,3.78,17.40126310840249
2018-12-30 21:00:00,4.32,11.31576416067779
2018-12-30 21:15:00,4.07,4.528099900633097
2018-12-30 21:30:00,4.07,-2.2485181193985047
2018-12-30 21:45:00,4.03,-3.35177997097373
2018-12-30 22:00:00,4.0,-2.424615478515625
2018-12-30 22:15:00,3.2,-1.5165550448559224
2018-12-30 22:30:00,2.99,-0.6512803714908659
2018-12-30 22:45:00,3.1,0.08764614272862678
2018-12-30 23:00:00,3.02,0.6674652598239482
2018-12-30 23:15:00,2.95,1.0934341536089778
2018-12-30 23:30:00,2.99,1.368465180490166
2018-12-30 23:45:00,2.92,1.5033828417025508
