date,Actual Usage (KWh),Predicted Usage (KWh)
2018-10-21 00:00:00,3.31,3.836972688548267
2018-10-21 00:15:00,2.74,3.8133207393437623
2018-10-21 00:30:00,2.74,3.7829700335860252
2018-10-21 00:45:00,2.77,3.7575772946327923
2018-10-21 01:00:00,2.81,3.752453164085746
2018-10-21 01:15:00,2.84,3.754265808425844
2018-10-21 01:30:00,2.77,3.7566886554285883
2018-10-21 01:45:00,2.74,3.757797349318862
2018-10-21 02:00:00,2.77,3.758758404478431
2018-10-21 02:15:00,2.77,3.758589433915913
2018-10-21 02:30:00,2.74,3.756303559727967
2018-10-21 02:45:00,3.13,3.7520422456413507
2018-10-21 03:00:00,3.85,3.750848785787821
2018-10-21 03:15:00,3.89,3.7621737430244684
2018-10-21 03:30:00,2.92,3.7692182997986676
2018-10-21 03:45:00,2.74,3.7478089997544886
2018-10-21 04:00:00,2.81,3.710180771164596
2018-10-21 04:15:00,2.81,3.681179023087025
2018-10-21 04:30:00,2.77,3.6552462519705298
2018-10-21 04:45:00,2.77,3.629434174112976
2018-10-21 05:00:00,2.81,3.6051703381538394
2018-10-21 05:15:00,2.77,3.585953164510429
2018-10-21 05:30:00,2.81,3.5707519888877868
2018-10-21 05:45:00,2.81,3.5574420485645533
2018-10-21 06:00:00,2.81,3.555715854279697
2018-10-21 06:15:00,2.74,3.5759126080945136
2018-10-21 06:30:00,2.74,3.62375822275877
2018-10-21 06:45:00,3.06,3.7203846845030784
2018-10-21 07:00:00,3.31,3.9169867055863143
2018-10-21 07:15:00,2.74,4.176677057892084
2018-10-21 07:30:00,2.77,4.332849082686007
2018-10-21 07:45:00,2.74,4.620663209781051
2018-10-21 08:00:00,3.42,4.776389511562884
2018-10-21 08:15:00,3.17,4.973566930741071
2018-10-21 08:30:00,2.74,4.763754892125725
2018-10-21 08:45:00,2.88,4.514486262388528
2018-10-21 09:00:00,3.02,4.132572372891009
2018-10-21 09:15:00,2.99,3.6830343310907483
2018-10-21 09:30:00,3.06,3.3565691702067855
2018-10-21 09:45:00,3.56,3.0878262621164323
2018-10-21 10:00:00,3.35,2.991864455342293
2018-10-21 10:15:00,2.99,2.9065674417465925
2018-10-21 10:30:00,2.99,2.858521420136094
2018-10-21 10:45:00,2.99,2.8884544710814954
2018-10-21 11:00:00,3.02,2.9356898830831053
2018-10-21 11:15:00,2.95,2.980940311998129
2018-10-21 11:30:00,2.95,3.002821157798171
2018-10-21 11:45:00,3.02,3.023603975623846
2018-10-21 12:00:00,2.99,3.04908091917634
2018-10-21 12:15:00,3.1,3.058670138940215
2018-10-21 12:30:00,3.02,3.081610839962959
2018-10-21 12:45:00,3.1,3.0825921042263507
2018-10-21 13:00:00,3.5299999999999994,3.1000864517688753
2018-10-21 13:15:00,3.49,3.165746952816844
2018-10-21 13:30:00,2.99,3.1797945254296063
2018-10-21 13:45:00,3.31,3.125369163379073
2018-10-21 14:00:00,3.64,3.1609248360991478
2018-10-21 14:15:00,3.02,3.21664638761431
2018-10-21 14:30:00,2.99,3.154361368268728
2018-10-21 14:45:00,3.06,3.138667876422405
2018-10-21 15:00:00,2.99,3.151954239457846
2018-10-21 15:15:00,3.13,3.1541907136142253
2018-10-21 15:30:00,3.8200000000000003,3.182110713273287
2018-10-21 15:45:00,10.37,3.265735984891653
2018-10-21 16:00:00,24.88,4.039764870405198
2018-10-21 16:15:00,24.62,5.531023271046578
2018-10-21 16:30:00,20.41,5.670069764442742
2018-10-21 16:45:00,3.92,5.6215752130001775
2018-10-21 17:00:00,4.75,4.211968328170478
2018-10-21 17:15:00,3.49,3.686224001310766
2018-10-21 17:30:00,2.95,3.3843555652350186
2018-10-21 17:45:00,2.95,3.157776706814766
2018-10-21 18:00:00,2.95,3.0695516186207534
2018-10-21 18:15:00,2.99,3.0945514027774332
2018-10-21 18:30:00,2.99,3.216922578699887
2018-10-21 18:45:00,3.02,3.3931072299182414
2018-10-21 19:00:00,3.02,3.582244232594967
2018-10-21 19:15:00,3.06,3.744522213563323
2018-10-21 19:30:00,3.1,3.8698725482076406
2018-10-21 19:45:00,3.02,3.960303235538304
2018-10-21 20:00:00,2.99,3.9754095406457783
2018-10-21 20:15:00,3.49,3.940729034394026
2018-10-21 20:30:00,3.71,3.9100493693351748
2018-10-21 20:45:00,3.24,3.887157506980002
2018-10-21 21:00:00,3.28,3.8564368623495104
2018-10-21 21:15:00,3.67,3.821957324407995
2018-10-21 21:30:00,3.31,3.801032481491566
2018-10-21 21:45:00,3.02,3.785355830565095
2018-10-21 22:00:00,3.06,3.765676654353738
2018-10-21 22:15:00,2.88,3.752140484340489
2018-10-21 22:30:00,2.88,3.765244965441525
2018-10-21 22:45:00,2.84,3.7889496828615665
2018-10-21 23:00:00,2.81,3.794810884334147
2018-10-21 23:15:00,2.81,3.80169882055372
2018-10-21 23:30:00,2.81,3.8051175272837283
2018-10-21 23:45:00,3.2,3.803846037834883
2018-10-22 00:00:00,3.67,3.8088511592149734
2018-10-22 00:15:00,2.81,3.842024403139949
2018-10-22 00:30:00,2.81,3.850740701891482
2018-10-22 00:45:00,2.88,3.8966546630486847
2018-10-22 01:00:00,2.88,3.929610097743571
2018-10-22 01:15:00,2.88,3.938691844455898
2018-10-22 01:30:00,2.84,3.9397567519545555
2018-10-22 01:45:00,2.99,3.940245699994266
2018-10-22 02:00:00,3.5299999999999994,3.9413302552327516
2018-10-22 02:15:00,3.13,3.949530099108815
2018-10-22 02:30:00,2.88,3.9530330104380846
2018-10-22 02:45:00,2.88,3.936791065968573
2018-10-22 03:00:00,3.4599999999999995,3.9220097906142475
2018-10-22 03:15:00,3.24,3.91602059815079
2018-10-22 03:30:00,2.92,3.9085774729400873
2018-10-22 03:45:00,2.92,3.886426049694419
2018-10-22 04:00:00,2.95,3.863136741630733
2018-10-22 04:15:00,2.88,3.8419856690242886
2018-10-22 04:30:00,2.92,3.8177527080848814
2018-10-22 04:45:00,2.92,3.7910239228233698
2018-10-22 05:00:00,2.88,3.7634620733931663
2018-10-22 05:15:00,2.88,3.7337855657935144
2018-10-22 05:30:00,2.84,3.7031345302984118
2018-10-22 05:45:00,2.84,3.6520436703786254
2018-10-22 06:00:00,2.84,3.615669528953731
2018-10-22 06:15:00,2.81,3.6020755384489895
2018-10-22 06:30:00,3.89,3.6110899214819074
2018-10-22 06:45:00,4.1,3.6431943283602597
2018-10-22 07:00:00,2.84,3.7324826399609448
2018-10-22 07:15:00,2.99,3.85855937961489
2018-10-22 07:30:00,3.6,4.180705405920744
2018-10-22 07:45:00,3.92,4.905376923531294
2018-10-22 08:00:00,3.9599999999999995,5.755523398593068
2018-10-22 08:15:00,13.5,14.070535589158535
2018-10-22 08:30:00,43.52,37.77387654468417
2018-10-22 08:45:00,48.349999999999994,65.68957615554332
2018-10-22 09:00:00,61.129999999999995,54.747603890895846
2018-10-22 09:15:00,47.41,62.53648890435696
2018-10-22 09:30:00,48.38,51.89169824779034
2018-10-22 09:45:00,49.1,51.992348566651344
2018-10-22 10:00:00,53.6,50.21563601315022
2018-10-22 10:15:00,49.39,52.37901608645916
2018-10-22 10:30:00,40.75,49.79314897954464
2018-10-22 10:45:00,41.94,42.838603553771975
2018-10-22 11:00:00,63.97,43.19828069269657
2018-10-22 11:15:00,58.1,60.79693415641785
2018-10-22 11:30:00,94.0,58.786182217001915
2018-10-22 11:45:00,88.42,82.07678815424443
2018-10-22 12:00:00,112.61,84.08745925724507
2018-10-22 12:15:00,5.44,74.51788274228572
2018-10-22 12:30:00,5.26,10.77497527875006
2018-10-22 12:45:00,4.61,6.613217973932623
2018-10-22 13:00:00,4.46,6.391392745822667
2018-10-22 13:15:00,25.56,56.09314398705959
2018-10-22 13:30:00,63.11,70.58832579493523
2018-10-22 13:45:00,120.27999999999999,75.67122078835965
2018-10-22 14:00:00,85.97,92.24766185343266
2018-10-22 14:15:00,99.97,88.42582392036915
2018-10-22 14:30:00,105.73,91.78678650438786
2018-10-22 14:45:00,92.56,90.39429841458798
2018-10-22 15:00:00,65.63,88.3857739675045
2018-10-22 15:15:00,40.43,73.27551685750484
2018-10-22 15:30:00,47.84,51.537320384979246
2018-10-22 15:45:00,46.50999999999999,52.069206033945086
2018-10-22 16:00:00,50.65,51.6346025198698
2018-10-22 16:15:00,52.38,55.66929171621799
2018-10-22 16:30:00,51.12,55.824578469991685
2018-10-22 16:45:00,52.52,52.90631202340126
2018-10-22 17:00:00,42.01,51.94627180993557
2018-10-22 17:15:00,55.66,42.980552299022676
2018-10-22 17:30:00,52.13,51.15642817795277
2018-10-22 17:45:00,32.04,41.304966101050375
2018-10-22 18:00:00,30.67,26.723787820041178
2018-10-22 18:15:00,40.1,38.72810102716088
2018-10-22 18:30:00,93.01999999999998,49.9973058372736
2018-10-22 18:45:00,82.26,78.29980544984342
2018-10-22 19:00:00,105.08,76.15360760569573
2018-10-22 19:15:00,76.18,86.72491796076298
2018-10-22 19:30:00,95.22,83.51259558081628
2018-10-22 19:45:00,46.15,87.27491096675396
2018-10-22 20:00:00,62.17,76.16085593760015
2018-10-22 20:15:00,65.59,72.21873341858387
2018-10-22 20:30:00,69.84,66.13337705731392
2018-10-22 20:45:00,61.6,58.24992241978645
2018-10-22 21:00:00,17.06,36.378590616732836
2018-10-22 21:15:00,5.51,7.252073216252028
2018-10-22 21:30:00,4.07,4.057896366082132
2018-10-22 21:45:00,4.1,4.539305848702789
2018-10-22 22:00:00,4.0,4.07086387436837
2018-10-22 22:15:00,3.85,3.739218446537852
2018-10-22 22:30:00,3.8200000000000003,3.969877859838307
2018-10-22 22:45:00,3.74,4.060856438428163
2018-10-22 23:00:00,3.71,4.173855642452836
2018-10-22 23:15:00,4.61,4.219809460453689
2018-10-22 23:30:00,4.32,4.203948682136834
2018-10-22 23:45:00,3.6,4.183389848545194
2018-10-23 00:00:00,4.82,4.135292742811144
2018-10-23 00:15:00,3.64,4.1008738321810965
2018-10-23 00:30:00,3.6,4.078769563511014
2018-10-23 00:45:00,3.71,4.037406580261886
2018-10-23 01:00:00,3.71,4.028207508474589
2018-10-23 01:15:00,3.71,4.024576606154442
2018-10-23 01:30:00,3.67,4.016044434793294
2018-10-23 01:45:00,3.67,4.0090649962425235
2018-10-23 02:00:00,3.64,4.003084224238992
2018-10-23 02:15:00,3.71,3.9952717215195297
2018-10-23 02:30:00,3.8200000000000003,3.9836284708976746
2018-10-23 02:45:00,4.86,3.9749172244220974
2018-10-23 03:00:00,4.1,3.9791920112445953
2018-10-23 03:15:00,3.38,3.9787681814283133
2018-10-23 03:30:00,3.06,3.9430862018093467
2018-10-23 03:45:00,3.1,3.910181851238012
2018-10-23 04:00:00,3.2,3.8849395578354597
2018-10-23 04:15:00,3.1,3.862351954765618
2018-10-23 04:30:00,3.02,3.838324453048408
2018-10-23 04:45:00,3.1,3.812063283994794
2018-10-23 05:00:00,3.1,3.7859710855036974
2018-10-23 05:15:00,3.1,3.7353910668194295
2018-10-23 05:30:00,3.38,3.6807057932391762
2018-10-23 05:45:00,3.64,3.663031809218228
2018-10-23 06:00:00,4.68,3.657316001020372
2018-10-23 06:15:00,4.32,3.703181123510003
2018-10-23 06:30:00,2.99,3.725753569751978
2018-10-23 06:45:00,3.06,3.700793081074953
2018-10-23 07:00:00,2.95,3.783362427018583
2018-10-23 07:15:00,3.02,3.9749845881015062
2018-10-23 07:30:00,3.17,4.38201165728271
2018-10-23 07:45:00,4.0,5.026419350877403
2018-10-23 08:00:00,4.68,6.215478110685944
2018-10-23 08:15:00,37.33,17.74803785726428
2018-10-23 08:30:00,81.86,67.51047030091286
2018-10-23 08:45:00,86.98,87.7263104915619
2018-10-23 09:00:00,68.76,91.28855574965478
2018-10-23 09:15:00,66.85,81.54292650401592
2018-10-23 09:30:00,66.67,72.6922911030054
2018-10-23 09:45:00,56.47999999999999,68.0728582239151
2018-10-23 10:00:00,46.62,59.993447133898734
2018-10-23 10:15:00,52.24,49.51599683880806
2018-10-23 10:30:00,47.02,54.156474131345746
2018-10-23 10:45:00,44.32,50.022742362618445
2018-10-23 11:00:00,48.17,47.03699547290802
2018-10-23 11:15:00,54.0,49.81231619179249
2018-10-23 11:30:00,62.32,54.00513938009739
2018-10-23 11:45:00,69.05,60.59371140837669
2018-10-23 12:00:00,91.3,64.16578278183937
2018-10-23 12:15:00,12.85,56.34122196376324
2018-10-23 12:30:00,4.82,9.270789788030088
2018-10-23 12:45:00,4.64,7.199019827805459
2018-10-23 13:00:00,4.25,6.564822222553193
2018-10-23 13:15:00,48.349999999999994,44.17281756997109
2018-10-23 13:30:00,89.89,78.00656686246396
2018-10-23 13:45:00,96.40999999999998,85.84977394700051
2018-10-23 14:00:00,55.76,87.16412915050984
2018-10-23 14:15:00,64.37,60.849217353463175
2018-10-23 14:30:00,118.48,66.87091952860355
2018-10-23 14:45:00,110.23,84.55057108044625
2018-10-23 15:00:00,55.44,91.92904961347581
2018-10-23 15:15:00,78.48000000000002,70.47811881542206
2018-10-23 15:30:00,84.1,79.68720084547998
2018-10-23 15:45:00,53.5,80.08079335153104
2018-10-23 16:00:00,74.52,61.322424746751786
2018-10-23 16:15:00,58.64,76.34457016408444
2018-10-23 16:30:00,46.800000000000004,63.15896522939205
2018-10-23 16:45:00,44.57000000000001,54.14581270635128
2018-10-23 17:00:00,66.74,49.61851537704468
2018-10-23 17:15:00,55.370000000000005,61.2307652336359
2018-10-23 17:30:00,51.440000000000005,50.51817078828812
2018-10-23 17:45:00,31.0,45.586403964161875
2018-10-23 18:00:00,31.1,20.87696624755859
2018-10-23 18:15:00,74.05,39.123907552808525
2018-10-23 18:30:00,125.28,76.17555020153523
2018-10-23 18:45:00,75.63999999999999,89.5937484484911
2018-10-23 19:00:00,47.02,83.9593784481287
2018-10-23 19:15:00,63.58,66.16264882147313
2018-10-23 19:30:00,59.26,67.98668660521507
2018-10-23 19:45:00,70.74,64.43893801093101
2018-10-23 20:00:00,51.59000000000001,68.24159076809883
2018-10-23 20:15:00,61.2,59.81039756238461
2018-10-23 20:30:00,55.510000000000005,57.55657052218914
2018-10-23 20:45:00,62.75,44.01369557738304
2018-10-23 21:00:00,34.09,43.005710387825964
2018-10-23 21:15:00,32.98,10.474171750172973
2018-10-23 21:30:00,29.99,27.132469790279863
2018-10-23 21:45:00,29.88,25.40087069287896
2018-10-23 22:00:00,37.48,25.310098134875297
2018-10-23 22:15:00,62.5,32.490826096087694
2018-10-23 22:30:00,92.99,57.498556921482084
2018-10-23 22:45:00,76.1,69.95394855320454
2018-10-23 23:00:00,71.17,69.39746168851852
2018-10-23 23:15:00,32.33,68.85222006738186
2018-10-23 23:30:00,17.93,51.68296964168549
2018-10-23 23:45:00,6.37,38.993868706077336
2018-10-24 00:00:00,2.92,22.388481467962265
2018-10-24 00:15:00,4.86,9.046209946796298
2018-10-24 00:30:00,4.9,6.143801471702754
2018-10-24 00:45:00,3.89,5.234777456745505
2018-10-24 01:00:00,3.8200000000000003,4.443862742260099
2018-10-24 01:15:00,3.74,4.198863847069442
2018-10-24 01:30:00,3.74,4.155473217070103
2018-10-24 01:45:00,3.78,4.158532089479268
2018-10-24 02:00:00,3.74,4.172177725471556
2018-10-24 02:15:00,3.78,4.193191263899207
2018-10-24 02:30:00,3.78,4.207854652814567
2018-10-24 02:45:00,3.78,4.176244807615876
2018-10-24 03:00:00,3.78,4.142139699459076
2018-10-24 03:15:00,3.74,4.104407618530095
2018-10-24 03:30:00,3.78,4.0647584795579315
2018-10-24 03:45:00,3.8200000000000003,4.031622847020627
2018-10-24 04:00:00,4.68,4.000631624944508
2018-10-24 04:15:00,4.72,3.9800211458653214
2018-10-24 04:30:00,3.2,3.9643282153829933
2018-10-24 04:45:00,3.24,3.9140939969196915
2018-10-24 05:00:00,3.24,3.8528525532409548
2018-10-24 05:15:00,3.17,3.8147033788636326
2018-10-24 05:30:00,3.13,3.753277246430516
2018-10-24 05:45:00,3.13,3.6913790068775416
2018-10-24 06:00:00,3.13,3.650419644340873
2018-10-24 06:15:00,3.2,3.638122404664755
2018-10-24 06:30:00,3.1,3.6566328210383654
2018-10-24 06:45:00,3.42,3.7005258718132974
2018-10-24 07:00:00,3.74,3.787917895838618
2018-10-24 07:15:00,3.64,4.0149699841067195
2018-10-24 07:30:00,3.78,4.483344033397734
2018-10-24 07:45:00,5.4,5.196167963892221
2018-10-24 08:00:00,4.18,8.177505339421332
2018-10-24 08:15:00,34.16,19.433286252319814
2018-10-24 08:30:00,58.75,65.97351855516433
2018-10-24 08:45:00,68.98,68.84895966529847
2018-10-24 09:00:00,44.21,73.7270960187912
2018-10-24 09:15:00,43.85,54.53271375358105
2018-10-24 09:30:00,66.53,52.07369694590569
2018-10-24 09:45:00,52.67,61.31961343586445
2018-10-24 10:00:00,49.57,54.70176964342594
2018-10-24 10:15:00,80.78,51.98148055970669
2018-10-24 10:30:00,129.85,71.04469226837158
2018-10-24 10:45:00,90.43,93.2413120520115
2018-10-24 11:00:00,111.89,94.45668755590917
2018-10-24 11:15:00,91.55,99.47068297803403
2018-10-24 11:30:00,59.36,98.6938360452652
2018-10-24 11:45:00,61.63,88.97565525352955
2018-10-24 12:00:00,44.419999999999995,67.52526336491108
2018-10-24 12:15:00,5.290000000000001,12.30244783207774
2018-10-24 12:30:00,5.1499999999999995,8.84734787426889
2018-10-24 12:45:00,5.44,6.4162089639529585
2018-10-24 13:00:00,4.75,7.397438984140753
2018-10-24 13:15:00,31.21,40.01670983240008
2018-10-24 13:30:00,54.07,52.63297715783119
2018-10-24 13:45:00,60.3,55.42508490562439
2018-10-24 14:00:00,69.52,55.78337884366512
2018-10-24 14:15:00,52.99000000000001,63.85481407403946
2018-10-24 14:30:00,54.07,55.45206630468368
2018-10-24 14:45:00,59.83,56.101739592552185
2018-10-24 15:00:00,51.19,58.10390490829945
2018-10-24 15:15:00,57.96,53.94403603196144
2018-10-24 15:30:00,55.33,58.44788181900978
2018-10-24 15:45:00,59.69,57.41459483146667
2018-10-24 16:00:00,46.87,59.516081156134604
2018-10-24 16:15:00,56.99,50.83222924351692
2018-10-24 16:30:00,55.48,56.859796549677846
2018-10-24 16:45:00,52.13,55.47028144359589
2018-10-24 17:00:00,56.23,52.85999275743961
2018-10-24 17:15:00,57.78,54.24828633546829
2018-10-24 17:30:00,62.28,51.47040579676628
2018-10-24 17:45:00,52.92,51.22142963767052
2018-10-24 18:00:00,33.52,39.646391477584835
2018-10-24 18:15:00,15.91,28.121081185638904
2018-10-24 18:30:00,3.89,16.633345231339334
2018-10-24 18:45:00,3.92,5.769905544146895
2018-10-24 19:00:00,3.89,4.57547172408551
2018-10-24 19:15:00,3.92,3.8921463488042356
2018-10-24 19:30:00,3.8200000000000003,3.639520201012492
2018-10-24 19:45:00,3.85,3.645605948083103
2018-10-24 20:00:00,3.78,3.7719841402024032
2018-10-24 20:15:00,4.72,3.903278196826577
2018-10-24 20:30:00,4.64,4.081626344881952
2018-10-24 20:45:00,3.85,4.165400939323008
2018-10-24 21:00:00,3.89,4.148935571983457
2018-10-24 21:15:00,3.8200000000000003,4.119274221211672
2018-10-24 21:30:00,3.8200000000000003,4.086216056905687
2018-10-24 21:45:00,3.92,4.058956221304834
2018-10-24 22:00:00,3.85,4.038549517355859
2018-10-24 22:15:00,3.64,4.023945633023978
2018-10-24 22:30:00,3.56,4.03974522266537
2018-10-24 22:45:00,3.64,4.064860647805035
2018-10-24 23:00:00,3.6,4.061862402707338
2018-10-24 23:15:00,2.95,4.073437166921795
2018-10-24 23:30:00,2.92,4.066894469559193
2018-10-24 23:45:00,2.92,4.044537587091327
2018-10-25 00:00:00,4.1,4.035339076668024
2018-10-25 00:15:00,3.1,4.0474364707618955
2018-10-25 00:30:00,3.67,4.074470638036728
2018-10-25 00:45:00,3.02,4.079317454770208
2018-10-25 01:00:00,2.99,4.0725069867819546
2018-10-25 01:15:00,2.95,4.048832021653652
2018-10-25 01:30:00,3.13,4.0374441916495565
2018-10-25 01:45:00,3.02,4.027130250968039
2018-10-25 02:00:00,2.99,4.016706844307483
2018-10-25 02:15:00,2.99,4.003853292912245
2018-10-25 02:30:00,3.13,3.9918749079853297
2018-10-25 02:45:00,3.71,3.9811573465913535
2018-10-25 03:00:00,3.17,3.9785851767659186
2018-10-25 03:15:00,3.02,3.9676498061418535
2018-10-25 03:30:00,3.02,3.9385262420773506
2018-10-25 03:45:00,3.49,3.9131323803961275
2018-10-25 04:00:00,3.56,3.89509014159441
2018-10-25 04:15:00,3.02,3.879449417963624
2018-10-25 04:30:00,3.02,3.845636780448258
2018-10-25 04:45:00,3.13,3.805606475323439
2018-10-25 05:00:00,3.1,3.7725707655772567
2018-10-25 05:15:00,3.13,3.737494497708976
2018-10-25 05:30:00,3.06,3.7020443614199756
2018-10-25 05:45:00,3.02,3.666680675186217
2018-10-25 06:00:00,3.35,3.6328944217786194
2018-10-25 06:15:00,3.42,3.612781311199069
2018-10-25 06:30:00,2.95,3.6075230146571995
2018-10-25 06:45:00,2.95,3.6067859437316656
2018-10-25 07:00:00,2.95,3.6453499661013486
2018-10-25 07:15:00,2.84,3.789529571868479
2018-10-25 07:30:00,2.92,4.146322983950377
2018-10-25 07:45:00,4.43,4.926567852981388
2018-10-25 08:00:00,5.9,7.1914902525395155
2018-10-25 08:15:00,36.58,23.595656566619873
2018-10-25 08:30:00,54.36,68.01469193220139
2018-10-25 08:45:00,76.25,65.35791332542897
2018-10-25 09:00:00,74.56,79.62014254808426
2018-10-25 09:15:00,64.84,74.95313294768333
2018-10-25 09:30:00,55.26,70.95217948198318
2018-10-25 09:45:00,84.05999999999999,59.176388575434686
2018-10-25 10:00:00,67.79,74.19196827948093
2018-10-25 10:15:00,78.12,67.45095673561096
2018-10-25 10:30:00,58.72,74.61387149453164
2018-10-25 10:45:00,70.2,62.88778600156307
2018-10-25 11:00:00,67.43,69.81087707996369
2018-10-25 11:15:00,74.34,67.78008669137955
2018-10-25 11:30:00,58.93,73.82021058738232
2018-10-25 11:45:00,79.92,66.83986936330795
2018-10-25 12:00:00,52.45,74.77509523391724
2018-10-25 12:15:00,8.46,21.504268057495356
2018-10-25 12:30:00,5.83,8.726396949253976
2018-10-25 12:45:00,4.93,6.838544429279863
2018-10-25 13:00:00,4.68,7.311097272150218
2018-10-25 13:15:00,29.48,40.45612086772918
2018-10-25 13:30:00,50.26,55.355215297341346
2018-10-25 13:45:00,58.36,55.50404411971569
2018-10-25 14:00:00,59.14999999999999,55.200296798348425
2018-10-25 14:15:00,54.97,56.467991426587105
2018-10-25 14:30:00,60.16,55.55033644020558
2018-10-25 14:45:00,58.28,59.087010445594785
2018-10-25 15:00:00,60.23,58.54303526163101
2018-10-25 15:15:00,47.41,60.118986086845396
2018-10-25 15:30:00,47.38000000000001,52.27540176570415
2018-10-25 15:45:00,66.53,51.09115726351738
2018-10-25 16:00:00,66.28,61.59543626666069
2018-10-25 16:15:00,60.37,63.40033378362656
2018-10-25 16:30:00,57.67,61.41705724358559
2018-10-25 16:45:00,57.42,58.851273494958875
2018-10-25 17:00:00,46.84,57.223928673267366
2018-10-25 17:15:00,60.19,48.38786179065704
2018-10-25 17:30:00,51.73,54.02138749957085
2018-10-25 17:45:00,29.84,42.61523457467556
2018-10-25 18:00:00,30.02,25.206508514136075
2018-10-25 18:15:00,51.98,32.07783285036683
2018-10-25 18:30:00,57.6,56.19818641781807
2018-10-25 18:45:00,65.12,53.016860312223436
2018-10-25 19:00:00,67.32,60.848498807549475
2018-10-25 19:15:00,48.489999999999995,62.86649907886982
2018-10-25 19:30:00,51.300000000000004,55.65397770643234
2018-10-25 19:45:00,56.34,56.04992345035076
2018-10-25 20:00:00,57.06000000000001,56.736925198435785
2018-10-25 20:15:00,53.5,56.766349653601644
2018-10-25 20:30:00,56.66,53.83060457766056
2018-10-25 20:45:00,81.00000000000001,51.434613228440284
2018-10-25 21:00:00,75.02,58.893928176760674
2018-10-25 21:15:00,8.89,54.8002373790741
2018-10-25 21:30:00,4.07,9.372830605506897
2018-10-25 21:45:00,3.89,5.2670064864307635
2018-10-25 22:00:00,3.89,4.776120618209243
2018-10-25 22:15:00,3.71,4.184265576377511
2018-10-25 22:30:00,3.64,4.017527558468283
2018-10-25 22:45:00,3.5299999999999994,4.024718069881201
2018-10-25 23:00:00,3.56,4.2332805122435095
2018-10-25 23:15:00,3.4599999999999995,4.339907112196088
2018-10-25 23:30:00,3.5299999999999994,4.30589855864644
2018-10-25 23:45:00,3.42,4.256664690822363
2018-10-26 00:00:00,3.6,4.209869949556888
2018-10-26 00:15:00,4.57,4.186817537099123
2018-10-26 00:30:00,3.49,4.180110921449959
2018-10-26 00:45:00,3.5299999999999994,4.156296738050878
2018-10-26 01:00:00,3.49,4.12000623986125
2018-10-26 01:15:00,3.5299999999999994,4.088822469934821
2018-10-26 01:30:00,3.5299999999999994,4.064757356829942
2018-10-26 01:45:00,3.49,4.045834337919951
2018-10-26 02:00:00,3.49,4.028772240653634
2018-10-26 02:15:00,3.35,4.011901568509638
2018-10-26 02:30:00,2.92,3.992496899291873
2018-10-26 02:45:00,2.88,3.9643444949388504
2018-10-26 03:00:00,2.88,3.932722299732268
2018-10-26 03:15:00,2.88,3.9045171271637082
2018-10-26 03:30:00,2.95,3.877209575623274
2018-10-26 03:45:00,2.84,3.849763367176056
2018-10-26 04:00:00,2.84,3.820564018972218
2018-10-26 04:15:00,2.92,3.7881783687323334
2018-10-26 04:30:00,2.88,3.755178024917841
2018-10-26 04:45:00,3.17,3.7201365616172555
2018-10-26 05:00:00,3.5299999999999994,3.6857058623433114
2018-10-26 05:15:00,3.2,3.6585335995256902
2018-10-26 05:30:00,3.38,3.6260755333304404
2018-10-26 05:45:00,2.88,3.5887605458498
2018-10-26 06:00:00,2.92,3.5508168306946755
2018-10-26 06:15:00,2.84,3.5096385361999274
2018-10-26 06:30:00,2.81,3.480248885601759
2018-10-26 06:45:00,2.84,3.4632979384064675
2018-10-26 07:00:00,2.81,3.473987992964685
2018-10-26 07:15:00,2.84,3.5438632148876787
2018-10-26 07:30:00,3.28,3.7707901189848783
2018-10-26 07:45:00,5.9,4.398057685717941
2018-10-26 08:00:00,5.54,5.672826623022556
2018-10-26 08:15:00,25.99,18.949507252275943
2018-10-26 08:30:00,100.69,54.2041945618391
2018-10-26 08:45:00,80.68,98.58231771945954
2018-10-26 09:00:00,104.65,89.21430231511593
2018-10-26 09:15:00,121.18,98.93580638170243
2018-10-26 09:30:00,106.06,99.80175300776959
2018-10-26 09:45:00,106.52000000000001,101.1634603869915
2018-10-26 10:00:00,122.69,99.94398018956186
2018-10-26 10:15:00,93.2,102.81449926018716
2018-10-26 10:30:00,52.45,97.40619278609753
2018-10-26 10:45:00,74.27,69.7004545366764
2018-10-26 11:00:00,60.26,86.48049558639528
2018-10-26 11:15:00,72.18,71.41888403475285
2018-10-26 11:30:00,72.9,80.09955638170243
2018-10-26 11:45:00,65.2,80.34815530419351
2018-10-26 12:00:00,60.23,74.55212145507336
2018-10-26 12:15:00,8.39,11.936619266495109
2018-10-26 12:30:00,4.32,8.53009469654411
2018-10-26 12:45:00,4.68,6.957401466593146
2018-10-26 13:00:00,4.28,7.604640680178999
2018-10-26 13:15:00,33.66,47.4736737883091
2018-10-26 13:30:00,66.02,61.26683623850346
2018-10-26 13:45:00,63.76,66.69416621565819
2018-10-26 14:00:00,68.11,60.24175863802433
2018-10-26 14:15:00,69.91,65.09413512051105
2018-10-26 14:30:00,55.55,66.896059653759
2018-10-26 14:45:00,52.34,59.621842132806776
2018-10-26 15:00:00,58.64,55.72505087912083
2018-10-26 15:15:00,67.61,58.6739633089304
2018-10-26 15:30:00,45.36,63.85649367511272
2018-10-26 15:45:00,49.1,52.57444261133671
2018-10-26 16:00:00,58.07,52.21260983467102
2018-10-26 16:15:00,50.43999999999999,57.409573991894725
2018-10-26 16:30:00,48.06,53.395408263206484
2018-10-26 16:45:00,55.62,50.39493118226528
2018-10-26 17:00:00,47.12,53.01212689101696
2018-10-26 17:15:00,54.86,46.82408133685589
2018-10-26 17:30:00,62.53000000000001,49.15960704743862
2018-10-26 17:45:00,31.5,47.79778290450573
2018-10-26 18:00:00,31.21,22.873030659407377
2018-10-26 18:15:00,39.92,37.8167669993639
2018-10-26 18:30:00,51.77,49.7273032283783
2018-10-26 18:45:00,52.06,53.01961773216724
2018-10-26 19:00:00,51.12,51.493408247828484
2018-10-26 19:15:00,63.14,52.09515452325344
2018-10-26 19:30:00,65.02,59.12650352537632
2018-10-26 19:45:00,51.37,61.763513137698176
2018-10-26 20:00:00,58.72,58.640479069352146
2018-10-26 20:15:00,51.12,59.01121283352375
2018-10-26 20:30:00,49.97,54.80338101744652
2018-10-26 20:45:00,60.26,47.82800674200058
2018-10-26 21:00:00,47.02,46.57740452468395
2018-10-26 21:15:00,5.72,29.246011968106032
2018-10-26 21:30:00,5.04,6.211995408460497
2018-10-26 21:45:00,4.07,4.908385834544896
2018-10-26 22:00:00,3.9599999999999995,4.722418292984366
2018-10-26 22:15:00,3.78,4.195907704271376
2018-10-26 22:30:00,3.85,4.11295270126313
2018-10-26 22:45:00,3.67,4.167750809006393
2018-10-26 23:00:00,3.71,4.354870830848813
2018-10-26 23:15:00,3.64,4.390365314893424
2018-10-26 23:30:00,3.56,4.347174530476332
2018-10-26 23:45:00,3.67,4.293368914276361
2018-10-27 00:00:00,2.74,4.24522409260273
2018-10-27 00:15:00,3.64,4.172521841600537
2018-10-27 00:30:00,3.64,4.094212687015533
2018-10-27 00:45:00,3.67,4.004113765805959
2018-10-27 01:00:00,3.67,3.9530745513737204
2018-10-27 01:15:00,3.74,3.929165497459471
2018-10-27 01:30:00,3.64,3.9149972315877677
2018-10-27 01:45:00,3.64,3.901143890917301
2018-10-27 02:00:00,4.5,3.8817717808112504
2018-10-27 02:15:00,3.6,3.8762058568000795
2018-10-27 02:30:00,3.17,3.8638042034208775
2018-10-27 02:45:00,3.13,3.8277449871972204
2018-10-27 03:00:00,3.17,3.7937005063518883
2018-10-27 03:15:00,3.13,3.766897059679031
2018-10-27 03:30:00,3.13,3.7409946022182705
2018-10-27 03:45:00,3.13,3.7153481267392636
2018-10-27 04:00:00,3.17,3.691434020549059
2018-10-27 04:15:00,3.17,3.6677068485692144
2018-10-27 04:30:00,3.13,3.644899190813303
2018-10-27 04:45:00,3.1,3.622086480781436
2018-10-27 05:00:00,3.42,3.5987831386178732
2018-10-27 05:15:00,3.64,3.5827646170184018
2018-10-27 05:30:00,3.1,3.575825035311282
2018-10-27 05:45:00,3.1,3.5641245255619287
2018-10-27 06:00:00,3.06,3.5591390519216657
2018-10-27 06:15:00,3.1,3.5784926370158794
2018-10-27 06:30:00,3.67,3.635039393603802
2018-10-27 06:45:00,3.49,3.7761000610142945
2018-10-27 07:00:00,3.1,4.009941846802831
2018-10-27 07:15:00,3.13,4.2581977758929135
2018-10-27 07:30:00,3.24,4.558936747610569
2018-10-27 07:45:00,3.2,4.852562114782631
2018-10-27 08:00:00,3.38,5.017108006291091
2018-10-27 08:15:00,30.74,5.896233774870634
2018-10-27 08:30:00,46.55,46.43550068855286
2018-10-27 08:45:00,47.02,45.80527304947376
2018-10-27 09:00:00,45.72,44.53585391104221
2018-10-27 09:15:00,46.15,41.45594607025385
2018-10-27 09:30:00,44.71000000000001,43.31816109657287
2018-10-27 09:45:00,45.25,42.944193875789644
2018-10-27 10:00:00,46.08,43.88422258555889
2018-10-27 10:15:00,42.34,44.47750798285007
2018-10-27 10:30:00,48.6,42.44804690420627
2018-10-27 10:45:00,37.48,46.30538100540638
2018-10-27 11:00:00,40.36,38.72096496805548
2018-10-27 11:15:00,46.58,39.02168990567326
2018-10-27 11:30:00,45.58,41.006365364789964
2018-10-27 11:45:00,47.3,39.175460976660254
2018-10-27 12:00:00,23.0,33.67890583708882
2018-10-27 12:15:00,3.8200000000000003,8.155553200393914
2018-10-27 12:30:00,4.46,6.564553890563547
2018-10-27 12:45:00,5.54,6.024568320512771
2018-10-27 13:00:00,4.97,6.601264850385487
2018-10-27 13:15:00,29.66,26.36925951167941
2018-10-27 13:30:00,37.76,42.54903853237629
2018-10-27 13:45:00,36.9,39.96277622520923
2018-10-27 14:00:00,48.85,36.9854879681766
2018-10-27 14:15:00,39.92,43.25081538081169
2018-10-27 14:30:00,47.089999999999996,39.22407509863377
2018-10-27 14:45:00,34.42,43.82169112741947
2018-10-27 15:00:00,43.63,37.70872688487172
2018-10-27 15:15:00,50.18000000000001,41.86799173355102
2018-10-27 15:30:00,40.54,46.11162509977817
2018-10-27 15:45:00,53.89,42.09377682328224
2018-10-27 16:00:00,53.5,48.02448414027691
2018-10-27 16:15:00,49.39,47.499559404850004
2018-10-27 16:30:00,41.87,43.786168013811114
2018-10-27 16:45:00,48.31,32.88906220510602
2018-10-27 17:00:00,9.069999999999999,32.043259564638134
2018-10-27 17:15:00,5.04,7.936041914671659
2018-10-27 17:30:00,3.64,5.380952150151133
2018-10-27 17:45:00,3.5299999999999994,5.000855395905673
2018-10-27 18:00:00,3.6,4.880770655535161
2018-10-27 18:15:00,3.5299999999999994,4.390286723934114
2018-10-27 18:30:00,3.5299999999999994,4.0740580355003475
2018-10-27 18:45:00,3.67,3.9712402902543547
2018-10-27 19:00:00,3.64,3.968328495211899
2018-10-27 19:15:00,3.71,3.9843492622673513
2018-10-27 19:30:00,3.64,4.036038536205888
2018-10-27 19:45:00,3.6,4.105327132754028
2018-10-27 20:00:00,3.6,4.112360462248326
2018-10-27 20:15:00,3.67,4.079964707456529
2018-10-27 20:30:00,3.67,4.046828513555229
2018-10-27 20:45:00,3.64,4.002031666748226
2018-10-27 21:00:00,4.14,3.9467339450493455
2018-10-27 21:15:00,4.61,3.901426818370819
2018-10-27 21:30:00,3.67,3.8794454884156586
2018-10-27 21:45:00,3.64,3.8562151235714555
2018-10-27 22:00:00,3.67,3.8276495553180574
2018-10-27 22:15:00,3.38,3.8113222835212945
2018-10-27 22:30:00,3.35,3.8231872729212046
2018-10-27 22:45:00,3.42,3.8432706312090157
2018-10-27 23:00:00,3.35,3.84886125523597
2018-10-27 23:15:00,3.38,3.8552922411635517
2018-10-27 23:30:00,2.84,3.853383042216301
2018-10-27 23:45:00,2.7,3.837100679539144
2018-10-28 00:00:00,2.74,3.8146421901881697
2018-10-28 00:15:00,2.74,3.7906652112305164
2018-10-28 00:30:00,2.95,3.768512665256858
2018-10-28 00:45:00,3.38,3.760779314860702
2018-10-28 01:00:00,2.99,3.774369937181473
2018-10-28 01:15:00,2.84,3.7839086341857913
2018-10-28 01:30:00,2.81,3.7786217080801725
2018-10-28 01:45:00,2.81,3.7749700352922084
2018-10-28 02:00:00,2.84,3.7716142013296485
2018-10-28 02:15:00,2.81,3.767774471603334
2018-10-28 02:30:00,2.84,3.7640301737561823
2018-10-28 02:45:00,2.77,3.7587791749462487
2018-10-28 03:00:00,2.95,3.7504737946391105
2018-10-28 03:15:00,3.4599999999999995,3.741930957362056
2018-10-28 03:30:00,2.88,3.740552247390151
2018-10-28 03:45:00,2.84,3.7301451202854516
2018-10-28 04:00:00,2.81,3.703858128488064
2018-10-28 04:15:00,2.81,3.682753087729216
2018-10-28 04:30:00,2.84,3.659501952417195
2018-10-28 04:45:00,2.81,3.637356704175472
2018-10-28 05:00:00,3.28,3.6167518387362363
2018-10-28 05:15:00,3.28,3.606879130154848
2018-10-28 05:30:00,2.84,3.607087396197021
2018-10-28 05:45:00,2.74,3.5854698301106693
2018-10-28 06:00:00,2.84,3.57913203060627
2018-10-28 06:15:00,3.35,3.6043726399168374
2018-10-28 06:30:00,2.92,3.6797031971439718
2018-10-28 06:45:00,2.74,3.7484062910452485
2018-10-28 07:00:00,2.74,3.899860051460564
2018-10-28 07:15:00,2.81,4.114388108998537
2018-10-28 07:30:00,2.7,4.373902754373849
2018-10-28 07:45:00,2.77,4.57868497159332
2018-10-28 08:00:00,2.74,4.750305172167718
2018-10-28 08:15:00,2.77,4.773366566449403
2018-10-28 08:30:00,2.81,4.702042464055121
2018-10-28 08:45:00,2.95,4.521907494403422
2018-10-28 09:00:00,3.5299999999999994,4.115415405109525
2018-10-28 09:15:00,3.67,3.741090034097433
2018-10-28 09:30:00,3.49,3.4621185126528142
2018-10-28 09:45:00,3.02,3.162074509561062
2018-10-28 10:00:00,3.17,2.9227100247889757
2018-10-28 10:15:00,3.06,2.868271190002561
2018-10-28 10:30:00,3.02,2.8624498453736305
2018-10-28 10:45:00,2.99,2.8945228158682585
2018-10-28 11:00:00,2.99,2.936485897228122
2018-10-28 11:15:00,3.06,2.98034863434732
2018-10-28 11:30:00,3.1,3.0254351449757815
2018-10-28 11:45:00,3.06,3.0573228653520346
2018-10-28 12:00:00,3.06,3.068572599813342
2018-10-28 12:15:00,3.2,3.0771244189143183
2018-10-28 12:30:00,3.74,3.101644798219204
2018-10-28 12:45:00,3.17,3.1793409433215856
2018-10-28 13:00:00,3.2,3.123674966841936
2018-10-28 13:15:00,3.38,3.1209545969218015
2018-10-28 13:30:00,3.67,3.152999499216676
2018-10-28 13:45:00,3.2,3.2015558006986975
2018-10-28 14:00:00,3.02,3.156272251307964
2018-10-28 14:15:00,3.1,3.1280816742032767
2018-10-28 14:30:00,3.06,3.139121458530426
2018-10-28 14:45:00,3.06,3.1418620375543833
2018-10-28 15:00:00,3.06,3.146677417904139
2018-10-28 15:15:00,3.06,3.1564294332265854
2018-10-28 15:30:00,3.5299999999999994,3.17317716665566
2018-10-28 15:45:00,3.49,3.2329551343992353
2018-10-28 16:00:00,3.13,3.2412038169428707
2018-10-28 16:15:00,3.06,3.2098729696497323
2018-10-28 16:30:00,3.02,3.210387179069221
2018-10-28 16:45:00,3.02,3.2295162185654043
2018-10-28 17:00:00,3.02,3.262138764411211
2018-10-28 17:15:00,3.02,3.3051701214537026
2018-10-28 17:30:00,3.06,3.35828413721174
2018-10-28 17:45:00,3.02,3.4240327724069357
2018-10-28 18:00:00,2.92,3.4891021571680905
2018-10-28 18:15:00,2.95,3.5491754023730757
2018-10-28 18:30:00,3.28,3.618707630895078
2018-10-28 18:45:00,4.82,3.7146991899609567
2018-10-28 19:00:00,3.49,3.917230898924172
2018-10-28 19:15:00,2.95,3.907180237956345
2018-10-28 19:30:00,2.99,3.884203048273921
2018-10-28 19:45:00,2.95,3.9138251035660505
2018-10-28 20:00:00,2.92,3.949790010638535
2018-10-28 20:15:00,3.06,3.909956182911992
2018-10-28 20:30:00,2.95,3.87662182752043
2018-10-28 20:45:00,2.95,3.847899638712406
2018-10-28 21:00:00,2.99,3.8214172922447323
2018-10-28 21:15:00,2.99,3.8005513925477863
2018-10-28 21:30:00,3.02,3.784161247983575
2018-10-28 21:45:00,2.95,3.7711662328615785
2018-10-28 22:00:00,2.99,3.760588451102376
2018-10-28 22:15:00,3.17,3.7524273413419724
2018-10-28 22:30:00,3.31,3.7725988337770104
2018-10-28 22:45:00,2.77,3.8075139901787045
2018-10-28 23:00:00,3.2,3.809652786999941
2018-10-28 23:15:00,3.13,3.8131029301136734
2018-10-28 23:30:00,2.74,3.8234954617545007
2018-10-28 23:45:00,2.77,3.814100473932922
2018-10-29 00:00:00,3.64,3.801793691068888
2018-10-29 00:15:00,2.77,3.828259196616709
2018-10-29 00:30:00,2.77,3.842963003739715
2018-10-29 00:45:00,2.84,3.8885597942397
2018-10-29 01:00:00,2.74,3.9231925845518707
2018-10-29 01:15:00,2.81,3.9335042797774076
2018-10-29 01:30:00,3.2,3.934483859948814
2018-10-29 01:45:00,3.38,3.9422458399087192
2018-10-29 02:00:00,2.77,3.953976663313806
2018-10-29 02:15:00,2.77,3.948833446390927
2018-10-29 02:30:00,3.24,3.9332129318639635
2018-10-29 02:45:00,3.38,3.9314710193872453
2018-10-29 03:00:00,2.77,3.93478868059814
2018-10-29 03:15:00,2.81,3.9203852032124997
2018-10-29 03:30:00,2.81,3.8945046389475464
2018-10-29 03:45:00,2.81,3.878903772160411
2018-10-29 04:00:00,2.81,3.858159127086401
2018-10-29 04:15:00,2.74,3.8353200329467656
2018-10-29 04:30:00,2.81,3.8105852125957607
2018-10-29 04:45:00,2.77,3.784603602811694
2018-10-29 05:00:00,2.77,3.7571826557442547
2018-10-29 05:15:00,3.42,3.727387138977647
2018-10-29 05:30:00,3.17,3.708480399623513
2018-10-29 05:45:00,2.74,3.677195584177971
2018-10-29 06:00:00,2.7,3.6138580073416233
2018-10-29 06:15:00,2.66,3.6013901130110026
2018-10-29 06:30:00,2.7,3.6051052199304103
2018-10-29 06:45:00,3.02,3.606361552551389
2018-10-29 07:00:00,3.28,3.6579958128184082
2018-10-29 07:15:00,2.84,3.814176258072257
2018-10-29 07:30:00,2.92,4.132709345705807
2018-10-29 07:45:00,4.0,4.803304108306765
2018-10-29 08:00:00,3.89,5.746341167725622
2018-10-29 08:15:00,23.72,14.08916276924312
2018-10-29 08:30:00,68.29,50.566906164884564
2018-10-29 08:45:00,57.96,81.0451807677746
2018-10-29 09:00:00,67.82,65.57635128319264
2018-10-29 09:15:00,107.63999999999999,71.729367724061
2018-10-29 09:30:00,101.23,86.3515615040064
2018-10-29 09:45:00,112.0,91.7764663887024
2018-10-29 10:00:00,93.74,96.39024071872235
2018-10-29 10:15:00,94.93,94.47628589570523
2018-10-29 10:30:00,113.51,93.13116794526577
2018-10-29 10:45:00,78.43999999999998,96.98344527959824
2018-10-29 11:00:00,111.2,89.7293021351099
2018-10-29 11:15:00,90.83,96.85484352469445
2018-10-29 11:30:00,107.92999999999999,97.2568609815836
2018-10-29 11:45:00,88.42,101.4480674415827
2018-10-29 12:00:00,87.3,101.0496337324381
2018-10-29 12:15:00,5.33,68.26912904024124
2018-10-29 12:30:00,6.01,11.547268426790833
2018-10-29 12:45:00,6.01,6.502360934913158
2018-10-29 13:00:00,5.290000000000001,7.686252339147031
2018-10-29 13:15:00,61.56000000000001,66.79831046402454
2018-10-29 13:30:00,89.46,95.77174334168436
2018-10-29 13:45:00,101.47999999999999,92.31142382144928
2018-10-29 14:00:00,87.98,93.9650314962864
2018-10-29 14:15:00,118.15,89.23859814882279
2018-10-29 14:30:00,83.16,95.83193054378033
2018-10-29 14:45:00,77.33000000000001,87.07521807551385
2018-10-29 15:00:00,83.48,83.87646723151208
2018-10-29 15:15:00,109.15,82.56680054008962
2018-10-29 15:30:00,88.96,92.06223209857941
2018-10-29 15:45:00,111.31000000000002,90.45858132839204
2018-10-29 16:00:00,115.24,96.4559607243538
2018-10-29 16:15:00,73.76,99.52513977646828
2018-10-29 16:30:00,134.6,90.32491382479668
2018-10-29 16:45:00,101.27,100.35188972294331
2018-10-29 17:00:00,75.06,100.51113746106626
2018-10-29 17:15:00,55.58,95.83452629089356
2018-10-29 17:30:00,59.94,46.80270459592342
2018-10-29 17:45:00,31.39,61.17990116477013
2018-10-29 18:00:00,30.64,26.698589313030244
2018-10-29 18:15:00,47.38000000000001,56.744164548516274
2018-10-29 18:30:00,59.18,64.68124965667725
2018-10-29 18:45:00,72.43,62.76642359673977
2018-10-29 19:00:00,49.72,70.1905118316412
2018-10-29 19:15:00,47.77,57.09916215717792
2018-10-29 19:30:00,54.86,56.6269248008728
2018-10-29 19:45:00,57.82,58.107326983213426
2018-10-29 20:00:00,52.02,59.465306905508044
2018-10-29 20:15:00,61.02,57.48740149617195
2018-10-29 20:30:00,57.42,57.68729198753834
2018-10-29 20:45:00,48.82,50.26857488334179
2018-10-29 21:00:00,31.5,31.648057066649198
2018-10-29 21:15:00,22.75,7.842828546017408
2018-10-29 21:30:00,4.03,6.1327061123400926
2018-10-29 21:45:00,4.0,4.277705174721778
2018-10-29 22:00:00,4.0,3.980220430083573
2018-10-29 22:15:00,3.64,3.743051439896226
2018-10-29 22:30:00,3.6,3.8702503461763262
2018-10-29 22:45:00,3.89,3.922200093008578
2018-10-29 23:00:00,4.68,4.136741623282433
2018-10-29 23:15:00,4.46,4.212962503805756
2018-10-29 23:30:00,3.64,4.2056507377699015
2018-10-29 23:45:00,3.67,4.1669693903252485
2018-10-30 00:00:00,3.67,4.126312602981925
2018-10-30 00:15:00,3.6,4.088111221753061
2018-10-30 00:30:00,3.67,4.06180177539587
2018-10-30 00:45:00,3.71,4.042957908809185
2018-10-30 01:00:00,3.67,4.036063797585666
2018-10-30 01:15:00,3.64,4.030539414510131
2018-10-30 01:30:00,3.67,4.023623971454799
2018-10-30 01:45:00,3.71,4.01612920075655
2018-10-30 02:00:00,3.71,4.008312768489122
2018-10-30 02:15:00,3.67,3.999661026597023
2018-10-30 02:30:00,3.6,3.9891921494528653
2018-10-30 02:45:00,3.6,3.977079598531127
2018-10-30 03:00:00,3.2,3.9589284551143646
2018-10-30 03:15:00,2.99,3.9379014439508317
2018-10-30 03:30:00,2.88,3.90923258472234
2018-10-30 03:45:00,2.88,3.8836680683866143
2018-10-30 04:00:00,2.92,3.860077307857573
2018-10-30 04:15:00,2.88,3.8385866100341084
2018-10-30 04:30:00,3.2,3.8155229702964424
2018-10-30 04:45:00,3.56,3.7955827598273753
2018-10-30 05:00:00,2.95,3.7822273490205407
2018-10-30 05:15:00,2.84,3.6946483907848595
2018-10-30 05:30:00,2.84,3.64569857314229
2018-10-30 05:45:00,2.88,3.600649112537503
2018-10-30 06:00:00,2.88,3.564477062150836
2018-10-30 06:15:00,2.81,3.54338773958385
2018-10-30 06:30:00,2.81,3.5553386176750066
2018-10-30 06:45:00,2.84,3.6147028601542117
2018-10-30 07:00:00,2.92,3.6847683844715355
2018-10-30 07:15:00,3.5299999999999994,3.854010647162795
2018-10-30 07:30:00,3.78,4.278391722887754
2018-10-30 07:45:00,4.5,5.054274232313037
2018-10-30 08:00:00,5.1499999999999995,6.2646013898029915
2018-10-30 08:15:00,26.349999999999998,19.206604102924466
2018-10-30 08:30:00,66.46,55.058527689576145
2018-10-30 08:45:00,54.22,79.18555699765683
2018-10-30 09:00:00,75.49,61.86527720272541
2018-10-30 09:15:00,68.36,77.31401434719564
2018-10-30 09:30:00,63.25,68.42052666425705
2018-10-30 09:45:00,66.02,68.43118808925152
2018-10-30 10:00:00,59.76,66.5915758228302
2018-10-30 10:15:00,55.55,61.971613016128536
2018-10-30 10:30:00,74.3,58.197342822551725
2018-10-30 10:45:00,64.51,69.81909544885158
2018-10-30 11:00:00,65.77,65.29487888514996
2018-10-30 11:15:00,61.31,67.46391750752926
2018-10-30 11:30:00,69.91,64.24508330523967
2018-10-30 11:45:00,61.16,70.42244947075844
2018-10-30 12:00:00,48.74,62.783183680176734
2018-10-30 12:15:00,4.97,28.668442517220974
2018-10-30 12:30:00,4.93,8.452636008411645
2018-10-30 12:45:00,4.61,6.36536791101098
2018-10-30 13:00:00,5.62,7.08754079747945
2018-10-30 13:15:00,34.31,39.03055945679545
2018-10-30 13:30:00,65.09,56.482335399389264
2018-10-30 13:45:00,57.46,63.65951329469681
2018-10-30 14:00:00,63.49999999999999,54.602035470604896
2018-10-30 14:15:00,65.02,60.37997094452381
2018-10-30 14:30:00,61.63,60.73782477319241
2018-10-30 14:45:00,59.08,60.94015832066536
2018-10-30 15:00:00,59.76,58.86427019417286
2018-10-30 15:15:00,54.4,59.8485613322258
2018-10-30 15:30:00,57.78,56.95240813612938
2018-10-30 15:45:00,59.9,59.11919232070446
2018-10-30 16:00:00,54.97,60.049655387997625
2018-10-30 16:15:00,70.16,57.135134361982345
2018-10-30 16:30:00,68.98,65.73109912753105
2018-10-30 16:45:00,57.85,66.33592616856099
2018-10-30 17:00:00,46.3,60.23359416007995
2018-10-30 17:15:00,61.52,48.45692303478718
2018-10-30 17:30:00,41.8,55.86261649429798
2018-10-30 17:45:00,30.1,34.95226799622178
2018-10-30 18:00:00,30.89,28.40455203950405
2018-10-30 18:15:00,36.29,35.22100865885615
2018-10-30 18:30:00,45.14,42.18632553696632
2018-10-30 18:45:00,67.61,44.76956995129585
2018-10-30 19:00:00,55.66,62.44843110263348
2018-10-30 19:15:00,52.27,55.3092373406887
2018-10-30 19:30:00,52.6,57.177007625102995
2018-10-30 19:45:00,59.36,55.257744544148444
2018-10-30 20:00:00,59.08,58.930609945654865
2018-10-30 20:15:00,51.16,59.685110100507735
2018-10-30 20:30:00,113.98,55.88329265296459
2018-10-30 20:45:00,110.09,74.70554897129536
2018-10-30 21:00:00,63.4,79.52327357709409
2018-10-30 21:15:00,4.64,54.48944830775261
2018-10-30 21:30:00,4.43,7.87777233198285
2018-10-30 21:45:00,4.03,4.214416997916997
2018-10-30 22:00:00,4.07,4.6823722696676855
2018-10-30 22:15:00,3.85,3.8993267556652427
2018-10-30 22:30:00,3.8200000000000003,3.7415149866417052
2018-10-30 22:45:00,4.0,3.825786949582398
2018-10-30 23:00:00,4.54,4.083415411934257
2018-10-30 23:15:00,3.56,4.252126624286175
2018-10-30 23:30:00,3.71,4.221604141145945
2018-10-30 23:45:00,3.56,4.181276874467731
2018-10-31 00:00:00,3.85,4.143759234584868
2018-10-31 00:15:00,3.64,4.111719945929945
2018-10-31 00:30:00,3.6,4.103416249714792
2018-10-31 00:45:00,3.67,4.08429843749851
2018-10-31 01:00:00,3.56,4.063661012947559
2018-10-31 01:15:00,3.6,4.051970046386122
2018-10-31 01:30:00,3.6,4.038716242462397
2018-10-31 01:45:00,3.6,4.0283742335811255
2018-10-31 02:00:00,4.07,4.018184915706516
2018-10-31 02:15:00,4.72,4.010550365373493
2018-10-31 02:30:00,3.64,4.011377254538238
2018-10-31 02:45:00,3.6,4.000672604516149
2018-10-31 03:00:00,3.6,3.9740263397619127
2018-10-31 03:15:00,3.64,3.9571371426060797
2018-10-31 03:30:00,3.38,3.94035011369735
2018-10-31 03:45:00,2.99,3.919873800612986
2018-10-31 04:00:00,2.95,3.8888837012648585
2018-10-31 04:15:00,2.95,3.8552366661280395
2018-10-31 04:30:00,3.02,3.827845471352339
2018-10-31 04:45:00,2.95,3.798766816407442
2018-10-31 05:00:00,2.92,3.7687130722031
2018-10-31 05:15:00,2.88,3.736987024657428
2018-10-31 05:30:00,2.92,3.6821473759785297
2018-10-31 05:45:00,3.38,3.6310525865107777
2018-10-31 06:00:00,3.5299999999999994,3.636682506017387
2018-10-31 06:15:00,2.88,3.6367335901409388
2018-10-31 06:30:00,2.84,3.5814644980058072
2018-10-31 06:45:00,2.84,3.6261715265735983
2018-10-31 07:00:00,3.42,3.683544610962272
2018-10-31 07:15:00,3.28,3.8644856993108987
2018-10-31 07:30:00,2.95,4.2612965051457286
2018-10-31 07:45:00,4.39,4.9577011001482605
2018-10-31 08:00:00,4.25,7.247388072349131
2018-10-31 08:15:00,27.79,19.052674727290867
2018-10-31 08:30:00,59.0,57.8329502260685
2018-10-31 08:45:00,115.56,73.36040407538414
2018-10-31 09:00:00,139.43,98.62901422202587
2018-10-31 09:15:00,105.88,107.67500429332257
2018-10-31 09:30:00,64.87,108.44836627840996
2018-10-31 09:45:00,86.98,86.35884576320649
2018-10-31 10:00:00,124.85,91.1251404452324
2018-10-31 10:15:00,89.21,97.8206680327654
2018-10-31 10:30:00,77.4,92.64406567037106
2018-10-31 10:45:00,71.71,86.69838565289974
2018-10-31 11:00:00,111.31000000000002,79.83184413790704
2018-10-31 11:15:00,117.46999999999998,94.18625381946565
2018-10-31 11:30:00,103.5,101.67148132979871
2018-10-31 11:45:00,69.37,106.19626374840738
2018-10-31 12:00:00,97.34,98.64049299299718
2018-10-31 12:15:00,7.02,74.35329081892966
2018-10-31 12:30:00,6.34,11.706668855920434
2018-10-31 12:45:00,5.98,6.757468311563134
2018-10-31 13:00:00,6.01,7.86821342587471
2018-10-31 13:15:00,38.77,64.66328600883485
2018-10-31 13:30:00,71.06,78.20725673615934
2018-10-31 13:45:00,87.3,78.6317287528515
2018-10-31 14:00:00,96.37,82.55428885936738
2018-10-31 14:15:00,112.25,88.64789053499699
2018-10-31 14:30:00,97.09,95.4238234102726
2018-10-31 14:45:00,48.56,94.86084268689156
2018-10-31 15:00:00,49.18,63.046090648174285
2018-10-31 15:15:00,49.46,56.501439738869664
2018-10-31 15:30:00,61.16,54.27981253743172
2018-10-31 15:45:00,58.1,63.43148274898529
2018-10-31 16:00:00,56.88,60.620513170957565
2018-10-31 16:15:00,50.76,59.882710226774215
2018-10-31 16:30:00,67.75,55.00789714813232
2018-10-31 16:45:00,59.9,64.76169087171554
2018-10-31 17:00:00,73.51,59.79096987724304
2018-10-31 17:15:00,62.35,68.28768548846244
2018-10-31 17:30:00,97.96,57.52371501028538
2018-10-31 17:45:00,31.36,70.18931724905967
2018-10-31 18:00:00,31.72,22.28045707166195
2018-10-31 18:15:00,46.76,43.835343499779704
2018-10-31 18:30:00,50.33,64.74075424015523
2018-10-31 18:45:00,113.58,54.79350999295711
2018-10-31 19:00:00,97.23999999999998,86.03861679494382
2018-10-31 19:15:00,96.48,86.70835547745229
2018-10-31 19:30:00,119.23,92.17635515332223
2018-10-31 19:45:00,101.77,95.92428165733816
2018-10-31 20:00:00,103.86,98.50127472221853
2018-10-31 20:15:00,91.66000000000001,98.5017687225342
2018-10-31 20:30:00,82.33,95.57510427057744
2018-10-31 20:45:00,82.76,81.68830630600453
2018-10-31 21:00:00,45.07,61.176901235580445
2018-10-31 21:15:00,6.84,23.08401370331645
2018-10-31 21:30:00,4.43,5.554264301806688
2018-10-31 21:45:00,4.43,4.716875384896993
2018-10-31 22:00:00,4.39,4.307037004828453
2018-10-31 22:15:00,4.18,3.812638682089746
2018-10-31 22:30:00,4.14,3.9436037794128063
2018-10-31 22:45:00,4.07,4.041637019328773
2018-10-31 23:00:00,3.9599999999999995,4.2022814310714605
2018-10-31 23:15:00,3.89,4.280391301438213
2018-10-31 23:30:00,3.89,4.242863557003439
2018-10-31 23:45:00,3.92,4.195447385795415
2018-11-01 00:00:00,3.06,4.155596717149019
2018-11-01 00:15:00,3.89,4.124689138308168
2018-11-01 00:30:00,3.9599999999999995,4.115725839398801
2018-11-01 00:45:00,5.11,4.112819657996297
2018-11-01 01:00:00,4.72,4.107293590828776
2018-11-01 01:15:00,3.89,4.102021821551025
2018-11-01 01:30:00,3.89,4.079900150597096
2018-11-01 01:45:00,3.92,4.054423768408596
2018-11-01 02:00:00,3.9599999999999995,4.037230873331428
2018-11-01 02:15:00,3.9599999999999995,4.024870199523866
2018-11-01 02:30:00,3.89,4.012269823290408
2018-11-01 02:45:00,3.92,3.997123099975288
2018-11-01 03:00:00,3.89,3.9805224439129234
2018-11-01 03:15:00,3.31,3.9619862047955396
2018-11-01 03:30:00,3.28,3.9320907652378083
2018-11-01 03:45:00,3.24,3.8957059578970075
2018-11-01 04:00:00,3.31,3.866388161890209
2018-11-01 04:15:00,3.24,3.8371197659149767
2018-11-01 04:30:00,3.28,3.807316390052438
2018-11-01 04:45:00,3.28,3.775633567534387
2018-11-01 05:00:00,3.31,3.743254653662443
2018-11-01 05:15:00,4.0,3.7097737822681665
2018-11-01 05:30:00,3.8200000000000003,3.6862133353948594
2018-11-01 05:45:00,3.5299999999999994,3.6650594559684397
2018-11-01 06:00:00,3.9599999999999995,3.628922210149467
2018-11-01 06:15:00,3.35,3.605372990556061
2018-11-01 06:30:00,3.17,3.585029159374535
2018-11-01 06:45:00,3.17,3.565744622051716
2018-11-01 07:00:00,3.17,3.5927557734027507
2018-11-01 07:15:00,3.17,3.7064302983134985
2018-11-01 07:30:00,3.67,4.020062116906047
2018-11-01 07:45:00,4.5,4.781368810199201
2018-11-01 08:00:00,4.79,6.506059200912714
2018-11-01 08:15:00,47.27,20.926395470052956
2018-11-01 08:30:00,106.48999999999998,78.40283595204355
2018-11-01 08:45:00,110.7,99.33756336569787
2018-11-01 09:00:00,71.1,105.6325465154648
2018-11-01 09:15:00,64.84,93.60909977793695
2018-11-01 09:30:00,52.06,77.46918433725834
2018-11-01 09:45:00,53.71,57.113066020607945
2018-11-01 10:00:00,65.92,56.11482611000538
2018-11-01 10:15:00,58.43,64.49117629885673
2018-11-01 10:30:00,56.52,59.978025342226026
2018-11-01 10:45:00,77.87,58.570609461069104
2018-11-01 11:00:00,104.18,72.35327215909957
2018-11-01 11:15:00,84.82,88.91049212098122
2018-11-01 11:30:00,102.60000000000001,92.00141616880894
2018-11-01 11:45:00,114.66000000000001,98.22273938059807
2018-11-01 12:00:00,89.42000000000002,97.93762036204339
2018-11-01 12:15:00,6.26,27.40600674688816
2018-11-01 12:30:00,6.44,10.11521427989006
2018-11-01 12:45:00,6.080000000000001,6.517962363064289
2018-11-01 13:00:00,6.05,7.741683104112744
2018-11-01 13:15:00,49.64,65.72457832336426
2018-11-01 13:30:00,110.66,87.33533169627191
2018-11-01 13:45:00,120.17,98.02628892779352
2018-11-01 14:00:00,98.24,102.63340772628786
2018-11-01 14:15:00,90.47,103.42540699601174
2018-11-01 14:30:00,113.9,97.98895148575306
2018-11-01 14:45:00,82.8,100.49811381638051
2018-11-01 15:00:00,66.6,87.81995498776436
2018-11-01 15:15:00,60.37,78.17797599017621
2018-11-01 15:30:00,52.92,67.98048016488552
2018-11-01 15:45:00,50.83,60.569765865802765
2018-11-01 16:00:00,57.31,58.2283390969038
2018-11-01 16:15:00,59.0,64.28918406069279
2018-11-01 16:30:00,63.35999999999999,63.974029822945596
2018-11-01 16:45:00,59.69,65.38097864925861
2018-11-01 17:00:00,49.36,61.40853349268436
2018-11-01 17:15:00,52.16,53.473190858364106
2018-11-01 17:30:00,52.49,50.62862925887108
2018-11-01 17:45:00,36.25,42.572750547528265
2018-11-01 18:00:00,30.74,29.761389024704695
2018-11-01 18:15:00,16.31,37.02236733719707
2018-11-01 18:30:00,3.89,19.65018831819296
2018-11-01 18:45:00,3.8200000000000003,5.302765934281051
2018-11-01 19:00:00,3.89,4.206845320351422
2018-11-01 19:15:00,3.85,3.8754233153909445
2018-11-01 19:30:00,3.89,3.778369655646384
2018-11-01 19:45:00,3.89,3.8417145302146674
2018-11-01 20:00:00,3.85,3.9814627286046744
2018-11-01 20:15:00,3.85,4.1211632110551
2018-11-01 20:30:00,4.61,4.202745679095387
2018-11-01 20:45:00,4.86,4.20425350278616
2018-11-01 21:00:00,3.92,4.202550885789097
2018-11-01 21:15:00,3.92,4.177702108547091
2018-11-01 21:30:00,3.92,4.140620648488403
2018-11-01 21:45:00,3.92,4.113039712682366
2018-11-01 22:00:00,3.92,4.093220195472241
2018-11-01 22:15:00,3.71,4.078748231679201
2018-11-01 22:30:00,3.74,4.094995789788664
2018-11-01 22:45:00,3.71,4.121681350022555
2018-11-01 23:00:00,3.67,4.123716855868698
2018-11-01 23:15:00,3.6,4.131404174417257
2018-11-01 23:30:00,3.64,4.132421365976334
2018-11-01 23:45:00,3.71,4.123746608160436
2018-11-02 00:00:00,3.8200000000000003,4.114569429568946
2018-11-02 00:15:00,3.02,4.115013468489051
2018-11-02 00:30:00,3.38,4.108988348729908
2018-11-02 00:45:00,3.74,4.0975275414064525
2018-11-02 01:00:00,3.28,4.095173180811107
2018-11-02 01:15:00,3.1,4.0810442104190585
2018-11-02 01:30:00,3.1,4.056065758094191
2018-11-02 01:45:00,3.06,4.036600461564958
2018-11-02 02:00:00,3.1,4.020329326167703
2018-11-02 02:15:00,3.13,4.004959179982543
2018-11-02 02:30:00,3.13,3.9901560114324095
2018-11-02 02:45:00,3.24,3.9736401213333012
2018-11-02 03:00:00,3.74,3.957244363129139
2018-11-02 03:15:00,3.31,3.9484893302619457
2018-11-02 03:30:00,3.06,3.929627500027418
2018-11-02 03:45:00,3.13,3.894177925102413
2018-11-02 04:00:00,3.13,3.858839500248432
2018-11-02 04:15:00,3.1,3.824039984829724
2018-11-02 04:30:00,3.06,3.787864004895091
2018-11-02 04:45:00,3.06,3.7497934214770794
2018-11-02 05:00:00,3.2,3.7107960261031985
2018-11-02 05:15:00,3.71,3.6745358415693046
2018-11-02 05:30:00,3.24,3.648617665916681
2018-11-02 05:45:00,3.06,3.6191797380149366
2018-11-02 06:00:00,3.06,3.576399310678244
2018-11-02 06:15:00,3.31,3.5415846384316683
2018-11-02 06:30:00,3.6,3.521240807250142
2018-11-02 06:45:00,3.17,3.52633630823344
2018-11-02 07:00:00,2.99,3.5492163819447162
2018-11-02 07:15:00,2.95,3.6236936658993364
2018-11-02 07:30:00,3.28,3.871323112770915
2018-11-02 07:45:00,5.0,4.521447737291456
2018-11-02 08:00:00,5.1499999999999995,5.740697214119136
2018-11-02 08:15:00,24.37,18.336095833033323
2018-11-02 08:30:00,44.53,52.097462852001186
2018-11-02 08:45:00,51.37,61.488444780111315
2018-11-02 09:00:00,54.65,58.938451077938076
2018-11-02 09:15:00,64.44,57.1654031085968
2018-11-02 09:30:00,66.28,61.78925504505634
2018-11-02 09:45:00,63.54,63.10880174279213
2018-11-02 10:00:00,59.0,62.796782161593434
2018-11-02 10:15:00,53.32,60.285796520709994
2018-11-02 10:30:00,56.77,55.79371692299843
2018-11-02 10:45:00,60.26,56.815749685168264
2018-11-02 11:00:00,62.06,58.913077425360676
2018-11-02 11:15:00,63.58,61.50603119134903
2018-11-02 11:30:00,62.53000000000001,63.506418105959895
2018-11-02 11:45:00,66.06,64.28937267899514
2018-11-02 12:00:00,52.6,63.24014295399189
2018-11-02 12:15:00,7.88,31.05393411427736
2018-11-02 12:30:00,5.870000000000001,8.71489740781486
2018-11-02 12:45:00,5.940000000000001,6.9263226717337965
2018-11-02 13:00:00,5.98,7.15223575245589
2018-11-02 13:15:00,44.68,37.90782473027706
2018-11-02 13:30:00,57.13,64.00416384220124
2018-11-02 13:45:00,57.35,57.76537996470928
2018-11-02 14:00:00,62.32,54.670746423602104
2018-11-02 14:15:00,54.97,57.7638620364666
2018-11-02 14:30:00,79.26999999999998,55.647663484215734
2018-11-02 14:45:00,55.76,68.6023547077179
2018-11-02 15:00:00,62.75,58.74558437287807
2018-11-02 15:15:00,68.76,62.35030467629433
2018-11-02 15:30:00,58.68,65.42657038748264
2018-11-02 15:45:00,65.81,61.35323240280152
2018-11-02 16:00:00,82.98000000000002,65.11067065834999
2018-11-02 16:15:00,61.63,74.1606486594677
2018-11-02 16:30:00,63.54,66.07240843653679
2018-11-02 16:45:00,60.23,65.82391729593277
2018-11-02 17:00:00,53.53,60.5329673331976
2018-11-02 17:15:00,68.0,54.227789813280104
2018-11-02 17:30:00,72.72,57.472392868399616
2018-11-02 17:45:00,31.72,50.15903255879879
2018-11-02 18:00:00,30.02,23.110912020504475
2018-11-02 18:15:00,47.66,36.59168438926339
2018-11-02 18:30:00,51.8,60.91298830330372
2018-11-02 18:45:00,58.82,52.85891493856907
2018-11-02 19:00:00,56.3,58.81718747317791
2018-11-02 19:15:00,58.46000000000001,56.6964800453186
2018-11-02 19:30:00,74.77,59.29963716328144
2018-11-02 19:45:00,62.14,65.68872288227081
2018-11-02 20:00:00,76.93,64.94553084373474
2018-11-02 20:15:00,79.13,68.75077036619186
2018-11-02 20:30:00,72.0,69.9862112647295
2018-11-02 20:45:00,64.08,64.9695751863718
2018-11-02 21:00:00,48.02,51.081151511669155
2018-11-02 21:15:00,6.23,28.25984138339758
2018-11-02 21:30:00,4.25,6.510219469480216
2018-11-02 21:45:00,4.18,4.955156437158585
2018-11-02 22:00:00,4.14,4.911793875358998
2018-11-02 22:15:00,3.92,4.258834362663329
2018-11-02 22:30:00,3.92,4.124339969903231
2018-11-02 22:45:00,3.9599999999999995,4.1499909362941985
2018-11-02 23:00:00,3.92,4.344534996971488
2018-11-02 23:15:00,3.85,4.42779145244509
2018-11-02 23:30:00,3.8200000000000003,4.377043585926295
2018-11-02 23:45:00,3.85,4.318461323492229
2018-11-03 00:00:00,2.88,4.263645252101123
2018-11-03 00:15:00,4.93,4.184700072109699
2018-11-03 00:30:00,4.43,4.114866952486336
2018-11-03 00:45:00,3.8200000000000003,4.0342191554978495
2018-11-03 01:00:00,3.8200000000000003,3.9763728412613273
2018-11-03 01:15:00,3.78,3.941929791979492
2018-11-03 01:30:00,3.85,3.9207416693493724
2018-11-03 01:45:00,3.8200000000000003,3.903872119933367
2018-11-03 02:00:00,3.78,3.887948468849063
2018-11-03 02:15:00,3.8200000000000003,3.870000539198518
2018-11-03 02:30:00,3.8200000000000003,3.8525662576034665
2018-11-03 02:45:00,3.56,3.834390975534916
2018-11-03 03:00:00,3.17,3.808249377012253
2018-11-03 03:15:00,3.2,3.771786540076137
2018-11-03 03:30:00,3.2,3.736655819900334
2018-11-03 03:45:00,3.2,3.7069664009287955
2018-11-03 04:00:00,3.28,3.6785518395900727
2018-11-03 04:15:00,3.31,3.652890768647194
2018-11-03 04:30:00,3.85,3.630170122310519
2018-11-03 04:45:00,3.4599999999999995,3.6190927265957
2018-11-03 05:00:00,3.17,3.606664127744734
2018-11-03 05:15:00,3.6,3.5746675027534365
2018-11-03 05:30:00,3.78,3.5580146398395303
2018-11-03 05:45:00,3.24,3.5620109901204704
2018-11-03 06:00:00,3.24,3.5582852172851562
2018-11-03 06:15:00,3.17,3.5630231294035912
2018-11-03 06:30:00,3.24,3.6107401917129756
2018-11-03 06:45:00,3.13,3.7131004253029825
2018-11-03 07:00:00,3.17,3.9032731445506217
2018-11-03 07:15:00,3.24,4.181353219971061
2018-11-03 07:30:00,3.17,4.470842457227409
2018-11-03 07:45:00,3.31,4.738866819404065
2018-11-03 08:00:00,3.28,4.970330105945467
2018-11-03 08:15:00,22.139999999999997,5.688453312553465
2018-11-03 08:30:00,41.03999999999999,35.41946654930711
2018-11-03 08:45:00,40.89999999999999,44.2771145093441
2018-11-03 09:00:00,43.52,38.39927645340562
2018-11-03 09:15:00,40.06999999999999,38.91967434957623
2018-11-03 09:30:00,38.12,37.956057124733924
2018-11-03 09:45:00,57.24,37.07851720944047
2018-11-03 10:00:00,73.87,49.200249800682066
2018-11-03 10:15:00,92.41,62.89466607868671
2018-11-03 10:30:00,88.88,77.65657212972641
2018-11-03 10:45:00,68.62,83.06294751167299
2018-11-03 11:00:00,92.59,77.51515331208707
2018-11-03 11:15:00,71.39,83.64488886535169
2018-11-03 11:30:00,92.02,76.77006610870362
2018-11-03 11:45:00,74.92,82.40754382014275
2018-11-03 12:00:00,59.18,70.41534484803677
2018-11-03 12:15:00,3.85,45.47922385931015
2018-11-03 12:30:00,3.6,8.824049023017286
2018-11-03 12:45:00,3.6,5.766794464886188
2018-11-03 13:00:00,3.67,5.51200538162142
2018-11-03 13:15:00,26.46,23.0746838337183
2018-11-03 13:30:00,91.55,51.099941487312314
2018-11-03 13:45:00,71.53,79.05809593439103
2018-11-03 14:00:00,92.23000000000002,67.44801069736481
2018-11-03 14:15:00,61.269999999999996,78.3688846576214
2018-11-03 14:30:00,32.54,62.52190242230892
2018-11-03 14:45:00,32.18,42.367834725677966
2018-11-03 15:00:00,32.04,35.069108052700756
2018-11-03 15:15:00,29.59,34.75340143278241
2018-11-03 15:30:00,30.349999999999998,32.68918518647551
2018-11-03 15:45:00,30.96,32.308542225062844
2018-11-03 16:00:00,30.2,30.58253206759691
2018-11-03 16:15:00,30.38,27.863255684524773
2018-11-03 16:30:00,29.34,25.688266603797675
2018-11-03 16:45:00,28.15,20.617287122532726
2018-11-03 17:00:00,26.139999999999997,14.36832908399403
2018-11-03 17:15:00,5.290000000000001,10.985041053891182
2018-11-03 17:30:00,3.85,5.373902541100978
2018-11-03 17:45:00,3.89,4.526928333975375
2018-11-03 18:00:00,3.74,4.374460188820958
2018-11-03 18:15:00,4.03,4.186997173577547
2018-11-03 18:30:00,4.82,4.051118457205594
2018-11-03 18:45:00,4.46,4.080300964489579
2018-11-03 19:00:00,3.71,4.094614623636008
2018-11-03 19:15:00,3.71,4.091775805912912
2018-11-03 19:30:00,3.67,4.147253164090216
2018-11-03 19:45:00,3.71,4.195829674676061
2018-11-03 20:00:00,3.74,4.162870310433209
2018-11-03 20:15:00,3.74,4.125792779922485
2018-11-03 20:30:00,3.74,4.070205394402146
2018-11-03 20:45:00,3.74,3.9992383195087315
2018-11-03 21:00:00,3.71,3.931665812693536
2018-11-03 21:15:00,3.78,3.8829091042652726
2018-11-03 21:30:00,3.71,3.8548919886350634
2018-11-03 21:45:00,3.67,3.838280666656792
2018-11-03 22:00:00,3.67,3.824221866764128
2018-11-03 22:15:00,3.42,3.8116877314820887
2018-11-03 22:30:00,3.49,3.820130084604025
2018-11-03 22:45:00,3.4599999999999995,3.8363950449973347
2018-11-03 23:00:00,3.89,3.8382834734767677
2018-11-03 23:15:00,4.54,3.8443506955355407
2018-11-03 23:30:00,3.85,3.855665548220277
2018-11-03 23:45:00,3.28,3.8597298235446216
2018-11-04 00:00:00,2.92,3.846049382984638
2018-11-04 00:15:00,2.88,3.8101181577518584
2018-11-04 00:30:00,2.92,3.776445861235261
2018-11-04 00:45:00,2.95,3.7630797845125197
2018-11-04 01:00:00,2.92,3.761605081297457
2018-11-04 01:15:00,2.99,3.763168480023742
2018-11-04 01:30:00,2.95,3.7664648094028235
2018-11-04 01:45:00,2.95,3.768974667824805
2018-11-04 02:00:00,2.92,3.7695848704874515
2018-11-04 02:15:00,3.13,3.768237596899271
2018-11-04 02:30:00,3.67,3.767841835282743
2018-11-04 02:45:00,3.28,3.7781653191521762
2018-11-04 03:00:00,2.92,3.7797640838101505
2018-11-04 03:15:00,2.95,3.75785685390234
2018-11-04 03:30:00,3.28,3.737553440928459
2018-11-04 03:45:00,3.64,3.725865842550993
2018-11-04 04:00:00,3.31,3.7217246603593233
2018-11-04 04:15:00,2.95,3.7088172180205583
2018-11-04 04:30:00,2.99,3.6777288799732926
2018-11-04 04:45:00,2.95,3.64774811308831
2018-11-04 05:00:00,2.99,3.6237632750347255
2018-11-04 05:15:00,2.92,3.5990307001397013
2018-11-04 05:30:00,2.95,3.5806673611328006
2018-11-04 05:45:00,2.99,3.5704791659861805
2018-11-04 06:00:00,2.99,3.575305212251842
2018-11-04 06:15:00,2.92,3.596190759688616
2018-11-04 06:30:00,3.49,3.6495074278488757
2018-11-04 06:45:00,3.4599999999999995,3.7956804371625186
2018-11-04 07:00:00,2.95,3.985223306007683
2018-11-04 07:15:00,2.95,4.137304671369493
2018-11-04 07:30:00,2.92,4.42705045197159
2018-11-04 07:45:00,3.13,4.65774466983974
2018-11-04 08:00:00,3.17,4.826094363778829
2018-11-04 08:15:00,26.53,4.857449349723756
2018-11-04 08:30:00,29.299999999999997,40.12097982630134
2018-11-04 08:45:00,33.73,30.61699981689453
2018-11-04 09:00:00,36.4,32.28280480861664
2018-11-04 09:15:00,40.93,31.00489335566759
2018-11-04 09:30:00,47.88,36.86251332595944
2018-11-04 09:45:00,83.12,42.42853389173746
2018-11-04 10:00:00,69.34,66.97736312389374
2018-11-04 10:15:00,60.05,66.34471937417985
2018-11-04 10:30:00,86.69,63.382765336036684
2018-11-04 10:45:00,91.73,75.71217790544034
2018-11-04 11:00:00,75.17,82.36030840814115
2018-11-04 11:15:00,93.31,80.54034837245942
2018-11-04 11:30:00,63.790000000000006,84.75043462634088
2018-11-04 11:45:00,93.31,71.60494251728058
2018-11-04 12:00:00,61.34,77.22208537936211
2018-11-04 12:15:00,6.01,41.34543819963932
2018-11-04 12:30:00,3.4599999999999995,8.60766790293157
2018-11-04 12:45:00,3.38,5.590317904390394
2018-11-04 13:00:00,3.35,5.274380002506077
2018-11-04 13:15:00,37.69,17.187511417269707
2018-11-04 13:30:00,92.05,59.20368433833122
2018-11-04 13:45:00,66.96,79.37271126270295
2018-11-04 14:00:00,95.15,64.6242510020733
2018-11-04 14:15:00,71.93,78.33564292728902
2018-11-04 14:30:00,89.46,68.25304259359837
2018-11-04 14:45:00,81.58,78.78208448529244
2018-11-04 15:00:00,75.89,78.35031024575234
2018-11-04 15:15:00,93.60000000000001,78.0549160206318
2018-11-04 15:30:00,70.96,83.52267318725586
2018-11-04 15:45:00,91.66000000000001,78.5454044431448
2018-11-04 16:00:00,71.28,83.57359114706517
2018-11-04 16:15:00,93.88999999999999,75.2600149255991
2018-11-04 16:30:00,71.53,81.46666183710099
2018-11-04 16:45:00,83.81000000000002,66.44633074820041
2018-11-04 17:00:00,9.47,67.16786760926247
2018-11-04 17:15:00,3.89,11.136250620968639
2018-11-04 17:30:00,3.89,5.555348857045173
2018-11-04 17:45:00,3.92,5.0463848227262496
2018-11-04 18:00:00,4.72,5.048195782974362
2018-11-04 18:15:00,4.39,4.389555266648531
2018-11-04 18:30:00,3.74,4.054673575386405
2018-11-04 18:45:00,3.78,3.9806566099077463
2018-11-04 19:00:00,3.17,4.0221167091280225
2018-11-04 19:15:00,3.13,3.9677721834927797
2018-11-04 19:30:00,3.13,3.949886565245688
2018-11-04 19:45:00,3.17,3.971737658753991
2018-11-04 20:00:00,3.17,4.022116147764027
2018-11-04 20:15:00,3.2,4.070149258002639
2018-11-04 20:30:00,3.13,4.050872018411756
2018-11-04 20:45:00,3.13,3.997197761386633
2018-11-04 21:00:00,3.13,3.9327352111041547
2018-11-04 21:15:00,3.13,3.8731980685144665
2018-11-04 21:30:00,3.13,3.833034158758819
2018-11-04 21:45:00,3.24,3.813541355393827
2018-11-04 22:00:00,3.8200000000000003,3.8070536717027426
2018-11-04 22:15:00,3.1,3.810692994482815
2018-11-04 22:30:00,2.95,3.8266497660428285
2018-11-04 22:45:00,3.4599999999999995,3.834487530142069
2018-11-04 23:00:00,3.42,3.8373774319887164
2018-11-04 23:15:00,2.92,3.850441494882107
2018-11-04 23:30:00,2.84,3.840152815580368
2018-11-04 23:45:00,2.92,3.8221072085946797
2018-11-05 00:00:00,3.78,3.8109422400966286
2018-11-05 00:15:00,2.95,3.8412182844430207
2018-11-05 00:30:00,2.95,3.85718010827899
2018-11-05 00:45:00,3.5299999999999994,3.897083545140922
2018-11-05 01:00:00,3.38,3.939396356269717
2018-11-05 01:15:00,2.92,3.9583379001915455
2018-11-05 01:30:00,2.95,3.94829958923161
2018-11-05 01:45:00,2.95,3.937067818418145
2018-11-05 02:00:00,2.92,3.9333678683266045
2018-11-05 02:15:00,2.99,3.9276644101366402
2018-11-05 02:30:00,2.95,3.921814997307956
2018-11-05 02:45:00,3.56,3.9159958981350065
2018-11-05 03:00:00,3.31,3.917313419431448
2018-11-05 03:15:00,2.92,3.9179589880257844
2018-11-05 03:30:00,2.95,3.89583900116384
2018-11-05 03:45:00,2.92,3.873538816459477
2018-11-05 04:00:00,3.02,3.85296707149595
2018-11-05 04:15:00,3.64,3.829965743161738
2018-11-05 04:30:00,3.35,3.8152838292345406
2018-11-05 04:45:00,2.92,3.80099094055593
2018-11-05 05:00:00,2.88,3.7635850121080874
2018-11-05 05:15:00,2.95,3.723805636689067
2018-11-05 05:30:00,2.88,3.6906497950479387
2018-11-05 05:45:00,2.92,3.6366471400856972
2018-11-05 06:00:00,2.88,3.592720968835056
2018-11-05 06:15:00,2.84,3.574044388718903
2018-11-05 06:30:00,2.92,3.5819674801453947
2018-11-05 06:45:00,3.5299999999999994,3.5875766291841864
2018-11-05 07:00:00,3.31,3.6517394110932946
2018-11-05 07:15:00,3.31,3.796123914718628
2018-11-05 07:30:00,4.32,4.110739804394544
2018-11-05 07:45:00,5.22,4.850611936263739
2018-11-05 08:00:00,5.22,5.8476673688367
2018-11-05 08:15:00,37.69,16.465833092480896
2018-11-05 08:30:00,94.86,65.76648751378059
2018-11-05 08:45:00,59.47,94.37052491903306
2018-11-05 09:00:00,78.62,74.82992926895618
2018-11-05 09:15:00,82.26,85.04091579377652
2018-11-05 09:30:00,73.48,77.71475638508798
2018-11-05 09:45:00,65.66,76.58072027862073
2018-11-05 10:00:00,83.22999999999999,69.07796024799347
2018-11-05 10:15:00,61.56000000000001,77.3485674238205
2018-11-05 10:30:00,63.0,64.77413069784642
2018-11-05 10:45:00,61.959999999999994,65.60531766533852
2018-11-05 11:00:00,64.3,63.60747260689735
2018-11-05 11:15:00,68.94,64.5558005219698
2018-11-05 11:30:00,66.1,68.28207184851169
2018-11-05 11:45:00,73.8,69.61003451526165
2018-11-05 12:00:00,55.94,71.04525812327861
2018-11-05 12:15:00,6.16,23.280466401576994
2018-11-05 12:30:00,6.62,8.387626689597964
2018-11-05 12:45:00,6.88,6.5562855602800845
2018-11-05 13:00:00,6.84,7.265691345408558
2018-11-05 13:15:00,48.31,46.723565745353696
2018-11-05 13:30:00,68.87,69.85237310647965
2018-11-05 13:45:00,69.26,68.33683402895927
2018-11-05 14:00:00,59.720000000000006,64.99742782235145
2018-11-05 14:15:00,52.74,59.43948416173458
2018-11-05 14:30:00,68.47,54.76889979541302
2018-11-05 14:45:00,45.67999999999999,62.51937852978706
2018-11-05 15:00:00,46.4,50.012821938097474
2018-11-05 15:15:00,64.15,49.35426113545895
2018-11-05 15:30:00,73.44,59.502725183963776
2018-11-05 15:45:00,53.14,65.98329976141453
2018-11-05 16:00:00,55.58,57.13036501348019
2018-11-05 16:15:00,59.26,57.026355492472646
2018-11-05 16:30:00,67.43,58.76118580102921
2018-11-05 16:45:00,54.65,64.34892217159272
2018-11-05 17:00:00,51.7,55.380633859038355
2018-11-05 17:15:00,43.99,51.98023208618164
2018-11-05 17:30:00,62.75,39.486384775340554
2018-11-05 17:45:00,31.539999999999996,51.641177214980125
2018-11-05 18:00:00,32.22,21.518394221067428
2018-11-05 18:15:00,40.50000000000001,38.0623188380897
2018-11-05 18:30:00,56.66,48.06920464158058
2018-11-05 18:45:00,44.39,55.243400571346285
2018-11-05 19:00:00,60.8,43.10335179567337
2018-11-05 19:15:00,58.1,59.02914953589439
2018-11-05 19:30:00,52.16,56.91167556464672
2018-11-05 19:45:00,64.26,56.43674366116524
2018-11-05 20:00:00,59.9,60.69450543642044
2018-11-05 20:15:00,51.00999999999999,60.662359488606455
2018-11-05 20:30:00,56.45,56.50461930453777
2018-11-05 20:45:00,55.33,53.385231856703754
2018-11-05 21:00:00,45.22,44.44382614314556
2018-11-05 21:15:00,42.59,23.717847544699907
2018-11-05 21:30:00,59.33,24.010877304673194
2018-11-05 21:45:00,74.88,49.24439546525478
2018-11-05 22:00:00,61.38,60.17667634189129
2018-11-05 22:15:00,73.87,52.64914444088936
2018-11-05 22:30:00,24.44,65.60237162709237
2018-11-05 22:45:00,4.39,22.1539705362916
2018-11-05 23:00:00,4.86,7.843519023731351
2018-11-05 23:15:00,3.8200000000000003,5.806015844494104
2018-11-05 23:30:00,3.78,4.907983336560427
2018-11-05 23:45:00,3.74,4.399394293390214
2018-11-06 00:00:00,3.49,4.314270179904997
2018-11-06 00:15:00,3.74,4.302037497088313
2018-11-06 00:30:00,3.71,4.232852752879262
2018-11-06 00:45:00,3.74,4.198410826325417
2018-11-06 01:00:00,3.64,4.171137517988682
2018-11-06 01:15:00,3.71,4.150711727663874
2018-11-06 01:30:00,3.71,4.1266673850268125
2018-11-06 01:45:00,3.67,4.102603956013918
2018-11-06 02:00:00,3.71,4.076988916918635
2018-11-06 02:15:00,4.75,4.053757990710437
2018-11-06 02:30:00,4.14,4.045590144582093
2018-11-06 02:45:00,3.67,4.037249398343265
2018-11-06 03:00:00,3.64,4.005137132368982
2018-11-06 03:15:00,3.71,3.9787412359565497
2018-11-06 03:30:00,3.38,3.9600343421846627
2018-11-06 03:45:00,3.13,3.934970001168549
2018-11-06 04:00:00,3.06,3.900634733773768
2018-11-06 04:15:00,3.1,3.8703570053353906
2018-11-06 04:30:00,3.06,3.8422837533056735
2018-11-06 04:45:00,3.1,3.8138158623874188
2018-11-06 05:00:00,3.1,3.772493297345936
2018-11-06 05:15:00,3.06,3.7217353262752293
2018-11-06 05:30:00,3.17,3.6671937618777157
2018-11-06 05:45:00,3.71,3.638467082157731
2018-11-06 06:00:00,3.31,3.6751612010598183
2018-11-06 06:15:00,3.02,3.6136895981431008
2018-11-06 06:30:00,3.38,3.6249477530643346
2018-11-06 06:45:00,3.5299999999999994,3.7039215626195072
2018-11-06 07:00:00,2.99,3.803572092205286
2018-11-06 07:15:00,3.02,3.977341194152832
2018-11-06 07:30:00,3.31,4.380948433876037
2018-11-06 07:45:00,4.39,5.076455407850444
2018-11-06 08:00:00,4.07,6.559064312055707
2018-11-06 08:15:00,35.03,16.17192423649132
2018-11-06 08:30:00,54.93999999999999,65.76715216875077
2018-11-06 08:45:00,60.37,65.61786527335644
2018-11-06 09:00:00,76.1,66.48357837200165
2018-11-06 09:15:00,70.96,73.36007174789906
2018-11-06 09:30:00,76.54,71.91898300886155
2018-11-06 09:45:00,76.0,75.18079523861408
2018-11-06 10:00:00,66.67,74.49391923606396
2018-11-06 10:15:00,63.32,68.98868990004063
2018-11-06 10:30:00,56.52,65.4625605559349
2018-11-06 10:45:00,60.23,60.36712693631649
2018-11-06 11:00:00,74.77,61.41491956949234
2018-11-06 11:15:00,85.74999999999999,70.49151071488858
2018-11-06 11:30:00,64.12,80.85673312008382
2018-11-06 11:45:00,60.62,75.01498178720475
2018-11-06 12:00:00,52.99000000000001,66.29900189042091
2018-11-06 12:15:00,6.05,22.377817797511817
2018-11-06 12:30:00,5.9,8.433071911819278
2018-11-06 12:45:00,5.76,6.421860776655375
2018-11-06 13:00:00,4.93,7.218100028634071
2018-11-06 13:15:00,44.39,40.5972702306509
2018-11-06 13:30:00,53.03,64.70426108956337
2018-11-06 13:45:00,60.34,55.14972014784813
2018-11-06 14:00:00,59.65,56.994146671891215
2018-11-06 14:15:00,51.19,56.581512699127195
2018-11-06 14:30:00,50.9,53.4221022439003
2018-11-06 14:45:00,49.900000000000006,52.49872583568096
2018-11-06 15:00:00,50.69,51.75620743393898
2018-11-06 15:15:00,50.62,52.36957618951797
2018-11-06 15:30:00,51.91,52.317966629266735
2018-11-06 15:45:00,49.97,52.93890706241131
2018-11-06 16:00:00,49.18,51.69333466649056
2018-11-06 16:15:00,58.64,50.66212248027325
2018-11-06 16:30:00,55.58,56.59967394709587
2018-11-06 16:45:00,55.84,54.886480852365494
2018-11-06 17:00:00,48.71,54.51916916310787
2018-11-06 17:15:00,42.52,48.029666652679445
2018-11-06 17:30:00,60.77,40.11572995021939
2018-11-06 17:45:00,31.03,51.09689664900303
2018-11-06 18:00:00,31.32,21.107954058796167
2018-11-06 18:15:00,43.92,36.12768785640597
2018-11-06 18:30:00,51.52,50.029433821439746
2018-11-06 18:45:00,52.81,49.0539538526535
2018-11-06 19:00:00,66.46,49.92863081157208
2018-11-06 19:15:00,48.349999999999994,61.07553237080574
2018-11-06 19:30:00,46.50999999999999,52.61477100074291
2018-11-06 19:45:00,73.62,51.973828045725824
2018-11-06 20:00:00,50.98,63.735436652302745
2018-11-06 20:15:00,49.25,57.613443431258204
2018-11-06 20:30:00,42.66,53.17662001430988
2018-11-06 20:45:00,30.349999999999998,41.42951705336571
2018-11-06 21:00:00,8.28,19.65833034157753
2018-11-06 21:15:00,7.599999999999999,5.3979188155382865
2018-11-06 21:30:00,4.21,4.161437148153782
2018-11-06 21:45:00,3.85,3.867023064568639
2018-11-06 22:00:00,3.85,3.6701729205995797
2018-11-06 22:15:00,3.67,3.64868053868413
2018-11-06 22:30:00,3.64,3.9204817578196525
2018-11-06 22:45:00,3.64,3.965266815982759
2018-11-06 23:00:00,3.5299999999999994,4.100613359287381
2018-11-06 23:15:00,3.5299999999999994,4.181481210961938
2018-11-06 23:30:00,3.6,4.18242935474962
2018-11-06 23:45:00,3.5299999999999994,4.148466833047569
2018-11-07 00:00:00,0.0,4.115106654912234
2018-11-07 00:15:00,3.5299999999999994,4.020367498919368
2018-11-07 00:30:00,3.56,4.008637798242271
2018-11-07 00:45:00,3.64,4.059247007854283
2018-11-07 01:00:00,3.74,4.047166454680264
2018-11-07 01:15:00,4.68,4.046370440535247
2018-11-07 01:30:00,3.85,4.0515198324620725
2018-11-07 01:45:00,2.95,4.05056832049042
2018-11-07 02:00:00,2.92,4.017739754058421
2018-11-07 02:15:00,2.95,3.9848870489746333
2018-11-07 02:30:00,2.95,3.968883684203029
2018-11-07 02:45:00,2.95,3.954235452115536
2018-11-07 03:00:00,2.92,3.940939545892179
2018-11-07 03:15:00,2.95,3.9274443554505707
2018-11-07 03:30:00,2.99,3.9130032666772605
2018-11-07 03:45:00,2.99,3.897411381714046
2018-11-07 04:00:00,2.95,3.879240590557456
2018-11-07 04:15:00,2.95,3.858294415809214
2018-11-07 04:30:00,3.02,3.8338436456397176
2018-11-07 04:45:00,3.42,3.808176399692893
2018-11-07 05:00:00,3.56,3.787318359091878
2018-11-07 05:15:00,3.06,3.769773488789797
2018-11-07 05:30:00,3.6,3.722173190191388
2018-11-07 05:45:00,3.1,3.7065094506368044
2018-11-07 06:00:00,2.95,3.6398553353175522
2018-11-07 06:15:00,2.95,3.604258683025837
2018-11-07 06:30:00,2.88,3.613549257144332
2018-11-07 06:45:00,2.88,3.634294463582337
2018-11-07 07:00:00,2.88,3.6895062965899705
2018-11-07 07:15:00,2.84,3.854683161228895
2018-11-07 07:30:00,3.24,4.247191112041474
2018-11-07 07:45:00,4.82,5.036597441472113
2018-11-07 08:00:00,5.72,7.435124471858144
2018-11-07 08:15:00,29.92,22.472124703228474
2018-11-07 08:30:00,54.93999999999999,60.43620614409447
2018-11-07 08:45:00,64.4,68.28428137719631
2018-11-07 09:00:00,62.099999999999994,69.54118883490563
2018-11-07 09:15:00,54.79,66.12680236220359
2018-11-07 09:30:00,51.41,60.23812099933624
2018-11-07 09:45:00,44.35,55.56895576119423
2018-11-07 10:00:00,48.02,48.53544213950634
2018-11-07 10:15:00,64.12,49.386568756103514
2018-11-07 10:30:00,52.52,60.10489360511303
2018-11-07 10:45:00,70.52,54.201742523908614
2018-11-07 11:00:00,55.26,67.27855960726738
2018-11-07 11:15:00,49.0,58.62954818964005
2018-11-07 11:30:00,43.27,55.22696383357048
2018-11-07 11:45:00,50.54,47.49356852829456
2018-11-07 12:00:00,47.63,46.55999774992466
2018-11-07 12:15:00,4.18,25.560949249714614
2018-11-07 12:30:00,4.28,8.134339255020022
2018-11-07 12:45:00,4.57,6.699477165415883
2018-11-07 13:00:00,4.75,7.219798154719173
2018-11-07 13:15:00,30.64,31.433187138438225
2018-11-07 13:30:00,58.28,48.952935279011726
2018-11-07 13:45:00,47.95,58.08985733568668
2018-11-07 14:00:00,66.49,46.549138724803925
2018-11-07 14:15:00,52.06,61.06173628926277
2018-11-07 14:30:00,61.2,52.9283983284235
2018-11-07 14:45:00,51.05,60.01401551067829
2018-11-07 15:00:00,43.06,53.37685181498527
2018-11-07 15:15:00,42.55,47.54719450801611
2018-11-07 15:30:00,64.58,45.880289242863654
2018-11-07 15:45:00,56.92000000000001,60.284655829072
2018-11-07 16:00:00,55.90999999999999,57.425642474889756
2018-11-07 16:15:00,46.22,57.05630089342594
2018-11-07 16:30:00,50.76,49.293454187512395
2018-11-07 16:45:00,68.4,51.08928006231785
2018-11-07 17:00:00,62.06,61.84853508293629
2018-11-07 17:15:00,53.75,58.16828662216663
2018-11-07 17:30:00,60.19,52.620896604657176
2018-11-07 17:45:00,32.0,50.62730893075466
2018-11-07 18:00:00,32.29,23.095970756411553
2018-11-07 18:15:00,41.15,36.45572427511215
2018-11-07 18:30:00,52.63,47.21495235025883
2018-11-07 18:45:00,52.49,50.680086128115654
2018-11-07 19:00:00,65.66,48.12130820214748
2018-11-07 19:15:00,61.85,60.80269150555134
2018-11-07 19:30:00,45.94,59.5394608438015
2018-11-07 19:45:00,59.33,53.90734528124332
2018-11-07 20:00:00,55.66,58.58426183342934
2018-11-07 20:15:00,63.29,56.54940267860889
2018-11-07 20:30:00,50.69,58.7196269017458
2018-11-07 20:45:00,33.08,49.49635358989239
2018-11-07 21:00:00,10.510000000000002,26.309016173183917
2018-11-07 21:15:00,5.26,6.3495649531856175
2018-11-07 21:30:00,4.1,4.362151160500944
2018-11-07 21:45:00,4.0,4.087923726178706
2018-11-07 22:00:00,5.0,3.8462003898993133
2018-11-07 22:15:00,4.5,3.853495315015316
2018-11-07 22:30:00,3.74,4.06452270668
2018-11-07 22:45:00,3.74,4.03982381362468
2018-11-07 23:00:00,3.64,4.163730320073665
2018-11-07 23:15:00,3.56,4.251917796880007
2018-11-07 23:30:00,3.6,4.230846437960863
2018-11-07 23:45:00,3.56,4.191019907966256
2018-11-08 00:00:00,3.5299999999999994,4.153290072493255
2018-11-08 00:15:00,3.64,4.131938592940569
2018-11-08 00:30:00,3.64,4.13153721768409
2018-11-08 00:45:00,3.67,4.118502907082439
2018-11-08 01:00:00,3.67,4.099010103717446
2018-11-08 01:15:00,3.6,4.079764861874282
2018-11-08 01:30:00,3.74,4.064934747852385
2018-11-08 01:45:00,3.6,4.053313951790333
2018-11-08 02:00:00,3.64,4.040958330258727
2018-11-08 02:15:00,3.35,4.025305256620049
2018-11-08 02:30:00,3.17,4.007388763353228
2018-11-08 02:45:00,3.74,3.9842403576523067
2018-11-08 03:00:00,3.38,3.9702977601066234
2018-11-08 03:15:00,3.06,3.9573454086482527
2018-11-08 03:30:00,3.06,3.9286322016641497
2018-11-08 03:45:00,3.06,3.8998415264487267
2018-11-08 04:00:00,3.13,3.8742208737134933
2018-11-08 04:15:00,3.17,3.8482179320976138
2018-11-08 04:30:00,3.13,3.821580087803304
2018-11-08 04:45:00,3.06,3.7921051098778844
2018-11-08 05:00:00,3.06,3.758465933836997
2018-11-08 05:15:00,3.1,3.723283568173647
2018-11-08 05:30:00,3.13,3.6881399366259577
2018-11-08 05:45:00,3.13,3.654262742251158
2018-11-08 06:00:00,3.67,3.6226141629368067
2018-11-08 06:15:00,3.4599999999999995,3.6062234570086003
2018-11-08 06:30:00,3.02,3.600967967286706
2018-11-08 06:45:00,3.02,3.594197917506099
2018-11-08 07:00:00,2.99,3.6272240840643644
2018-11-08 07:15:00,2.95,3.7598019801452756
2018-11-08 07:30:00,3.2,4.099154935628176
2018-11-08 07:45:00,4.68,4.862161439098418
2018-11-08 08:00:00,5.0,7.056548452675342
2018-11-08 08:15:00,22.279999999999998,21.63460554987192
2018-11-08 08:30:00,46.84,51.954544069766996
2018-11-08 08:45:00,63.04,63.77293576717377
2018-11-08 09:00:00,66.85,66.64512545704842
2018-11-08 09:15:00,54.65,68.0978097307682
2018-11-08 09:30:00,56.34,60.13229714989662
2018-11-08 09:45:00,55.98,58.4432741433382
2018-11-08 10:00:00,66.1,56.598793728351595
2018-11-08 10:15:00,53.24,62.03914735019207
2018-11-08 10:30:00,67.07,55.6178258651495
2018-11-08 10:45:00,62.93,63.85875709474087
2018-11-08 11:00:00,52.85000000000001,62.37196883559227
2018-11-08 11:15:00,52.13,57.021864580512045
2018-11-08 11:30:00,53.6,55.171096888780596
2018-11-08 11:45:00,58.25,54.799276323914526
2018-11-08 12:00:00,48.489999999999995,54.15572863996029
2018-11-08 12:15:00,7.31,30.311536967158318
2018-11-08 12:30:00,7.63,8.48893043614924
2018-11-08 12:45:00,7.88,7.135351607576012
2018-11-08 13:00:00,7.919999999999998,7.483786309771239
2018-11-08 13:15:00,45.18,33.90573730930686
2018-11-08 13:30:00,59.8,59.478474259376526
2018-11-08 13:45:00,59.0,57.66606793761253
2018-11-08 14:00:00,62.53000000000001,55.2495082116127
2018-11-08 14:15:00,60.26,58.502661963105204
2018-11-08 14:30:00,54.61,59.10284540116787
2018-11-08 14:45:00,52.13,56.99445205390453
2018-11-08 15:00:00,59.76,55.110280959010126
2018-11-08 15:15:00,43.92,58.770877189040185
2018-11-08 15:30:00,48.6,49.46088436722756
2018-11-08 15:45:00,63.68,51.900967490077015
2018-11-08 16:00:00,54.04,60.03783530771732
2018-11-08 16:15:00,56.47999999999999,56.09871271789074
2018-11-08 16:30:00,109.08,56.549708060622216
2018-11-08 16:45:00,70.06,82.03351372659208
2018-11-08 17:00:00,62.96000000000001,71.57316482424736
2018-11-08 17:15:00,64.84,69.51439605414868
2018-11-08 17:30:00,71.57,54.09421212792397
2018-11-08 17:45:00,32.36,53.32714640140534
2018-11-08 18:00:00,32.26,20.941538825184107
2018-11-08 18:15:00,52.02,38.9291164919734
2018-11-08 18:30:00,46.93999999999999,62.79763543486595
2018-11-08 18:45:00,73.94,46.12406492590904
2018-11-08 19:00:00,74.3,68.83616954803466
2018-11-08 19:15:00,80.17,68.3789048922062
2018-11-08 19:30:00,85.43,75.03786747455597
2018-11-08 19:45:00,94.21,77.1599850487709
2018-11-08 20:00:00,83.2,81.83935363888742
2018-11-08 20:15:00,70.7,81.24252042114736
2018-11-08 20:30:00,91.19,74.10377575039864
2018-11-08 20:45:00,80.13999999999999,73.47028770923615
2018-11-08 21:00:00,28.66,58.51640415370464
2018-11-08 21:15:00,19.760000000000005,20.79842019736767
2018-11-08 21:30:00,4.1,11.319239003807306
2018-11-08 21:45:00,4.1,5.085387270376086
2018-11-08 22:00:00,4.07,4.396752514429391
2018-11-08 22:15:00,3.92,3.8913918755948544
2018-11-08 22:30:00,3.78,4.083723600767553
2018-11-08 22:45:00,3.9599999999999995,4.089327697530389
2018-11-08 23:00:00,4.9,4.328197059258819
2018-11-08 23:15:00,4.25,4.362093901373446
2018-11-08 23:30:00,3.56,4.341778138391674
2018-11-08 23:45:00,3.5299999999999994,4.271700825430453
2018-11-09 00:00:00,4.9,4.2110235525667665
2018-11-09 00:15:00,3.56,4.193199122995138
2018-11-09 00:30:00,3.64,4.180830590091646
2018-11-09 00:45:00,3.6,4.147104963995516
2018-11-09 01:00:00,3.38,4.115829130373895
2018-11-09 01:15:00,2.88,4.084136764667928
2018-11-09 01:30:00,2.84,4.049242940098047
2018-11-09 01:45:00,2.88,4.0182966271415355
2018-11-09 02:00:00,2.88,3.996929429396987
2018-11-09 02:15:00,2.95,3.979409820474684
2018-11-09 02:30:00,2.92,3.964213697127998
2018-11-09 02:45:00,2.88,3.9483826711028813
2018-11-09 03:00:00,2.92,3.929036945104599
2018-11-09 03:15:00,2.88,3.9074665335938334
2018-11-09 03:30:00,2.99,3.883427243232727
2018-11-09 03:45:00,3.28,3.856652426123619
2018-11-09 04:00:00,3.5299999999999994,3.832123064994812
2018-11-09 04:15:00,3.17,3.810384244285524
2018-11-09 04:30:00,3.49,3.7785296443849803
2018-11-09 04:45:00,3.24,3.743282160498202
2018-11-09 05:00:00,2.88,3.707172982878983
2018-11-09 05:15:00,2.88,3.6587974406033754
2018-11-09 05:30:00,2.88,3.6096079205349088
2018-11-09 05:45:00,2.84,3.565731710679829
2018-11-09 06:00:00,2.84,3.5251316211000083
2018-11-09 06:15:00,2.95,3.490054230503738
2018-11-09 06:30:00,2.84,3.46547939889133
2018-11-09 06:45:00,2.88,3.4545311168953776
2018-11-09 07:00:00,2.84,3.4695464810356498
2018-11-09 07:15:00,2.84,3.5455349568650125
2018-11-09 07:30:00,3.42,3.773081606812775
2018-11-09 07:45:00,5.72,4.4148183305189015
2018-11-09 08:00:00,6.05,5.690997975543141
2018-11-09 08:15:00,35.96,19.957072541564703
2018-11-09 08:30:00,90.18,65.55360930502415
2018-11-09 08:45:00,80.53,92.71943215489388
2018-11-09 09:00:00,108.50000000000001,89.61369707942009
2018-11-09 09:15:00,102.89000000000001,97.67888994216919
2018-11-09 09:30:00,108.46999999999998,95.2708629488945
2018-11-09 09:45:00,83.63,97.99152028739454
2018-11-09 10:00:00,76.57,88.66433625459672
2018-11-09 10:15:00,59.4,81.77330130577089
2018-11-09 10:30:00,56.81,64.04866877973079
2018-11-09 10:45:00,55.98,62.91306983590126
2018-11-09 11:00:00,61.6,61.9718914526701
2018-11-09 11:15:00,68.08,63.37857082426548
2018-11-09 11:30:00,64.19,68.15210485637188
2018-11-09 11:45:00,56.95,69.53338362991809
2018-11-09 12:00:00,51.440000000000005,59.86833930850029
2018-11-09 12:15:00,5.1499999999999995,10.521161846108734
2018-11-09 12:30:00,4.82,8.009610911682248
2018-11-09 12:45:00,4.97,6.721413024887442
2018-11-09 13:00:00,4.72,7.391557012200355
2018-11-09 13:15:00,37.26,42.57977433383465
2018-11-09 13:30:00,68.62,59.4002695184946
2018-11-09 13:45:00,53.35,65.03586104691028
2018-11-09 14:00:00,53.28,52.954409690499304
2018-11-09 14:15:00,54.97,54.31126688480377
2018-11-09 14:30:00,70.38,54.66592318415642
2018-11-09 14:45:00,60.12,63.449176942110064
2018-11-09 15:00:00,65.63,60.37443814098835
2018-11-09 15:15:00,51.59000000000001,63.35984372138977
2018-11-09 15:30:00,53.78,55.58648828148842
2018-11-09 15:45:00,55.87,56.021397177577015
2018-11-09 16:00:00,57.38,57.68542376816273
2018-11-09 16:15:00,59.720000000000006,58.15547854125499
2018-11-09 16:30:00,66.28,59.185648835897446
2018-11-09 16:45:00,59.720000000000006,62.58815235555172
2018-11-09 17:00:00,64.04,58.826321988105775
2018-11-09 17:15:00,69.48,59.73731246113777
2018-11-09 17:30:00,56.92000000000001,57.70414188921451
2018-11-09 17:45:00,28.8,43.788889506459235
2018-11-09 18:00:00,29.12,21.738044725060462
2018-11-09 18:15:00,53.5,35.69294512405992
2018-11-09 18:30:00,58.79,63.64222328364849
2018-11-09 18:45:00,53.71,58.085231696367266
2018-11-09 19:00:00,63.0,56.5485134780407
2018-11-09 19:15:00,53.14,60.9789328545332
2018-11-09 19:30:00,55.510000000000005,57.081782327890394
2018-11-09 19:45:00,63.76,58.15220017552376
2018-11-09 20:00:00,52.45,60.686924777030946
2018-11-09 20:15:00,66.49,57.45918958723545
2018-11-09 20:30:00,51.73,59.89052441358566
2018-11-09 20:45:00,42.48,50.06819937348366
2018-11-09 21:00:00,29.27,35.88513819232583
2018-11-09 21:15:00,16.6,15.213684878721832
2018-11-09 21:30:00,6.55,6.377803246229886
2018-11-09 21:45:00,6.44,4.948058550804853
2018-11-09 22:00:00,5.9,4.5549752018973235
2018-11-09 22:15:00,4.93,4.278148652277887
2018-11-09 22:30:00,4.93,4.371934612207115
2018-11-09 22:45:00,4.97,4.3931721348688
2018-11-09 23:00:00,4.82,4.437549081407488
2018-11-09 23:15:00,4.82,4.408303701356053
2018-11-09 23:30:00,4.82,4.364091795831919
2018-11-09 23:45:00,4.82,4.311686782799661
2018-11-10 00:00:00,2.7,4.261638937182725
2018-11-10 00:15:00,4.82,4.1760747143253685
2018-11-10 00:30:00,4.86,4.094436671249569
2018-11-10 00:45:00,4.9,4.023348341733217
2018-11-10 01:00:00,4.86,3.980882839597762
2018-11-10 01:15:00,4.9,3.960922420024872
2018-11-10 01:30:00,4.97,3.9483686370030044
2018-11-10 01:45:00,4.9,3.9358631312847137
2018-11-10 02:00:00,6.01,3.921873940527439
2018-11-10 02:15:00,5.54,3.9202515985816717
2018-11-10 02:30:00,4.0,3.915520422831178
2018-11-10 02:45:00,3.8200000000000003,3.879695856757462
2018-11-10 03:00:00,3.74,3.834324734583497
2018-11-10 03:15:00,3.74,3.799205241687596
2018-11-10 03:30:00,3.78,3.7709630190953614
2018-11-10 03:45:00,3.74,3.7479268861934543
2018-11-10 04:00:00,3.78,3.7256446651369335
2018-11-10 04:15:00,3.78,3.7037503466010095
2018-11-10 04:30:00,3.78,3.6837152656167746
2018-11-10 04:45:00,3.74,3.664882626309991
2018-11-10 05:00:00,3.74,3.646526023671031
2018-11-10 05:15:00,3.78,3.6298961766809223
2018-11-10 05:30:00,3.78,3.620369268320501
2018-11-10 05:45:00,3.74,3.61991568621248
2018-11-10 06:00:00,5.51,3.632151737213135
2018-11-10 06:15:00,5.69,3.6995502211898565
2018-11-10 06:30:00,4.07,3.826219761222601
2018-11-10 06:45:00,3.74,3.9602268900349737
2018-11-10 07:00:00,3.71,4.158854312412441
2018-11-10 07:15:00,3.71,4.381904436759651
2018-11-10 07:30:00,3.78,4.646933922022582
2018-11-10 07:45:00,3.8200000000000003,4.9032448630779975
2018-11-10 08:00:00,4.14,5.067036281377077
2018-11-10 08:15:00,26.17,6.062226862758398
2018-11-10 08:30:00,42.15999999999999,38.845965011566875
2018-11-10 08:45:00,55.510000000000005,43.23230384171009
2018-11-10 09:00:00,57.78,50.93696629226208
2018-11-10 09:15:00,45.14,50.40552075266838
2018-11-10 09:30:00,56.09000000000001,46.162570005059244
2018-11-10 09:45:00,50.72,51.74330953478813
2018-11-10 10:00:00,50.58,49.311480708122254
2018-11-10 10:15:00,58.61,50.215034230947495
2018-11-10 10:30:00,44.86,54.628576760292056
2018-11-10 10:45:00,58.54,47.25325084745884
2018-11-10 11:00:00,44.5,55.16277073800564
2018-11-10 11:15:00,56.52,45.65440535306931
2018-11-10 11:30:00,53.14,51.531006162762644
2018-11-10 11:45:00,62.21,46.41761787712574
2018-11-10 12:00:00,30.1,44.18950579881668
2018-11-10 12:15:00,4.07,8.877538029924034
2018-11-10 12:30:00,4.57,6.842156245224177
2018-11-10 12:45:00,5.080000000000001,6.032032216191292
2018-11-10 13:00:00,5.080000000000001,6.482826590612531
2018-11-10 13:15:00,28.66,32.32456355348229
2018-11-10 13:30:00,49.97,45.89986961901188
2018-11-10 13:45:00,60.77,49.813861065506934
2018-11-10 14:00:00,63.43,52.26200986623764
2018-11-10 14:15:00,61.269999999999996,54.63009468853473
2018-11-10 14:30:00,52.52,55.55138731360435
2018-11-10 14:45:00,50.36,53.327829020023344
2018-11-10 15:00:00,47.84,52.14746466577053
2018-11-10 15:15:00,67.68,50.65980516970158
2018-11-10 15:30:00,46.36999999999999,60.408443326354025
2018-11-10 15:45:00,55.15,52.79040158569813
2018-11-10 16:00:00,51.26,54.65266601204872
2018-11-10 16:15:00,37.15,49.74797938704491
2018-11-10 16:30:00,48.82,35.68790182992816
2018-11-10 16:45:00,30.6,39.26131598606705
2018-11-10 17:00:00,5.870000000000001,14.922944361120463
2018-11-10 17:15:00,5.0,6.526313775219022
2018-11-10 17:30:00,3.67,4.9945215259492395
2018-11-10 17:45:00,3.71,4.973646083064377
2018-11-10 18:00:00,4.5,4.778595110699534
2018-11-10 18:15:00,4.61,4.471670469120145
2018-11-10 18:30:00,3.64,4.271959614232182
2018-11-10 18:45:00,3.67,4.090845064409077
2018-11-10 19:00:00,3.74,4.035624810941518
2018-11-10 19:15:00,3.8200000000000003,4.0291578977182505
2018-11-10 19:30:00,3.71,4.067639399580657
2018-11-10 19:45:00,3.67,4.129305234439671
2018-11-10 20:00:00,3.71,4.142960413619876
2018-11-10 20:15:00,3.74,4.11332993786782
2018-11-10 20:30:00,3.71,4.07754579000175
2018-11-10 20:45:00,3.71,4.02187644533813
2018-11-10 21:00:00,3.67,3.9549264911934734
2018-11-10 21:15:00,3.74,3.8973013543710113
2018-11-10 21:30:00,3.67,3.8612898540869356
2018-11-10 21:45:00,3.71,3.8418380302935837
2018-11-10 22:00:00,3.78,3.8289704447984696
2018-11-10 22:15:00,4.21,3.8194266955181955
2018-11-10 22:30:00,4.43,3.84031561113894
2018-11-10 22:45:00,3.4599999999999995,3.8723273929581046
2018-11-10 23:00:00,3.42,3.8712001740559936
2018-11-10 23:15:00,3.49,3.8618270794302227
2018-11-10 23:30:00,3.35,3.853846728876233
2018-11-10 23:45:00,2.74,3.8426155194267633
2018-11-11 00:00:00,2.7,3.819450834169984
2018-11-11 00:15:00,2.7,3.7836650022119285
2018-11-11 00:30:00,2.81,3.7555676115304233
2018-11-11 00:45:00,2.77,3.745380539111793
2018-11-11 01:00:00,2.77,3.746260757856071
2018-11-11 01:15:00,2.77,3.749750757813454
2018-11-11 01:30:00,2.81,3.753855451345444
2018-11-11 01:45:00,2.77,3.7572359853237867
2018-11-11 02:00:00,2.84,3.7585097202286124
2018-11-11 02:15:00,2.81,3.7575548400729897
2018-11-11 02:30:00,4.21,3.7555614365264773
2018-11-11 02:45:00,4.28,3.768595747128129
2018-11-11 03:00:00,2.84,3.7895379923284054
2018-11-11 03:15:00,2.92,3.770611605234444
2018-11-11 03:30:00,2.81,3.734553511738777
2018-11-11 03:45:00,2.88,3.7124166839569805
2018-11-11 04:00:00,2.88,3.688875884823501
2018-11-11 04:15:00,2.84,3.6683198580518366
2018-11-11 04:30:00,2.84,3.6462857598811387
2018-11-11 04:45:00,2.84,3.62387217964977
2018-11-11 05:00:00,2.81,3.6030438913404943
2018-11-11 05:15:00,2.84,3.583072805851698
2018-11-11 05:30:00,2.84,3.566535022556782
2018-11-11 05:45:00,2.95,3.556414752453566
2018-11-11 06:00:00,3.49,3.558788760788739
2018-11-11 06:15:00,3.38,3.5993922185525298
2018-11-11 06:30:00,2.99,3.674310734607279
2018-11-11 06:45:00,3.4599999999999995,3.756782403215766
2018-11-11 07:00:00,3.13,3.9897703543677925
2018-11-11 07:15:00,2.84,4.161448375433683
2018-11-11 07:30:00,2.81,4.367553727589548
2018-11-11 07:45:00,2.77,4.609417966231704
2018-11-11 08:00:00,2.81,4.744934041462838
2018-11-11 08:15:00,2.81,4.761031715385616
2018-11-11 08:30:00,2.84,4.661959390714765
2018-11-11 08:45:00,2.95,4.467649418823421
2018-11-11 09:00:00,2.92,4.081009967215359
2018-11-11 09:15:00,2.95,3.629098478443921
2018-11-11 09:30:00,3.5299999999999994,3.3251097705587744
2018-11-11 09:45:00,3.6,3.142084337696433
2018-11-11 10:00:00,3.2,2.9949149072915318
2018-11-11 10:15:00,2.99,2.8732044567912816
2018-11-11 10:30:00,2.99,2.838707516565919
2018-11-11 10:45:00,2.95,2.873818589001894
2018-11-11 11:00:00,2.95,2.9187164813280106
2018-11-11 11:15:00,2.95,2.963791764676571
2018-11-11 11:30:00,3.02,3.001738848015666
2018-11-11 11:45:00,2.95,3.0409063366800546
2018-11-11 12:00:00,3.35,3.055169473066926
2018-11-11 12:15:00,3.64,3.1206177785247564
2018-11-11 12:30:00,3.02,3.176154641285539
2018-11-11 12:45:00,2.99,3.1092052485048773
2018-11-11 13:00:00,3.02,3.0970764180272816
2018-11-11 13:15:00,3.42,3.1066117468476295
2018-11-11 13:30:00,3.56,3.161671450212598
2018-11-11 13:45:00,3.28,3.1897811909019946
2018-11-11 14:00:00,2.88,3.1605779131501914
2018-11-11 14:15:00,2.84,3.1088369937241076
2018-11-11 14:30:00,2.95,3.098717846348882
2018-11-11 14:45:00,2.88,3.1149603521823885
2018-11-11 15:00:00,2.92,3.113671460449696
2018-11-11 15:15:00,2.88,3.1250435722619296
2018-11-11 15:30:00,2.92,3.1380863033235076
2018-11-11 15:45:00,2.95,3.1572153428196907
2018-11-11 16:00:00,2.99,3.1646635203063487
2018-11-11 16:15:00,2.95,3.180404166728258
2018-11-11 16:30:00,3.4599999999999995,3.1961762495338917
2018-11-11 16:45:00,4.03,3.2777620857581495
2018-11-11 17:00:00,3.85,3.388653367981315
2018-11-11 17:15:00,3.49,3.433959371931851
2018-11-11 17:30:00,2.95,3.4503961097076536
2018-11-11 17:45:00,2.92,3.4479766308888795
2018-11-11 18:00:00,2.88,3.4902091669663786
2018-11-11 18:15:00,2.84,3.5439743649587037
2018-11-11 18:30:00,2.88,3.598505824804306
2018-11-11 18:45:00,3.02,3.6610283011198046
2018-11-11 19:00:00,2.92,3.734604595862329
2018-11-11 19:15:00,2.95,3.7893903535977005
2018-11-11 19:30:00,2.95,3.8454857735335826
2018-11-11 19:45:00,2.99,3.8979154865816237
2018-11-11 20:00:00,2.95,3.940218193158507
2018-11-11 20:15:00,2.99,3.9082855636626483
2018-11-11 20:30:00,3.2,3.87706755053252
2018-11-11 20:45:00,3.56,3.851651795655489
2018-11-11 21:00:00,3.49,3.834950655438006
2018-11-11 21:15:00,2.95,3.820123348236084
2018-11-11 21:30:00,2.99,3.7965814263746145
2018-11-11 21:45:00,2.95,3.7728379748389127
2018-11-11 22:00:00,2.92,3.7587252840027214
2018-11-11 22:15:00,3.35,3.7492769666016104
2018-11-11 22:30:00,3.24,3.7657047225534916
2018-11-11 22:45:00,2.74,3.792170228101313
2018-11-11 23:00:00,2.74,3.788026800453663
2018-11-11 23:15:00,2.63,3.7803232023492455
2018-11-11 23:30:00,2.66,3.7766075340658425
2018-11-11 23:45:00,2.66,3.7717034582048656
2018-11-12 00:00:00,4.82,3.7689353723451497
2018-11-12 00:15:00,3.24,3.818572299517691
2018-11-12 00:30:00,3.42,3.85673550799489
2018-11-12 00:45:00,2.88,3.904949377439916
2018-11-12 01:00:00,2.77,3.9340914665162563
2018-11-12 01:15:00,2.77,3.9317775241285564
2018-11-12 01:30:00,2.77,3.9267707186564804
2018-11-12 01:45:00,2.84,3.9243147511780263
2018-11-12 02:00:00,2.84,3.9236950053274633
2018-11-12 02:15:00,2.77,3.9228995525464416
2018-11-12 02:30:00,2.81,3.9189874068647623
2018-11-12 02:45:00,2.77,3.912143257036805
2018-11-12 03:00:00,2.81,3.9037053948268294
2018-11-12 03:15:00,3.38,3.8925999309122563
2018-11-12 03:30:00,3.49,3.887262482047081
2018-11-12 03:45:00,3.38,3.8855660400539636
2018-11-12 04:00:00,3.31,3.8704906099662186
2018-11-12 04:15:00,2.74,3.848053452447057
2018-11-12 04:30:00,2.74,3.815018865428865
2018-11-12 04:45:00,2.74,3.7738141868263484
2018-11-12 05:00:00,2.74,3.7390865259990096
2018-11-12 05:15:00,2.7,3.703524116910994
2018-11-12 05:30:00,2.66,3.648921363838017
2018-11-12 05:45:00,2.66,3.593597258031368
2018-11-12 06:00:00,2.7,3.5562878841906786
2018-11-12 06:15:00,2.74,3.544045096822083
2018-11-12 06:30:00,2.59,3.5605059732496738
2018-11-12 06:45:00,2.59,3.5645421803742647
2018-11-12 07:00:00,2.63,3.5975475764647125
2018-11-12 07:15:00,3.5299999999999994,3.7091927705332637
2018-11-12 07:30:00,5.72,4.029222454577685
2018-11-12 07:45:00,5.080000000000001,4.810550194755196
2018-11-12 08:00:00,5.0,5.8288605522736905
2018-11-12 08:15:00,15.05,15.48626190289855
2018-11-12 08:30:00,50.58,39.9826597379148
2018-11-12 08:45:00,61.16,71.45750587761403
2018-11-12 09:00:00,55.01,65.4654347395897
2018-11-12 09:15:00,62.14,62.13414810180664
2018-11-12 09:30:00,62.5,62.820736685991285
2018-11-12 09:45:00,67.07,62.37931596755981
2018-11-12 10:00:00,57.88999999999999,64.71657517015935
2018-11-12 10:15:00,51.98,60.07023274660111
2018-11-12 10:30:00,70.02,55.27917517602444
2018-11-12 10:45:00,60.08,66.03994812488556
2018-11-12 11:00:00,57.71,61.473481061458585
2018-11-12 11:15:00,52.06,60.70284955084324
2018-11-12 11:30:00,57.17,56.30615692317486
2018-11-12 11:45:00,78.19,58.67191545307636
2018-11-12 12:00:00,59.9,68.59651652216911
2018-11-12 12:15:00,4.93,41.646800846755504
2018-11-12 12:30:00,5.0,8.864940460510551
2018-11-12 12:45:00,4.97,6.638042051158845
2018-11-12 13:00:00,5.870000000000001,6.821192106828093
2018-11-12 13:15:00,43.81,41.3563151884079
2018-11-12 13:30:00,78.72999999999999,67.82740293979644
2018-11-12 13:45:00,69.05,74.69070201635361
2018-11-12 14:00:00,70.06,65.66993290662765
2018-11-12 14:15:00,55.07999999999999,67.42882552146912
2018-11-12 14:30:00,59.28999999999999,55.76501101374626
2018-11-12 14:45:00,73.4,59.41209858059883
2018-11-12 15:00:00,68.18,66.08439018964768
2018-11-12 15:15:00,75.34999999999998,65.89264621257782
2018-11-12 15:30:00,61.959999999999994,70.4586911302805
2018-11-12 15:45:00,82.04,64.27753463506698
2018-11-12 16:00:00,115.13,75.086423214674
2018-11-12 16:15:00,105.70000000000002,87.90679126143456
2018-11-12 16:30:00,104.4,93.72219890475274
2018-11-12 16:45:00,107.5,95.53668900966645
2018-11-12 17:00:00,96.26,96.31544907093048
2018-11-12 17:15:00,86.83,93.76511405944825
2018-11-12 17:30:00,108.97,82.1098143208027
2018-11-12 17:45:00,33.05,76.27699092090131
2018-11-12 18:00:00,32.26,29.63666068136692
2018-11-12 18:15:00,90.86,52.700709092020986
2018-11-12 18:30:00,96.34,102.03116745054723
2018-11-12 18:45:00,108.61,92.5935878199339
2018-11-12 19:00:00,109.37,100.00706852078439
2018-11-12 19:15:00,108.50000000000001,100.36721271455289
2018-11-12 19:30:00,90.25000000000001,101.68750490367414
2018-11-12 19:45:00,108.0,99.90849300324918
2018-11-12 20:00:00,123.73,99.28412151336671
2018-11-12 20:15:00,86.83,99.61369157850743
2018-11-12 20:30:00,111.35,97.35629875421525
2018-11-12 20:45:00,100.19,92.27009844958783
2018-11-12 21:00:00,23.620000000000005,71.93067734360694
2018-11-12 21:15:00,6.84,14.432476147711277
2018-11-12 21:30:00,5.359999999999999,5.273242117688059
2018-11-12 21:45:00,5.33,5.226420992314815
2018-11-12 22:00:00,5.4,4.289797516539693
2018-11-12 22:15:00,5.1499999999999995,3.8313051576539876
2018-11-12 22:30:00,4.97,4.1172662222012875
2018-11-12 22:45:00,5.0,4.211907139495016
2018-11-12 23:00:00,5.04,4.285454243309796
2018-11-12 23:15:00,4.9,4.275740400739014
2018-11-12 23:30:00,5.44,4.241916535943747
2018-11-12 23:45:00,6.01,4.201698173880577
2018-11-13 00:00:00,31.5,4.17340037625283
2018-11-13 00:15:00,4.79,4.784633703194558
2018-11-13 00:30:00,4.79,4.587727984189987
2018-11-13 00:45:00,4.86,4.2298129668459294
2018-11-13 01:00:00,4.79,4.145390558354556
2018-11-13 01:15:00,4.82,4.081744792684913
2018-11-13 01:30:00,4.36,4.036406229622662
2018-11-13 01:45:00,3.67,4.013993772119283
2018-11-13 02:00:00,3.78,3.9985102304071187
2018-11-13 02:15:00,3.67,3.986043458804488
2018-11-13 02:30:00,3.67,3.981974131204188
2018-11-13 02:45:00,3.67,3.9740768625214695
2018-11-13 03:00:00,3.74,3.965999395996332
2018-11-13 03:15:00,3.74,3.9565914968028664
2018-11-13 03:30:00,4.36,3.9444273003935812
2018-11-13 03:45:00,4.82,3.934952598884702
2018-11-13 04:00:00,4.75,3.9286518494039773
2018-11-13 04:15:00,4.79,3.9145930495113137
2018-11-13 04:30:00,3.9599999999999995,3.8922894966229795
2018-11-13 04:45:00,3.67,3.85792672239244
2018-11-13 05:00:00,3.71,3.8147398675233126
2018-11-13 05:15:00,3.67,3.780447263792157
2018-11-13 05:30:00,3.67,3.7327369378507136
2018-11-13 05:45:00,3.71,3.693442019559443
2018-11-13 06:00:00,3.74,3.667294807396829
2018-11-13 06:15:00,3.67,3.666680675186217
2018-11-13 06:30:00,3.6,3.686559696979821
2018-11-13 06:45:00,3.64,3.7210420417413115
2018-11-13 07:00:00,3.64,3.8087209227681162
2018-11-13 07:15:00,3.6,4.016305469051003
2018-11-13 07:30:00,4.54,4.448395756520331
2018-11-13 07:45:00,6.91,5.206489763669669
2018-11-13 08:00:00,7.269999999999999,8.310540747158228
2018-11-13 08:15:00,62.17,22.61358618453145
2018-11-13 08:30:00,103.1,90.11102965176106
2018-11-13 08:45:00,105.70000000000002,96.7036794281006
2018-11-13 09:00:00,130.46,103.4796931397915
2018-11-13 09:15:00,92.16,106.48958317220212
2018-11-13 09:30:00,72.14,102.38576087713243
2018-11-13 09:45:00,115.34,87.46861298143864
2018-11-13 10:00:00,106.42,99.13984647572042
2018-11-13 10:15:00,87.55,97.47165231883527
2018-11-13 10:30:00,102.42,92.48579695105553
2018-11-13 10:45:00,103.99999999999999,96.19326932013036
2018-11-13 11:00:00,83.38,97.15279756963254
2018-11-13 11:15:00,107.75,94.08189400732518
2018-11-13 11:30:00,84.17,97.77717804133893
2018-11-13 11:45:00,100.15,98.30789605319501
2018-11-13 12:00:00,95.94,100.8723594737053
2018-11-13 12:15:00,36.72,63.00811549663543
2018-11-13 12:30:00,31.14,11.347980840355158
2018-11-13 12:45:00,32.69,8.932802631147206
2018-11-13 13:00:00,31.43,11.438838725686074
2018-11-13 13:15:00,44.1,68.69971767902375
2018-11-13 13:30:00,82.26,74.2347397249937
2018-11-13 13:45:00,78.84,86.29207488417626
2018-11-13 14:00:00,100.32999999999998,80.57756905078888
2018-11-13 14:15:00,66.38,90.9798863887787
2018-11-13 14:30:00,85.79000000000002,76.32693884372712
2018-11-13 14:45:00,112.03,87.28430595457554
2018-11-13 15:00:00,70.31,92.77049382388593
2018-11-13 15:15:00,88.88,84.39954171121121
2018-11-13 15:30:00,77.29,88.95344320297242
2018-11-13 15:45:00,107.89,80.26623208820821
2018-11-13 16:00:00,60.08,92.62456613063813
2018-11-13 16:15:00,56.95,73.3545838534832
2018-11-13 16:30:00,53.06,66.69465123414993
2018-11-13 16:45:00,92.7,56.79990574777126
2018-11-13 17:00:00,114.91,81.17987219929697
2018-11-13 17:15:00,92.56,89.58509895205499
2018-11-13 17:30:00,90.79,89.92849204421044
2018-11-13 17:45:00,39.38000000000001,82.29699553132058
2018-11-13 18:00:00,35.35,32.33469954177737
2018-11-13 18:15:00,71.17,47.67680671811104
2018-11-13 18:30:00,107.17,86.15397035956383
2018-11-13 18:45:00,76.36,91.01092757225038
2018-11-13 19:00:00,93.92000000000002,84.89139537096024
2018-11-13 19:15:00,74.45,89.62558901429178
2018-11-13 19:30:00,104.26,80.93843179047109
2018-11-13 19:45:00,62.64,89.4447669351101
2018-11-13 20:00:00,90.14,78.10755849063398
2018-11-13 20:15:00,70.38,84.69171146154405
2018-11-13 20:30:00,100.73,73.52779832780361
2018-11-13 20:45:00,68.98,80.08216757059098
2018-11-13 21:00:00,49.60999999999999,57.523768901228905
2018-11-13 21:15:00,32.15,41.060642526745795
2018-11-13 21:30:00,31.14,15.981674610376357
2018-11-13 21:45:00,32.26,32.18041650682688
2018-11-13 22:00:00,32.11,29.171721056997775
2018-11-13 22:15:00,32.22,27.11200021356344
2018-11-13 22:30:00,32.54,29.7072780264914
2018-11-13 22:45:00,33.48,23.185151286125183
2018-11-13 23:00:00,33.34,32.1895106035471
2018-11-13 23:15:00,31.749999999999996,32.592846143096686
2018-11-13 23:30:00,31.5,33.813534395843746
2018-11-13 23:45:00,32.26,33.51882952570915
2018-11-14 00:00:00,4.75,34.12366330310702
2018-11-14 00:15:00,31.64,16.57167490556836
2018-11-14 00:30:00,32.47,33.66553190127015
2018-11-14 00:45:00,29.299999999999997,32.3751851131022
2018-11-14 01:00:00,26.93,31.337613795548677
2018-11-14 01:15:00,32.29,27.483124687075616
2018-11-14 01:30:00,3.8200000000000003,32.20547579556703
2018-11-14 01:45:00,3.74,6.073851588368416
2018-11-14 02:00:00,3.71,5.412850536443293
2018-11-14 02:15:00,3.6,4.763695948906243
2018-11-14 02:30:00,3.67,4.2461183454468845
2018-11-14 02:45:00,3.64,4.025446158982813
2018-11-14 03:00:00,3.67,4.026668809764088
2018-11-14 03:15:00,3.67,4.0894657930731775
2018-11-14 03:30:00,3.64,4.105244050882757
2018-11-14 03:45:00,3.13,4.113429860658944
2018-11-14 04:00:00,3.02,4.03624118860811
2018-11-14 04:15:00,3.35,3.9975963298231365
2018-11-14 04:30:00,3.67,3.986773231998086
2018-11-14 04:45:00,3.06,3.9583328479155897
2018-11-14 05:00:00,3.02,3.8419340235367416
2018-11-14 05:15:00,3.02,3.803618685416877
2018-11-14 05:30:00,3.02,3.748314788714051
2018-11-14 05:45:00,3.02,3.694471561126411
2018-11-14 06:00:00,3.35,3.647933363206685
2018-11-14 06:15:00,3.64,3.6612820376455786
2018-11-14 06:30:00,3.13,3.6997977827116846
2018-11-14 06:45:00,2.95,3.699152214117348
2018-11-14 07:00:00,2.92,3.779214508458972
2018-11-14 07:15:00,2.99,3.9434785952419045
2018-11-14 07:30:00,3.13,4.315889153666794
2018-11-14 07:45:00,4.61,4.963138471804559
2018-11-14 08:00:00,4.79,6.310013491548597
2018-11-14 08:15:00,51.23,18.511625372469425
2018-11-14 08:30:00,103.03,82.7297487896681
2018-11-14 08:45:00,123.77,98.15208835363389
2018-11-14 09:00:00,95.18,107.64824743986131
2018-11-14 09:15:00,97.78,104.41629977464677
2018-11-14 09:30:00,82.04,101.64635018646717
2018-11-14 09:45:00,71.89,86.88423755347729
2018-11-14 10:00:00,76.43,79.02956966161729
2018-11-14 10:15:00,78.41,77.657874494195
2018-11-14 10:30:00,58.97,78.72995397925378
2018-11-14 10:45:00,58.1,64.70062345087528
2018-11-14 11:00:00,75.2,65.32067468345166
2018-11-14 11:15:00,71.93,73.14447204649449
2018-11-14 11:30:00,59.47,73.98370672821999
2018-11-14 11:45:00,60.48,70.02849769175053
2018-11-14 12:00:00,52.02,62.672285100221636
2018-11-14 12:15:00,6.19,16.146513533890246
2018-11-14 12:30:00,6.91,8.194793666377663
2018-11-14 12:45:00,7.129999999999999,6.590372143425047
2018-11-14 13:00:00,7.059999999999999,7.504512991197407
2018-11-14 13:15:00,42.95,41.90398190200329
2018-11-14 13:30:00,62.17,61.735983847379686
2018-11-14 13:45:00,68.72,60.956828585863114
2018-11-14 14:00:00,81.65,62.73909190654754
2018-11-14 14:15:00,116.59999999999998,72.63612775802612
2018-11-14 14:30:00,120.64,88.37592988848687
2018-11-14 14:45:00,87.26,97.14224392652513
2018-11-14 15:00:00,107.06,93.83410344898701
2018-11-14 15:15:00,61.78,97.03380636632443
2018-11-14 15:30:00,68.58,74.38867920517922
2018-11-14 15:45:00,69.95,77.14221001923084
2018-11-14 16:00:00,74.63,73.5915423321724
2018-11-14 16:15:00,69.41,77.41466466605664
2018-11-14 16:30:00,65.27,74.2966244918108
2018-11-14 16:45:00,120.85,71.48179272949696
2018-11-14 17:00:00,97.45,89.11997520029546
2018-11-14 17:15:00,119.59,89.9689282155037
2018-11-14 17:30:00,108.97,92.9014218711853
2018-11-14 17:45:00,68.15,78.815191488266
2018-11-14 18:00:00,30.64,64.67424383401871
2018-11-14 18:15:00,19.01,26.268420574516057
2018-11-14 18:30:00,5.18,24.032770500481128
2018-11-14 18:45:00,5.18,5.178795993700623
2018-11-14 19:00:00,5.18,3.9301069048792123
2018-11-14 19:15:00,5.1499999999999995,3.500711164586246
2018-11-14 19:30:00,5.11,3.5833697674050926
2018-11-14 19:45:00,5.080000000000001,3.8152484633028507
2018-11-14 20:00:00,5.080000000000001,4.039036781303585
2018-11-14 20:15:00,5.1499999999999995,4.187463667057455
2018-11-14 20:30:00,5.11,4.26260953553021
2018-11-14 20:45:00,5.1499999999999995,4.234586244896055
2018-11-14 21:00:00,5.080000000000001,4.1916463901847605
2018-11-14 21:15:00,5.080000000000001,4.147219482250511
2018-11-14 21:30:00,5.11,4.10851624161005
2018-11-14 21:45:00,4.97,4.079568384476006
2018-11-14 22:00:00,5.65,4.057518568113446
2018-11-14 22:15:00,5.83,4.0483571077138185
2018-11-14 22:30:00,4.93,4.074554281271994
2018-11-14 22:45:00,4.82,4.096375061124563
2018-11-14 23:00:00,4.79,4.087473512254656
2018-11-14 23:15:00,4.75,4.09157090805471
2018-11-14 23:30:00,4.64,4.096643954478204
2018-11-14 23:45:00,4.72,4.092696442864836
2018-11-15 00:00:00,3.92,4.086675814017654
2018-11-15 00:15:00,4.75,4.088348117358983
2018-11-15 00:30:00,3.67,4.104846043810248
2018-11-15 00:45:00,3.64,4.10646108802408
2018-11-15 01:00:00,3.6,4.086177884154022
2018-11-15 01:15:00,3.56,4.069833771437406
2018-11-15 01:30:00,3.56,4.052878333330154
2018-11-15 01:45:00,3.5299999999999994,4.037450366653502
2018-11-15 02:00:00,3.56,4.025353533923626
2018-11-15 02:15:00,3.6,4.012691969014704
2018-11-15 02:30:00,3.56,4.000361047498882
2018-11-15 02:45:00,4.75,3.9870033912360667
2018-11-15 03:00:00,4.39,3.9827392703294753
2018-11-15 03:15:00,3.56,3.9773013373091817
2018-11-15 03:30:00,4.07,3.949252785295248
2018-11-15 03:45:00,4.43,3.920155043974519
2018-11-15 04:00:00,3.6,3.9017905822396277
2018-11-15 04:15:00,3.6,3.872090497352183
2018-11-15 04:30:00,3.6,3.8322460037097335
2018-11-15 04:45:00,3.6,3.7986264754086734
2018-11-15 05:00:00,3.56,3.764799242429435
2018-11-15 05:15:00,3.5299999999999994,3.7289073126763106
2018-11-15 05:30:00,3.6,3.692202527858317
2018-11-15 05:45:00,3.5299999999999994,3.65666762560606
2018-11-15 06:00:00,3.56,3.623959191069007
2018-11-15 06:15:00,3.92,3.5943966403603556
2018-11-15 06:30:00,4.54,3.579834296964109
2018-11-15 06:45:00,3.6,3.5967914191633463
2018-11-15 07:00:00,3.49,3.6367453787848354
2018-11-15 07:15:00,4.18,3.7538397331535815
2018-11-15 07:30:00,4.9,4.135293304175138
2018-11-15 07:45:00,5.359999999999999,4.986381186656653
2018-11-15 08:00:00,5.76,7.406174369268119
2018-11-15 08:15:00,52.13,23.350630164593458
2018-11-15 08:30:00,115.31,82.1487864547968
2018-11-15 08:45:00,119.12,101.06877399921419
2018-11-15 09:00:00,87.3,108.74976036190988
2018-11-15 09:15:00,107.24,103.93453270316125
2018-11-15 09:30:00,123.48,102.61253396749497
2018-11-15 09:45:00,113.15,103.04212562382222
2018-11-15 10:00:00,117.43,104.14766240298749
2018-11-15 10:15:00,108.50000000000001,104.96232281446457
2018-11-15 10:30:00,88.42,104.32839466392994
2018-11-15 10:45:00,99.76,97.4411680084467
2018-11-15 11:00:00,112.82,100.59131820321083
2018-11-15 11:15:00,123.98,103.29804473280907
2018-11-15 11:30:00,115.56,109.72586007654668
2018-11-15 11:45:00,121.64,114.16059971034528
2018-11-15 12:00:00,97.23999999999998,114.74872055888177
2018-11-15 12:15:00,4.46,36.44759796991944
2018-11-15 12:30:00,4.54,11.68694252513349
2018-11-15 12:45:00,4.43,6.79598293390125
2018-11-15 13:00:00,4.54,8.738839582204818
2018-11-15 13:15:00,54.0,78.71020294845106
2018-11-15 13:30:00,85.97,100.98649151027203
2018-11-15 13:45:00,125.71,94.76051571369172
2018-11-15 14:00:00,111.74,102.72168109178544
2018-11-15 14:15:00,54.86,106.38840292572976
2018-11-15 14:30:00,58.1,84.02369728922845
2018-11-15 14:45:00,49.54,68.60318103551865
2018-11-15 15:00:00,49.43,53.17105128347874
2018-11-15 15:15:00,50.29,54.84349384307861
2018-11-15 15:30:00,61.67,54.46522432863712
2018-11-15 15:45:00,45.47,62.646893483996394
2018-11-15 16:00:00,48.64000000000001,51.5036654907465
2018-11-15 16:15:00,51.59000000000001,52.47921731412411
2018-11-15 16:30:00,55.87,53.19175438761711
2018-11-15 16:45:00,49.54,55.070931588411334
2018-11-15 17:00:00,49.21,50.781059792637826
2018-11-15 17:15:00,56.47999999999999,48.95924051940441
2018-11-15 17:30:00,50.69,51.05452040374279
2018-11-15 17:45:00,33.52,43.04396397590637
2018-11-15 18:00:00,30.13,27.19319141089916
2018-11-15 18:15:00,38.45,33.91647283434868
2018-11-15 18:30:00,57.46,46.68129279106855
2018-11-15 18:45:00,55.370000000000005,56.31212085425854
2018-11-15 19:00:00,56.59,53.62229811728
2018-11-15 19:15:00,58.75,57.614144013524054
2018-11-15 19:30:00,58.14,58.65357456862927
2018-11-15 19:45:00,55.04,59.7382555526495
2018-11-15 20:00:00,51.26,58.55329250454903
2018-11-15 20:15:00,55.370000000000005,55.9273934084177
2018-11-15 20:30:00,46.04,54.75730426073074
2018-11-15 20:45:00,42.7,44.314281296730044
2018-11-15 21:00:00,28.37,34.38377916932106
2018-11-15 21:15:00,19.66,12.490922425240278
2018-11-15 21:30:00,4.07,7.61453247513622
2018-11-15 21:45:00,4.03,4.59480285461992
2018-11-15 22:00:00,4.07,4.175766525492072
2018-11-15 22:15:00,3.89,3.9452850645780564
2018-11-15 22:30:00,3.85,4.1264198235049845
2018-11-15 22:45:00,3.74,4.1332903574407105
2018-11-15 23:00:00,3.78,4.30510984223336
2018-11-15 23:15:00,3.67,4.336718003340065
2018-11-15 23:30:00,3.78,4.305273199155927
2018-11-15 23:45:00,3.67,4.257860957495868
2018-11-16 00:00:00,4.25,4.2137534656748175
2018-11-16 00:15:00,4.79,4.191581833325326
2018-11-16 00:30:00,4.0,4.187858305945992
2018-11-16 00:45:00,3.78,4.168752843737602
2018-11-16 01:00:00,3.71,4.134030235186219
2018-11-16 01:15:00,3.67,4.1023019421845675
2018-11-16 01:30:00,3.74,4.078690411187709
2018-11-16 01:45:00,3.8200000000000003,4.060169890262187
2018-11-16 02:00:00,3.74,4.045943242534995
2018-11-16 02:15:00,3.74,4.031629022024572
2018-11-16 02:30:00,3.67,4.014533242918551
2018-11-16 02:45:00,3.1,3.99549626711756
2018-11-16 03:00:00,3.1,3.9635613921657207
2018-11-16 03:15:00,3.1,3.927305137179792
2018-11-16 03:30:00,3.17,3.897442256733775
2018-11-16 03:45:00,3.1,3.8687161383777857
2018-11-16 04:00:00,3.13,3.8389324102550746
2018-11-16 04:15:00,3.67,3.8082022224366665
2018-11-16 04:30:00,3.5299999999999994,3.785736996717751
2018-11-16 04:45:00,3.2,3.7629585298895836
2018-11-16 05:00:00,3.1,3.7232190113142134
2018-11-16 05:15:00,3.1,3.6778804482519627
2018-11-16 05:30:00,3.24,3.6368598970398307
2018-11-16 05:45:00,3.8200000000000003,3.59976608697325
2018-11-16 06:00:00,3.2,3.577477129548788
2018-11-16 06:15:00,3.1,3.5514012106135486
2018-11-16 06:30:00,3.02,3.516950302235782
2018-11-16 06:45:00,3.06,3.5047827376425267
2018-11-16 07:00:00,3.13,3.521514752879739
2018-11-16 07:15:00,3.1,3.606698932312429
2018-11-16 07:30:00,3.35,3.8520818004757165
2018-11-16 07:45:00,4.46,4.485414905175567
2018-11-16 08:00:00,5.8,5.699194451235234
2018-11-16 08:15:00,28.94,19.888974598050115
2018-11-16 08:30:00,50.65,57.72559048473835
2018-11-16 08:45:00,58.72,65.54137606084346
2018-11-16 09:00:00,60.16,64.79813013136386
2018-11-16 09:15:00,65.3,62.44341924488545
2018-11-16 09:30:00,69.23,63.80490207850933
2018-11-16 09:45:00,71.32,65.51401742517947
2018-11-16 10:00:00,65.23,67.4737615865469
2018-11-16 10:15:00,67.68,65.22190156579018
2018-11-16 10:30:00,64.51,65.9151726269722
2018-11-16 10:45:00,63.18,64.35536213934421
2018-11-16 11:00:00,60.52,63.740969455838204
2018-11-16 11:15:00,58.39,61.99808245122433
2018-11-16 11:30:00,58.25,60.7362529540062
2018-11-16 11:45:00,62.099999999999994,59.903880385756494
2018-11-16 12:00:00,68.26,57.290636679530145
2018-11-16 12:15:00,9.29,35.074151346832515
2018-11-16 12:30:00,5.47,8.777255965843796
2018-11-16 12:45:00,6.23,7.296314312703907
2018-11-16 13:00:00,5.83,7.11327821392566
2018-11-16 13:15:00,32.08,40.82133979201317
2018-11-16 13:30:00,73.22,59.729650965332986
2018-11-16 13:45:00,72.18,71.16760852873325
2018-11-16 14:00:00,59.14999999999999,65.4646353572607
2018-11-16 14:15:00,51.37,60.804829179644585
2018-11-16 14:30:00,59.26,54.724906821846965
2018-11-16 14:45:00,96.19,59.08748648226261
2018-11-16 15:00:00,98.86,75.15486471295357
2018-11-16 15:15:00,101.77,83.07589031994344
2018-11-16 15:30:00,105.84,89.07299127936363
2018-11-16 15:45:00,55.21999999999999,93.45795364499092
2018-11-16 16:00:00,54.93999999999999,73.09851205348969
2018-11-16 16:15:00,60.16,63.954907519817354
2018-11-16 16:30:00,58.79,65.03611253798007
2018-11-16 16:45:00,56.34,63.32407809853554
2018-11-16 17:00:00,57.24,59.903116930723186
2018-11-16 17:15:00,64.8,57.06558809936047
2018-11-16 17:30:00,59.62,55.3924719029665
2018-11-16 17:45:00,36.29,42.79893532842398
2018-11-16 18:00:00,32.08,28.685045418739318
2018-11-16 18:15:00,40.209999999999994,39.55920940369368
2018-11-16 18:30:00,47.56,50.609264446496965
2018-11-16 18:45:00,49.07,50.87378814280033
2018-11-16 19:00:00,53.64,50.26786531925201
2018-11-16 19:15:00,50.4,53.344930412769315
2018-11-16 19:30:00,59.04,51.888940827846525
2018-11-16 19:45:00,95.18,56.51325981914997
2018-11-16 20:00:00,94.71999999999998,70.91704258680343
2018-11-16 20:15:00,122.80000000000001,77.39203046977521
2018-11-16 20:30:00,80.35,85.28221249341965
2018-11-16 20:45:00,119.34,81.41538460433483
2018-11-16 21:00:00,23.0,83.2209198307991
2018-11-16 21:15:00,4.61,21.765535842627287
2018-11-16 21:30:00,4.36,5.444136474616825
2018-11-16 21:45:00,4.36,4.761423547454178
2018-11-16 22:00:00,4.36,4.527118636369705
2018-11-16 22:15:00,4.18,4.030000505074859
2018-11-16 22:30:00,4.07,4.152719726674259
2018-11-16 22:45:00,4.07,4.268434248343111
2018-11-16 23:00:00,4.03,4.405721426978707
2018-11-16 23:15:00,3.92,4.372305112443865
2018-11-16 23:30:00,3.89,4.319854628928006
2018-11-16 23:45:00,3.92,4.263493683822453
2018-11-17 00:00:00,3.24,4.216528287902475
2018-11-17 00:15:00,5.0,4.151970305740833
2018-11-17 00:30:00,4.03,4.091434496603906
2018-11-17 00:45:00,3.9599999999999995,4.01123803626746
2018-11-17 01:00:00,4.0,3.9528488830476998
2018-11-17 01:15:00,3.9599999999999995,3.9255317883193492
2018-11-17 01:30:00,3.9599999999999995,3.9064448511227967
2018-11-17 01:45:00,3.89,3.888433487340808
2018-11-17 02:00:00,4.0,3.8717817471548917
2018-11-17 02:15:00,3.49,3.8587014047056436
2018-11-17 02:30:00,3.31,3.8369171135127544
2018-11-17 02:45:00,3.35,3.8052449569106104
2018-11-17 03:00:00,3.42,3.7793761812895537
2018-11-17 03:15:00,3.35,3.7578001561388374
2018-11-17 03:30:00,3.38,3.7355252328142523
2018-11-17 03:45:00,3.56,3.7120955837517977
2018-11-17 04:00:00,3.85,3.6913784455135463
2018-11-17 04:15:00,3.2,3.677604818530381
2018-11-17 04:30:00,3.24,3.6517220088094473
2018-11-17 04:45:00,3.6,3.61275043617934
2018-11-17 05:00:00,3.64,3.5919642501696947
2018-11-17 05:15:00,3.17,3.5774226772412656
2018-11-17 05:30:00,3.17,3.552566602267325
2018-11-17 05:45:00,3.13,3.528028259314597
2018-11-17 06:00:00,3.28,3.5226700399816036
2018-11-17 06:15:00,3.2,3.5363566555455326
2018-11-17 06:30:00,3.13,3.5826366260275244
2018-11-17 06:45:00,3.13,3.6800647155568003
2018-11-17 07:00:00,3.17,3.865209858864546
2018-11-17 07:15:00,3.2,4.156218147091567
2018-11-17 07:30:00,3.31,4.445855023078621
2018-11-17 07:45:00,4.57,4.745748580619693
2018-11-17 08:00:00,4.9,5.175556923449039
2018-11-17 08:15:00,45.65,6.898562099449336
2018-11-17 08:30:00,82.62,63.84595799565315
2018-11-17 08:45:00,102.71,76.76050944805147
2018-11-17 09:00:00,105.59,89.69060843765736
2018-11-17 09:15:00,115.45,93.21477974414826
2018-11-17 09:30:00,104.04,97.43914709806442
2018-11-17 09:45:00,123.62,98.79707312941552
2018-11-17 10:00:00,105.01,101.49464718043805
2018-11-17 10:15:00,113.00000000000001,101.52387403547765
2018-11-17 10:30:00,117.72,102.04592458724976
2018-11-17 10:45:00,100.87,102.65587126791478
2018-11-17 11:00:00,106.48999999999998,102.55899331510068
2018-11-17 11:15:00,92.81,102.18696616828443
2018-11-17 11:30:00,93.82,100.94169915437699
2018-11-17 11:45:00,127.98,99.11763442516327
2018-11-17 12:00:00,78.72999999999999,96.43294030964375
2018-11-17 12:15:00,4.0,21.534792786091565
2018-11-17 12:30:00,4.14,9.395488379076122
2018-11-17 12:45:00,4.5,5.924602865725755
2018-11-17 13:00:00,4.79,6.379016915187239
2018-11-17 13:15:00,46.33,54.801216397881504
2018-11-17 13:30:00,107.1,89.52707636952401
2018-11-17 13:45:00,75.02,95.88810287058354
2018-11-17 14:00:00,121.43000000000002,80.52050752341748
2018-11-17 14:15:00,103.0,95.07864293515684
2018-11-17 14:30:00,105.08,93.2466472554207
2018-11-17 14:45:00,100.01,96.57911051213742
2018-11-17 15:00:00,133.42,96.49793278753758
2018-11-17 15:15:00,101.19999999999999,100.69398045063019
2018-11-17 15:30:00,95.18,102.79953554153442
2018-11-17 15:45:00,132.3,101.58286665499212
2018-11-17 16:00:00,81.5,102.11700674176217
2018-11-17 16:15:00,110.34,97.66946800887585
2018-11-17 16:30:00,128.16,101.45098653435709
2018-11-17 16:45:00,74.74,100.38834694623948
2018-11-17 17:00:00,23.11,75.97846203923226
2018-11-17 17:15:00,4.54,18.293825124204158
2018-11-17 17:30:00,4.9,6.539744970165192
2018-11-17 17:45:00,5.0,5.440027290172875
2018-11-17 18:00:00,4.03,5.754221034124493
2018-11-17 18:15:00,4.03,4.638878348693252
2018-11-17 18:30:00,4.03,4.046965486370027
2018-11-17 18:45:00,4.14,3.9664574690163135
2018-11-17 19:00:00,4.14,4.091671392209828
2018-11-17 19:15:00,4.14,4.166286210343242
2018-11-17 19:30:00,4.14,4.206111617609858
2018-11-17 19:45:00,4.1,4.2464691979438065
2018-11-17 20:00:00,4.18,4.233892398998141
2018-11-17 20:15:00,4.07,4.178552574999631
2018-11-17 20:30:00,4.07,4.129094722941518
2018-11-17 20:45:00,4.07,4.071410081535578
2018-11-17 21:00:00,4.1,4.003322803936899
2018-11-17 21:15:00,4.36,3.936453124843538
2018-11-17 21:30:00,5.26,3.8897903041169046
2018-11-17 21:45:00,4.28,3.877023764140904
2018-11-17 22:00:00,4.03,3.86691921222955
2018-11-17 22:15:00,3.85,3.841925603076816
2018-11-17 22:30:00,3.78,3.8516950206831098
2018-11-17 22:45:00,3.89,3.8725491317361596
2018-11-17 23:00:00,3.78,3.8750488856062293
2018-11-17 23:15:00,3.8200000000000003,3.880233082100749
2018-11-17 23:30:00,3.35,3.880270693488419
2018-11-17 23:45:00,3.13,3.8657089114561676
2018-11-18 00:00:00,3.13,3.842045734971762
2018-11-18 00:15:00,3.13,3.8142677604034545
2018-11-18 00:30:00,3.2,3.789365653581917
2018-11-18 00:45:00,3.2,3.7783803215622904
2018-11-18 01:00:00,3.2,3.7783309215307237
2018-11-18 01:15:00,3.74,3.7801261635869743
2018-11-18 01:30:00,3.56,3.792744503468275
2018-11-18 01:45:00,3.2,3.80524158872664
2018-11-18 02:00:00,3.31,3.7987235913798214
2018-11-18 02:15:00,3.24,3.79095431368798
2018-11-18 02:30:00,3.35,3.785637073926628
2018-11-18 02:45:00,3.8200000000000003,3.7769291956350206
2018-11-18 03:00:00,3.42,3.776316186152399
2018-11-18 03:15:00,3.35,3.771393585279584
2018-11-18 03:30:00,3.28,3.7526923051476477
2018-11-18 03:45:00,3.31,3.735828369371593
2018-11-18 04:00:00,3.28,3.7170052732527257
2018-11-18 04:15:00,3.24,3.6973502356931567
2018-11-18 04:30:00,3.24,3.675165130607784
2018-11-18 04:45:00,3.67,3.653241059780121
2018-11-18 05:00:00,3.8200000000000003,3.64345648534596
2018-11-18 05:15:00,3.31,3.6441435948759318
2018-11-18 05:30:00,3.28,3.6292494853585957
2018-11-18 05:45:00,3.42,3.6125213996693493
2018-11-18 06:00:00,3.8200000000000003,3.6213078689202667
2018-11-18 06:15:00,3.35,3.665308140218258
2018-11-18 06:30:00,3.24,3.7161665954440832
2018-11-18 06:45:00,3.24,3.8191869930922984
2018-11-18 07:00:00,3.17,3.9821543290466073
2018-11-18 07:15:00,3.17,4.177598256208003
2018-11-18 07:30:00,3.17,4.411195848658681
2018-11-18 07:45:00,4.07,4.633245622366667
2018-11-18 08:00:00,5.0,4.940436350479722
2018-11-18 08:15:00,44.21,5.235595925450324
2018-11-18 08:30:00,86.22,61.01662058770656
2018-11-18 08:45:00,69.16,79.68904211938381
2018-11-18 09:00:00,70.6,73.31384230017662
2018-11-18 09:15:00,34.74,72.71932639300823
2018-11-18 09:30:00,36.4,44.8410113787651
2018-11-18 09:45:00,38.2,38.27303242728114
2018-11-18 10:00:00,32.76,36.6881738781929
2018-11-18 10:15:00,32.58,31.652300978451965
2018-11-18 10:30:00,31.72,32.40275033071637
2018-11-18 10:45:00,31.57,30.814642606824638
2018-11-18 11:00:00,32.54,29.608906845450402
2018-11-18 11:15:00,37.51,28.83854703500867
2018-11-18 11:30:00,37.22,30.917318326979874
2018-11-18 11:45:00,36.0,27.922237076759338
2018-11-18 12:00:00,34.52,17.1155400621891
2018-11-18 12:15:00,3.8200000000000003,7.855591156445443
2018-11-18 12:30:00,3.71,6.609137419052422
2018-11-18 12:45:00,4.18,5.984714283682406
2018-11-18 13:00:00,4.25,6.5445586664229625
2018-11-18 13:15:00,16.45,23.44121859520674
2018-11-18 13:30:00,36.29,32.64081581920385
2018-11-18 13:45:00,35.5,40.19599826514721
2018-11-18 14:00:00,35.1,35.57129979178309
2018-11-18 14:15:00,35.89,34.009513302892444
2018-11-18 14:30:00,34.34,34.28106078550219
2018-11-18 14:45:00,36.36,33.56983954921365
2018-11-18 15:00:00,34.34,34.84344421759248
2018-11-18 15:15:00,37.01,33.578080372661354
2018-11-18 15:30:00,33.52,34.91690206453204
2018-11-18 15:45:00,37.12,32.52455284491181
2018-11-18 16:00:00,34.49,33.59484045609832
2018-11-18 16:15:00,38.41,30.9034885635972
2018-11-18 16:30:00,34.02,31.79628186136484
2018-11-18 16:45:00,36.94,26.05112779930234
2018-11-18 17:00:00,7.16,26.11659855931997
2018-11-18 17:15:00,4.03,5.764734259024262
2018-11-18 17:30:00,3.9599999999999995,4.313867120556534
2018-11-18 17:45:00,3.85,4.112161739394069
2018-11-18 18:00:00,3.85,4.080146028026938
2018-11-18 18:15:00,3.74,3.924329346641898
2018-11-18 18:30:00,3.78,3.8496707421168685
2018-11-18 18:45:00,3.89,3.8756899632886053
2018-11-18 19:00:00,3.8200000000000003,3.93374566629529
2018-11-18 19:15:00,3.78,3.9785161289945243
2018-11-18 19:30:00,3.78,4.0272829419747
2018-11-18 19:45:00,3.8200000000000003,4.085023158416152
2018-11-18 20:00:00,3.89,4.1297285028919575
2018-11-18 20:15:00,3.74,4.093915164098144
2018-11-18 20:30:00,3.78,4.047619475424289
2018-11-18 20:45:00,4.39,3.9884421671554446
2018-11-18 21:00:00,3.8200000000000003,3.9369589138031005
2018-11-18 21:15:00,3.24,3.8913553869351745
2018-11-18 21:30:00,3.13,3.8436343950778245
2018-11-18 21:45:00,3.1,3.811570967771113
2018-11-18 22:00:00,3.1,3.796853687912226
2018-11-18 22:15:00,2.95,3.789094514772296
2018-11-18 22:30:00,2.99,3.7990839870646598
2018-11-18 22:45:00,2.92,3.8160517751798033
2018-11-18 23:00:00,2.92,3.816192116178572
2018-11-18 23:15:00,2.88,3.817676362581551
2018-11-18 23:30:00,2.88,3.815726745426655
2018-11-18 23:45:00,2.92,3.8101849600672724
2018-11-19 00:00:00,4.14,3.8048312316462396
2018-11-19 00:15:00,3.42,3.8294700587540866
2018-11-19 00:30:00,3.31,3.8518325548619035
2018-11-19 00:45:00,3.49,3.9131436076760293
2018-11-19 01:00:00,2.95,3.9466845450177788
2018-11-19 01:15:00,2.92,3.9516234254464506
2018-11-19 01:30:00,2.88,3.9400632566958667
2018-11-19 01:45:00,2.92,3.9357351402938368
2018-11-19 02:00:00,2.95,3.9313329238444568
2018-11-19 02:15:00,2.95,3.926805523224175
2018-11-19 02:30:00,2.92,3.9224959318339825
2018-11-19 02:45:00,3.31,3.916631362177432
2018-11-19 03:00:00,3.4599999999999995,3.9139665672928095
2018-11-19 03:15:00,2.95,3.915804473012686
2018-11-19 03:30:00,2.92,3.901673818528652
2018-11-19 03:45:00,2.95,3.8748731786757706
2018-11-19 04:00:00,2.92,3.855166495628655
2018-11-19 04:15:00,2.92,3.8317132692784073
2018-11-19 04:30:00,3.13,3.8047021179273726
2018-11-19 04:45:00,3.64,3.7804551228880885
2018-11-19 05:00:00,3.13,3.765274156369269
2018-11-19 05:15:00,2.92,3.7411214704811573
2018-11-19 05:30:00,2.88,3.6985863592103123
2018-11-19 05:45:00,2.92,3.6525146547704934
2018-11-19 06:00:00,3.38,3.6110887987539173
2018-11-19 06:15:00,3.42,3.614391303136945
2018-11-19 06:30:00,2.77,3.612920529469848
2018-11-19 06:45:00,2.77,3.6081012195721267
2018-11-19 07:00:00,2.81,3.638968380205333
2018-11-19 07:15:00,3.2,3.76464711278677
2018-11-19 07:30:00,3.64,4.080979653559625
2018-11-19 07:45:00,4.07,4.770985260382294
2018-11-19 08:00:00,5.76,5.711145329326391
2018-11-19 08:15:00,16.99,17.25341555029154
2018-11-19 08:30:00,57.02,41.92575384318828
2018-11-19 08:45:00,58.54,76.71789967536927
2018-11-19 09:00:00,58.86,63.881975109577176
2018-11-19 09:15:00,62.75,64.8664279204607
2018-11-19 09:30:00,68.83,63.063712986707685
2018-11-19 09:45:00,72.18,66.18201363384723
2018-11-19 10:00:00,67.5,68.48648019731044
2018-11-19 10:15:00,67.72,67.49564130961895
2018-11-19 10:30:00,64.37,67.10115960299969
2018-11-19 10:45:00,61.31,65.09594944894313
2018-11-19 11:00:00,65.45,63.16791112601757
2018-11-19 11:15:00,59.18,65.459928881526
2018-11-19 11:30:00,62.03,62.6756173568964
2018-11-19 11:45:00,60.34,64.38969067037105
2018-11-19 12:00:00,46.12,60.97661554396152
2018-11-19 12:15:00,5.940000000000001,32.67499839559197
2018-11-19 12:30:00,6.080000000000001,8.442195760831236
2018-11-19 12:45:00,6.05,6.614486095197498
2018-11-19 13:00:00,5.11,7.1150745787099
2018-11-19 13:15:00,29.299999999999997,35.72814938291907
2018-11-19 13:30:00,69.52,52.585077090859414
2018-11-19 13:45:00,60.23,66.6555803000927
2018-11-19 14:00:00,58.79,56.914091675281526
2018-11-19 14:15:00,58.21,57.522017445564266
2018-11-19 14:30:00,68.62,56.36461961507797
2018-11-19 14:45:00,60.66,62.64082177102566
2018-11-19 15:00:00,64.44,60.31936159670353
2018-11-19 15:15:00,63.35999999999999,62.68495845377445
2018-11-19 15:30:00,60.05,62.32650284290314
2018-11-19 15:45:00,65.52,61.10364547967911
2018-11-19 16:00:00,61.42,63.92360586345196
2018-11-19 16:15:00,61.42,62.697092897892
2018-11-19 16:30:00,59.08,62.2838301974535
2018-11-19 16:45:00,62.89,59.720040413737294
2018-11-19 17:00:00,62.89,60.43167032301426
2018-11-19 17:15:00,56.05,59.10227954626083
2018-11-19 17:30:00,59.11,52.76218967676163
2018-11-19 17:45:00,30.89,50.724923393130304
2018-11-19 18:00:00,31.609999999999996,23.693127319812774
2018-11-19 18:15:00,34.99,38.65041274115443
2018-11-19 18:30:00,43.06,44.9627285656333
2018-11-19 18:45:00,43.49,47.06977014839649
2018-11-19 19:00:00,63.32,43.75257599234581
2018-11-19 19:15:00,45.53999999999999,61.72843013346195
2018-11-19 19:30:00,45.79,48.73569639474154
2018-11-19 19:45:00,53.21,50.285918785333635
2018-11-19 20:00:00,44.78,52.35007664978504
2018-11-19 20:15:00,44.17,48.6217125582695
2018-11-19 20:30:00,52.81,46.66416894376278
2018-11-19 20:45:00,40.39,48.686875690817836
2018-11-19 21:00:00,26.64,39.94501915931701
2018-11-19 21:15:00,13.43,20.243193033486605
2018-11-19 21:30:00,3.8200000000000003,5.844529905468225
2018-11-19 21:45:00,3.89,4.06299860343337
2018-11-19 22:00:00,3.78,3.8120026566833256
2018-11-19 22:15:00,3.67,3.717395982593298
2018-11-19 22:30:00,3.64,3.8295082315057516
2018-11-19 22:45:00,3.6,3.946800186000764
2018-11-19 23:00:00,3.56,4.129832916595042
2018-11-19 23:15:00,3.56,4.164094083942473
2018-11-19 23:30:00,3.64,4.151164187043905
2018-11-19 23:45:00,4.57,4.123133037313819
2018-11-20 00:00:00,4.61,4.10116181191057
2018-11-20 00:15:00,3.5299999999999994,4.076378152891993
2018-11-20 00:30:00,3.64,4.041942401342094
2018-11-20 00:45:00,3.71,4.013301610313356
2018-11-20 01:00:00,3.6,4.0040250702947375
2018-11-20 01:15:00,3.64,4.001627484671771
2018-11-20 01:30:00,3.5299999999999994,3.9942382504045963
2018-11-20 01:45:00,3.6,3.9851800809800624
2018-11-20 02:00:00,3.71,3.9752843564748765
2018-11-20 02:15:00,3.56,3.96885505463928
2018-11-20 02:30:00,3.56,3.9592349598556758
2018-11-20 02:45:00,3.02,3.9450981303676964
2018-11-20 03:00:00,3.02,3.9289808087050915
2018-11-20 03:15:00,3.13,3.9059609553590415
2018-11-20 03:30:00,3.31,3.8913211437314748
2018-11-20 03:45:00,3.67,3.878024114780128
2018-11-20 04:00:00,2.95,3.8662012276798485
2018-11-20 04:15:00,2.88,3.8445432433858513
2018-11-20 04:30:00,2.95,3.803912840150297
2018-11-20 04:45:00,2.88,3.775624585710466
2018-11-20 05:00:00,2.84,3.718128001242876
2018-11-20 05:15:00,2.81,3.6494844119250773
2018-11-20 05:30:00,2.88,3.593057225868106
2018-11-20 05:45:00,3.17,3.5531431230902673
2018-11-20 06:00:00,3.4599999999999995,3.544640142656863
2018-11-20 06:15:00,3.42,3.5567639208585025
2018-11-20 06:30:00,2.81,3.5741078228503467
2018-11-20 06:45:00,2.77,3.5784398688003423
2018-11-20 07:00:00,2.84,3.621085007414222
2018-11-20 07:15:00,2.7,3.748982250504196
2018-11-20 07:30:00,3.71,4.0576673295721415
2018-11-20 07:45:00,5.51,4.763029048480093
2018-11-20 08:00:00,5.33,6.255644265897572
2018-11-20 08:15:00,25.88,18.000690950527787
2018-11-20 08:30:00,60.16,54.68715621590614
2018-11-20 08:45:00,67.54,75.83920784115791
2018-11-20 09:00:00,78.98,72.64876518428325
2018-11-20 09:15:00,70.24,81.4639942353964
2018-11-20 09:30:00,77.47,73.89640339970589
2018-11-20 09:45:00,74.88,77.59219041585924
2018-11-20 10:00:00,54.18,74.01460420250892
2018-11-20 10:15:00,54.79,60.2809283721447
2018-11-20 10:30:00,59.54,58.15287381231785
2018-11-20 10:45:00,52.16,60.97926518201828
2018-11-20 11:00:00,61.81,55.25524759709835
2018-11-20 11:15:00,52.2,62.003687109351155
2018-11-20 11:30:00,46.93999999999999,55.836084186434746
2018-11-20 11:45:00,48.56,52.198984407782554
2018-11-20 12:00:00,52.699999999999996,50.96012143433094
2018-11-20 12:15:00,6.12,48.887480237185954
2018-11-20 12:30:00,5.44,8.383227841332554
2018-11-20 12:45:00,5.4,7.137599309012294
2018-11-20 13:00:00,5.58,6.512579443715512
2018-11-20 13:15:00,28.15,11.144863628745078
2018-11-20 13:30:00,53.24,45.681359806656836
2018-11-20 13:45:00,48.67,55.41674079120159
2018-11-20 14:00:00,57.85,47.11521368652582
2018-11-20 14:15:00,55.12,53.69984718501568
2018-11-20 14:30:00,52.63,52.872666110992434
2018-11-20 14:45:00,56.77,53.601343522071836
2018-11-20 15:00:00,47.41,55.76548705041409
2018-11-20 15:15:00,51.16,50.22832733035087
2018-11-20 15:30:00,46.50999999999999,52.640746435523035
2018-11-20 15:45:00,56.99,49.07730659484863
2018-11-20 16:00:00,44.57000000000001,55.87196657299995
2018-11-20 16:15:00,43.09,47.08591048598289
2018-11-20 16:30:00,67.32,44.53616827487946
2018-11-20 16:45:00,45.47,62.444775500297546
2018-11-20 17:00:00,64.84,47.31115217536688
2018-11-20 17:15:00,41.15,61.29350327372551
2018-11-20 17:30:00,31.97,38.038296950012445
2018-11-20 17:45:00,27.83,31.444699591249226
2018-11-20 18:00:00,22.97,25.310616835206748
2018-11-20 18:15:00,8.14,21.172854472994803
2018-11-20 18:30:00,8.17,5.3588546178489915
2018-11-20 18:45:00,8.39,4.747124483771621
2018-11-20 19:00:00,8.32,4.563164941221475
2018-11-20 19:15:00,8.71,4.401864294968545
2018-11-20 19:30:00,7.38,4.395746550150216
2018-11-20 19:45:00,7.599999999999999,4.305444415174425
2018-11-20 20:00:00,6.44,4.352422161102295
2018-11-20 20:15:00,5.0,4.304941433034838
2018-11-20 20:30:00,4.86,4.197674878127873
2018-11-20 20:45:00,5.0,4.171202074848115
2018-11-20 21:00:00,4.1,4.145251340083778
2018-11-20 21:15:00,3.89,4.100778400301933
2018-11-20 21:30:00,3.8200000000000003,4.05437549110502
2018-11-20 21:45:00,3.85,4.022287363782525
2018-11-20 22:00:00,3.92,4.00307524241507
2018-11-20 22:15:00,3.71,3.992930272296071
2018-11-20 22:30:00,3.64,4.000643413588405
2018-11-20 22:45:00,3.64,4.012458441592753
2018-11-20 23:00:00,3.64,4.009667901173234
2018-11-20 23:15:00,3.6,4.01542019803077
2018-11-20 23:30:00,3.49,4.014861079491675
2018-11-20 23:45:00,3.56,4.00557162810117
2018-11-21 00:00:00,3.71,3.998385046236217
2018-11-21 00:15:00,4.0,3.9983586621284486
2018-11-21 00:30:00,3.64,4.012737439498306
2018-11-21 00:45:00,3.4599999999999995,4.009026823490858
2018-11-21 01:00:00,3.4599999999999995,4.001267650350928
2018-11-21 01:15:00,3.4599999999999995,3.9938890819996598
2018-11-21 01:30:00,3.13,3.988041353262961
2018-11-21 01:45:00,2.95,3.978197835609317
2018-11-21 02:00:00,2.77,3.963452487550676
2018-11-21 02:15:00,2.88,3.949617671892047
2018-11-21 02:30:00,2.92,3.9380266281217335
2018-11-21 02:45:00,2.88,3.929552277252078
2018-11-21 03:00:00,2.95,3.9187190748751166
2018-11-21 03:15:00,2.84,3.9047433568537238
2018-11-21 03:30:00,2.88,3.88990594509989
2018-11-21 03:45:00,3.38,3.871071060337126
2018-11-21 04:00:00,3.74,3.855844623334706
2018-11-21 04:15:00,3.71,3.8441654454171656
2018-11-21 04:30:00,3.49,3.825017880909145
2018-11-21 04:45:00,2.92,3.7977456953004003
2018-11-21 05:00:00,2.95,3.757587399184704
2018-11-21 05:15:00,2.92,3.7144375943392514
2018-11-21 05:30:00,2.92,3.658151872009039
2018-11-21 05:45:00,2.88,3.59741565592587
2018-11-21 06:00:00,2.84,3.5468244099617006
2018-11-21 06:15:00,2.92,3.51633841548115
2018-11-21 06:30:00,2.88,3.525828273817897
2018-11-21 06:45:00,2.84,3.554611089937389
2018-11-21 07:00:00,2.88,3.589671078249812
2018-11-21 07:15:00,2.77,3.7129870297759773
2018-11-21 07:30:00,3.56,4.031422440074384
2018-11-21 07:45:00,5.83,4.7743467079848045
2018-11-21 08:00:00,6.26,7.325072990171611
2018-11-21 08:15:00,24.98,22.454908792227506
2018-11-21 08:30:00,50.08,54.5765809816122
2018-11-21 08:45:00,64.04,67.50247647762299
2018-11-21 09:00:00,77.89999999999999,69.58147231519222
2018-11-21 09:15:00,65.12,79.30341649115087
2018-11-21 09:30:00,67.43,71.24282232224941
2018-11-21 09:45:00,67.43,71.55826397836208
2018-11-21 10:00:00,75.67000000000002,68.39620388507844
2018-11-21 10:15:00,69.66,73.53616040587426
2018-11-21 10:30:00,69.08,70.7924916344881
2018-11-21 10:45:00,69.66,71.13689069092274
2018-11-21 11:00:00,68.87,70.93084765017032
2018-11-21 11:15:00,81.32,71.25041196346282
2018-11-21 11:30:00,96.26,79.51624979078771
2018-11-21 11:45:00,83.95,89.83170390963555
2018-11-21 12:00:00,109.33000000000001,91.14349929332734
2018-11-21 12:15:00,7.599999999999999,86.23887554109098
2018-11-21 12:30:00,6.66,12.228284911960364
2018-11-21 12:45:00,6.730000000000001,6.551357345767319
2018-11-21 13:00:00,6.66,6.440345370285213
2018-11-21 13:15:00,47.3,55.200943489670756
2018-11-21 13:30:00,74.52,82.94197132527829
2018-11-21 13:45:00,109.19,79.52747707068922
2018-11-21 14:00:00,79.38,92.21089026629926
2018-11-21 14:15:00,94.0,84.00652404189111
2018-11-21 14:30:00,85.14,90.96653041660787
2018-11-21 14:45:00,91.76,85.01131170213223
2018-11-21 15:00:00,127.33,89.66547729432584
2018-11-21 15:15:00,94.82,97.28976140260697
2018-11-21 15:30:00,122.98,98.57280596792698
2018-11-21 15:45:00,86.51,102.97691758215429
2018-11-21 16:00:00,79.16,97.80712344229222
2018-11-21 16:15:00,70.6,93.46927972495557
2018-11-21 16:30:00,103.9,83.53769977867604
2018-11-21 16:45:00,106.13,94.76330906093122
2018-11-21 17:00:00,103.54,97.66826444447041
2018-11-21 17:15:00,126.22,99.68702817082406
2018-11-21 17:30:00,115.48999999999998,97.6535611987114
2018-11-21 17:45:00,44.6,88.41729118764401
2018-11-21 18:00:00,33.77,40.81693869829178
2018-11-21 18:15:00,74.27,54.131881897449496
2018-11-21 18:30:00,127.4,103.59337608516218
2018-11-21 18:45:00,106.52000000000001,103.65995834589005
2018-11-21 19:00:00,119.59,107.315210390687
2018-11-21 19:15:00,83.38,108.31319881021977
2018-11-21 19:30:00,93.53,102.72279483795167
2018-11-21 19:45:00,99.32,101.93454997062683
2018-11-21 20:00:00,119.45000000000002,97.3293802279234
2018-11-21 20:15:00,95.65,98.43938097357751
2018-11-21 20:30:00,98.6,96.16193173646927
2018-11-21 20:45:00,86.83,90.98229351758958
2018-11-21 21:00:00,47.63,69.99959418237209
2018-11-21 21:15:00,24.73,33.39777025744319
2018-11-21 21:30:00,5.4,11.407593205720186
2018-11-21 21:45:00,5.359999999999999,5.081826538555323
2018-11-21 22:00:00,4.1,4.3974980058148505
2018-11-21 22:15:00,3.89,3.749385871216655
2018-11-21 22:30:00,3.85,3.8090903002768757
2018-11-21 22:45:00,3.89,3.94296045627445
2018-11-21 23:00:00,3.92,4.122203418537975
2018-11-21 23:15:00,3.74,4.20637938823551
2018-11-21 23:30:00,3.71,4.183293855302036
2018-11-21 23:45:00,3.71,4.149473358690739
2018-11-22 00:00:00,3.78,4.117453717775643
2018-11-22 00:15:00,3.8200000000000003,4.09855259206146
2018-11-22 00:30:00,3.71,4.097113254778087
2018-11-22 00:45:00,3.74,4.083499055169523
2018-11-22 01:00:00,3.74,4.063161960355938
2018-11-22 01:15:00,3.85,4.046231222264469
2018-11-22 01:30:00,3.8200000000000003,4.0317525221034884
2018-11-22 01:45:00,3.74,4.018901777528226
2018-11-22 02:00:00,4.68,4.005402096174658
2018-11-22 02:15:00,4.32,4.0012435116991405
2018-11-22 02:30:00,3.71,3.9971472386270763
2018-11-22 02:45:00,3.4599999999999995,3.972909786775708
2018-11-22 03:00:00,3.17,3.944012452401221
2018-11-22 03:15:00,3.2,3.9163972733914854
2018-11-22 03:30:00,3.17,3.8897942336648703
2018-11-22 03:45:00,3.2,3.8656033750250938
2018-11-22 04:00:00,3.2,3.840702952295542
2018-11-22 04:15:00,3.24,3.815226570107043
2018-11-22 04:30:00,3.2,3.7865240290388464
2018-11-22 04:45:00,3.2,3.755324540920556
2018-11-22 05:00:00,3.42,3.7213479851186277
2018-11-22 05:15:00,3.78,3.6871710223704577
2018-11-22 05:30:00,4.39,3.656202816218138
2018-11-22 05:45:00,3.49,3.6340390429645777
2018-11-22 06:00:00,3.1,3.600460494235158
2018-11-22 06:15:00,3.17,3.5489278408512472
2018-11-22 06:30:00,3.13,3.5151623579114677
2018-11-22 06:45:00,3.17,3.502805613651872
2018-11-22 07:00:00,3.1,3.521098782159388
2018-11-22 07:15:00,3.06,3.616154547445476
2018-11-22 07:30:00,3.17,3.8953247917443514
2018-11-22 07:45:00,4.79,4.586970704160631
2018-11-22 08:00:00,6.3,6.5263283706828945
2018-11-22 08:15:00,41.51,23.60182932510972
2018-11-22 08:30:00,101.47999999999999,73.44698885798454
2018-11-22 08:45:00,120.67,98.07806914269925
2018-11-22 09:00:00,124.49000000000001,106.74118202388287
2018-11-22 09:15:00,139.61,109.93362762749196
2018-11-22 09:30:00,120.81999999999998,111.35623177289963
2018-11-22 09:45:00,157.18,112.18571219384671
2018-11-22 10:00:00,136.4,111.64550937592983
2018-11-22 10:15:00,139.57,114.51394466340543
2018-11-22 10:30:00,103.5,113.79108747422696
2018-11-22 10:45:00,113.87,112.66648228287697
2018-11-22 11:00:00,133.13,111.80886180758478
2018-11-22 11:15:00,134.6,113.03626397371293
2018-11-22 11:30:00,96.62,117.65498728871346
2018-11-22 11:45:00,70.63,121.71611897468567
2018-11-22 12:00:00,55.69,117.99335954129697
2018-11-22 12:15:00,5.22,28.77691600471735
2018-11-22 12:30:00,6.44,11.217862279936671
2018-11-22 12:45:00,6.62,7.024281811602413
2018-11-22 13:00:00,6.55,16.315890523940325
2018-11-22 13:15:00,41.87,73.75174214363098
2018-11-22 13:30:00,75.34999999999998,85.38684176027776
2018-11-22 13:45:00,93.67,85.94941830158234
2018-11-22 14:00:00,83.63,90.31550087332727
2018-11-22 14:15:00,87.77,88.04340480327608
2018-11-22 14:30:00,89.06,89.59267062962056
2018-11-22 14:45:00,85.54,86.7312321829796
2018-11-22 15:00:00,70.52,85.27580845296384
2018-11-22 15:15:00,79.34,76.30152028203011
2018-11-22 15:30:00,80.24,80.4570150101185
2018-11-22 15:45:00,80.57,80.41693811178209
2018-11-22 16:00:00,79.6,82.0480552995205
2018-11-22 16:15:00,81.07,81.74182001292706
2018-11-22 16:30:00,97.96,83.01265827953816
2018-11-22 16:45:00,95.04000000000002,89.42723441481591
2018-11-22 17:00:00,84.67,91.7544429564476
2018-11-22 17:15:00,58.07,89.16495617449284
2018-11-22 17:30:00,46.12,53.16252753257751
2018-11-22 17:45:00,32.94,40.65575088620186
2018-11-22 18:00:00,32.87,31.58581527233124
2018-11-22 18:15:00,45.67999999999999,53.13612097024917
2018-11-22 18:30:00,70.16,57.06927064716816
2018-11-22 18:45:00,67.79,70.30759888827801
2018-11-22 19:00:00,82.37,65.92171139478684
2018-11-22 19:15:00,67.21,76.46648944199086
2018-11-22 19:30:00,71.71,71.01948927044869
2018-11-22 19:45:00,75.53,73.77551703155041
2018-11-22 20:00:00,71.78,74.15084050774574
2018-11-22 20:15:00,72.86,73.54472906589508
2018-11-22 20:30:00,74.88,71.34692166149617
2018-11-22 20:45:00,68.98,66.25367062509059
2018-11-22 21:00:00,43.6,53.29541361749172
2018-11-22 21:15:00,18.65,23.90630641967058
2018-11-22 21:30:00,4.97,6.811459739245474
2018-11-22 21:45:00,4.07,4.917430531233548
2018-11-22 22:00:00,4.07,4.389779812246561
2018-11-22 22:15:00,3.74,3.9411966506019236
2018-11-22 22:30:00,3.8200000000000003,3.926835275515914
2018-11-22 22:45:00,3.78,4.040294236652553
2018-11-22 23:00:00,3.74,4.201817744411528
2018-11-22 23:15:00,3.71,4.277649599686265
2018-11-22 23:30:00,3.67,4.2448861514776945
2018-11-22 23:45:00,3.74,4.2057523446530105
2018-11-23 00:00:00,3.5299999999999994,4.1679113591089845
2018-11-23 00:15:00,3.78,4.142240183614194
2018-11-23 00:30:00,4.64,4.127022728435695
2018-11-23 00:45:00,4.18,4.11747224278748
2018-11-23 01:00:00,3.67,4.096479474827647
2018-11-23 01:15:00,3.67,4.064142663255334
2018-11-23 01:30:00,3.6,4.03418715775013
2018-11-23 01:45:00,3.64,4.011335713602603
2018-11-23 02:00:00,3.67,3.991960796676576
2018-11-23 02:15:00,3.2,3.973871964663267
2018-11-23 02:30:00,3.06,3.949764749258757
2018-11-23 02:45:00,3.02,3.9206872170418503
2018-11-23 03:00:00,3.02,3.893066985756159
2018-11-23 03:15:00,3.06,3.8665133460611107
2018-11-23 03:30:00,3.02,3.839757615327835
2018-11-23 03:45:00,3.2,3.8110067969560624
2018-11-23 04:00:00,3.67,3.7812320506572723
2018-11-23 04:15:00,3.42,3.7540087037160994
2018-11-23 04:30:00,3.06,3.7216881716996433
2018-11-23 04:45:00,3.56,3.6778226277604698
2018-11-23 05:00:00,3.56,3.635833162292838
2018-11-23 05:15:00,2.95,3.5980342790484428
2018-11-23 05:30:00,2.99,3.5496177572011947
2018-11-23 05:45:00,2.99,3.4981103651970624
2018-11-23 06:00:00,2.95,3.4547012101858856
2018-11-23 06:15:00,2.99,3.4154500782862307
2018-11-23 06:30:00,2.92,3.3834326828271153
2018-11-23 06:45:00,2.92,3.3626049558818343
2018-11-23 07:00:00,2.99,3.362627971805632
2018-11-23 07:15:00,3.02,3.412652801498771
2018-11-23 07:30:00,3.5299999999999994,3.585579857453704
2018-11-23 07:45:00,6.12,4.114979225285351
2018-11-23 08:00:00,6.59,5.459350561611354
2018-11-23 08:15:00,42.23,20.129912024736402
2018-11-23 08:30:00,82.39999999999999,72.39792080581188
2018-11-23 08:45:00,90.9,88.72081396341325
2018-11-23 09:00:00,99.25,94.87256396710873
2018-11-23 09:15:00,93.06000000000002,95.92262001991273
2018-11-23 09:30:00,73.69,90.84411713838578
2018-11-23 09:45:00,63.35999999999999,80.00025333642961
2018-11-23 10:00:00,75.67000000000002,69.40324598312378
2018-11-23 10:15:00,70.96,74.1987765020132
2018-11-23 10:30:00,100.69,70.6213968706131
2018-11-23 10:45:00,83.66,87.29328777849675
2018-11-23 11:00:00,65.77,84.35838699400426
2018-11-23 11:15:00,73.66,77.75851583123207
2018-11-23 11:30:00,67.03,78.17418566048146
2018-11-23 11:45:00,66.89,75.83569594800473
2018-11-23 12:00:00,66.42,73.49685594439507
2018-11-23 12:15:00,24.8,28.447561503350734
2018-11-23 12:30:00,10.119999999999997,8.941673304997384
2018-11-23 12:45:00,6.52,7.675281602591276
2018-11-23 13:00:00,6.7,7.378034314922988
2018-11-23 13:15:00,57.17,42.986547666490075
2018-11-23 13:30:00,80.35,77.03731129765511
2018-11-23 13:45:00,92.52,77.98056448221207
2018-11-23 14:00:00,85.9,83.86115322172643
2018-11-23 14:15:00,80.64,83.0606212192774
2018-11-23 14:30:00,87.95,82.6877318173647
2018-11-23 14:45:00,72.54,83.93102283000947
2018-11-23 15:00:00,74.3,75.78559533417226
2018-11-23 15:15:00,78.23,75.21478246033192
2018-11-23 15:30:00,110.48000000000002,76.59721988916398
2018-11-23 15:45:00,80.32,89.14955234646798
2018-11-23 16:00:00,89.38999999999999,85.34288471400738
2018-11-23 16:15:00,86.03999999999999,89.17584214508534
2018-11-23 16:30:00,76.0,87.09944205462934
2018-11-23 16:45:00,104.28999999999999,83.36066802918911
2018-11-23 17:00:00,86.11,90.7626699590683
2018-11-23 17:15:00,86.98,84.67092752099038
2018-11-23 17:30:00,52.699999999999996,78.90450674533845
2018-11-23 17:45:00,34.13,33.456149867475034
2018-11-23 18:00:00,34.27,40.06694741904735
2018-11-23 18:15:00,54.61,58.015496815443036
2018-11-23 18:30:00,63.9,74.96666855633259
2018-11-23 18:45:00,56.02,65.6643192666769
2018-11-23 19:00:00,68.8,61.02664430320263
2018-11-23 19:15:00,65.23,66.97271053910255
2018-11-23 19:30:00,69.48,65.7660653680563
2018-11-23 19:45:00,66.17,68.3404087948799
2018-11-23 20:00:00,72.94,67.63591045379638
2018-11-23 20:15:00,59.580000000000005,69.30633210301399
2018-11-23 20:30:00,53.39,63.540450236797334
2018-11-23 20:45:00,45.67999999999999,53.1584946936369
2018-11-23 21:00:00,23.36,35.09414264142513
2018-11-23 21:15:00,7.519999999999999,8.734223486073315
2018-11-23 21:30:00,5.290000000000001,5.071143220365047
2018-11-23 21:45:00,5.22,4.557780899144709
2018-11-23 22:00:00,5.26,4.2857596253231165
2018-11-23 22:15:00,4.93,4.144094930253923
2018-11-23 22:30:00,4.86,4.298762499541044
2018-11-23 22:45:00,4.86,4.375049059651792
2018-11-23 23:00:00,4.75,4.389820230454206
2018-11-23 23:15:00,4.68,4.347139164544642
2018-11-23 23:30:00,4.61,4.292792954817414
2018-11-23 23:45:00,3.92,4.236293914169073
2018-11-24 00:00:00,3.02,4.180800837799906
2018-11-24 00:15:00,3.49,4.110806606709957
2018-11-24 00:30:00,3.56,4.03135676048696
2018-11-24 00:45:00,3.56,3.936258892901242
2018-11-24 01:00:00,3.56,3.8902646566927435
2018-11-24 01:15:00,3.6,3.866994996368885
2018-11-24 01:30:00,3.56,3.852933951020241
2018-11-24 01:45:00,3.49,3.839262492284179
2018-11-24 02:00:00,3.56,3.8237553732842207
2018-11-24 02:15:00,3.6,3.8082392724603413
2018-11-24 02:30:00,3.6,3.7939115792140363
2018-11-24 02:45:00,3.56,3.777242998108268
2018-11-24 03:00:00,3.56,3.7560481391102076
2018-11-24 03:15:00,3.64,3.7341684160381554
2018-11-24 03:30:00,3.56,3.7130723571032287
2018-11-24 03:45:00,3.89,3.689365394227207
2018-11-24 04:00:00,4.79,3.6670326504111292
2018-11-24 04:15:00,4.25,3.6566709937900304
2018-11-24 04:30:00,3.64,3.639453398697078
2018-11-24 04:45:00,3.6,3.601176233328879
2018-11-24 05:00:00,3.13,3.5621692947670818
2018-11-24 05:15:00,3.02,3.5249373891577127
2018-11-24 05:30:00,3.02,3.4881938702240585
2018-11-24 05:45:00,3.1,3.4641158457472923
2018-11-24 06:00:00,3.02,3.4545664828270675
2018-11-24 06:15:00,3.06,3.460710050389171
2018-11-24 06:30:00,3.02,3.4932220075279474
2018-11-24 06:45:00,3.02,3.575296230427921
2018-11-24 07:00:00,3.1,3.737725218310952
2018-11-24 07:15:00,3.64,4.024177476353944
2018-11-24 07:30:00,3.71,4.417825557440519
2018-11-24 07:45:00,3.5299999999999994,4.730256618447601
2018-11-24 08:00:00,3.35,4.955456766895949
2018-11-24 08:15:00,3.92,5.894135957621038
2018-11-24 08:30:00,3.13,7.46286034412682
2018-11-24 08:45:00,3.2,5.651603134460747
2018-11-24 09:00:00,3.24,4.03340517770499
2018-11-24 09:15:00,3.38,3.517335397936404
2018-11-24 09:30:00,3.42,3.1908084870129825
2018-11-24 09:45:00,3.38,2.9633786007761955
2018-11-24 10:00:00,3.4599999999999995,2.847945322468877
2018-11-24 10:15:00,3.42,2.840274844840169
2018-11-24 10:30:00,3.74,2.875996681302786
2018-11-24 10:45:00,3.85,2.9748540035635234
2018-11-24 11:00:00,3.92,3.0505820064991713
2018-11-24 11:15:00,3.78,3.1018738347291945
2018-11-24 11:30:00,3.24,3.1093646758794784
2018-11-24 11:45:00,3.28,3.0514173161238434
2018-11-24 12:00:00,3.78,3.05154306165874
2018-11-24 12:15:00,4.18,3.12079404681921
2018-11-24 12:30:00,3.4599999999999995,3.185200460702181
2018-11-24 12:45:00,3.35,3.107422356456518
2018-11-24 13:00:00,3.4599999999999995,3.080735112130642
2018-11-24 13:15:00,3.89,3.100732020363212
2018-11-24 13:30:00,5.72,3.1654662708193064
2018-11-24 13:45:00,5.83,3.403887102715671
2018-11-24 14:00:00,5.26,3.4644403141364455
2018-11-24 14:15:00,4.57,3.406886470541358
2018-11-24 14:30:00,4.57,3.3210264088585975
2018-11-24 14:45:00,4.64,3.314835125356913
2018-11-24 15:00:00,4.61,3.3324832866340874
2018-11-24 15:15:00,4.57,3.339276352338493
2018-11-24 15:30:00,4.54,3.34597117934376
2018-11-24 15:45:00,5.33,3.3623259579762816
2018-11-24 16:00:00,5.44,3.4847021861746907
2018-11-24 16:15:00,4.61,3.526788767613471
2018-11-24 16:30:00,4.61,3.451428458094597
2018-11-24 16:45:00,5.69,3.447794748954475
2018-11-24 17:00:00,5.83,3.585846505351365
2018-11-24 17:15:00,5.9,3.666658781990409
2018-11-24 17:30:00,4.79,3.73341787237674
2018-11-24 17:45:00,3.85,3.692769505493343
2018-11-24 18:00:00,3.67,3.643631069548428
2018-11-24 18:15:00,3.6,3.6669506912678482
2018-11-24 18:30:00,3.71,3.722467344924808
2018-11-24 18:45:00,3.71,3.8016039500385523
2018-11-24 19:00:00,3.74,3.879038499519229
2018-11-24 19:15:00,3.67,3.9561805783584716
2018-11-24 19:30:00,4.14,4.021888233982026
2018-11-24 19:45:00,3.9599999999999995,4.042728872299194
2018-11-24 20:00:00,3.2,4.016664742007852
2018-11-24 20:15:00,3.1,3.96747466057539
2018-11-24 20:30:00,3.06,3.9124520072340965
2018-11-24 20:45:00,3.06,3.869315113760531
2018-11-24 21:00:00,3.2,3.8356551672518253
2018-11-24 21:15:00,3.06,3.8108754377812146
2018-11-24 21:30:00,3.1,3.7910183091834186
2018-11-24 21:45:00,3.06,3.7740982370078564
2018-11-24 22:00:00,3.06,3.76169939044863
2018-11-24 22:15:00,3.5299999999999994,3.752379625402391
2018-11-24 22:30:00,3.4599999999999995,3.7617482291162014
2018-11-24 22:45:00,3.38,3.7794940677285194
2018-11-24 23:00:00,2.92,3.7855017852038144
2018-11-24 23:15:00,2.84,3.782552378773689
2018-11-24 23:30:00,2.84,3.7729345294460654
2018-11-24 23:45:00,2.77,3.7649188129603863
2018-11-25 00:00:00,2.88,3.7588515909016134
2018-11-25 00:15:00,3.38,3.747837629318237
2018-11-25 00:30:00,3.28,3.741012004502118
2018-11-25 00:45:00,2.88,3.744917975179851
2018-11-25 01:00:00,2.77,3.745910466723144
2018-11-25 01:15:00,2.77,3.7427707578986884
2018-11-25 01:30:00,3.31,3.7422408302873373
2018-11-25 01:45:00,3.4599999999999995,3.74808238402009
2018-11-25 02:00:00,3.4599999999999995,3.7594926685839893
2018-11-25 02:15:00,3.2,3.763746684938669
2018-11-25 02:30:00,2.84,3.758066242672503
2018-11-25 02:45:00,2.84,3.7435707015916706
2018-11-25 03:00:00,2.88,3.726939170509577
2018-11-25 03:15:00,2.92,3.713932928107679
2018-11-25 03:30:00,2.84,3.7003540944308044
2018-11-25 03:45:00,2.92,3.6846454457566145
2018-11-25 04:00:00,2.92,3.666548193283379
2018-11-25 04:15:00,2.88,3.6485727567970754
2018-11-25 04:30:00,2.88,3.6270607271417976
2018-11-25 04:45:00,2.84,3.60293947763741
2018-11-25 05:00:00,2.88,3.5775663864240053
2018-11-25 05:15:00,2.88,3.553769043944776
2018-11-25 05:30:00,4.18,3.532857112400234
2018-11-25 05:45:00,4.28,3.5368540240451694
2018-11-25 06:00:00,3.5299999999999994,3.5612273259833453
2018-11-25 06:15:00,3.13,3.570071054361761
2018-11-25 06:30:00,2.88,3.59159543402493
2018-11-25 06:45:00,2.84,3.6614476400241256
2018-11-25 07:00:00,2.81,3.795893194116652
2018-11-25 07:15:00,2.95,3.9839377824589612
2018-11-25 07:30:00,2.84,4.2403609963133935
2018-11-25 07:45:00,2.88,4.477396381869912
2018-11-25 08:00:00,2.92,4.678884515166283
2018-11-25 08:15:00,2.88,4.771625776700675
2018-11-25 08:30:00,2.92,4.701929629892111
2018-11-25 08:45:00,2.92,4.525948192439974
2018-11-25 09:00:00,3.4599999999999995,4.129736361987889
2018-11-25 09:15:00,4.93,3.7223825789615512
2018-11-25 09:30:00,4.32,3.574178554713726
2018-11-25 09:45:00,3.49,3.2175894791260364
2018-11-25 10:00:00,2.88,2.9346333960443736
2018-11-25 10:15:00,2.95,2.7823836214840414
2018-11-25 10:30:00,3.56,2.8030889710783957
2018-11-25 10:45:00,2.95,2.939018771573901
2018-11-25 11:00:00,2.99,2.9268360501527786
2018-11-25 11:15:00,2.95,2.9713780377060175
2018-11-25 11:30:00,2.95,3.014056296795607
2018-11-25 11:45:00,2.99,3.0508604430407287
2018-11-25 12:00:00,2.99,3.077869910299778
2018-11-25 12:15:00,3.1,3.088636871725321
2018-11-25 12:30:00,3.02,3.1058505372703076
2018-11-25 12:45:00,3.17,3.0979723549634217
2018-11-25 13:00:00,3.71,3.1148155202716588
2018-11-25 13:15:00,3.67,3.1872202483564616
2018-11-25 13:30:00,3.64,3.1961223585903644
2018-11-25 13:45:00,3.2,3.1951803898066284
2018-11-25 14:00:00,3.67,3.14638887681067
2018-11-25 14:15:00,3.1,3.2007412615418436
2018-11-25 14:30:00,2.95,3.1491597694903612
2018-11-25 14:45:00,3.06,3.1216708973795178
2018-11-25 15:00:00,2.99,3.1372285391390324
2018-11-25 15:15:00,2.99,3.1425884425640107
2018-11-25 15:30:00,2.95,3.157247901931405
2018-11-25 15:45:00,2.95,3.161334631815553
2018-11-25 16:00:00,2.95,3.1631411011517048
2018-11-25 16:15:00,3.35,3.173117662072182
2018-11-25 16:30:00,3.56,3.2346521377563477
2018-11-25 16:45:00,3.6,3.2948427080363034
2018-11-25 17:00:00,3.42,3.342933638766408
2018-11-25 17:15:00,2.95,3.37380697440356
2018-11-25 17:30:00,2.92,3.377583269998431
2018-11-25 17:45:00,2.99,3.421543684452772
2018-11-25 18:00:00,3.17,3.4889000661298635
2018-11-25 18:15:00,3.4599999999999995,3.57159740306437
2018-11-25 18:30:00,3.02,3.6681783943250776
2018-11-25 18:45:00,3.02,3.70289426650852
2018-11-25 19:00:00,2.99,3.753597785271704
2018-11-25 19:15:00,3.02,3.806853826120496
2018-11-25 19:30:00,2.99,3.859839289523661
2018-11-25 19:45:00,3.02,3.9050711934268474
2018-11-25 20:00:00,3.1,3.944057922884822
2018-11-25 20:15:00,3.6,3.9121073297411204
2018-11-25 20:30:00,3.6,3.8898335291445254
2018-11-25 20:45:00,3.6,3.8717643448710444
2018-11-25 21:00:00,3.38,3.849218282736838
2018-11-25 21:15:00,2.99,3.824733830727637
2018-11-25 21:30:00,2.95,3.797379124611616
2018-11-25 21:45:00,2.92,3.773592448048294
2018-11-25 22:00:00,3.13,3.7585770839080217
2018-11-25 22:15:00,3.4599999999999995,3.7514326043426993
2018-11-25 22:30:00,2.92,3.7622691749036314
2018-11-25 22:45:00,2.74,3.7718230287358163
2018-11-25 23:00:00,2.77,3.7632942255586386
2018-11-25 23:15:00,2.84,3.761937970146537
2018-11-25 23:30:00,2.88,3.765367342792451
2018-11-25 23:45:00,2.88,3.7671928985044363
2018-11-26 00:00:00,4.68,3.768342010602355
2018-11-26 00:15:00,3.2,3.812302425056696
2018-11-26 00:30:00,3.5299999999999994,3.8406254840642213
2018-11-26 00:45:00,3.4599999999999995,3.89221651930362
2018-11-26 01:00:00,3.49,3.928565960712731
2018-11-26 01:15:00,2.92,3.9356093947589397
2018-11-26 01:30:00,2.92,3.9302332117781043
2018-11-26 01:45:00,3.06,3.9217560540884735
2018-11-26 02:00:00,3.56,3.9199703552201393
2018-11-26 02:15:00,3.13,3.9241177124157547
2018-11-26 02:30:00,2.92,3.923962214589119
2018-11-26 02:45:00,2.92,3.9099208169803026
2018-11-26 03:00:00,2.88,3.8970290928334
2018-11-26 03:15:00,2.95,3.8844685734435918
2018-11-26 03:30:00,2.95,3.8702183484286072
2018-11-26 03:45:00,3.31,3.8546769862249493
2018-11-26 04:00:00,3.49,3.8396066084131597
2018-11-26 04:15:00,3.4599999999999995,3.8245014260336756
2018-11-26 04:30:00,3.24,3.8016112477704884
2018-11-26 04:45:00,2.88,3.77222047444433
2018-11-26 05:00:00,2.95,3.7352574621886014
2018-11-26 05:15:00,2.84,3.6973333947733047
2018-11-26 05:30:00,2.88,3.6573334033042193
2018-11-26 05:45:00,2.84,3.6056873543933032
2018-11-26 06:00:00,3.17,3.565020462498069
2018-11-26 06:15:00,3.38,3.5758312103152274
2018-11-26 06:30:00,2.88,3.570500497817993
2018-11-26 06:45:00,2.88,3.567968184836209
2018-11-26 07:00:00,2.99,3.5930403849482535
2018-11-26 07:15:00,3.35,3.701509381532669
2018-11-26 07:30:00,3.5299999999999994,3.989990409053862
2018-11-26 07:45:00,5.22,4.627982273548842
2018-11-26 08:00:00,5.58,5.771079356260597
2018-11-26 08:15:00,45.36,16.42683850392699
2018-11-26 08:30:00,88.92,74.90022102296352
2018-11-26 08:45:00,88.99,91.349398624897
2018-11-26 09:00:00,90.61,94.33749875247479
2018-11-26 09:15:00,93.31,93.01393717944623
2018-11-26 09:30:00,92.19999999999999,90.51788831174375
2018-11-26 09:45:00,94.43,89.1939944112301
2018-11-26 10:00:00,85.43,89.49544238567353
2018-11-26 10:15:00,64.55,85.28164663851263
2018-11-26 10:30:00,70.06,70.17836840569973
2018-11-26 10:45:00,73.12,74.08618933916092
2018-11-26 11:00:00,80.75,74.41249002039433
2018-11-26 11:15:00,82.66000000000001,78.94300284266473
2018-11-26 11:30:00,79.13,83.43589978635312
2018-11-26 11:45:00,84.74,86.61468403577805
2018-11-26 12:00:00,61.34,85.95644208788873
2018-11-26 12:15:00,7.239999999999999,18.037295251190663
2018-11-26 12:30:00,6.84,8.823080108761786
2018-11-26 12:45:00,6.3,6.535604910701513
2018-11-26 13:00:00,6.01,7.645792590565979
2018-11-26 13:15:00,56.52,53.75690871238709
2018-11-26 13:30:00,93.17,79.7485017937422
2018-11-26 13:45:00,82.58,86.673164691329
2018-11-26 14:00:00,90.65,81.28822892308236
2018-11-26 14:15:00,77.51,84.48595583915711
2018-11-26 14:30:00,88.63,75.99197968423367
2018-11-26 14:45:00,69.05,80.37927732408048
2018-11-26 15:00:00,71.6,70.15224926173687
2018-11-26 15:15:00,67.97,72.15739654302597
2018-11-26 15:30:00,64.51,69.40882369577885
2018-11-26 15:45:00,70.96,67.19852257430553
2018-11-26 16:00:00,65.34,71.00041187644005
2018-11-26 16:15:00,64.22,67.74798565268516
2018-11-26 16:30:00,61.45,66.40049650073051
2018-11-26 16:45:00,51.52,63.09901155471802
2018-11-26 17:00:00,65.34,55.02520512282848
2018-11-26 17:15:00,74.05,62.21082593262196
2018-11-26 17:30:00,50.65,63.419150704741476
2018-11-26 17:45:00,32.58,40.73441370010376
2018-11-26 18:00:00,32.72,29.430790540724992
2018-11-26 18:15:00,43.16,46.68627321243286
2018-11-26 18:30:00,61.88,56.598569182753565
2018-11-26 18:45:00,71.03,63.68222832739353
2018-11-26 19:00:00,58.43,67.55849611341954
2018-11-26 19:15:00,59.33,62.80753340482712
2018-11-26 19:30:00,60.05,63.428069655895236
2018-11-26 19:45:00,66.17,63.3814180624485
2018-11-26 20:00:00,78.98,66.1312483650446
2018-11-26 20:15:00,58.18000000000001,70.97485858738422
2018-11-26 20:30:00,51.77,65.3334917461872
2018-11-26 20:45:00,43.6,51.30138583421707
2018-11-26 21:00:00,40.64000000000001,26.832274780273437
2018-11-26 21:15:00,16.09,16.2806368650496
2018-11-26 21:30:00,6.23,5.344981629438698
2018-11-26 21:45:00,5.26,4.294704960584641
2018-11-26 22:00:00,5.11,4.13060816027224
2018-11-26 22:15:00,4.79,3.888125859871507
2018-11-26 22:30:00,4.72,3.9567009627819063
2018-11-26 22:45:00,4.75,4.044399491548538
2018-11-26 23:00:00,4.72,4.218675505183637
2018-11-26 23:15:00,4.82,4.224715220406652
2018-11-26 23:30:00,4.64,4.200016888715327
2018-11-26 23:45:00,4.64,4.162918587736786
2018-11-27 00:00:00,23.65,4.125411052405834
2018-11-27 00:15:00,4.72,4.445750048011542
2018-11-27 00:30:00,4.79,4.39092555616051
2018-11-27 00:45:00,4.72,4.1190900938212875
2018-11-27 01:00:00,4.75,4.073435482829809
2018-11-27 01:15:00,5.62,4.039612179398537
2018-11-27 01:30:00,5.940000000000001,4.026961280405521
2018-11-27 01:45:00,4.72,4.030267714336515
2018-11-27 02:00:00,4.68,4.02101924251765
2018-11-27 02:15:00,4.72,3.9976940071582794
2018-11-27 02:30:00,4.72,3.9835100230947136
2018-11-27 02:45:00,4.72,3.9719728702679276
2018-11-27 03:00:00,4.72,3.9611233883351087
2018-11-27 03:15:00,4.18,3.9480200299620627
2018-11-27 03:30:00,3.71,3.926089222766459
2018-11-27 03:45:00,3.71,3.8926768377795815
2018-11-27 04:00:00,3.74,3.8634163009002807
2018-11-27 04:15:00,3.78,3.8398008403554558
2018-11-27 04:30:00,3.74,3.81580477502197
2018-11-27 04:45:00,3.71,3.78901311699301
2018-11-27 05:00:00,3.71,3.760878114923835
2018-11-27 05:15:00,3.74,3.72946474712342
2018-11-27 05:30:00,3.78,3.6817594734579324
2018-11-27 05:45:00,3.92,3.6388364596664906
2018-11-27 06:00:00,5.9,3.6196787906065584
2018-11-27 06:15:00,5.62,3.6596703616157176
2018-11-27 06:30:00,4.64,3.6853499575704336
2018-11-27 06:45:00,3.8200000000000003,3.6907738564908503
2018-11-27 07:00:00,3.71,3.7202353616803885
2018-11-27 07:15:00,3.71,3.856874164901674
2018-11-27 07:30:00,3.78,4.20832058493048
2018-11-27 07:45:00,5.11,4.885469833537936
2018-11-27 08:00:00,6.88,6.318739333488047
2018-11-27 08:15:00,49.60999999999999,20.52597228690982
2018-11-27 08:30:00,72.36,80.01567512810232
2018-11-27 08:45:00,73.62,79.51340255260469
2018-11-27 09:00:00,111.64,83.30047184526921
2018-11-27 09:15:00,81.54,94.14746132194996
2018-11-27 09:30:00,103.1,88.0143575847149
2018-11-27 09:45:00,126.43,94.09165724992752
2018-11-27 10:00:00,104.44,99.36400585532189
2018-11-27 10:15:00,129.2,100.71144111633302
2018-11-27 10:30:00,131.8,103.52003051102162
2018-11-27 10:45:00,133.42,106.64806745529175
2018-11-27 11:00:00,151.67,108.9875361865759
2018-11-27 11:15:00,126.11,111.62662060022355
2018-11-27 11:30:00,145.01,116.70574322760106
2018-11-27 11:45:00,123.8,116.19933901309967
2018-11-27 12:00:00,108.61,118.8330343323946
2018-11-27 12:15:00,7.81,92.48946153521538
2018-11-27 12:30:00,5.51,13.572879671156405
2018-11-27 12:45:00,5.76,7.152437282130122
2018-11-27 13:00:00,6.34,9.008195499777793
2018-11-27 13:15:00,71.06,93.8656116873026
2018-11-27 13:30:00,121.25,111.67325423002244
2018-11-27 13:45:00,132.59,109.27738862633706
2018-11-27 14:00:00,126.68,111.00712624073029
2018-11-27 14:15:00,93.46,112.45038858115674
2018-11-27 14:30:00,77.36,106.57886250197888
2018-11-27 14:45:00,76.72,90.49158054947854
2018-11-27 15:00:00,107.42,85.07969930946828
2018-11-27 15:15:00,81.58,97.78276473581792
2018-11-27 15:30:00,79.38,90.18403391659261
2018-11-27 15:45:00,57.85,88.27527058780194
2018-11-27 16:00:00,59.08,68.50528813660145
2018-11-27 16:15:00,59.26,68.7749314725399
2018-11-27 16:30:00,53.46,67.10936000823975
2018-11-27 16:45:00,59.4,61.62083686470985
2018-11-27 17:00:00,47.48,62.60878360509872
2018-11-27 17:15:00,62.78,51.89151861131191
2018-11-27 17:30:00,50.15,57.93446280002594
2018-11-27 17:45:00,34.13,38.43713933214545
2018-11-27 18:00:00,31.93,31.3879479368031
2018-11-27 18:15:00,36.76,41.68379248857498
2018-11-27 18:30:00,56.84,47.242984622716904
2018-11-27 18:45:00,48.17,57.34771617054939
2018-11-27 19:00:00,61.16,48.37865991204977
2018-11-27 19:15:00,41.98,61.22253788292408
2018-11-27 19:30:00,43.38,46.96988328456879
2018-11-27 19:45:00,47.48,48.61269480705261
2018-11-27 20:00:00,48.46,48.73215306520462
2018-11-27 20:15:00,49.60999999999999,48.56716145068407
2018-11-27 20:30:00,49.21,47.559270570278166
2018-11-27 20:45:00,35.5,44.84789145588875
2018-11-27 21:00:00,29.99,27.92494958758354
2018-11-27 21:15:00,25.96,18.7653877209872
2018-11-27 21:30:00,25.020000000000003,16.66665769353509
2018-11-27 21:45:00,25.13,17.047891209870578
2018-11-27 22:00:00,25.2,14.705456231236457
2018-11-27 22:15:00,24.88,12.71853307068348
2018-11-27 22:30:00,24.77,14.576098880395293
2018-11-27 22:45:00,24.88,7.988942612111568
2018-11-27 23:00:00,23.65,12.447755779474972
2018-11-27 23:15:00,23.620000000000005,12.064536157324909
2018-11-27 23:30:00,23.58,13.691481287851929
2018-11-27 23:45:00,23.539999999999996,14.211137060821056
2018-11-28 00:00:00,3.92,14.954806258752942
2018-11-28 00:15:00,23.51,5.801457007490098
2018-11-28 00:30:00,23.65,15.923517300486564
2018-11-28 00:45:00,23.65,10.855088657215237
2018-11-28 01:00:00,23.65,13.33560121499002
2018-11-28 01:15:00,23.58,13.49806332334876
2018-11-28 01:30:00,23.65,15.200837502330542
2018-11-28 01:45:00,23.620000000000005,15.807184717059135
2018-11-28 02:00:00,23.65,16.272254577875138
2018-11-28 02:15:00,23.58,16.485673941522837
2018-11-28 02:30:00,23.65,16.467132088765503
2018-11-28 02:45:00,24.66,16.340742108002306
2018-11-28 03:00:00,24.12,17.416541190892456
2018-11-28 03:15:00,22.46,16.33481634967029
2018-11-28 03:30:00,22.39,13.941350015699863
2018-11-28 03:45:00,22.54,13.028582264259457
2018-11-28 04:00:00,22.46,12.009824499636888
2018-11-28 04:15:00,22.54,10.97656389620155
2018-11-28 04:30:00,22.5,9.84611995793879
2018-11-28 04:45:00,22.46,8.661341037228704
2018-11-28 05:00:00,22.46,7.7211680569127195
2018-11-28 05:15:00,22.46,7.3053068025410175
2018-11-28 05:30:00,22.54,6.938653031885623
2018-11-28 05:45:00,22.5,6.737337237335741
2018-11-28 06:00:00,23.620000000000005,6.772442696131765
2018-11-28 06:15:00,23.87,8.684635397568345
2018-11-28 06:30:00,24.55,10.744315261431037
2018-11-28 06:45:00,23.11,14.846204780265689
2018-11-28 07:00:00,22.5,15.842135239392519
2018-11-28 07:15:00,22.46,19.110638927966356
2018-11-28 07:30:00,22.93,23.187924424260853
2018-11-28 07:45:00,24.62,28.34128407180309
2018-11-28 08:00:00,25.090000000000003,34.5651513852179
2018-11-28 08:15:00,54.18,34.72179214894771
2018-11-28 08:30:00,52.27,65.00906826615334
2018-11-28 08:45:00,51.88,55.404238092303274
2018-11-28 09:00:00,54.43,58.37421289920807
2018-11-28 09:15:00,58.72,55.58696431815624
2018-11-28 09:30:00,52.78,60.10695044279098
2018-11-28 09:45:00,58.97,55.520067693591116
2018-11-28 10:00:00,51.16,59.45540893554688
2018-11-28 10:15:00,50.0,53.36128631412983
2018-11-28 10:30:00,48.56,52.77881503283977
2018-11-28 10:45:00,66.2,50.7768562990427
2018-11-28 11:00:00,62.099999999999994,63.63995088219642
2018-11-28 11:15:00,51.98,62.843550518751144
2018-11-28 11:30:00,53.89,57.20164476811886
2018-11-28 11:45:00,63.94,52.800227701067925
2018-11-28 12:00:00,51.77,49.374344493746754
2018-11-28 12:15:00,8.5,21.556867863833904
2018-11-28 12:30:00,6.98,8.7427741824463
2018-11-28 12:45:00,7.419999999999999,6.954765301272273
2018-11-28 13:00:00,8.28,9.669243706278502
2018-11-28 13:15:00,60.88,36.31179503768682
2018-11-28 13:30:00,71.89,71.675225289464
2018-11-28 13:45:00,79.24,66.66944823622704
2018-11-28 14:00:00,58.39,74.30881282687187
2018-11-28 14:15:00,84.46,61.28683876037598
2018-11-28 14:30:00,62.39000000000001,77.25225532591344
2018-11-28 14:45:00,92.81,61.727469078302384
2018-11-28 15:00:00,98.53,80.19577866137028
2018-11-28 15:15:00,105.91,85.36537520110608
2018-11-28 15:30:00,96.91,92.48611131489278
2018-11-28 15:45:00,65.66,93.82886704564095
2018-11-28 16:00:00,73.44,78.21499008655549
2018-11-28 16:15:00,100.84,80.18642858266831
2018-11-28 16:30:00,97.63,89.0155345517397
2018-11-28 16:45:00,83.3,92.27405045211316
2018-11-28 17:00:00,111.78,90.74773318588734
2018-11-28 17:15:00,83.74,92.92224173903466
2018-11-28 17:30:00,90.11,68.44723860859871
2018-11-28 17:45:00,37.91,68.41814648091793
2018-11-28 18:00:00,31.679999999999996,27.335012165158986
2018-11-28 18:15:00,35.17,54.9027918446064
2018-11-28 18:30:00,60.73,54.618804535865785
2018-11-28 18:45:00,50.43999999999999,73.20410237550736
2018-11-28 19:00:00,62.21,50.78445492208004
2018-11-28 19:15:00,50.65,67.31454079389572
2018-11-28 19:30:00,54.07,52.9185273039341
2018-11-28 19:45:00,40.86,59.53761058807373
2018-11-28 20:00:00,50.8,47.065970836877824
2018-11-28 20:15:00,49.82,52.065640249848364
2018-11-28 20:30:00,41.44,49.769284273386
2018-11-28 20:45:00,20.449999999999996,42.51997335016728
2018-11-28 21:00:00,8.859999999999998,15.396576145589352
2018-11-28 21:15:00,6.34,5.326991036124527
2018-11-28 21:30:00,5.54,4.308912521936
2018-11-28 21:45:00,5.54,4.107296397648752
2018-11-28 22:00:00,5.54,3.996086822040379
2018-11-28 22:15:00,5.18,4.020839606039226
2018-11-28 22:30:00,5.22,4.223056389801204
2018-11-28 22:45:00,5.1499999999999995,4.259676408655942
2018-11-28 23:00:00,5.11,4.294142473861575
2018-11-28 23:15:00,5.11,4.2710429068282245
2018-11-28 23:30:00,4.61,4.234973586052656
2018-11-28 23:45:00,3.92,4.188762101978064
2018-11-29 00:00:00,4.07,4.137345650941134
2018-11-29 00:15:00,3.89,4.107771872952581
2018-11-29 00:30:00,4.03,4.107066238410771
2018-11-29 00:45:00,4.0,4.096305451989174
2018-11-29 01:00:00,4.0,4.081373169720173
2018-11-29 01:15:00,4.0,4.065351841300726
2018-11-29 01:30:00,4.0,4.05157709158957
2018-11-29 01:45:00,4.1,4.039456120207906
2018-11-29 02:00:00,4.0,4.029523345679045
2018-11-29 02:15:00,3.9599999999999995,4.017382726557553
2018-11-29 02:30:00,4.03,4.000824734158814
2018-11-29 02:45:00,4.03,3.9857554790750145
2018-11-29 03:00:00,4.79,3.9713508789613843
2018-11-29 03:15:00,5.1499999999999995,3.9624701005592944
2018-11-29 03:30:00,4.18,3.9577989907562734
2018-11-29 03:45:00,4.0,3.9331242363527417
2018-11-29 04:00:00,4.0,3.8939219431206586
2018-11-29 04:15:00,4.07,3.861591867916286
2018-11-29 04:30:00,3.71,3.828930587954819
2018-11-29 04:45:00,3.35,3.7917104709893468
2018-11-29 05:00:00,3.35,3.7456067688018084
2018-11-29 05:15:00,3.38,3.7009474561735987
2018-11-29 05:30:00,3.4599999999999995,3.662172922305763
2018-11-29 05:45:00,3.38,3.6265684109181167
2018-11-29 06:00:00,3.38,3.5939509173482658
2018-11-29 06:15:00,3.35,3.564753814600408
2018-11-29 06:30:00,3.31,3.5440119763463738
2018-11-29 06:45:00,3.71,3.5386924911290407
2018-11-29 07:00:00,4.68,3.5809137999266385
2018-11-29 07:15:00,3.89,3.7398146151006224
2018-11-29 07:30:00,4.25,4.080327348597348
2018-11-29 07:45:00,5.62,4.8475244342908255
2018-11-29 08:00:00,5.69,7.5000905656442045
2018-11-29 08:15:00,41.58,23.047017570585012
2018-11-29 08:30:00,73.98,73.26347223162651
2018-11-29 08:45:00,88.06,82.00810414671899
2018-11-29 09:00:00,100.58,91.03370547771455
2018-11-29 09:15:00,82.07999999999998,95.9586550974846
2018-11-29 09:30:00,102.82,90.1396816700697
2018-11-29 09:45:00,128.41,94.69868483781815
2018-11-29 10:00:00,104.26,100.2066266846657
2018-11-29 10:15:00,104.9,101.6024739766121
2018-11-29 10:30:00,116.71,101.36300058722497
2018-11-29 10:45:00,93.01999999999998,103.07159498810769
2018-11-29 11:00:00,56.05,101.66299350619317
2018-11-29 11:15:00,55.55,87.30899698853493
2018-11-29 11:30:00,57.35,80.19764688074589
2018-11-29 11:45:00,64.58,72.58334157884121
2018-11-29 12:00:00,46.01,69.77882993221283
2018-11-29 12:15:00,9.36,10.828469337932765
2018-11-29 12:30:00,6.84,8.310018678642809
2018-11-29 12:45:00,6.19,6.778247761204838
2018-11-29 13:00:00,6.34,7.652077621854842
2018-11-29 13:15:00,40.209999999999994,41.50132673561573
2018-11-29 13:30:00,62.24,59.33830391526222
2018-11-29 13:45:00,77.36,60.65594646632671
2018-11-29 14:00:00,64.76,68.4099999666214
2018-11-29 14:15:00,57.28,63.488957440257074
2018-11-29 14:30:00,50.54,60.93762544631958
2018-11-29 14:45:00,59.51,53.776471124887465
2018-11-29 15:00:00,57.46,59.76543455183506
2018-11-29 15:15:00,59.69,58.83111828207969
2018-11-29 15:30:00,57.67,60.36591439008713
2018-11-29 15:45:00,66.2,59.62115951418877
2018-11-29 16:00:00,63.49999999999999,63.85780502140522
2018-11-29 16:15:00,50.36,63.590793359875676
2018-11-29 16:30:00,70.24,55.99155955851078
2018-11-29 16:45:00,59.22,66.0476724934578
2018-11-29 17:00:00,56.88,59.18447221696377
2018-11-29 17:15:00,59.8,57.79468765616417
2018-11-29 17:30:00,51.7,54.04467736899853
2018-11-29 17:45:00,33.59,45.35042001336813
2018-11-29 18:00:00,33.05,28.840291754305362
2018-11-29 18:15:00,43.99,38.1618419380486
2018-11-29 18:30:00,46.91,50.265018081068995
2018-11-29 18:45:00,59.83,46.96107211530209
2018-11-29 19:00:00,51.88,57.34005467474461
2018-11-29 19:15:00,39.89,53.01438132882118
2018-11-29 19:30:00,39.49,45.651585060358045
2018-11-29 19:45:00,63.49999999999999,44.51632742583752
2018-11-29 20:00:00,40.57,57.53429559886455
2018-11-29 20:15:00,39.82,46.68364153802395
2018-11-29 20:30:00,54.07,43.73280699789524
2018-11-29 20:45:00,33.41,48.602046854794025
2018-11-29 21:00:00,27.679999999999996,30.62163892894983
2018-11-29 21:15:00,5.72,23.6890091535449
2018-11-29 21:30:00,5.69,5.409017543084919
2018-11-29 21:45:00,5.65,4.649172641634941
2018-11-29 22:00:00,4.61,4.337392201498151
2018-11-29 22:15:00,4.21,4.1270182375237345
2018-11-29 22:30:00,4.14,4.240715216994285
2018-11-29 22:45:00,4.18,4.28906942743808
2018-11-29 23:00:00,4.03,4.321427009478212
2018-11-29 23:15:00,4.03,4.300502166561783
2018-11-29 23:30:00,3.9599999999999995,4.26309960629791
2018-11-29 23:45:00,4.0,4.217402893006802
2018-11-30 00:00:00,3.9599999999999995,4.17503731366247
2018-11-30 00:15:00,4.07,4.144012971110642
2018-11-30 00:30:00,4.0,4.130055778101086
2018-11-30 00:45:00,4.0,4.119937753453851
2018-11-30 01:00:00,4.0,4.097798680216074
2018-11-30 01:15:00,4.97,4.076133959554136
2018-11-30 01:30:00,5.18,4.066941624134779
2018-11-30 01:45:00,4.0,4.065202518478036
2018-11-30 02:00:00,4.0,4.045284762568772
2018-11-30 02:15:00,4.1,4.016269541755319
2018-11-30 02:30:00,4.1,3.9945986460894347
2018-11-30 02:45:00,4.07,3.975391015633941
2018-11-30 03:00:00,3.85,3.9537313472479583
2018-11-30 03:15:00,3.4599999999999995,3.926798786856234
2018-11-30 03:30:00,3.42,3.891386261954904
2018-11-30 03:45:00,3.4599999999999995,3.8533549740165474
2018-11-30 04:00:00,3.42,3.8187238677963613
2018-11-30 04:15:00,3.42,3.7845283800363543
2018-11-30 04:30:00,3.4599999999999995,3.749073191471398
2018-11-30 04:45:00,3.4599999999999995,3.7130572002753617
2018-11-30 05:00:00,3.4599999999999995,3.6758713265135885
2018-11-30 05:15:00,3.4599999999999995,3.6374566269665958
2018-11-30 05:30:00,3.92,3.598803909085691
2018-11-30 05:45:00,4.93,3.5685851238667965
2018-11-30 06:00:00,5.11,3.5557804111391307
2018-11-30 06:15:00,3.67,3.547270694337785
2018-11-30 06:30:00,3.42,3.5150820828601717
2018-11-30 06:45:00,3.31,3.476786392480135
2018-11-30 07:00:00,3.35,3.4729393650218845
2018-11-30 07:15:00,3.28,3.531126988567412
2018-11-30 07:30:00,3.74,3.730517304614186
2018-11-30 07:45:00,5.22,4.305101421773434
2018-11-30 08:00:00,5.33,5.5679509173706165
2018-11-30 08:15:00,35.57,17.45051044896245
2018-11-30 08:30:00,62.71,65.54191497027874
2018-11-30 08:45:00,63.18,74.85165630102158
2018-11-30 09:00:00,68.11,72.38738512635231
2018-11-30 09:15:00,51.48,71.43480880856514
2018-11-30 09:30:00,57.67,59.41343687236309
2018-11-30 09:45:00,59.26,60.22083997011185
2018-11-30 10:00:00,63.21999999999999,59.250578441023826
2018-11-30 10:15:00,49.21,61.07607128024101
2018-11-30 10:30:00,60.34,52.7054155677557
2018-11-30 10:45:00,73.26,59.289236211180686
2018-11-30 11:00:00,60.34,67.44808255195618
2018-11-30 11:15:00,69.62,63.61905915975571
2018-11-30 11:30:00,54.18,70.22557687222958
2018-11-30 11:45:00,49.32,61.053401156663895
2018-11-30 12:00:00,61.06,50.40543093442917
2018-11-30 12:15:00,5.65,19.540028493255377
2018-11-30 12:30:00,6.34,8.240851336717606
2018-11-30 12:45:00,6.48,6.863768759034573
2018-11-30 13:00:00,6.41,7.237997575439512
2018-11-30 13:15:00,41.76,40.630880215764044
2018-11-30 13:30:00,62.96000000000001,61.27687791764736
2018-11-30 13:45:00,50.72,61.20406227111816
2018-11-30 14:00:00,48.24,51.65297034978867
2018-11-30 14:15:00,50.29,49.94839980602264
2018-11-30 14:30:00,51.77,51.21653454363346
2018-11-30 14:45:00,52.96,52.643782292008396
2018-11-30 15:00:00,44.71000000000001,53.72186163544655
2018-11-30 15:15:00,51.19,49.21186329901219
2018-11-30 15:30:00,42.77,51.29727215886116
2018-11-30 15:45:00,41.72,46.622807644605636
2018-11-30 16:00:00,45.72,43.989534471035
2018-11-30 16:15:00,67.68,45.366960042119025
2018-11-30 16:30:00,44.75,59.779661760926246
2018-11-30 16:45:00,48.28,48.10103622555733
2018-11-30 17:00:00,66.13,47.887403543591496
2018-11-30 17:15:00,44.419999999999995,58.16574476599693
2018-11-30 17:30:00,49.43,42.389512357711794
2018-11-30 17:45:00,28.8,47.266040964722634
2018-11-30 18:00:00,28.66,23.872979362010955
2018-11-30 18:15:00,42.84,32.48123126268387
2018-11-30 18:30:00,50.54,47.68764777958393
2018-11-30 18:45:00,45.61,49.213264463543894
2018-11-30 19:00:00,63.11,45.72123012304306
2018-11-30 19:15:00,44.96,59.59771695375442
2018-11-30 19:30:00,66.46,50.32706452071667
2018-11-30 19:45:00,45.61,61.3253977304697
2018-11-30 20:00:00,38.09,54.247271389365196
2018-11-30 20:15:00,54.79,47.33445102661848
2018-11-30 20:30:00,52.63,51.133111363053324
2018-11-30 20:45:00,37.91,48.425271087288856
2018-11-30 21:00:00,9.139999999999999,31.6306166100502
2018-11-30 21:15:00,5.69,6.497954788915813
2018-11-30 21:30:00,5.58,4.637357613630593
2018-11-30 21:45:00,5.47,4.4857702485844495
2018-11-30 22:00:00,5.44,4.284088444709778
2018-11-30 22:15:00,5.22,4.209213153682649
2018-11-30 22:30:00,5.18,4.35824294436723
2018-11-30 22:45:00,5.11,4.4095774362608795
2018-11-30 23:00:00,3.92,4.3690295535326005
2018-11-30 23:15:00,3.92,4.311709237359464
2018-11-30 23:30:00,3.89,4.246358047872782
2018-11-30 23:45:00,3.8200000000000003,4.194895003624261
2018-12-01 00:00:00,3.35,4.15183277156204
2018-12-01 00:15:00,3.89,4.100888427644968
2018-12-01 00:30:00,3.85,4.033464120924473
2018-12-01 00:45:00,3.89,3.9423154490441084
2018-12-01 01:00:00,3.89,3.8958547193557025
2018-12-01 01:15:00,4.03,3.872381845265627
2018-12-01 01:30:00,3.89,3.85897310487926
2018-12-01 01:45:00,3.92,3.846331749074161
2018-12-01 02:00:00,3.92,3.832504231147468
2018-12-01 02:15:00,3.9599999999999995,3.8193054408952594
2018-12-01 02:30:00,4.03,3.8041227902844548
2018-12-01 02:45:00,4.14,3.787624863833189
2018-12-01 03:00:00,5.080000000000001,3.7709197940677406
2018-12-01 03:15:00,4.72,3.760202794037759
2018-12-01 03:30:00,3.9599999999999995,3.7460401418060063
2018-12-01 03:45:00,3.92,3.7139138417318462
2018-12-01 04:00:00,3.35,3.6758926583454015
2018-12-01 04:15:00,3.28,3.635124159567058
2018-12-01 04:30:00,3.35,3.5927703688666224
2018-12-01 04:45:00,3.24,3.560654734708369
2018-12-01 05:00:00,3.31,3.5308558497577907
2018-12-01 05:15:00,3.31,3.5046255557239054
2018-12-01 05:30:00,3.28,3.483675451427698
2018-12-01 05:45:00,3.28,3.4668715815991162
2018-12-01 06:00:00,3.2,3.458421369381249
2018-12-01 06:15:00,3.4599999999999995,3.4634102112054825
2018-12-01 06:30:00,4.03,3.498567315489054
2018-12-01 06:45:00,3.89,3.601482176706195
2018-12-01 07:00:00,3.89,3.7826124447211624
2018-12-01 07:15:00,4.46,4.075293036289513
2018-12-01 07:30:00,3.67,4.499312593601644
2018-12-01 07:45:00,3.4599999999999995,4.712772936820984
2018-12-01 08:00:00,3.4599999999999995,4.91609785310924
2018-12-01 08:15:00,3.71,5.818176111355424
2018-12-01 08:30:00,4.72,7.03056852698326
2018-12-01 08:45:00,4.46,7.273685730062424
2018-12-01 09:00:00,5.22,4.132304602265358
2018-12-01 09:15:00,28.58,3.7521724820882083
2018-12-01 09:30:00,30.560000000000002,24.827295908182858
2018-12-01 09:45:00,28.08,22.68910760551691
2018-12-01 10:00:00,28.58,19.083681106194852
2018-12-01 10:15:00,28.73,18.22725858166814
2018-12-01 10:30:00,29.56,18.98208545036614
2018-12-01 10:45:00,30.06,20.92047195717692
2018-12-01 11:00:00,29.2,22.646857105791568
2018-12-01 11:15:00,27.94,23.02496719285846
2018-12-01 11:30:00,27.94,22.472416612505913
2018-12-01 11:45:00,25.63,22.343695848435164
2018-12-01 12:00:00,3.64,20.37561767719686
2018-12-01 12:15:00,3.85,4.278117215894163
2018-12-01 12:30:00,3.71,3.1288630928844214
2018-12-01 12:45:00,3.74,3.7409137658029796
2018-12-01 13:00:00,3.71,4.476807511039079
2018-12-01 13:15:00,11.3,4.752210441567003
2018-12-01 13:30:00,27.29,5.637217059358954
2018-12-01 13:45:00,26.86,19.2145563852787
2018-12-01 14:00:00,25.31,21.964853742718695
2018-12-01 14:15:00,26.209999999999997,19.807827187106014
2018-12-01 14:30:00,26.279999999999998,21.280039068758487
2018-12-01 14:45:00,18.68,22.80527851611376
2018-12-01 15:00:00,5.18,14.87606148570776
2018-12-01 15:15:00,5.080000000000001,4.629830283820629
2018-12-01 15:30:00,4.75,4.064606349915266
2018-12-01 15:45:00,4.75,4.162184884995222
2018-12-01 16:00:00,4.72,4.0230586779117585
2018-12-01 16:15:00,4.64,3.8788285493850707
2018-12-01 16:30:00,4.72,3.718067935295403
2018-12-01 16:45:00,4.68,3.5824788827449083
2018-12-01 17:00:00,4.64,3.479085178039968
2018-12-01 17:15:00,4.79,3.450709912180901
2018-12-01 17:30:00,4.75,3.5238601316511633
2018-12-01 17:45:00,4.72,3.624332498125732
2018-12-01 18:00:00,4.68,3.7313256687670946
2018-12-01 18:15:00,5.76,3.831876626200974
2018-12-01 18:30:00,5.4,4.026683966591954
2018-12-01 18:45:00,4.79,4.127617774270475
2018-12-01 19:00:00,4.79,4.176334064491093
2018-12-01 19:15:00,4.79,4.245001231096685
2018-12-01 19:30:00,4.79,4.291697172299028
2018-12-01 19:45:00,4.9,4.26119153007865
2018-12-01 20:00:00,4.75,4.2083273212984205
2018-12-01 20:15:00,4.79,4.129387193582952
2018-12-01 20:30:00,4.75,4.043986327648163
2018-12-01 20:45:00,4.82,3.9765468640998005
2018-12-01 21:00:00,4.82,3.9340566619485617
2018-12-01 21:15:00,4.75,3.909140521027148
2018-12-01 21:30:00,4.79,3.8895416198670865
2018-12-01 21:45:00,4.79,3.871874933578074
2018-12-01 22:00:00,4.9,3.856092746220529
2018-12-01 22:15:00,5.76,3.8429383037239315
2018-12-01 22:30:00,4.61,3.8610602562129497
2018-12-01 22:45:00,3.42,3.8729892411082982
2018-12-01 23:00:00,3.42,3.8443473273515703
2018-12-01 23:15:00,3.28,3.816802880205214
2018-12-01 23:30:00,3.38,3.800117458179593
2018-12-01 23:45:00,3.31,3.7882457324117422
2018-12-02 00:00:00,4.36,3.7815626940503715
2018-12-02 00:15:00,3.35,3.7809025299921633
2018-12-02 00:30:00,3.35,3.7692087566107513
2018-12-02 00:45:00,3.38,3.754126590155065
2018-12-02 01:00:00,3.89,3.753722408078611
2018-12-02 01:15:00,4.46,3.7639364259690047
2018-12-02 01:30:00,4.43,3.7842768889665606
2018-12-02 01:45:00,4.14,3.798741555027664
2018-12-02 02:00:00,3.4599999999999995,3.799510623700917
2018-12-02 02:15:00,3.38,3.7847029642388224
2018-12-02 02:30:00,3.38,3.763835380449891
2018-12-02 02:45:00,3.38,3.7500162829831245
2018-12-02 03:00:00,4.32,3.7373103703185917
2018-12-02 03:15:00,4.64,3.737288477122784
2018-12-02 03:30:00,3.8200000000000003,3.746559964865446
2018-12-02 03:45:00,3.4599999999999995,3.731778128147125
2018-12-02 04:00:00,3.42,3.6980620452389124
2018-12-02 04:15:00,3.4599999999999995,3.669287649579346
2018-12-02 04:30:00,4.32,3.6431516646966338
2018-12-02 04:45:00,4.5,3.630967820547521
2018-12-02 05:00:00,4.54,3.6303385315090417
2018-12-02 05:15:00,4.39,3.61931839492172
2018-12-02 05:30:00,3.35,3.6055082792788746
2018-12-02 05:45:00,3.4599999999999995,3.5747881960123777
2018-12-02 06:00:00,3.35,3.5476069513708355
2018-12-02 06:15:00,3.42,3.553900964483619
2018-12-02 06:30:00,3.42,3.5915280703455212
2018-12-02 06:45:00,3.38,3.684135165885091
2018-12-02 07:00:00,3.4599999999999995,3.8449013936147094
2018-12-02 07:15:00,3.38,4.059994183331728
2018-12-02 07:30:00,3.4599999999999995,4.31115573246032
2018-12-02 07:45:00,3.4599999999999995,4.5739105708152055
2018-12-02 08:00:00,3.49,4.771856497302651
2018-12-02 08:15:00,4.57,4.841791223809123
2018-12-02 08:30:00,4.54,5.98978620737791
2018-12-02 08:45:00,5.54,5.1790261529386035
2018-12-02 09:00:00,4.75,4.4597470978647475
2018-12-02 09:15:00,3.74,3.8871451569721103
2018-12-02 09:30:00,3.71,3.4237689313292505
2018-12-02 09:45:00,3.6,3.14265917442739
2018-12-02 10:00:00,3.56,2.980390175282955
2018-12-02 10:15:00,3.6,2.9264386044442654
2018-12-02 10:30:00,3.64,2.949195178076625
2018-12-02 10:45:00,3.64,3.0050845774263144
2018-12-02 11:00:00,3.64,3.061049199551344
2018-12-02 11:15:00,3.64,3.1068071015179157
2018-12-02 11:30:00,3.56,3.1377966395020485
2018-12-02 11:45:00,3.64,3.1441243344545367
2018-12-02 12:00:00,4.03,3.1597414807975293
2018-12-02 12:15:00,4.86,3.2141449496522547
2018-12-02 12:30:00,4.75,3.330434308052063
2018-12-02 12:45:00,5.359999999999999,3.335180079266429
2018-12-02 13:00:00,4.9,3.4172060248628258
2018-12-02 13:15:00,3.78,3.3850050633773208
2018-12-02 13:30:00,3.64,3.2497376723960043
2018-12-02 13:45:00,3.6,3.2181514044851065
2018-12-02 14:00:00,3.6,3.2181283885613086
2018-12-02 14:15:00,3.6,3.218533132001758
2018-12-02 14:30:00,3.56,3.2168894582241774
2018-12-02 14:45:00,3.56,3.213417983278632
2018-12-02 15:00:00,3.64,3.2186577548086643
2018-12-02 15:15:00,3.6,3.239453484006226
2018-12-02 15:30:00,3.56,3.2537738795205953
2018-12-02 15:45:00,3.85,3.244475446306169
2018-12-02 16:00:00,4.68,3.274449476823211
2018-12-02 16:15:00,4.72,3.380015098825097
2018-12-02 16:30:00,4.72,3.4209710931777955
2018-12-02 16:45:00,3.89,3.450623462125659
2018-12-02 17:00:00,3.5299999999999994,3.4012655328586696
2018-12-02 17:15:00,3.6,3.38604358676821
2018-12-02 17:30:00,3.6,3.429049682430923
2018-12-02 17:45:00,3.74,3.4811835566535594
2018-12-02 18:00:00,4.72,3.5515780402719974
2018-12-02 18:15:00,3.89,3.711075024008751
2018-12-02 18:30:00,3.5299999999999994,3.7301221043616533
2018-12-02 18:45:00,3.5299999999999994,3.7458700485154988
2018-12-02 19:00:00,3.56,3.797558199726045
2018-12-02 19:15:00,3.67,3.856936476305127
2018-12-02 19:30:00,3.56,3.9189076931774616
2018-12-02 19:45:00,4.39,3.9624094732478263
2018-12-02 20:00:00,4.72,3.991594225987792
2018-12-02 20:15:00,4.68,3.9825961225107314
2018-12-02 20:30:00,4.75,3.962691839337349
2018-12-02 20:45:00,3.71,3.935620060674846
2018-12-02 21:00:00,3.5299999999999994,3.8938641226291657
2018-12-02 21:15:00,3.6,3.8455789599567654
2018-12-02 21:30:00,3.6,3.814630401544273
2018-12-02 21:45:00,3.6,3.7959594350680708
2018-12-02 22:00:00,3.56,3.783124970048666
2018-12-02 22:15:00,4.07,3.774057257436216
2018-12-02 22:30:00,4.32,3.7849651212245226
2018-12-02 22:45:00,3.35,3.808563740849495
2018-12-02 23:00:00,3.31,3.80535554561764
2018-12-02 23:15:00,3.31,3.7914034048840404
2018-12-02 23:30:00,3.28,3.786771590560675
2018-12-02 23:45:00,3.35,3.78323162920773
2018-12-03 00:00:00,4.57,3.7813729530200364
2018-12-03 00:15:00,4.43,3.8210316351801157
2018-12-03 00:30:00,4.36,3.856414969153702
2018-12-03 00:45:00,4.21,3.918828540854156
2018-12-03 01:00:00,3.35,3.952781519368291
2018-12-03 01:15:00,3.38,3.9481446527689696
2018-12-03 01:30:00,3.35,3.93172924682498
2018-12-03 01:45:00,3.42,3.926461968459189
2018-12-03 02:00:00,3.49,3.9240104918926955
2018-12-03 02:15:00,3.42,3.9221888657286765
2018-12-03 02:30:00,3.38,3.918216092735529
2018-12-03 02:45:00,4.36,3.910659010633826
2018-12-03 03:00:00,4.14,3.91187941595912
2018-12-03 03:15:00,3.42,3.9140861378237606
2018-12-03 03:30:00,3.38,3.892172171548009
2018-12-03 03:45:00,3.35,3.8636908078938723
2018-12-03 04:00:00,3.35,3.8409078501537444
2018-12-03 04:15:00,4.1,3.8159883410483597
2018-12-03 04:30:00,4.43,3.7970990039780737
2018-12-03 04:45:00,4.5,3.7853170964494347
2018-12-03 05:00:00,3.78,3.764185671582818
2018-12-03 05:15:00,3.31,3.727820511981845
2018-12-03 05:30:00,3.38,3.678553523682058
2018-12-03 05:45:00,3.31,3.6354329097643494
2018-12-03 06:00:00,3.31,3.5960869073495267
2018-12-03 06:15:00,3.35,3.569371033459902
2018-12-03 06:30:00,3.31,3.5500107119977473
2018-12-03 06:45:00,3.24,3.5492040319368243
2018-12-03 07:00:00,3.24,3.582079191580415
2018-12-03 07:15:00,4.21,3.6878042409569027
2018-12-03 07:30:00,5.76,4.005032157301903
2018-12-03 07:45:00,5.98,4.750737983807921
2018-12-03 08:00:00,5.58,5.854879212081432
2018-12-03 08:15:00,34.99,16.66853826291859
2018-12-03 08:30:00,56.84,63.86206240594387
2018-12-03 08:45:00,61.06,68.8501183205843
2018-12-03 09:00:00,57.88999999999999,67.9096045923233
2018-12-03 09:15:00,70.49,62.95649695456028
2018-12-03 09:30:00,50.11,68.88613543450832
2018-12-03 09:45:00,66.38,56.55760308384895
2018-12-03 10:00:00,56.88,64.48859851539135
2018-12-03 10:15:00,47.089999999999996,59.37029717206955
2018-12-03 10:30:00,55.8,50.85427063941955
2018-12-03 10:45:00,66.89,56.31809376716614
2018-12-03 11:00:00,62.89,63.74886447906494
2018-12-03 11:15:00,63.790000000000006,63.86638266324997
2018-12-03 11:30:00,58.1,66.00919435977936
2018-12-03 11:45:00,54.5,62.28461161613464
2018-12-03 12:00:00,35.35,53.86023561477661
2018-12-03 12:15:00,6.34,11.13599183216691
2018-12-03 12:30:00,5.76,7.877450109049677
2018-12-03 12:45:00,6.3,6.341270800158381
2018-12-03 13:00:00,6.19,8.280090679973364
2018-12-03 13:15:00,35.35,36.60820196345448
2018-12-03 13:30:00,51.95,51.69998121619224
2018-12-03 13:45:00,48.46,53.00742939710617
2018-12-03 14:00:00,65.02,47.500129750669004
2018-12-03 14:15:00,69.91,58.177564846277235
2018-12-03 14:30:00,55.12,62.01777060925961
2018-12-03 14:45:00,56.84,56.052698833942415
2018-12-03 15:00:00,54.22,56.865392225980756
2018-12-03 15:15:00,49.97,55.608260222673415
2018-12-03 15:30:00,48.17,52.86950450897217
2018-12-03 15:45:00,49.86,50.37700346171856
2018-12-03 16:00:00,58.75,51.61700712680817
2018-12-03 16:15:00,65.7,57.07581839680672
2018-12-03 16:30:00,51.88,61.81420655190944
2018-12-03 16:45:00,57.199999999999996,53.63798936367035
2018-12-03 17:00:00,76.03,56.12024214982986
2018-12-03 17:15:00,72.18,64.79495954751968
2018-12-03 17:30:00,61.42,60.62343226373196
2018-12-03 17:45:00,36.61,47.716353688836094
2018-12-03 18:00:00,29.56,24.863816004246473
2018-12-03 18:15:00,34.13,35.10010208159685
2018-12-03 18:30:00,42.26,48.771583272218706
2018-12-03 18:45:00,56.81,47.105095661878586
2018-12-03 19:00:00,43.019999999999996,55.33866179585457
2018-12-03 19:15:00,47.74,44.047036107778545
2018-12-03 19:30:00,39.17,49.322716969847676
2018-12-03 19:45:00,43.67,42.30355630278587
2018-12-03 20:00:00,50.43999999999999,44.69065564632416
2018-12-03 20:15:00,46.22,47.74678410828113
2018-12-03 20:30:00,45.36,45.52544432520866
2018-12-03 20:45:00,50.11,43.11138603717089
2018-12-03 21:00:00,25.45,43.028919420838356
2018-12-03 21:15:00,8.6,15.454535855352878
2018-12-03 21:30:00,6.19,5.39294849872589
2018-12-03 21:45:00,5.62,4.459228958897293
2018-12-03 22:00:00,4.93,4.190372655279934
2018-12-03 22:15:00,4.72,3.8796324226260186
2018-12-03 22:30:00,4.75,4.004778982140124
2018-12-03 22:45:00,4.68,4.0910471554473045
2018-12-03 23:00:00,4.68,4.228118770308793
2018-12-03 23:15:00,4.61,4.232710166424513
2018-12-03 23:30:00,4.57,4.211389000527561
2018-12-03 23:45:00,4.61,4.171764000207186
2018-12-04 00:00:00,3.89,4.133904489651322
2018-12-04 00:15:00,4.61,4.08649842299521
2018-12-04 00:30:00,4.57,4.052755955979228
2018-12-04 00:45:00,4.61,4.043472118228674
2018-12-04 01:00:00,4.64,4.036662211604416
2018-12-04 01:15:00,5.04,4.035688806436956
2018-12-04 01:30:00,5.8,4.0350578333064915
2018-12-04 01:45:00,4.68,4.038345742225647
2018-12-04 02:00:00,3.6,4.029253890961408
2018-12-04 02:15:00,3.56,3.9931132769584656
2018-12-04 02:30:00,3.64,3.958909368738532
2018-12-04 02:45:00,3.67,3.944931966625154
2018-12-04 03:00:00,3.64,3.933050136305392
2018-12-04 03:15:00,3.64,3.92080005120486
2018-12-04 03:30:00,3.71,3.907401415370405
2018-12-04 03:45:00,3.67,3.89348520193249
2018-12-04 04:00:00,3.71,3.876569620668888
2018-12-04 04:15:00,3.67,3.856308871358633
2018-12-04 04:30:00,3.6,3.8331430633738637
2018-12-04 04:45:00,4.36,3.805703591294587
2018-12-04 05:00:00,4.64,3.785394564680755
2018-12-04 05:15:00,4.72,3.774766260161996
2018-12-04 05:30:00,5.44,3.7540087037160994
2018-12-04 05:45:00,4.43,3.73748495452106
2018-12-04 06:00:00,3.64,3.7118412858620284
2018-12-04 06:15:00,3.56,3.626517326794565
2018-12-04 06:30:00,3.67,3.6275816729292276
2018-12-04 06:45:00,3.64,3.638980730213225
2018-12-04 07:00:00,3.56,3.697284556105733
2018-12-04 07:15:00,3.56,3.857411951608956
2018-12-04 07:30:00,3.8200000000000003,4.23268771186471
2018-12-04 07:45:00,4.54,4.977119803465903
2018-12-04 08:00:00,5.940000000000001,6.213480216227471
2018-12-04 08:15:00,28.4,20.195968848764895
2018-12-04 08:30:00,55.04,57.795621765851976
2018-12-04 08:45:00,61.129999999999995,68.05443650305271
2018-12-04 09:00:00,82.33,66.3553358900547
2018-12-04 09:15:00,82.37,79.0738410717249
2018-12-04 09:30:00,64.08,80.19783549904824
2018-12-04 09:45:00,59.36,70.61266653776168
2018-12-04 10:00:00,52.16,63.63294505953789
2018-12-04 10:15:00,56.95,55.52691184341907
2018-12-04 10:30:00,53.42,58.70914511322975
2018-12-04 10:45:00,58.86,55.36044271886349
2018-12-04 11:00:00,59.98,58.747389719486236
2018-12-04 11:15:00,61.24,59.907365333437916
2018-12-04 11:30:00,84.1,61.7098108124733
2018-12-04 11:45:00,63.86,76.99689309000969
2018-12-04 12:00:00,49.86,68.69353818416596
2018-12-04 12:15:00,6.91,34.19818998709321
2018-12-04 12:30:00,7.38,8.748783022649585
2018-12-04 12:45:00,6.62,6.591969223991036
2018-12-04 13:00:00,6.55,7.207288158088922
2018-12-04 13:15:00,32.51,40.88451794147491
2018-12-04 13:30:00,57.28,56.51740043997764
2018-12-04 13:45:00,55.510000000000005,59.09330670416355
2018-12-04 14:00:00,56.12,52.71883441269398
2018-12-04 14:15:00,58.82,54.46848473072052
2018-12-04 14:30:00,52.88,56.317923112511636
2018-12-04 14:45:00,53.46,54.34196675896644
2018-12-04 15:00:00,62.96000000000001,54.78989929974079
2018-12-04 15:15:00,64.62,59.544463719725606
2018-12-04 15:30:00,60.01,61.821077647209165
2018-12-04 15:45:00,55.66,60.681014736890795
2018-12-04 16:00:00,53.81999999999999,58.0314485347271
2018-12-04 16:15:00,71.86,56.6251463997364
2018-12-04 16:30:00,60.73,66.71406095564366
2018-12-04 16:45:00,68.22,61.43481430947781
2018-12-04 17:00:00,80.46,65.71603660881519
2018-12-04 17:15:00,61.52,71.45415565729141
2018-12-04 17:30:00,71.1,57.848174417614935
2018-12-04 17:45:00,35.21,61.25222281098366
2018-12-04 18:00:00,30.31,23.961162909269333
2018-12-04 18:15:00,43.56,36.387040267586706
2018-12-04 18:30:00,40.97,55.70324301064014
2018-12-04 18:45:00,38.56,40.599614486694335
2018-12-04 19:00:00,41.65,39.378115624338385
2018-12-04 19:15:00,49.07,43.38153684616089
2018-12-04 19:30:00,40.46,48.739293615221975
2018-12-04 19:45:00,48.64000000000001,41.59087102919817
2018-12-04 20:00:00,49.74999999999999,48.08900956332683
2018-12-04 20:15:00,48.89,47.60470063567161
2018-12-04 20:30:00,37.84000000000001,48.02523861348629
2018-12-04 20:45:00,30.67,41.265185602903365
2018-12-04 21:00:00,5.080000000000001,32.320530714541675
2018-12-04 21:15:00,5.69,6.159876691065728
2018-12-04 21:30:00,5.44,4.62699988655746
2018-12-04 21:45:00,5.4,4.146833825185895
2018-12-04 22:00:00,5.44,3.929557890892029
2018-12-04 22:15:00,5.26,3.8922962329909208
2018-12-04 22:30:00,4.64,4.08698624830693
2018-12-04 22:45:00,3.92,4.108141811825335
2018-12-04 23:00:00,3.9599999999999995,4.169547173790634
2018-12-04 23:15:00,3.92,4.190726314596832
2018-12-04 23:30:00,3.85,4.168111766055226
2018-12-04 23:45:00,3.89,4.132367475032806
2018-12-05 00:00:00,3.9599999999999995,4.100149111263454
2018-12-05 00:15:00,3.89,4.077608101405203
2018-12-05 00:30:00,3.92,4.072187570668757
2018-12-05 00:45:00,3.89,4.057907031998038
2018-12-05 01:00:00,3.9599999999999995,4.04553120136261
2018-12-05 01:15:00,3.78,4.035455279015005
2018-12-05 01:30:00,3.85,4.0224888934567575
2018-12-05 01:45:00,3.8200000000000003,4.0057630532234905
2018-12-05 02:00:00,3.8200000000000003,3.995357048846781
2018-12-05 02:15:00,3.85,3.9826011747866867
2018-12-05 02:30:00,4.64,3.970403296537697
2018-12-05 02:45:00,4.86,3.964698154255748
2018-12-05 03:00:00,3.8200000000000003,3.962669384777546
2018-12-05 03:15:00,3.49,3.9437615226954224
2018-12-05 03:30:00,3.13,3.910395169556141
2018-12-05 03:45:00,3.2,3.8788420221209527
2018-12-05 04:00:00,3.13,3.8518123457580806
2018-12-05 04:15:00,3.1,3.828221585229039
2018-12-05 04:30:00,3.17,3.8011694543063643
2018-12-05 04:45:00,3.06,3.7741156392917037
2018-12-05 05:00:00,3.17,3.7445564567670226
2018-12-05 05:15:00,3.06,3.712724872790277
2018-12-05 05:30:00,3.1,3.663464059494436
2018-12-05 05:45:00,3.02,3.6105296802148223
2018-12-05 06:00:00,3.1,3.561723010390997
2018-12-05 06:15:00,3.02,3.5415706043317914
2018-12-05 06:30:00,4.61,3.5367282785102727
2018-12-05 06:45:00,4.9,3.587801736146212
2018-12-05 07:00:00,3.85,3.6658408746495845
2018-12-05 07:15:00,3.49,3.7975761633738876
2018-12-05 07:30:00,3.2,4.119338778071105
2018-12-05 07:45:00,4.32,4.809419607669114
2018-12-05 08:00:00,4.72,6.552350960038602
2018-12-05 08:15:00,27.65,19.685828195512293
2018-12-05 08:30:00,61.56000000000001,58.039298648834226
2018-12-05 08:45:00,57.71,77.35701932013036
2018-12-05 09:00:00,57.82,65.4273158788681
2018-12-05 09:15:00,68.08,64.81011188447475
2018-12-05 09:30:00,64.08,66.56344475030899
2018-12-05 09:45:00,64.76,64.95495277702808
2018-12-05 10:00:00,62.68,65.29977397918701
2018-12-05 10:15:00,49.28,63.48690060257912
2018-12-05 10:30:00,56.52,53.682458373904225
2018-12-05 10:45:00,59.04,57.93325025379658
2018-12-05 11:00:00,66.85,59.286245263814926
2018-12-05 11:15:00,68.83,65.5135144430399
2018-12-05 11:30:00,60.3,68.88175230443477
2018-12-05 11:45:00,53.21,66.09678510665894
2018-12-05 12:00:00,40.97,56.45098883390427
2018-12-05 12:15:00,10.69,19.687272023707628
2018-12-05 12:30:00,9.43,8.209106202796102
2018-12-05 12:45:00,10.33,6.907180720865726
2018-12-05 13:00:00,26.68,7.715330994091928
2018-12-05 13:15:00,43.34,46.66859698295593
2018-12-05 13:30:00,46.50999999999999,53.935593117475506
2018-12-05 13:45:00,50.43999999999999,48.20947827666998
2018-12-05 14:00:00,63.4,49.1867950284481
2018-12-05 14:15:00,54.36,59.06828334271908
2018-12-05 14:30:00,61.52,55.01224435091019
2018-12-05 14:45:00,58.93,60.85777703166008
2018-12-05 15:00:00,85.46000000000001,58.49806326925754
2018-12-05 15:15:00,109.3,73.73411082327365
2018-12-05 15:30:00,87.16000000000001,86.16782931387425
2018-12-05 15:45:00,96.01,87.57354763031006
2018-12-05 16:00:00,105.91,90.72679655432702
2018-12-05 16:15:00,68.18,94.13962917149068
2018-12-05 16:30:00,64.91,80.29403981506826
2018-12-05 16:45:00,56.05,73.45275518894195
2018-12-05 17:00:00,62.96000000000001,59.90668271481991
2018-12-05 17:15:00,47.12,65.89740657925606
2018-12-05 17:30:00,44.57000000000001,47.10548637121916
2018-12-05 17:45:00,44.24,47.1169606512785
2018-12-05 18:00:00,27.32,39.96914433836937
2018-12-05 18:15:00,5.870000000000001,24.723023668825626
2018-12-05 18:30:00,5.359999999999999,6.352051795683801
2018-12-05 18:45:00,5.47,5.20652962051332
2018-12-05 19:00:00,5.58,4.484996127635241
2018-12-05 19:15:00,5.58,4.068698693439364
2018-12-05 19:30:00,5.47,3.975557740740478
2018-12-05 19:45:00,5.44,4.032342515662313
2018-12-05 20:00:00,5.44,4.123925121910871
2018-12-05 20:15:00,5.44,4.205546885430813
2018-12-05 20:30:00,5.51,4.249754861406982
2018-12-05 20:45:00,5.44,4.223781110718846
2018-12-05 21:00:00,4.82,4.196369706839323
2018-12-05 21:15:00,4.28,4.160867363698781
2018-12-05 21:30:00,4.25,4.118257029652596
2018-12-05 21:45:00,4.28,4.082335908971727
2018-12-05 22:00:00,4.36,4.0591863805428146
2018-12-05 22:15:00,4.03,4.045066391974688
2018-12-05 22:30:00,4.0,4.051195925436914
2018-12-05 22:45:00,4.03,4.062275005243719
2018-12-05 23:00:00,4.0,4.0607087996974585
2018-12-05 23:15:00,4.0,4.06702470600605
2018-12-05 23:30:00,3.92,4.067026390098035
2018-12-05 23:45:00,4.0,4.06026981305331
2018-12-06 00:00:00,4.0,4.053063583448529
2018-12-06 00:15:00,3.9599999999999995,4.057442783974111
2018-12-06 00:30:00,4.79,4.074517792612315
2018-12-06 00:45:00,5.18,4.08191264051944
2018-12-06 01:00:00,4.03,4.0868105413764715
2018-12-06 01:15:00,3.92,4.072894327938557
2018-12-06 01:30:00,4.0,4.046588249765336
2018-12-06 01:45:00,3.92,4.03012007560581
2018-12-06 02:00:00,4.07,4.016535628288985
2018-12-06 02:15:00,3.4599999999999995,4.00434167958796
2018-12-06 02:30:00,3.28,3.984818001203239
2018-12-06 02:45:00,3.38,3.9567273468896746
2018-12-06 03:00:00,3.31,3.935647567510605
2018-12-06 03:15:00,3.35,3.916671780385077
2018-12-06 03:30:00,3.35,3.8959299421310427
2018-12-06 03:45:00,3.38,3.8742657828330995
2018-12-06 04:00:00,3.42,3.850741824619472
2018-12-06 04:15:00,3.31,3.825256460607052
2018-12-06 04:30:00,4.61,3.7951667891070247
2018-12-06 04:45:00,5.04,3.7760231541469693
2018-12-06 05:00:00,4.07,3.7662273524329066
2018-12-06 05:15:00,3.71,3.7308692798390983
2018-12-06 05:30:00,3.31,3.679327644631267
2018-12-06 05:45:00,3.31,3.626025010570884
2018-12-06 06:00:00,3.38,3.5774148181453347
2018-12-06 06:15:00,3.31,3.53965691447258
2018-12-06 06:30:00,3.28,3.5100067909806967
2018-12-06 06:45:00,3.31,3.4953782066330312
2018-12-06 07:00:00,3.24,3.5165562247112394
2018-12-06 07:15:00,3.28,3.613402741141617
2018-12-06 07:30:00,3.4599999999999995,3.8979227843135598
2018-12-06 07:45:00,4.21,4.605724191144109
2018-12-06 08:00:00,6.44,6.122816562838852
2018-12-06 08:15:00,32.29,24.171243279874325
2018-12-06 08:30:00,64.98,64.05305190980434
2018-12-06 08:45:00,60.84,77.49755791902543
2018-12-06 09:00:00,59.87,69.51509663641453
2018-12-06 09:15:00,67.0,66.33238732993603
2018-12-06 09:30:00,71.17,66.55486710846424
2018-12-06 09:45:00,76.86,68.46854349493981
2018-12-06 10:00:00,66.67,72.66903716087342
2018-12-06 10:15:00,63.18,68.01455720484256
2018-12-06 10:30:00,68.87,65.26346046507358
2018-12-06 10:45:00,71.06,68.0425715136528
2018-12-06 11:00:00,62.78,70.26278856873512
2018-12-06 11:15:00,60.88,66.50433536708356
2018-12-06 11:30:00,74.45,65.4805152219534
2018-12-06 11:45:00,67.82,72.72176046729088
2018-12-06 12:00:00,69.26,66.52278403341771
2018-12-06 12:15:00,9.94,33.58774930611253
2018-12-06 12:30:00,6.88,8.887384915761649
2018-12-06 12:45:00,7.02,7.002660315968096
2018-12-06 13:00:00,6.95,7.266508691385388
2018-12-06 13:15:00,35.78,45.99967564642429
2018-12-06 13:30:00,61.78,63.093784133195875
2018-12-06 13:45:00,60.8,64.49233495414256
2018-12-06 14:00:00,71.78,58.34100709617138
2018-12-06 14:15:00,72.11,67.11860230505467
2018-12-06 14:30:00,68.22,69.0548051059246
2018-12-06 14:45:00,73.44,69.77511145710945
2018-12-06 15:00:00,56.88,70.85015494406223
2018-12-06 15:15:00,50.29,61.0904691439867
2018-12-06 15:30:00,48.78000000000001,55.80085747301578
2018-12-06 15:45:00,48.96,53.405925979018214
2018-12-06 16:00:00,49.97,53.13590540647507
2018-12-06 16:15:00,62.28,53.442446075081826
2018-12-06 16:30:00,47.95,59.72088470518589
2018-12-06 16:45:00,57.35,50.843591250777244
2018-12-06 17:00:00,47.77,56.29983371913433
2018-12-06 17:15:00,48.6,47.55896518826485
2018-12-06 17:30:00,57.46,48.44702506482601
2018-12-06 17:45:00,31.86,51.474187144637106
2018-12-06 18:00:00,31.609999999999996,27.740588669776916
2018-12-06 18:15:00,36.61,35.36948494464159
2018-12-06 18:30:00,40.06999999999999,42.59367819726467
2018-12-06 18:45:00,37.87,43.23126195013523
2018-12-06 19:00:00,47.23,38.63571847721934
2018-12-06 19:15:00,53.03,48.56770036011934
2018-12-06 19:30:00,38.63,51.98260328769684
2018-12-06 19:45:00,37.51,44.4799330753088
2018-12-06 20:00:00,38.3,42.58422033667564
2018-12-06 20:15:00,54.36,41.47607882857323
2018-12-06 20:30:00,38.84,49.576642113924024
2018-12-06 20:45:00,27.72,41.64005100607872
2018-12-06 21:00:00,8.859999999999998,28.850917252004145
2018-12-06 21:15:00,5.51,6.223403447568416
2018-12-06 21:30:00,5.58,4.813632083088159
2018-12-06 21:45:00,5.62,4.4443640403077005
2018-12-06 22:00:00,5.54,4.27097161360085
2018-12-06 22:15:00,5.26,4.220135612934828
2018-12-06 22:30:00,5.22,4.38555330272764
2018-12-06 22:45:00,5.26,4.397916221991181
2018-12-06 23:00:00,4.18,4.363769572898746
2018-12-06 23:15:00,3.9599999999999995,4.319349962696434
2018-12-06 23:30:00,4.0,4.2578486074879764
2018-12-06 23:45:00,4.0,4.205703505985439
2018-12-07 00:00:00,4.03,4.16507703229785
2018-12-07 00:15:00,3.9599999999999995,4.14149525359273
2018-12-07 00:30:00,4.03,4.129468591362238
2018-12-07 00:45:00,4.03,4.115542273372411
2018-12-07 01:00:00,4.0,4.094897551089526
2018-12-07 01:15:00,4.03,4.073580314740538
2018-12-07 01:30:00,4.03,4.055027234703302
2018-12-07 01:45:00,4.03,4.038862758465111
2018-12-07 02:00:00,4.1,4.023012646064163
2018-12-07 02:15:00,4.0,4.007309611029923
2018-12-07 02:30:00,4.72,3.989953359030187
2018-12-07 02:45:00,4.79,3.9769353279843926
2018-12-07 03:00:00,4.14,3.964936733953655
2018-12-07 03:15:00,4.07,3.9402861182019113
2018-12-07 03:30:00,4.03,3.9079711998254063
2018-12-07 03:45:00,4.0,3.8752313289046287
2018-12-07 04:00:00,3.42,3.8411396934837105
2018-12-07 04:15:00,3.49,3.7979359976947307
2018-12-07 04:30:00,3.4599999999999995,3.7515465612336993
2018-12-07 04:45:00,3.38,3.71009825065732
2018-12-07 05:00:00,3.42,3.668255301192403
2018-12-07 05:15:00,3.42,3.6268423565477135
2018-12-07 05:30:00,3.74,3.58707926068455
2018-12-07 05:45:00,4.07,3.5530241139233114
2018-12-07 06:00:00,3.49,3.5297359285876158
2018-12-07 06:15:00,3.42,3.4998112981021405
2018-12-07 06:30:00,3.64,3.4651358441263436
2018-12-07 06:45:00,4.1,3.4545142759755256
2018-12-07 07:00:00,4.0,3.4836266127601268
2018-12-07 07:15:00,4.0,3.571453132517636
2018-12-07 07:30:00,3.8200000000000003,3.805982589200139
2018-12-07 07:45:00,4.54,4.396748584881425
2018-12-07 08:00:00,4.79,5.619841159619391
2018-12-07 08:15:00,47.66,17.50503910198808
2018-12-07 08:30:00,60.19,77.20726536989213
2018-12-07 08:45:00,60.19,71.22792147636413
2018-12-07 09:00:00,53.32,71.60029891431331
2018-12-07 09:15:00,58.86,60.619659897685054
2018-12-07 09:30:00,49.5,61.99518132209778
2018-12-07 09:45:00,48.42,55.1235740584135
2018-12-07 10:00:00,62.78,52.304071747660636
2018-12-07 10:15:00,48.02,59.550032450556756
2018-12-07 10:30:00,46.22,50.94339727818966
2018-12-07 10:45:00,57.46,48.45113424926996
2018-12-07 11:00:00,48.78000000000001,56.37826300561428
2018-12-07 11:15:00,47.02,52.31089793384075
2018-12-07 11:30:00,58.0,51.221321855783465
2018-12-07 11:45:00,51.48,56.39838229119778
2018-12-07 12:00:00,44.279999999999994,48.81245057106018
2018-12-07 12:15:00,26.6,14.4617456664145
2018-12-07 12:30:00,12.49,8.209340852946042
2018-12-07 12:45:00,9.79,7.784670113399624
2018-12-07 13:00:00,10.76,7.874081363715231
2018-12-07 13:15:00,44.06,34.38783670827746
2018-12-07 13:30:00,49.82,57.14674786031246
2018-12-07 13:45:00,54.36,53.06749085366726
2018-12-07 14:00:00,55.98,52.563296167850496
2018-12-07 14:15:00,56.47999999999999,53.72646931111812
2018-12-07 14:30:00,47.41,55.56076433777809
2018-12-07 14:45:00,47.95,51.420457873940464
2018-12-07 15:00:00,58.86,51.08848966181278
2018-12-07 15:15:00,50.08,56.217775775790216
2018-12-07 15:30:00,51.88,52.86683690726757
2018-12-07 15:45:00,53.81999999999999,53.172973393797875
2018-12-07 16:00:00,49.900000000000006,53.98828049659729
2018-12-07 16:15:00,57.1,51.659769590497014
2018-12-07 16:30:00,50.33,54.811527531743046
2018-12-07 16:45:00,68.54,50.74109067618847
2018-12-07 17:00:00,60.12,61.02918615937233
2018-12-07 17:15:00,72.11,57.069369447231296
2018-12-07 17:30:00,46.33,63.477316996455194
2018-12-07 17:45:00,34.16,40.39184693574905
2018-12-07 18:00:00,30.349999999999998,33.1278462395072
2018-12-07 18:15:00,42.48,31.943597246408462
2018-12-07 18:30:00,52.85000000000001,49.87931161642074
2018-12-07 18:45:00,58.97,51.74464782655239
2018-12-07 19:00:00,57.17,56.708336052894595
2018-12-07 19:15:00,44.39,56.9268728107214
2018-12-07 19:30:00,47.84,50.54082294821739
2018-12-07 19:45:00,54.07,50.977115045189855
2018-12-07 20:00:00,43.38,53.40119255781174
2018-12-07 20:15:00,57.64,48.12887987971306
2018-12-07 20:30:00,41.72,53.02298591613769
2018-12-07 20:45:00,31.9,42.829657657146456
2018-12-07 21:00:00,19.690000000000005,31.157355325818063
2018-12-07 21:15:00,5.62,13.189674644470214
2018-12-07 21:30:00,5.62,5.169932056218385
2018-12-07 21:45:00,5.1499999999999995,4.541325074993074
2018-12-07 22:00:00,4.28,4.290212925896048
2018-12-07 22:15:00,4.0,4.1819533180817965
2018-12-07 22:30:00,4.07,4.3297677557170395
2018-12-07 22:45:00,4.03,4.3328788349777465
2018-12-07 23:00:00,4.0,4.305151944532991
2018-12-07 23:15:00,3.9599999999999995,4.276356217041612
2018-12-07 23:30:00,4.03,4.236649818941951
2018-12-07 23:45:00,4.0,4.193170493431389
2018-12-08 00:00:00,3.78,4.153878381960094
2018-12-08 00:15:00,4.0,4.11000610165298
2018-12-08 00:30:00,3.9599999999999995,4.042629510872066
2018-12-08 00:45:00,4.0,3.9523015531525014
2018-12-08 01:00:00,4.0,3.9034898310527204
2018-12-08 01:15:00,5.1499999999999995,3.8784030354768038
2018-12-08 01:30:00,4.79,3.8738065870851277
2018-12-08 01:45:00,3.9599999999999995,3.871391599178314
2018-12-08 02:00:00,3.9599999999999995,3.850106360577047
2018-12-08 02:15:00,4.1,3.824064123481512
2018-12-08 02:30:00,4.0,3.8050922659039497
2018-12-08 02:45:00,4.0,3.7872324704006313
2018-12-08 03:00:00,4.0,3.767573503293097
2018-12-08 03:15:00,3.9599999999999995,3.747498004101217
2018-12-08 03:30:00,3.64,3.726367140598595
2018-12-08 03:45:00,3.38,3.69819677259773
2018-12-08 04:00:00,3.31,3.662219515517354
2018-12-08 04:15:00,3.35,3.6283821779862047
2018-12-08 04:30:00,3.35,3.5981274654716255
2018-12-08 04:45:00,3.42,3.5706661001965405
2018-12-08 05:00:00,3.49,3.5455411318689585
2018-12-08 05:15:00,4.0,3.5249519846215844
2018-12-08 05:30:00,3.5299999999999994,3.517338204756379
2018-12-08 05:45:00,3.35,3.509142851792276
2018-12-08 06:00:00,3.38,3.4924894275143745
2018-12-08 06:15:00,4.03,3.4971403282135727
2018-12-08 06:30:00,4.03,3.5492629751563074
2018-12-08 06:45:00,4.0,3.6583197198435666
2018-12-08 07:00:00,3.78,3.844436022862792
2018-12-08 07:15:00,3.35,4.141258919350803
2018-12-08 07:30:00,3.31,4.405975163504482
2018-12-08 07:45:00,3.5299999999999994,4.693954892978073
2018-12-08 08:00:00,3.67,4.923663917034864
2018-12-08 08:15:00,29.230000000000004,5.850540991127491
2018-12-08 08:30:00,38.16,44.54533871710301
2018-12-08 08:45:00,33.08,40.50997588396072
2018-12-08 09:00:00,51.52,33.59074923530221
2018-12-08 09:15:00,47.77,44.588388599157334
2018-12-08 09:30:00,42.05,43.396500564813614
2018-12-08 09:45:00,32.4,41.43771745860577
2018-12-08 10:00:00,31.43,32.90531481549144
2018-12-08 10:15:00,31.57,30.60556820049882
2018-12-08 10:30:00,31.43,31.17479353696108
2018-12-08 10:45:00,47.66,30.901782017052174
2018-12-08 11:00:00,49.28,43.11431860268116
2018-12-08 11:15:00,38.16,44.46462804734707
2018-12-08 11:30:00,44.13999999999999,37.380324456840754
2018-12-08 11:45:00,38.27,35.777706596404315
2018-12-08 12:00:00,22.46,23.55346444875002
2018-12-08 12:15:00,3.92,7.880619570165872
2018-12-08 12:30:00,4.57,6.6382520012930035
2018-12-08 12:45:00,5.359999999999999,6.129551246687769
2018-12-08 13:00:00,6.080000000000001,7.909957013912498
2018-12-08 13:15:00,34.09,21.666443870216607
2018-12-08 13:30:00,55.69,41.87401853740215
2018-12-08 13:45:00,40.61,49.082417252659795
2018-12-08 14:00:00,50.51,40.271795877218246
2018-12-08 14:15:00,37.98,45.38244021564722
2018-12-08 14:30:00,48.89,39.027260881960395
2018-12-08 14:45:00,37.73,45.32340717792511
2018-12-08 15:00:00,40.03,40.37968554615974
2018-12-08 15:15:00,43.67,40.43798656523228
2018-12-08 15:30:00,46.15,41.97727358520031
2018-12-08 15:45:00,49.68,43.43143087804317
2018-12-08 16:00:00,49.32,44.570227351188656
2018-12-08 16:15:00,49.46,43.27567257851362
2018-12-08 16:30:00,49.54,40.46181534409523
2018-12-08 16:45:00,34.63,35.44839700415731
2018-12-08 17:00:00,27.0,18.890103714317082
2018-12-08 17:15:00,9.9,10.477401838600635
2018-12-08 17:30:00,5.22,6.1483238200470804
2018-12-08 17:45:00,5.290000000000001,5.1170605497062205
2018-12-08 18:00:00,5.22,4.742538139931857
2018-12-08 18:15:00,5.18,4.406318718269468
2018-12-08 18:30:00,5.1499999999999995,4.182951984629035
2018-12-08 18:45:00,5.33,4.101772014573217
2018-12-08 19:00:00,5.1499999999999995,4.126362003013492
2018-12-08 19:15:00,4.1,4.1630213173478845
2018-12-08 19:30:00,4.14,4.14299521818757
2018-12-08 19:45:00,4.1,4.189725963957608
2018-12-08 20:00:00,4.14,4.154087209366262
2018-12-08 20:15:00,4.1,4.110935720428825
2018-12-08 20:30:00,4.03,4.0649330637603995
2018-12-08 20:45:00,4.14,4.010603694953025
2018-12-08 21:00:00,4.1,3.9566813150420788
2018-12-08 21:15:00,4.14,3.911419097483158
2018-12-08 21:30:00,4.1,3.8775991622358563
2018-12-08 21:45:00,4.14,3.854126849509776
2018-12-08 22:00:00,4.1,3.8371787091344594
2018-12-08 22:15:00,3.8200000000000003,3.82397318251431
2018-12-08 22:30:00,3.89,3.8261058043316005
2018-12-08 22:45:00,5.0,3.83404854349792
2018-12-08 23:00:00,4.75,3.845563241764903
2018-12-08 23:15:00,3.8200000000000003,3.8591998959332705
2018-12-08 23:30:00,3.71,3.8494102692231538
2018-12-08 23:45:00,3.8200000000000003,3.829951147697866
2018-12-09 00:00:00,3.17,3.8172469191253184
2018-12-09 00:15:00,3.74,3.7895666218921544
2018-12-09 00:30:00,3.74,3.766340747959912
2018-12-09 00:45:00,3.8200000000000003,3.7658764999359846
2018-12-09 01:00:00,3.85,3.7709590895473957
2018-12-09 01:15:00,3.78,3.777861059866846
2018-12-09 01:30:00,3.8200000000000003,3.7816727213934063
2018-12-09 01:45:00,3.78,3.7827623289078476
2018-12-09 02:00:00,3.78,3.782362076379359
2018-12-09 02:15:00,3.17,3.7791342334076763
2018-12-09 02:30:00,3.13,3.764790260605514
2018-12-09 02:45:00,3.35,3.743709358498454
2018-12-09 03:00:00,3.67,3.7321306647360326
2018-12-09 03:15:00,3.02,3.7254442581906915
2018-12-09 03:30:00,3.13,3.7096547731012106
2018-12-09 03:45:00,3.06,3.684375429674983
2018-12-09 04:00:00,3.06,3.6658577155694365
2018-12-09 04:15:00,3.06,3.6438735787943006
2018-12-09 04:30:00,3.2,3.6222840809077024
2018-12-09 04:45:00,3.78,3.601191951520741
2018-12-09 05:00:00,3.78,3.5896446941420437
2018-12-09 05:15:00,3.74,3.582148800715804
2018-12-09 05:30:00,3.74,3.5664721497893335
2018-12-09 05:45:00,3.13,3.555051760673523
2018-12-09 06:00:00,3.74,3.538641968369484
2018-12-09 06:15:00,3.56,3.544701892696321
2018-12-09 06:30:00,3.1,3.591161499656737
2018-12-09 06:45:00,2.95,3.656935396231711
2018-12-09 07:00:00,3.06,3.781877619251609
2018-12-09 07:15:00,3.02,3.981723201498389
2018-12-09 07:30:00,2.95,4.212599862664938
2018-12-09 07:45:00,3.02,4.449568445906043
2018-12-09 08:00:00,2.99,4.649928798936307
2018-12-09 08:15:00,3.13,4.7267183411866425
2018-12-09 08:30:00,3.74,4.701837004832924
2018-12-09 08:45:00,3.8200000000000003,4.957990202605724
2018-12-09 09:00:00,3.9599999999999995,4.227226201556623
2018-12-09 09:15:00,4.03,3.772283908575773
2018-12-09 09:30:00,3.35,3.432677777931094
2018-12-09 09:45:00,3.31,3.0692249047756195
2018-12-09 10:00:00,3.89,2.9011042473465203
2018-12-09 10:15:00,4.03,2.9271818503737452
2018-12-09 10:30:00,3.31,2.9717339424788953
2018-12-09 10:45:00,3.35,2.925418044701219
2018-12-09 11:00:00,3.42,2.9749168763309717
2018-12-09 11:15:00,3.35,3.0457172261178496
2018-12-09 11:30:00,3.31,3.0875725255906583
2018-12-09 11:45:00,3.38,3.1123601141572
2018-12-09 12:00:00,3.89,3.138882317468524
2018-12-09 12:15:00,4.18,3.215550605095923
2018-12-09 12:30:00,4.1,3.2649775821343066
2018-12-09 12:45:00,4.1,3.258034070879221
2018-12-09 13:00:00,3.6,3.254609189145267
2018-12-09 13:15:00,3.42,3.192795715555549
2018-12-09 13:30:00,3.42,3.161039354354143
2018-12-09 13:45:00,3.35,3.1585558800399305
2018-12-09 14:00:00,3.92,3.150457643046975
2018-12-09 14:15:00,3.78,3.2200690238922833
2018-12-09 14:30:00,3.42,3.2214724338799714
2018-12-09 14:45:00,3.38,3.183619659692049
2018-12-09 15:00:00,3.4599999999999995,3.1825036680698395
2018-12-09 15:15:00,3.42,3.207438895367086
2018-12-09 15:30:00,3.5299999999999994,3.224885526970029
2018-12-09 15:45:00,4.07,3.2359578704088925
2018-12-09 16:00:00,4.03,3.2998860021680594
2018-12-09 16:15:00,4.14,3.317799688614905
2018-12-09 16:30:00,4.0,3.3473173302039503
2018-12-09 16:45:00,3.31,3.362127235122025
2018-12-09 17:00:00,3.35,3.321004515662789
2018-12-09 17:15:00,3.49,3.347291507460177
2018-12-09 17:30:00,4.1,3.408221394121647
2018-12-09 17:45:00,3.64,3.52644801966846
2018-12-09 18:00:00,3.24,3.56084952801466
2018-12-09 18:15:00,3.28,3.5804680769145487
2018-12-09 18:30:00,3.31,3.6420654253661633
2018-12-09 18:45:00,3.42,3.7124312794208527
2018-12-09 19:00:00,3.64,3.7858975468203426
2018-12-09 19:15:00,4.07,3.86606200940907
2018-12-09 19:30:00,4.03,3.9617566069215537
2018-12-09 19:45:00,4.03,4.021601376980543
2018-12-09 20:00:00,4.0,4.00493672542274
2018-12-09 20:15:00,3.31,3.9699946235492827
2018-12-09 20:30:00,3.31,3.9236731121316555
2018-12-09 20:45:00,3.35,3.8760874089971185
2018-12-09 21:00:00,3.35,3.843011281043291
2018-12-09 21:15:00,3.67,3.8185532131418585
2018-12-09 21:30:00,4.14,3.8032038374245167
2018-12-09 21:45:00,3.38,3.7997082238271833
2018-12-09 22:00:00,3.28,3.790227347314358
2018-12-09 22:15:00,3.13,3.7714474762231114
2018-12-09 22:30:00,3.17,3.768000139929354
2018-12-09 22:45:00,3.78,3.7731944409757854
2018-12-09 23:00:00,3.78,3.783976559229195
2018-12-09 23:15:00,3.74,3.8009117882326247
2018-12-09 23:30:00,3.74,3.806265516653657
2018-12-09 23:45:00,3.4599999999999995,3.8069312943518163
2018-12-10 00:00:00,5.359999999999999,3.8022147140651943
2018-12-10 00:15:00,3.06,3.8322617219015958
2018-12-10 00:30:00,3.02,3.8462980672344567
2018-12-10 00:45:00,3.31,3.8802386957407
2018-12-10 01:00:00,3.85,3.9099365351721644
2018-12-10 01:15:00,3.42,3.9295096135884524
2018-12-10 01:30:00,3.1,3.936657461337745
2018-12-10 01:45:00,3.1,3.9282712446153165
2018-12-10 02:00:00,3.17,3.9219115519151093
2018-12-10 02:15:00,3.31,3.918102697208524
2018-12-10 02:30:00,3.8200000000000003,3.9142197424545886
2018-12-10 02:45:00,3.78,3.9158886776119473
2018-12-10 03:00:00,3.8200000000000003,3.9170405965298416
2018-12-10 03:15:00,3.74,3.907930220253766
2018-12-10 03:30:00,3.1,3.89486447326839
2018-12-10 03:45:00,3.2,3.8695065388828516
2018-12-10 04:00:00,3.1,3.8377002162858846
2018-12-10 04:15:00,3.13,3.8123596841841936
2018-12-10 04:30:00,3.17,3.7840164160728453
2018-12-10 04:45:00,3.49,3.756220477856696
2018-12-10 05:00:00,3.74,3.731677082628012
2018-12-10 05:15:00,3.13,3.71088247615844
2018-12-10 05:30:00,3.1,3.6779388301074505
2018-12-10 05:45:00,3.8200000000000003,3.6306517726182936
2018-12-10 06:00:00,3.8200000000000003,3.6140404506400228
2018-12-10 06:15:00,3.85,3.602626797892153
2018-12-10 06:30:00,3.8200000000000003,3.5888548550009727
2018-12-10 06:45:00,3.4599999999999995,3.593252019174397
2018-12-10 07:00:00,3.06,3.6237610295787452
2018-12-10 07:15:00,3.13,3.7136808756738904
2018-12-10 07:30:00,3.56,3.977397891916335
2018-12-10 07:45:00,5.870000000000001,4.597124656103551
2018-12-10 08:00:00,6.8,5.7662695895507925
2018-12-10 08:15:00,33.48,18.205161049365998
2018-12-10 08:30:00,61.06,61.63375272750854
2018-12-10 08:45:00,58.36,72.84589825570583
2018-12-10 09:00:00,68.62,67.10801273465157
2018-12-10 09:15:00,69.23,71.05386271059513
2018-12-10 09:30:00,70.78,69.69090685784816
2018-12-10 09:45:00,61.74,70.99390903592109
2018-12-10 10:00:00,72.0,65.21006352186203
2018-12-10 10:15:00,56.2,69.86501053273678
2018-12-10 10:30:00,56.02,60.13125525832176
2018-12-10 10:45:00,63.9,58.95223817765713
2018-12-10 11:00:00,68.47,63.29321655154228
2018-12-10 11:15:00,61.56000000000001,67.60046817660331
2018-12-10 11:30:00,70.31,65.28831317186355
2018-12-10 11:45:00,62.42,70.97269396781921
2018-12-10 12:00:00,44.75,61.46760694861412
2018-12-10 12:15:00,9.109999999999998,17.01023266762495
2018-12-10 12:30:00,10.33,8.24555837381631
2018-12-10 12:45:00,11.45,6.651514225676656
2018-12-10 13:00:00,11.09,9.117214071713388
2018-12-10 13:15:00,42.66,43.87302225112915
2018-12-10 13:30:00,72.9,59.265146959424015
2018-12-10 13:45:00,71.03,67.66008952379227
2018-12-10 14:00:00,67.32,65.60716792106628
2018-12-10 14:15:00,64.22,65.63050269961357
2018-12-10 14:30:00,69.91,63.912477383613584
2018-12-10 14:45:00,51.23,66.97359075784684
2018-12-10 15:00:00,58.39,55.129259552955624
2018-12-10 15:15:00,69.62,59.63590766906738
2018-12-10 15:30:00,66.71,65.89557428717613
2018-12-10 15:45:00,65.99,66.30917829692363
2018-12-10 16:00:00,64.98,66.13249683856964
2018-12-10 16:15:00,64.55,65.45034527540207
2018-12-10 16:30:00,63.72,64.96014427125453
2018-12-10 16:45:00,66.53,63.51373829245567
2018-12-10 17:00:00,62.57,63.774390822649
2018-12-10 17:15:00,63.72,60.03870654463768
2018-12-10 17:30:00,58.64,56.96242286980152
2018-12-10 17:45:00,60.12,47.31996783554554
2018-12-10 18:00:00,24.73,49.0688636803627
2018-12-10 18:15:00,5.47,22.08256503611803
2018-12-10 18:30:00,4.5,6.491497418880463
2018-12-10 18:45:00,4.46,4.978720252215862
2018-12-10 19:00:00,4.46,4.013088291995228
2018-12-10 19:15:00,4.75,3.5923588890582323
2018-12-10 19:30:00,5.69,3.640831547304988
2018-12-10 19:45:00,5.62,3.9106028742343186
2018-12-10 20:00:00,4.46,4.099378919862211
2018-12-10 20:15:00,4.46,4.134061671569944
2018-12-10 20:30:00,4.5,4.143078300058842
2018-12-10 20:45:00,4.43,4.112028696127236
2018-12-10 21:00:00,4.46,4.078186306320131
2018-12-10 21:15:00,4.5,4.0453992808237675
2018-12-10 21:30:00,4.57,4.019378375560045
2018-12-10 21:45:00,4.54,4.000542368069291
2018-12-10 22:00:00,4.46,3.9865857364237307
2018-12-10 22:15:00,4.28,3.975757586322725
2018-12-10 22:30:00,4.25,3.980265900567174
2018-12-10 22:45:00,4.32,3.994672746136785
2018-12-10 23:00:00,4.18,4.000197690576315
2018-12-10 23:15:00,4.18,4.0083632912486795
2018-12-10 23:30:00,4.21,4.0134475649520756
2018-12-10 23:45:00,4.28,4.014431636035442
2018-12-11 00:00:00,4.18,4.0127380008623
2018-12-11 00:15:00,4.86,4.002069278135896
2018-12-11 00:30:00,4.21,3.999257405884564
2018-12-11 00:45:00,4.18,3.996228285767138
2018-12-11 01:00:00,4.21,3.990138047784567
2018-12-11 01:15:00,4.32,3.9913051235303283
2018-12-11 01:30:00,4.25,3.9926692380383613
2018-12-11 01:45:00,4.18,3.9900089340656995
2018-12-11 02:00:00,4.21,3.9824479224160316
2018-12-11 02:15:00,4.28,3.974998622201383
2018-12-11 02:30:00,4.25,3.9678434767201542
2018-12-11 02:45:00,4.21,3.9584338934347034
2018-12-11 03:00:00,3.56,3.9471515998616815
2018-12-11 03:15:00,3.56,3.92504845391959
2018-12-11 03:30:00,3.5299999999999994,3.8972115361317994
2018-12-11 03:45:00,3.5299999999999994,3.878695506118238
2018-12-11 04:00:00,3.85,3.8568219580501317
2018-12-11 04:15:00,4.18,3.8392243195325135
2018-12-11 04:30:00,3.49,3.8271999027580024
2018-12-11 04:45:00,3.56,3.801527043171227
2018-12-11 05:00:00,3.56,3.7616803040727973
2018-12-11 05:15:00,3.74,3.7278042324259877
2018-12-11 05:30:00,4.18,3.685687337331474
2018-12-11 05:45:00,4.25,3.680016999617219
2018-12-11 06:00:00,4.28,3.651690011061728
2018-12-11 06:15:00,3.56,3.6473428082838657
2018-12-11 06:30:00,3.5299999999999994,3.6075903783366083
2018-12-11 06:45:00,3.6,3.6208161140605806
2018-12-11 07:00:00,3.49,3.6744914938136937
2018-12-11 07:15:00,4.1,3.8173788396641615
2018-12-11 07:30:00,4.07,4.193443316332996
2018-12-11 07:45:00,4.86,4.923677951134741
2018-12-11 08:00:00,14.83,6.065303698815405
2018-12-11 08:15:00,44.21,35.24289736375213
2018-12-11 08:30:00,54.04,68.4931536924839
2018-12-11 08:45:00,61.74,64.37004742145538
2018-12-11 09:00:00,69.48,68.60592947363854
2018-12-11 09:15:00,75.38,69.21137626051903
2018-12-11 09:30:00,71.82,74.80446579813957
2018-12-11 09:45:00,71.24,73.35508683562279
2018-12-11 10:00:00,54.86,73.03536983132362
2018-12-11 10:15:00,66.13,59.962899950742724
2018-12-11 10:30:00,73.08,66.65848142921925
2018-12-11 10:45:00,77.51,70.50423795938492
2018-12-11 11:00:00,72.54,75.77055077910424
2018-12-11 11:15:00,63.83,75.17719352722168
2018-12-11 11:30:00,67.07,71.36698705613613
2018-12-11 11:45:00,84.24,70.71271507441998
2018-12-11 12:00:00,72.79,72.82186289489269
2018-12-11 12:15:00,7.959999999999999,30.117547534108162
2018-12-11 12:30:00,5.8,8.877992734760046
2018-12-11 12:45:00,6.98,6.558078556880354
2018-12-11 13:00:00,6.95,7.217431444115936
2018-12-11 13:15:00,38.45,50.321747280955314
2018-12-11 13:30:00,59.36,66.14512528300286
2018-12-11 13:45:00,66.02,63.881660745739936
2018-12-11 14:00:00,80.28,62.569919252991674
2018-12-11 14:15:00,75.53,72.70547642052173
2018-12-11 14:30:00,72.0,73.24085599899291
2018-12-11 14:45:00,72.61,71.61391535937786
2018-12-11 15:00:00,78.55,70.31514362037181
2018-12-11 15:15:00,73.98,73.58635981976985
2018-12-11 15:30:00,76.78999999999999,72.75734645366668
2018-12-11 15:45:00,80.46,75.02892157793045
2018-12-11 16:00:00,68.11,77.73585468947888
2018-12-11 16:15:00,71.68,71.45639213144779
2018-12-11 16:30:00,69.8,73.51108315348625
2018-12-11 16:45:00,75.46,71.4851160043478
2018-12-11 17:00:00,70.27,74.00639481544495
2018-12-11 17:15:00,78.48000000000002,69.3772885119915
2018-12-11 17:30:00,66.78,71.01030086457729
2018-12-11 17:45:00,32.11,51.8991801071167
2018-12-11 18:00:00,31.25,25.59285942465067
2018-12-11 18:15:00,36.4,40.274427551627156
2018-12-11 18:30:00,39.56,52.11392653524876
2018-12-11 18:45:00,51.440000000000005,42.080766651332375
2018-12-11 19:00:00,51.52,52.226441843509676
2018-12-11 19:15:00,53.57,50.901218633055684
2018-12-11 19:30:00,52.81,54.411971094608305
2018-12-11 19:45:00,52.38,53.34673575937748
2018-12-11 20:00:00,53.21,53.74413655877113
2018-12-11 20:15:00,51.91,54.043922895789144
2018-12-11 20:30:00,53.46,52.89555179834366
2018-12-11 20:45:00,32.36,51.98769598186016
2018-12-11 21:00:00,28.37,33.96876950412989
2018-12-11 21:15:00,6.77,19.208924781680107
2018-12-11 21:30:00,5.69,5.006298942565918
2018-12-11 21:45:00,5.8,3.982595561146736
2018-12-11 22:00:00,5.69,3.9847983534634115
2018-12-11 22:15:00,5.47,3.8784889241680505
2018-12-11 22:30:00,5.44,3.9895065132901073
2018-12-11 22:45:00,4.97,4.082866959311068
2018-12-11 23:00:00,4.36,4.20593478795141
2018-12-11 23:15:00,4.25,4.223494815081358
2018-12-11 23:30:00,4.21,4.187440651133657
2018-12-11 23:45:00,4.14,4.148638049066067
2018-12-12 00:00:00,4.21,4.1144970136135814
2018-12-12 00:15:00,4.21,4.086641009449959
2018-12-12 00:30:00,4.14,4.078433867841959
2018-12-12 00:45:00,4.14,4.064396961145103
2018-12-12 01:00:00,4.14,4.047844582386315
2018-12-12 01:15:00,4.21,4.03575448602438
2018-12-12 01:30:00,4.18,4.026339850462973
2018-12-12 01:45:00,4.75,4.016310521326959
2018-12-12 02:00:00,5.33,4.009258666820824
2018-12-12 02:15:00,4.25,4.010597519949078
2018-12-12 02:30:00,4.25,3.999279299080372
2018-12-12 02:45:00,4.18,3.9735772485658525
2018-12-12 03:00:00,4.21,3.9573964927718044
2018-12-12 03:15:00,4.18,3.9412628915533423
2018-12-12 03:30:00,4.18,3.9254936155676843
2018-12-12 03:45:00,4.25,3.907058983333409
2018-12-12 04:00:00,4.18,3.887725607343018
2018-12-12 04:15:00,4.03,3.8656028136610985
2018-12-12 04:30:00,3.4599999999999995,3.8378355050086976
2018-12-12 04:45:00,3.4599999999999995,3.8000035012885927
2018-12-12 05:00:00,3.5299999999999994,3.757655324228108
2018-12-12 05:15:00,3.4599999999999995,3.723896577656269
2018-12-12 05:30:00,3.49,3.689023523554206
2018-12-12 05:45:00,4.0,3.646877998895943
2018-12-12 06:00:00,4.25,3.6341732089594005
2018-12-12 06:15:00,3.85,3.6261849993094804
2018-12-12 06:30:00,3.42,3.61237769048661
2018-12-12 06:45:00,3.42,3.6065372594818474
2018-12-12 07:00:00,3.9599999999999995,3.6480591087415815
2018-12-12 07:15:00,4.1,3.8121401908621193
2018-12-12 07:30:00,4.32,4.196477488726377
2018-12-12 07:45:00,5.83,4.967130331173538
2018-12-12 08:00:00,5.8,7.619554998800158
2018-12-12 08:15:00,36.86,22.004169431477784
2018-12-12 08:30:00,60.37,69.01208755135536
2018-12-12 08:45:00,66.46,71.29834795773029
2018-12-12 09:00:00,69.05,74.04447774887085
2018-12-12 09:15:00,63.86,72.31551257133484
2018-12-12 09:30:00,65.59,68.76119826376438
2018-12-12 09:45:00,60.980000000000004,67.59151329815387
2018-12-12 10:00:00,65.74,63.74945727944374
2018-12-12 10:15:00,57.17,65.51302044272423
2018-12-12 10:30:00,64.55,59.67786176860332
2018-12-12 10:45:00,53.42,64.53947156608105
2018-12-12 11:00:00,65.88,56.979245826005936
2018-12-12 11:15:00,57.71,65.61050915956497
2018-12-12 11:30:00,59.76,60.90413222491741
2018-12-12 11:45:00,79.85000000000001,63.330778539180756
2018-12-12 12:00:00,49.64,71.59412840127945
2018-12-12 12:15:00,27.97,34.29334342971444
2018-12-12 12:30:00,29.74,9.056038307622075
2018-12-12 12:45:00,29.56,8.5185603505373
2018-12-12 13:00:00,29.299999999999997,10.316740585938096
2018-12-12 13:15:00,58.86,44.81433536171913
2018-12-12 13:30:00,61.78,64.77959164679051
2018-12-12 13:45:00,77.0,61.61868122696877
2018-12-12 14:00:00,65.56,70.83057456791401
2018-12-12 14:15:00,86.51,65.7972053515911
2018-12-12 14:30:00,60.44,81.33167400538922
2018-12-12 14:45:00,64.8,66.22945562779903
2018-12-12 15:00:00,72.18,72.05492291390895
2018-12-12 15:15:00,69.08,70.17657204091549
2018-12-12 15:30:00,66.17,70.7985004746914
2018-12-12 15:45:00,61.67,67.89496421933174
2018-12-12 16:00:00,70.6,64.43799491941928
2018-12-12 16:15:00,68.36,69.96950507223606
2018-12-12 16:30:00,75.1,68.94970878422261
2018-12-12 16:45:00,66.13,73.21235667169094
2018-12-12 17:00:00,70.7,66.6701937276125
2018-12-12 17:15:00,60.699999999999996,69.13726723134518
2018-12-12 17:30:00,57.92,57.110955291986464
2018-12-12 17:45:00,32.9,54.57008712291717
2018-12-12 18:00:00,30.53,26.333933998197317
2018-12-12 18:15:00,49.900000000000006,34.666134031564
2018-12-12 18:30:00,67.25,57.21412052154541
2018-12-12 18:45:00,69.37,63.27154341042042
2018-12-12 19:00:00,65.99,66.0663097780943
2018-12-12 19:15:00,66.02,65.6565230435133
2018-12-12 19:30:00,60.19,66.82207637012004
2018-12-12 19:45:00,58.54,64.6677589571476
2018-12-12 20:00:00,61.85,63.28889629423618
2018-12-12 20:15:00,67.07,63.53232168614864
2018-12-12 20:30:00,58.82,64.28295067489147
2018-12-12 20:45:00,53.35,57.489269715547564
2018-12-12 21:00:00,30.349999999999998,47.47286542415619
2018-12-12 21:15:00,12.2,16.38130627028644
2018-12-12 21:30:00,5.8,5.787057459652424
2018-12-12 21:45:00,5.76,4.5084937017410995
2018-12-12 22:00:00,5.65,4.2269657286629085
2018-12-12 22:15:00,5.04,3.9798291593790056
2018-12-12 22:30:00,4.25,4.03015993244946
2018-12-12 22:45:00,4.25,4.0497745518013835
2018-12-12 23:00:00,4.21,4.18507843144238
2018-12-12 23:15:00,4.14,4.229870787337423
2018-12-12 23:30:00,4.1,4.200272309333086
2018-12-12 23:45:00,4.1,4.1622056554630396
2018-12-13 00:00:00,5.26,4.12773004706949
2018-12-13 00:15:00,4.1,4.1192770280316475
2018-12-13 00:30:00,4.18,4.12298932813108
2018-12-13 00:45:00,4.21,4.0992391402274375
2018-12-13 01:00:00,4.14,4.076233882345259
2018-12-13 01:15:00,4.28,4.056648453921079
2018-12-13 01:30:00,4.18,4.041720662564039
2018-12-13 01:45:00,4.25,4.028612813279032
2018-12-13 02:00:00,5.359999999999999,4.015119306929409
2018-12-13 02:15:00,4.79,4.011049979329109
2018-12-13 02:30:00,4.25,4.004556120634079
2018-12-13 02:45:00,4.18,3.980891821421683
2018-12-13 03:00:00,4.21,3.9553598641976713
2018-12-13 03:15:00,4.18,3.9333381160348653
2018-12-13 03:30:00,4.21,3.9120635433495043
2018-12-13 03:45:00,4.21,3.889245781041682
2018-12-13 04:00:00,4.21,3.8641011649742723
2018-12-13 04:15:00,4.18,3.836196883507073
2018-12-13 04:30:00,4.21,3.8061639097705484
2018-12-13 04:45:00,4.21,3.7730035772174597
2018-12-13 05:00:00,4.18,3.7378358070179822
2018-12-13 05:15:00,3.67,3.700709437839687
2018-12-13 05:30:00,3.42,3.655503918044269
2018-12-13 05:45:00,3.89,3.604412496760488
2018-12-13 06:00:00,4.32,3.567314757145941
2018-12-13 06:15:00,3.4599999999999995,3.546911421380937
2018-12-13 06:30:00,3.38,3.51823975533247
2018-12-13 06:45:00,3.38,3.495361927077174
2018-12-13 07:00:00,3.42,3.5166937588900327
2018-12-13 07:15:00,3.42,3.614862287528813
2018-12-13 07:30:00,3.71,3.8997039922699335
2018-12-13 07:45:00,5.69,4.606081218644976
2018-12-13 08:00:00,6.23,7.0718860397487875
2018-12-13 08:15:00,35.57,23.30652042731643
2018-12-13 08:30:00,72.86,67.51938027024269
2018-12-13 08:45:00,61.74,83.33374950289728
2018-12-13 09:00:00,76.36,72.92428263306617
2018-12-13 09:15:00,63.11,80.16705478847028
2018-12-13 09:30:00,65.66,67.31782814145087
2018-12-13 09:45:00,72.07,69.09735200583934
2018-12-13 10:00:00,56.84,69.98661544680596
2018-12-13 10:15:00,69.3,60.65278486430645
2018-12-13 10:30:00,65.66,67.72718374848365
2018-12-13 10:45:00,85.43,65.75305968701839
2018-12-13 11:00:00,53.17,79.19576034963131
2018-12-13 11:15:00,55.4,63.04933308660984
2018-12-13 11:30:00,60.08,63.199482237100604
2018-12-13 11:45:00,58.0,60.919545034766195
2018-12-13 12:00:00,51.300000000000004,58.959172145724295
2018-12-13 12:15:00,11.38,28.18498910829425
2018-12-13 12:30:00,10.91,8.425077527165412
2018-12-13 12:45:00,30.1,7.185508919171989
2018-12-13 13:00:00,36.4,11.324920568801462
2018-12-13 13:15:00,41.69,53.54936570703983
2018-12-13 13:30:00,56.92000000000001,53.769725775122645
2018-12-13 13:45:00,46.660000000000004,56.65475049138069
2018-12-13 14:00:00,52.52,46.886819376945496
2018-12-13 14:15:00,58.25,53.662904943227765
2018-12-13 14:30:00,72.61,57.39276899933815
2018-12-13 14:45:00,66.24,67.77915258169175
2018-12-13 15:00:00,73.08,66.92584338188172
2018-12-13 15:15:00,60.52,71.713182477355
2018-12-13 15:30:00,59.87,63.88805580437183
2018-12-13 15:45:00,63.49999999999999,62.90806695997715
2018-12-13 16:00:00,60.52,63.3458769851923
2018-12-13 16:15:00,88.92,63.480415725708006
2018-12-13 16:30:00,105.37,77.14656620383263
2018-12-13 16:45:00,102.89000000000001,86.84988207697869
2018-12-13 17:00:00,77.83,91.97218033194542
2018-12-13 17:15:00,67.18,83.66763084352017
2018-12-13 17:30:00,70.13,71.97781395554543
2018-12-13 17:45:00,31.72,66.0130655258894
2018-12-13 18:00:00,31.5,26.735181263685227
2018-12-13 18:15:00,54.79,38.135749739557504
2018-12-13 18:30:00,77.04,65.15321755826473
2018-12-13 18:45:00,79.63,72.36182285547257
2018-12-13 19:00:00,80.46,74.35276089131833
2018-12-13 19:15:00,71.89,77.27081177413464
2018-12-13 19:30:00,78.52,74.97669227182865
2018-12-13 19:45:00,52.31,77.68244876444341
2018-12-13 20:00:00,61.16,67.59409108161927
2018-12-13 20:15:00,61.6,66.93963946342468
2018-12-13 20:30:00,49.68,62.31004814147949
2018-12-13 20:45:00,41.54,49.53008932054043
2018-12-13 21:00:00,20.16,33.07225099489093
2018-12-13 21:15:00,6.16,7.3656074001640075
2018-12-13 21:30:00,5.69,4.929101850055158
2018-12-13 21:45:00,5.69,4.4965798736736176
2018-12-13 22:00:00,5.65,4.232599577717483
2018-12-13 22:15:00,5.47,4.141574967280031
2018-12-13 22:30:00,5.4,4.284408983550966
2018-12-13 22:45:00,5.359999999999999,4.374043656736612
2018-12-13 23:00:00,5.359999999999999,4.344266664981842
2018-12-13 23:15:00,5.26,4.309594579190016
2018-12-13 23:30:00,5.22,4.265055959820748
2018-12-13 23:45:00,5.18,4.216404226459563
2018-12-14 00:00:00,4.1,4.1750811000540855
2018-12-14 00:15:00,5.33,4.145873331390321
2018-12-14 00:30:00,5.290000000000001,4.132492659203709
2018-12-14 00:45:00,5.26,4.125736643522978
2018-12-14 01:00:00,5.290000000000001,4.108269802816213
2018-12-14 01:15:00,5.26,4.087227634824813
2018-12-14 01:30:00,5.359999999999999,4.067678133696318
2018-12-14 01:45:00,5.33,4.051690487116575
2018-12-14 02:00:00,4.79,4.03650334559381
2018-12-14 02:15:00,4.14,4.014819538556039
2018-12-14 02:30:00,4.18,3.9847264988720417
2018-12-14 02:45:00,4.21,3.954765379726887
2018-12-14 03:00:00,4.18,3.9299575820565225
2018-12-14 03:15:00,4.25,3.905751566588879
2018-12-14 03:30:00,4.18,3.880790516547859
2018-12-14 03:45:00,4.14,3.85311302613467
2018-12-14 04:00:00,4.28,3.821448728628457
2018-12-14 04:15:00,4.18,3.7887880100309848
2018-12-14 04:30:00,4.18,3.7537117421627046
2018-12-14 04:45:00,4.1,3.715103933401406
2018-12-14 05:00:00,4.46,3.674375291466713
2018-12-14 05:15:00,5.4,3.6362783239409326
2018-12-14 05:30:00,4.5,3.608818081393838
2018-12-14 05:45:00,4.18,3.573819843120873
2018-12-14 06:00:00,4.14,3.5260483285039665
2018-12-14 06:15:00,4.14,3.4859326960518957
2018-12-14 06:30:00,3.49,3.4579251236096025
2018-12-14 06:45:00,3.42,3.432959582656622
2018-12-14 07:00:00,3.35,3.427825908921659
2018-12-14 07:15:00,3.35,3.484892488569021
2018-12-14 07:30:00,4.25,3.6824987898394466
2018-12-14 07:45:00,6.52,4.279387021251023
2018-12-14 08:00:00,7.38,5.601710786670446
2018-12-14 08:15:00,36.22,21.789097412228585
2018-12-14 08:30:00,94.17999999999999,66.34549181103706
2018-12-14 08:45:00,97.88,95.07608311533929
2018-12-14 09:00:00,134.5,98.74033494770528
2018-12-14 09:15:00,93.67,105.73502912640572
2018-12-14 09:30:00,109.26,99.69887519657613
2018-12-14 09:45:00,128.34,102.92701456844807
2018-12-14 10:00:00,81.47,103.06717593073846
2018-12-14 10:15:00,109.69,93.31024755060673
2018-12-14 10:30:00,120.67,101.88220390081406
2018-12-14 10:45:00,92.81,102.16983783006668
2018-12-14 11:00:00,91.58,101.02920906484128
2018-12-14 11:15:00,104.9,100.16416062116623
2018-12-14 11:30:00,124.19999999999999,103.0626580733061
2018-12-14 11:45:00,88.85,109.96392331957819
2018-12-14 12:00:00,132.01,110.45085493981838
2018-12-14 12:15:00,13.61,79.42014427483083
2018-12-14 12:30:00,9.86,11.381496516317128
2018-12-14 12:45:00,9.61,7.424895297139883
2018-12-14 13:00:00,9.43,8.791313081644475
2018-12-14 13:15:00,86.98,81.5832010024786
2018-12-14 13:30:00,74.66,109.66596029281617
2018-12-14 13:45:00,116.42,87.25136062443258
2018-12-14 14:00:00,107.57,105.28026141762734
2018-12-14 14:15:00,103.82,102.33404353499414
2018-12-14 14:30:00,114.73,106.19763796746732
2018-12-14 14:45:00,84.74,105.22232865333558
2018-12-14 15:00:00,109.4,98.46900302886964
2018-12-14 15:15:00,125.21,102.26503618180753
2018-12-14 15:30:00,89.35,103.90503639340402
2018-12-14 15:45:00,122.25999999999999,101.31722921252252
2018-12-14 16:00:00,114.66000000000001,106.38759456157685
2018-12-14 16:15:00,96.8,106.53106123507024
2018-12-14 16:30:00,118.12,106.4533145672083
2018-12-14 16:45:00,133.2,106.7482686829567
2018-12-14 17:00:00,102.64,109.07508202433587
2018-12-14 17:15:00,63.94,111.10768674135208
2018-12-14 17:30:00,62.64,76.5496162223816
2018-12-14 17:45:00,37.94,53.96253858923912
2018-12-14 18:00:00,32.62,41.6151354265213
2018-12-14 18:15:00,29.63,71.08420331180096
2018-12-14 18:30:00,26.57,43.77922506392002
2018-12-14 18:45:00,26.349999999999998,24.28887822777033
2018-12-14 19:00:00,26.32,14.514224218130112
2018-12-14 19:15:00,26.39,13.225882622152566
2018-12-14 19:30:00,26.64,12.738385147005319
2018-12-14 19:45:00,28.44,13.462145009487866
2018-12-14 20:00:00,30.46,16.567233393639327
2018-12-14 20:15:00,29.88,20.498033200874925
2018-12-14 20:30:00,30.06,22.297441700696943
2018-12-14 20:45:00,31.93,24.139889978021383
2018-12-14 21:00:00,28.66,26.95969093441963
2018-12-14 21:15:00,5.76,25.619712832719088
2018-12-14 21:30:00,5.8,6.188797041364014
2018-12-14 21:45:00,5.72,5.24701687593013
2018-12-14 22:00:00,5.69,4.870201294235884
2018-12-14 22:15:00,5.4,4.609036800079048
2018-12-14 22:30:00,5.33,4.463528445735574
2018-12-14 22:45:00,5.33,4.387408610731363
2018-12-14 23:00:00,5.33,4.338064715564251
2018-12-14 23:15:00,4.86,4.305803126767278
2018-12-14 23:30:00,4.03,4.264096027389169
2018-12-14 23:45:00,4.03,4.208095477968454
2018-12-15 00:00:00,3.28,4.157741688974202
2018-12-15 00:15:00,4.14,4.107830254808069
2018-12-15 00:30:00,4.1,4.039646422602236
2018-12-15 00:45:00,4.07,3.956384914852679
2018-12-15 01:00:00,4.14,3.9077881951630116
2018-12-15 01:15:00,4.14,3.882969170212746
2018-12-15 01:30:00,4.14,3.8684017745405437
2018-12-15 01:45:00,4.14,3.855292802527547
2018-12-15 02:00:00,4.1,3.8419014644250273
2018-12-15 02:15:00,4.1,3.8272992641851307
2018-12-15 02:30:00,4.21,3.81154851321131
2018-12-15 02:45:00,4.1,3.7958583895489575
2018-12-15 03:00:00,4.18,3.777916634902358
2018-12-15 03:15:00,4.82,3.7589795818924903
2018-12-15 03:30:00,5.26,3.746000846326351
2018-12-15 03:45:00,4.18,3.7377336387708784
2018-12-15 04:00:00,4.14,3.7128899138048292
2018-12-15 04:15:00,4.14,3.6747811576351523
2018-12-15 04:30:00,3.8200000000000003,3.645098475031555
2018-12-15 04:45:00,3.4599999999999995,3.612789170295
2018-12-15 05:00:00,3.49,3.5717635668069123
2018-12-15 05:15:00,3.42,3.536641828455031
2018-12-15 05:30:00,3.42,3.510083697848022
2018-12-15 05:45:00,3.42,3.489845964461565
2018-12-15 06:00:00,3.38,3.482971500977874
2018-12-15 06:15:00,3.4599999999999995,3.4924383433908224
2018-12-15 06:30:00,3.42,3.532775153256953
2018-12-15 06:45:00,3.49,3.6222812740877273
2018-12-15 07:00:00,4.57,3.7958965623006224
2018-12-15 07:15:00,4.43,4.14138691034168
2018-12-15 07:30:00,4.1,4.523676352351904
2018-12-15 07:45:00,4.07,4.8015756685659285
2018-12-15 08:00:00,3.64,5.0402693233638995
2018-12-15 08:15:00,3.35,5.938058760687708
2018-12-15 08:30:00,3.35,6.662358655333518
2018-12-15 08:45:00,3.38,5.908684828281402
2018-12-15 09:00:00,3.49,4.040536745898426
2018-12-15 09:15:00,3.56,3.532051555067301
2018-12-15 09:30:00,3.38,3.1919794923067095
2018-12-15 09:45:00,3.42,2.9451690755039452
2018-12-15 10:00:00,3.35,2.843080542087555
2018-12-15 10:15:00,3.35,2.818835231140256
2018-12-15 10:30:00,3.35,2.853378203213215
2018-12-15 10:45:00,4.97,2.9081841700524094
2018-12-15 11:00:00,5.359999999999999,3.169517073407769
2018-12-15 11:15:00,4.28,3.2932910979539156
2018-12-15 11:30:00,4.18,3.188969458565116
2018-12-15 11:45:00,3.35,3.1651328206062317
2018-12-15 12:00:00,3.38,3.0782516378164293
2018-12-15 12:15:00,3.42,3.0809484304487706
2018-12-15 12:30:00,3.42,3.0991994966566563
2018-12-15 12:45:00,3.42,3.1086113253980874
2018-12-15 13:00:00,3.38,3.113896006047726
2018-12-15 13:15:00,3.31,3.1139936833828687
2018-12-15 13:30:00,3.35,3.1087067572772504
2018-12-15 13:45:00,3.38,3.113734333217144
2018-12-15 14:00:00,3.31,3.1180983769148587
2018-12-15 14:15:00,3.8200000000000003,3.1092344394326212
2018-12-15 14:30:00,4.1,3.1677521450072526
2018-12-15 14:45:00,4.07,3.217408158555627
2018-12-15 15:00:00,4.21,3.230908401273191
2018-12-15 15:15:00,3.74,3.2630307717993854
2018-12-15 15:30:00,3.74,3.2369857278838756
2018-12-15 15:45:00,3.9599999999999995,3.2545625959336757
2018-12-15 16:00:00,3.28,3.315957291983068
2018-12-15 16:15:00,3.35,3.273002841807902
2018-12-15 16:30:00,3.28,3.2717532455548644
2018-12-15 16:45:00,3.24,3.2833195893093943
2018-12-15 17:00:00,3.28,3.306881158910692
2018-12-15 17:15:00,3.28,3.350762982405722
2018-12-15 17:30:00,3.35,3.4055234787613156
2018-12-15 17:45:00,4.18,3.4781561206281184
2018-12-15 18:00:00,4.1,3.6338352678343653
2018-12-15 18:15:00,4.1,3.7331023858115078
2018-12-15 18:30:00,4.1,3.819673134312034
2018-12-15 18:45:00,4.03,3.901912398226559
2018-12-15 19:00:00,4.28,3.970893928669393
2018-12-15 19:15:00,3.49,4.053847247585654
2018-12-15 19:30:00,3.38,4.057127297408879
2018-12-15 19:45:00,3.35,4.0428703360259535
2018-12-15 20:00:00,3.38,3.991065421104431
2018-12-15 20:15:00,3.4599999999999995,3.9469444565474987
2018-12-15 20:30:00,3.42,3.909731075949967
2018-12-15 20:45:00,3.35,3.8770187118649484
2018-12-15 21:00:00,3.38,3.846930163092911
2018-12-15 21:15:00,3.9599999999999995,3.821595244631171
2018-12-15 21:30:00,4.28,3.8085682317614555
2018-12-15 21:45:00,4.25,3.806354212164879
2018-12-15 22:00:00,4.18,3.8027985326200726
2018-12-15 22:15:00,3.74,3.795301516465843
2018-12-15 22:30:00,3.31,3.792472803294659
2018-12-15 22:45:00,4.07,3.7861451083421707
2018-12-15 23:00:00,3.56,3.785586551167071
2018-12-15 23:15:00,3.17,3.7891579489037395
2018-12-15 23:30:00,3.24,3.7804635433480143
2018-12-15 23:45:00,3.2,3.7727638747915626
2018-12-16 00:00:00,4.21,3.769268261194229
2018-12-16 00:15:00,3.24,3.773645777627826
2018-12-16 00:30:00,3.28,3.7641609715670348
2018-12-16 00:45:00,3.28,3.748557859323919
2018-12-16 01:00:00,3.85,3.7499657602235676
2018-12-16 01:15:00,4.18,3.7613535902276634
2018-12-16 01:30:00,4.07,3.781050730086863
2018-12-16 01:45:00,4.07,3.79277818530798
2018-12-16 02:00:00,3.92,3.795331268757582
2018-12-16 02:15:00,3.28,3.79121310248971
2018-12-16 02:30:00,3.42,3.773461650237441
2018-12-16 02:45:00,3.5299999999999994,3.752093329764903
2018-12-16 03:00:00,4.14,3.7403164745122193
2018-12-16 03:15:00,3.56,3.7366911858320235
2018-12-16 03:30:00,3.35,3.728313389569521
2018-12-16 03:45:00,3.38,3.7009603675454854
2018-12-16 04:00:00,3.42,3.6789004466310145
2018-12-16 04:15:00,3.42,3.6580210741981865
2018-12-16 04:30:00,3.42,3.6362322920933368
2018-12-16 04:45:00,3.38,3.6142301916703583
2018-12-16 05:00:00,4.07,3.591021158657968
2018-12-16 05:15:00,4.14,3.57913315333426
2018-12-16 05:30:00,4.07,3.5790921737626196
2018-12-16 05:45:00,4.07,3.5707469366118314
2018-12-16 06:00:00,3.5299999999999994,3.5722867580503226
2018-12-16 06:15:00,3.31,3.5775697546079757
2018-12-16 06:30:00,3.35,3.5994910186156632
2018-12-16 06:45:00,3.64,3.678784805648029
2018-12-16 07:00:00,4.07,3.849724633060396
2018-12-16 07:15:00,3.38,4.124077251553535
2018-12-16 07:30:00,3.28,4.270214333571493
2018-12-16 07:45:00,3.89,4.5276233026012775
2018-12-16 08:00:00,3.9599999999999995,4.799052337408066
2018-12-16 08:15:00,39.35,4.875484852157533
2018-12-16 08:30:00,63.54,58.775502828359606
2018-12-16 08:45:00,65.02,62.377241166234015
2018-12-16 09:00:00,63.790000000000006,64.23421529829503
2018-12-16 09:15:00,61.70000000000001,60.86644449174404
2018-12-16 09:30:00,64.8,60.91914983451366
2018-12-16 09:45:00,51.16,62.37257061779499
2018-12-16 10:00:00,55.01,55.52185507655144
2018-12-16 10:15:00,61.81,56.322620606422426
2018-12-16 10:30:00,72.18,59.37586590290069
2018-12-16 10:45:00,54.86,66.29035239398479
2018-12-16 11:00:00,66.78,57.973021770119665
2018-12-16 11:15:00,69.95,63.52563022732735
2018-12-16 11:30:00,53.35,64.07602741539478
2018-12-16 11:45:00,55.510000000000005,54.31410514116287
2018-12-16 12:00:00,11.810000000000002,38.46360427632928
2018-12-16 12:15:00,5.65,8.04090358622372
2018-12-16 12:30:00,5.54,6.285504339523613
2018-12-16 12:45:00,5.44,5.936431366465985
2018-12-16 13:00:00,5.33,10.709231695830821
2018-12-16 13:15:00,36.47,32.762571178823706
2018-12-16 13:30:00,63.72,47.991978919506074
2018-12-16 13:45:00,64.8,55.58804213702679
2018-12-16 14:00:00,61.85,55.035668947696685
2018-12-16 14:15:00,57.88999999999999,54.99999314308167
2018-12-16 14:30:00,54.36,54.95062005698681
2018-12-16 14:45:00,47.38000000000001,54.66609383881092
2018-12-16 15:00:00,43.49,51.37117460608482
2018-12-16 15:15:00,45.400000000000006,48.02321770310402
2018-12-16 15:30:00,60.54999999999999,47.70406655371189
2018-12-16 15:45:00,48.42,55.95114135086536
2018-12-16 16:00:00,63.21999999999999,49.38032638847828
2018-12-16 16:15:00,62.64,56.39521170735359
2018-12-16 16:30:00,66.02,53.533557696938516
2018-12-16 16:45:00,35.42,52.252587932944294
2018-12-16 17:00:00,9.109999999999998,17.6566971988976
2018-12-16 17:15:00,8.059999999999999,7.444939359948038
2018-12-16 17:30:00,7.739999999999999,5.333925004191697
2018-12-16 17:45:00,7.8500000000000005,5.727676376253366
2018-12-16 18:00:00,6.730000000000001,5.433605847433209
2018-12-16 18:15:00,5.22,4.746874676793813
2018-12-16 18:30:00,5.69,4.281987820640206
2018-12-16 18:45:00,5.72,4.2256032982468605
2018-12-16 19:00:00,5.69,4.1764149009063845
2018-12-16 19:15:00,5.72,4.1396691365167495
2018-12-16 19:30:00,5.44,4.1496720815449955
2018-12-16 19:45:00,4.46,4.174923918135464
2018-12-16 20:00:00,4.5,4.153625206798315
2018-12-16 20:15:00,4.46,4.171374974958598
2018-12-16 20:30:00,4.5,4.114163002036512
2018-12-16 20:45:00,4.54,4.05038475446403
2018-12-16 21:00:00,4.46,3.986260706670582
2018-12-16 21:15:00,4.5,3.9323972699791194
2018-12-16 21:30:00,4.5,3.8968606836348774
2018-12-16 21:45:00,4.57,3.8775250621885062
2018-12-16 22:00:00,4.57,3.865932895690203
2018-12-16 22:15:00,4.25,3.856524435132742
2018-12-16 22:30:00,4.25,3.8581546361744405
2018-12-16 22:45:00,4.18,3.8629542983323337
2018-12-16 23:00:00,5.44,3.856883146725595
2018-12-16 23:15:00,4.82,3.8672790465503932
2018-12-16 23:30:00,4.14,3.8751190561056137
2018-12-16 23:45:00,4.18,3.8586722137778997
2018-12-17 00:00:00,4.57,3.841525911912322
2018-12-17 00:15:00,4.25,3.8519751413166525
2018-12-17 00:30:00,4.18,3.8615048564970493
2018-12-17 00:45:00,4.21,3.9188762567937374
2018-12-17 01:00:00,4.21,3.9506236361712217
2018-12-17 01:15:00,4.21,3.95807181365788
2018-12-17 01:30:00,4.36,3.958468698002398
2018-12-17 01:45:00,4.28,3.959841794334352
2018-12-17 02:00:00,4.28,3.9597059442475437
2018-12-17 02:15:00,4.28,3.9552722914144396
2018-12-17 02:30:00,3.71,3.9486813167482615
2018-12-17 02:45:00,4.32,3.933879832290113
2018-12-17 03:00:00,3.8200000000000003,3.920493546463549
2018-12-17 03:15:00,3.5299999999999994,3.912141011580825
2018-12-17 03:30:00,3.5299999999999994,3.8857361333444715
2018-12-17 03:45:00,3.5299999999999994,3.8628801982849836
2018-12-17 04:00:00,3.6,3.8421130986511707
2018-12-17 04:15:00,3.5299999999999994,3.819788213931024
2018-12-17 04:30:00,3.5299999999999994,3.795325093753636
2018-12-17 04:45:00,4.1,3.767851378470659
2018-12-17 05:00:00,4.25,3.7461872191727164
2018-12-17 05:15:00,4.28,3.7290920014306903
2018-12-17 05:30:00,4.25,3.7037189102172854
2018-12-17 05:45:00,3.64,3.675121905580163
2018-12-17 06:00:00,3.49,3.637586302049458
2018-12-17 06:15:00,3.4599999999999995,3.595426181927323
2018-12-17 06:30:00,4.32,3.5693586834520104
2018-12-17 06:45:00,3.6,3.579820262864232
2018-12-17 07:00:00,3.42,3.6145613964274528
2018-12-17 07:15:00,3.49,3.709035588614643
2018-12-17 07:30:00,4.36,3.9958055786788464
2018-12-17 07:45:00,6.19,4.67901362888515
2018-12-17 08:00:00,6.3,5.869228798523545
2018-12-17 08:15:00,6.48,17.613629353195428
2018-12-17 08:30:00,53.35,29.095018526166676
2018-12-17 08:45:00,46.93999999999999,80.90041172981263
2018-12-17 09:00:00,52.06,54.951185911893845
2018-12-17 09:15:00,54.83,59.62521031677723
2018-12-17 09:30:00,56.12,55.70807523190975
2018-12-17 09:45:00,58.0,57.023346581459045
2018-12-17 10:00:00,50.08,57.28321769297123
2018-12-17 10:15:00,46.04,52.48008855104446
2018-12-17 10:30:00,49.54,47.88297101348638
2018-12-17 10:45:00,54.14,49.94705253243446
2018-12-17 11:00:00,53.78,54.39699839413166
2018-12-17 11:15:00,52.67,55.37673574745655
2018-12-17 11:30:00,55.84,55.346314309835435
2018-12-17 11:45:00,49.64,57.5221162456274
2018-12-17 12:00:00,54.5,52.321352776885035
2018-12-17 12:15:00,11.12,45.539334715902804
2018-12-17 12:30:00,7.059999999999999,8.86649431604892
2018-12-17 12:45:00,7.129999999999999,7.1502052988857026
2018-12-17 13:00:00,8.21,6.903360077515244
2018-12-17 13:15:00,33.26,30.40998224824667
2018-12-17 13:30:00,56.99,53.320499851703644
2018-12-17 13:45:00,56.59,59.01755400121212
2018-12-17 14:00:00,55.07999999999999,53.777638761997224
2018-12-17 14:15:00,51.05,53.127103219032286
2018-12-17 14:30:00,47.95,51.712241405844686
2018-12-17 14:45:00,57.82,50.25412312865257
2018-12-17 15:00:00,59.11,55.87797541320324
2018-12-17 15:15:00,60.62,57.38301473855972
2018-12-17 15:30:00,53.6,58.96334869384766
2018-12-17 15:45:00,60.44,55.797722816467285
2018-12-17 16:00:00,67.5,59.067205523848536
2018-12-17 16:15:00,85.86,63.826934492588045
2018-12-17 16:30:00,82.33,75.38553591489793
2018-12-17 16:45:00,59.8,77.84253181219101
2018-12-17 17:00:00,60.37,64.68429449498653
2018-12-17 17:15:00,56.38,61.25332757532597
2018-12-17 17:30:00,52.99000000000001,51.428299006223675
2018-12-17 17:45:00,35.35,47.01490018606186
2018-12-17 18:00:00,31.32,29.21913161456585
2018-12-17 18:15:00,16.09,35.43144830241799
2018-12-17 18:30:00,6.37,12.968358012139797
2018-12-17 18:45:00,5.8,4.928464701920747
2018-12-17 19:00:00,5.54,4.146814177446068
2018-12-17 19:15:00,5.54,3.915500213727355
2018-12-17 19:30:00,5.62,3.8791288791224363
2018-12-17 19:45:00,5.54,3.973973571546376
2018-12-17 20:00:00,5.62,4.10027148861438
2018-12-17 20:15:00,5.54,4.200259397961199
2018-12-17 20:30:00,4.75,4.186175898052752
2018-12-17 20:45:00,4.46,4.1457009926438335
2018-12-17 21:00:00,4.46,4.093580029793084
2018-12-17 21:15:00,4.43,4.052082319185137
2018-12-17 21:30:00,4.43,4.023238875754178
2018-12-17 21:45:00,4.46,4.002086119055748
2018-12-17 22:00:00,4.46,3.9868417184054854
2018-12-17 22:15:00,4.14,3.9770099893957376
2018-12-17 22:30:00,4.18,3.9816861514747144
2018-12-17 22:45:00,4.21,3.994368486851454
2018-12-17 23:00:00,4.18,3.9997014448046686
2018-12-17 23:15:00,4.14,4.00885785292834
2018-12-17 23:30:00,4.07,4.015102466009557
2018-12-17 23:45:00,4.07,4.0143468700721865
2018-12-18 00:00:00,4.14,4.0099480218067765
2018-12-18 00:15:00,5.22,3.9988504169881343
2018-12-18 00:30:00,4.68,3.9995684015378354
2018-12-18 00:45:00,4.14,4.002681164890528
2018-12-18 01:00:00,4.1,3.9972067432105542
2018-12-18 01:15:00,4.18,3.99157850779593
2018-12-18 01:30:00,4.07,3.9881772033497693
2018-12-18 01:45:00,4.18,3.98434028044343
2018-12-18 02:00:00,4.1,3.9777987058088184
2018-12-18 02:15:00,4.18,3.972081774882972
2018-12-18 02:30:00,4.14,3.9641289311647414
2018-12-18 02:45:00,4.21,3.954728891067207
2018-12-18 03:00:00,4.18,3.9446686869114638
2018-12-18 03:15:00,3.6,3.932260858528316
2018-12-18 03:30:00,3.42,3.9099286760762335
2018-12-18 03:45:00,3.42,3.87990468416363
2018-12-18 04:00:00,3.38,3.8549441954866053
2018-12-18 04:15:00,3.42,3.8315285805240276
2018-12-18 04:30:00,3.71,3.8059410482645037
2018-12-18 04:45:00,4.18,3.783370847478509
2018-12-18 05:00:00,3.5299999999999994,3.7667084413766863
2018-12-18 05:15:00,3.4599999999999995,3.7178546169772746
2018-12-18 05:30:00,3.38,3.6591859044879675
2018-12-18 05:45:00,4.03,3.608998279236257
2018-12-18 06:00:00,4.14,3.6295700241997837
2018-12-18 06:15:00,3.6,3.624928666688502
2018-12-18 06:30:00,3.38,3.592519439160824
2018-12-18 06:45:00,3.35,3.6065928345173597
2018-12-18 07:00:00,3.31,3.6501058418676258
2018-12-18 07:15:00,3.28,3.783683527223766
2018-12-18 07:30:00,3.42,4.109818606078624
2018-12-18 07:45:00,5.58,4.787952487133443
2018-12-18 08:00:00,7.269999999999999,6.4530630715936415
2018-12-18 08:15:00,38.38,21.538576379418373
2018-12-18 08:30:00,72.86,69.13649479448796
2018-12-18 08:45:00,66.42,81.27586993336678
2018-12-18 09:00:00,81.4,75.7453298175335
2018-12-18 09:15:00,66.28,83.09467131376267
2018-12-18 09:30:00,78.3,71.13940560162068
2018-12-18 09:45:00,77.72,77.8701419389248
2018-12-18 10:00:00,74.59,75.52698167800904
2018-12-18 10:15:00,63.04,74.92504678428173
2018-12-18 10:30:00,58.68,66.3543209439516
2018-12-18 10:45:00,62.96000000000001,62.9769665312767
2018-12-18 11:00:00,68.36,64.52624133944511
2018-12-18 11:15:00,60.05,67.51615579545498
2018-12-18 11:30:00,58.82,64.51552602350712
2018-12-18 11:45:00,64.73,63.565078397989275
2018-12-18 12:00:00,67.54,64.30722854495049
2018-12-18 12:15:00,8.14,51.68440673351288
2018-12-18 12:30:00,8.64,9.129230068027972
2018-12-18 12:45:00,8.78,7.095806320942938
2018-12-18 13:00:00,9.4,7.127468372993171
2018-12-18 13:15:00,52.45,41.231162453889844
2018-12-18 13:30:00,67.46,71.19791320264339
2018-12-18 13:45:00,62.53000000000001,67.13008107602596
2018-12-18 14:00:00,62.46,60.96687026500702
2018-12-18 14:15:00,67.18,60.34804056048393
2018-12-18 14:30:00,113.51,63.81703652262688
2018-12-18 14:45:00,99.49999999999999,83.50205091953278
2018-12-18 15:00:00,68.0,89.18419524133206
2018-12-18 15:15:00,120.81999999999998,77.66966762900353
2018-12-18 15:30:00,79.45,94.06282559514047
2018-12-18 15:45:00,117.68,85.28357773065568
2018-12-18 16:00:00,114.07999999999998,97.443754773736
2018-12-18 16:15:00,106.27,99.5899615997076
2018-12-18 16:30:00,93.28,101.61308151066304
2018-12-18 16:45:00,127.58000000000001,99.09121888101102
2018-12-18 17:00:00,94.61,101.36302753269673
2018-12-18 17:15:00,101.02,98.03627671599389
2018-12-18 17:30:00,112.13999999999999,95.28993136107923
2018-12-18 17:45:00,68.08,78.27715328991414
2018-12-18 18:00:00,15.95,57.9091160929203
2018-12-18 18:15:00,7.16,21.77952278792858
2018-12-18 18:30:00,5.58,10.648950184583663
2018-12-18 18:45:00,5.65,4.956911261007189
2018-12-18 19:00:00,5.0,3.635371159724891
2018-12-18 19:15:00,4.5,3.3423907997831703
2018-12-18 19:30:00,4.39,3.5392959574237466
2018-12-18 19:45:00,4.43,3.820255830138922
2018-12-18 20:00:00,4.39,4.0243761992082
2018-12-18 20:15:00,4.43,4.1220636389032
2018-12-18 20:30:00,4.36,4.157344804629684
2018-12-18 20:45:00,4.39,4.146410556733608
2018-12-18 21:00:00,4.43,4.100426425077021
2018-12-18 21:15:00,4.39,4.058830475769937
2018-12-18 21:30:00,4.46,4.0252597861364485
2018-12-18 21:45:00,4.39,4.000777018219233
2018-12-18 22:00:00,4.39,3.9840904734656215
2018-12-18 22:15:00,4.25,3.972663909345865
2018-12-18 22:30:00,5.18,3.978795688264072
2018-12-18 22:45:00,5.1499999999999995,4.0024560579285025
2018-12-18 23:00:00,4.14,4.021070888005197
2018-12-18 23:15:00,4.14,4.024010189883411
2018-12-18 23:30:00,4.14,4.016217334903777
2018-12-18 23:45:00,4.1,4.014404690563679
2018-12-19 00:00:00,3.92,4.012419707477092
2018-12-19 00:15:00,4.14,4.00821396842599
2018-12-19 00:30:00,4.14,4.019639971181751
2018-12-19 00:45:00,4.14,4.026117550320923
2018-12-19 01:00:00,4.21,4.021946615837514
2018-12-19 01:15:00,4.14,4.020221544280648
2018-12-19 01:30:00,4.14,4.016891533061862
2018-12-19 01:45:00,4.18,4.009475914686918
2018-12-19 02:00:00,4.18,4.000853925086558
2018-12-19 02:15:00,4.93,3.991809789761901
2018-12-19 02:30:00,5.26,3.9872307436540724
2018-12-19 02:45:00,4.14,3.9882731965929272
2018-12-19 03:00:00,4.14,3.971237483434379
2018-12-19 03:15:00,4.1,3.941774855516851
2018-12-19 03:30:00,4.25,3.922648622840643
2018-12-19 03:45:00,3.8200000000000003,3.9049970933794977
2018-12-19 04:00:00,3.49,3.8821304924041034
2018-12-19 04:15:00,3.42,3.847584152147174
2018-12-19 04:30:00,3.42,3.8145540560409428
2018-12-19 04:45:00,3.49,3.7845940596237777
2018-12-19 05:00:00,3.38,3.7539329195767643
2018-12-19 05:15:00,3.42,3.7212446941435338
2018-12-19 05:30:00,3.38,3.6877048795297744
2018-12-19 05:45:00,3.42,3.6379152613505723
2018-12-19 06:00:00,3.42,3.597938285805285
2018-12-19 06:15:00,4.07,3.5758087557554243
2018-12-19 06:30:00,4.18,3.59118283148855
2018-12-19 06:45:00,3.9599999999999995,3.6110191896185277
2018-12-19 07:00:00,4.1,3.661322455853224
2018-12-19 07:15:00,4.1,3.8133740689232947
2018-12-19 07:30:00,4.07,4.182085799984634
2018-12-19 07:45:00,5.76,4.9301532848179335
2018-12-19 08:00:00,6.23,7.553759209029376
2018-12-19 08:15:00,36.14,22.52844523012638
2018-12-19 08:30:00,70.81,68.04150267660617
2018-12-19 08:45:00,59.54,80.70128469347955
2018-12-19 09:00:00,63.86,70.16748243510723
2018-12-19 09:15:00,77.4,70.60984624505043
2018-12-19 09:30:00,65.23,75.03281968951225
2018-12-19 09:45:00,69.3,68.68269712269306
2018-12-19 10:00:00,61.129999999999995,70.46899328231811
2018-12-19 10:15:00,61.16,63.37578645884991
2018-12-19 10:30:00,70.42,63.341143563985824
2018-12-19 10:45:00,63.68,68.64629379034042
2018-12-19 11:00:00,83.09,65.76443067610263
2018-12-19 11:15:00,140.8,78.73797474801542
2018-12-19 11:30:00,110.88,98.56630312740803
2018-12-19 11:45:00,115.13,106.43765924811365
2018-12-19 12:00:00,101.99,107.93232456684113
2018-12-19 12:15:00,12.13,56.582006699442864
2018-12-19 12:30:00,6.66,12.016355408355594
2018-12-19 12:45:00,6.8,6.313719055280089
2018-12-19 13:00:00,6.98,7.449459462836384
2018-12-19 13:15:00,62.42,71.33937692940235
2018-12-19 13:30:00,116.46,100.98971598505975
2018-12-19 13:45:00,89.86,103.02649725019933
2018-12-19 14:00:00,98.03,96.92509036958218
2018-12-19 14:15:00,149.18,99.34505420684815
2018-12-19 14:30:00,116.64000000000001,104.45358332574368
2018-12-19 14:45:00,105.48,109.25095511853695
2018-12-19 15:00:00,145.22,107.92255234241486
2018-12-19 15:15:00,101.38,108.28850777626039
2018-12-19 15:30:00,130.46,107.69290506839754
2018-12-19 15:45:00,115.24,110.27755962908269
2018-12-19 16:00:00,125.21,109.8106754398346
2018-12-19 16:15:00,133.56,110.51623363614083
2018-12-19 16:30:00,81.65,111.36066879391672
2018-12-19 16:45:00,62.68,108.3774727421999
2018-12-19 17:00:00,125.5,98.41280375659467
2018-12-19 17:15:00,68.0,103.39152755618096
2018-12-19 17:30:00,40.50000000000001,75.42827143311501
2018-12-19 17:45:00,31.679999999999996,65.473150126338
2018-12-19 18:00:00,26.82,32.09781740859151
2018-12-19 18:15:00,5.98,57.25314654648304
2018-12-19 18:30:00,5.47,6.72191825248301
2018-12-19 18:45:00,5.54,4.673298382051289
2018-12-19 19:00:00,5.44,3.7987623254954817
2018-12-19 19:15:00,5.47,3.7478836611658335
2018-12-19 19:30:00,5.47,3.8708633556589485
2018-12-19 19:45:00,5.4,4.045990958474577
2018-12-19 20:00:00,5.33,4.189681616201997
2018-12-19 20:15:00,5.359999999999999,4.241256371885538
2018-12-19 20:30:00,5.33,4.233105928041041
2018-12-19 20:45:00,5.44,4.213043340221048
2018-12-19 21:00:00,5.4,4.190657266825438
2018-12-19 21:15:00,5.4,4.16858555726707
2018-12-19 21:30:00,5.04,4.144902171678841
2018-12-19 21:45:00,4.25,4.115909966789186
2018-12-19 22:00:00,4.39,4.07732012167573
2018-12-19 22:15:00,4.03,4.046380545087159
2018-12-19 22:30:00,4.03,4.045709715113044
2018-12-19 22:45:00,3.9599999999999995,4.051908296346665
2018-12-19 23:00:00,4.07,4.049240694642067
2018-12-19 23:15:00,4.03,4.0539151726290585
2018-12-19 23:30:00,3.92,4.056097755841911
2018-12-19 23:45:00,3.9599999999999995,4.0496678926423195
2018-12-20 00:00:00,3.89,4.041178384944796
2018-12-20 00:15:00,4.03,4.044926612339914
2018-12-20 00:30:00,4.03,4.062371559850872
2018-12-20 00:45:00,4.0,4.063933835849166
2018-12-20 01:00:00,4.0,4.053766972534358
2018-12-20 01:15:00,4.0,4.0409381211549045
2018-12-20 01:30:00,4.1,4.029716454893351
2018-12-20 01:45:00,4.0,4.020179441981018
2018-12-20 02:00:00,4.07,4.009131798557937
2018-12-20 02:15:00,4.43,3.995967812873423
2018-12-20 02:30:00,5.18,3.986084999740124
2018-12-20 02:45:00,4.1,3.981447010412812
2018-12-20 03:00:00,4.0,3.9654700297489764
2018-12-20 03:15:00,4.1,3.9354342491924763
2018-12-20 03:30:00,4.03,3.9111827632412317
2018-12-20 03:45:00,4.1,3.887978221140802
2018-12-20 04:00:00,3.31,3.8626708095148206
2018-12-20 04:15:00,3.35,3.826478550024331
2018-12-20 04:30:00,3.4599999999999995,3.783246786035597
2018-12-20 04:45:00,3.38,3.748387204669416
2018-12-20 05:00:00,3.35,3.712472820356488
2018-12-20 05:15:00,3.35,3.6740828208252787
2018-12-20 05:30:00,3.38,3.635532832555473
2018-12-20 05:45:00,3.38,3.5983245042338967
2018-12-20 06:00:00,3.92,3.562386542633176
2018-12-20 06:15:00,3.67,3.53674455806613
2018-12-20 06:30:00,3.35,3.51742128662765
2018-12-20 06:45:00,4.0,3.49909892719239
2018-12-20 07:00:00,4.03,3.52820340488106
2018-12-20 07:15:00,3.9599999999999995,3.639152507595718
2018-12-20 07:30:00,4.18,3.9251960926502942
2018-12-20 07:45:00,4.79,4.633244499638677
2018-12-20 08:00:00,5.870000000000001,6.385150378197431
2018-12-20 08:15:00,39.49,22.79483714580536
2018-12-20 08:30:00,79.85000000000001,71.61499317824841
2018-12-20 08:45:00,66.96,87.94987707078458
2018-12-20 09:00:00,63.14,79.35635536134244
2018-12-20 09:15:00,64.12,73.60953292548656
2018-12-20 09:30:00,64.37,67.33680673539638
2018-12-20 09:45:00,83.16,65.8175761282444
2018-12-20 10:00:00,71.14,75.12315887451172
2018-12-20 10:15:00,58.72,70.8927557349205
2018-12-20 10:30:00,68.72,62.9539640802145
2018-12-20 10:45:00,75.53,68.37491696238517
2018-12-20 11:00:00,77.51,72.69346772193909
2018-12-20 11:15:00,64.4,77.37693202376366
2018-12-20 11:30:00,63.0,71.96443103790283
2018-12-20 11:45:00,71.46,70.39320465207099
2018-12-20 12:00:00,71.06,66.58199221670627
2018-12-20 12:15:00,16.96,31.064038666188715
2018-12-20 12:30:00,7.669999999999999,8.908299092762173
2018-12-20 12:45:00,7.489999999999999,7.186719781309366
2018-12-20 13:00:00,6.66,7.3578252111002795
2018-12-20 13:15:00,42.7,44.22093320071697
2018-12-20 13:30:00,63.07,67.64517969608306
2018-12-20 13:45:00,71.5,65.4544230234623
2018-12-20 14:00:00,76.9,66.93196000397205
2018-12-20 14:15:00,63.49999999999999,71.89970801472664
2018-12-20 14:30:00,78.41,67.53560144424438
2018-12-20 14:45:00,73.4,75.7598174995184
2018-12-20 15:00:00,64.44,72.11662804424763
2018-12-20 15:15:00,60.26,68.36134542644024
2018-12-20 15:30:00,58.9,63.69546753585339
2018-12-20 15:45:00,60.59,62.22512499630451
2018-12-20 16:00:00,56.92000000000001,62.896381607055666
2018-12-20 16:15:00,60.08,60.61957906126976
2018-12-20 16:30:00,58.68,61.545039252638816
2018-12-20 16:45:00,57.56,59.69889720022678
2018-12-20 17:00:00,46.50999999999999,57.73620700061321
2018-12-20 17:15:00,58.07,48.96968638062477
2018-12-20 17:30:00,41.22,54.27189955055714
2018-12-20 17:45:00,41.51,35.56157023102045
2018-12-20 18:00:00,24.8,42.64754219532013
2018-12-20 18:15:00,5.44,23.72040960997343
2018-12-20 18:30:00,5.18,6.1714952416718
2018-12-20 18:45:00,5.290000000000001,4.959153910167514
2018-12-20 19:00:00,5.290000000000001,4.410016422905028
2018-12-20 19:15:00,5.290000000000001,4.107284609004855
2018-12-20 19:30:00,4.18,4.052549935393036
2018-12-20 19:45:00,4.07,4.031904651746154
2018-12-20 20:00:00,4.1,4.112030941583217
2018-12-20 20:15:00,4.07,4.212396087534726
2018-12-20 20:30:00,4.18,4.21921890553087
2018-12-20 20:45:00,4.1,4.195261574313045
2018-12-20 21:00:00,4.1,4.172745264470577
2018-12-20 21:15:00,4.14,4.152040476240217
2018-12-20 21:30:00,4.14,4.134204819388688
2018-12-20 21:45:00,4.21,4.117339199520647
2018-12-20 22:00:00,4.18,4.1016591804102065
2018-12-20 22:15:00,3.85,4.089203074723482
2018-12-20 22:30:00,3.85,4.089402920305729
2018-12-20 22:45:00,4.64,4.094507964476943
2018-12-20 23:00:00,5.04,4.099504104033112
2018-12-20 23:15:00,4.07,4.115348602794111
2018-12-20 23:30:00,3.8200000000000003,4.113095849081874
2018-12-20 23:45:00,3.85,4.0921833561733365
2018-12-21 00:00:00,3.92,4.076164834573865
2018-12-21 00:15:00,3.89,4.077530633173883
2018-12-21 00:30:00,3.85,4.084771105982363
2018-12-21 00:45:00,3.89,4.0820148087665435
2018-12-21 01:00:00,3.89,4.068040213473141
2018-12-21 01:15:00,3.9599999999999995,4.050948363915086
2018-12-21 01:30:00,3.89,4.035735961012542
2018-12-21 01:45:00,3.89,4.020879462882877
2018-12-21 02:00:00,3.89,4.00534483704716
2018-12-21 02:15:00,3.92,3.988953008390963
2018-12-21 02:30:00,3.92,3.9710090082883833
2018-12-21 02:45:00,3.92,3.9516374595463275
2018-12-21 03:00:00,3.9599999999999995,3.930245561785996
2018-12-21 03:15:00,4.79,3.9073480857908724
2018-12-21 03:30:00,4.5,3.8894518016278745
2018-12-21 03:45:00,3.24,3.8679403333365916
2018-12-21 04:00:00,3.28,3.82263039983809
2018-12-21 04:15:00,3.24,3.7693737976253034
2018-12-21 04:30:00,3.24,3.7247397463768723
2018-12-21 04:45:00,3.28,3.6824903693795203
2018-12-21 05:00:00,3.28,3.6412301157414912
2018-12-21 05:15:00,3.28,3.600394253283739
2018-12-21 05:30:00,3.2,3.5595089907944204
2018-12-21 05:45:00,3.24,3.518307119011879
2018-12-21 06:00:00,3.2,3.4791278417035936
2018-12-21 06:15:00,3.67,3.4438483600690963
2018-12-21 06:30:00,3.9599999999999995,3.42186534602195
2018-12-21 06:45:00,3.92,3.420802683979273
2018-12-21 07:00:00,3.89,3.43947421181947
2018-12-21 07:15:00,3.67,3.505822383761406
2018-12-21 07:30:00,3.17,3.697367076613009
2018-12-21 07:45:00,5.44,4.208929664865137
2018-12-21 08:00:00,6.77,5.4674246599525205
2018-12-21 08:15:00,28.8,20.41918176867068
2018-12-21 08:30:00,54.22,57.75044319152832
2018-12-21 08:45:00,56.41,70.02157270550728
2018-12-21 09:00:00,56.74,64.90405278086662
2018-12-21 09:15:00,43.78,62.20717931210995
2018-12-21 09:30:00,47.52000000000001,51.89577599585056
2018-12-21 09:45:00,56.2,51.789763528108594
2018-12-21 10:00:00,51.59000000000001,55.156654115915295
2018-12-21 10:15:00,66.64,51.97164546251297
2018-12-21 10:30:00,53.14,61.69864640533924
2018-12-21 10:45:00,58.54,54.95048532962799
2018-12-21 11:00:00,73.12,58.845830509662626
2018-12-21 11:15:00,67.79,68.68840956270695
2018-12-21 11:30:00,65.59,70.33927778124809
2018-12-21 11:45:00,57.85,70.47780445158482
2018-12-21 12:00:00,58.9,53.12527092695236
2018-12-21 12:15:00,7.419999999999999,14.776244231015443
2018-12-21 12:30:00,8.35,8.47304383508861
2018-12-21 12:45:00,7.669999999999999,6.9264063149690624
2018-12-21 13:00:00,7.199999999999998,7.437009532153606
2018-12-21 13:15:00,39.74,42.73104621231556
2018-12-21 13:30:00,58.029999999999994,60.301128494143484
2018-12-21 13:45:00,63.97,59.261123102307316
2018-12-21 14:00:00,56.34,59.56377464115619
2018-12-21 14:15:00,69.62,56.07875510513782
2018-12-21 14:30:00,60.34,65.11473942458629
2018-12-21 14:45:00,57.74,61.9008542072773
2018-12-21 15:00:00,68.04,60.456648775339126
2018-12-21 15:15:00,67.68,64.05822544038296
2018-12-21 15:30:00,58.32000000000001,65.28119058549404
2018-12-21 15:45:00,65.48,61.31857154428959
2018-12-21 16:00:00,63.0,64.76849909424782
2018-12-21 16:15:00,69.73,63.93864143669605
2018-12-21 16:30:00,59.69,67.10936000823975
2018-12-21 16:45:00,63.32,61.71758907198906
2018-12-21 17:00:00,62.32,62.78029153287411
2018-12-21 17:15:00,52.78,59.82509182631969
2018-12-21 17:30:00,45.86,51.79375145792961
2018-12-21 17:45:00,30.780000000000005,40.77275710642338
2018-12-21 18:00:00,8.21,27.725413878262042
2018-12-21 18:15:00,5.51,7.620964022427797
2018-12-21 18:30:00,5.4,5.674413037672639
2018-12-21 18:45:00,5.62,4.808596086688339
2018-12-21 19:00:00,5.54,4.295104090385139
2018-12-21 19:15:00,5.54,4.137451748736202
2018-12-21 19:30:00,5.51,4.19817000117153
2018-12-21 19:45:00,5.47,4.318223866522312
2018-12-21 20:00:00,5.54,4.364242241382599
2018-12-21 20:15:00,5.47,4.320708463564515
2018-12-21 20:30:00,5.44,4.279644687324763
2018-12-21 20:45:00,5.47,4.245734933838248
2018-12-21 21:00:00,5.44,4.22525805938989
2018-12-21 21:15:00,5.54,4.215423523560166
2018-12-21 21:30:00,5.4,4.207355600222945
2018-12-21 21:45:00,5.44,4.191059764809906
2018-12-21 22:00:00,5.44,4.168123554699123
2018-12-21 22:15:00,5.18,4.150685343556106
2018-12-21 22:30:00,5.26,4.154470059610904
2018-12-21 22:45:00,5.1499999999999995,4.165782666839659
2018-12-21 23:00:00,5.1499999999999995,4.164877748079598
2018-12-21 23:15:00,5.11,4.162947217300534
2018-12-21 23:30:00,4.57,4.156949604377151
2018-12-21 23:45:00,4.0,4.139243061244488
2018-12-22 00:00:00,3.31,4.113041958138346
2018-12-22 00:15:00,4.0,4.068505584225059
2018-12-22 00:30:00,4.0,4.007823820449412
2018-12-22 00:45:00,4.0,3.925631711110473
2018-12-22 01:00:00,4.1,3.8841480346024038
2018-12-22 01:15:00,3.9599999999999995,3.8653024839237333
2018-12-22 01:30:00,4.03,3.852876130528748
2018-12-22 01:45:00,4.03,3.8407197932153943
2018-12-22 02:00:00,3.9599999999999995,3.829205094948411
2018-12-22 02:15:00,4.07,3.8151575223356486
2018-12-22 02:30:00,4.07,3.800445856116712
2018-12-22 02:45:00,3.67,3.7851952804625033
2018-12-22 03:00:00,3.31,3.762305663563311
2018-12-22 03:15:00,3.8200000000000003,3.7297201677411795
2018-12-22 03:30:00,4.07,3.7044194924831393
2018-12-22 03:45:00,3.42,3.6900525037571787
2018-12-22 04:00:00,3.38,3.662911115959287
2018-12-22 04:15:00,3.31,3.6265588677302003
2018-12-22 04:30:00,3.38,3.5956743048131465
2018-12-22 04:45:00,3.35,3.5657491129636765
2018-12-22 05:00:00,3.38,3.5381608794257047
2018-12-22 05:15:00,3.42,3.512442549355328
2018-12-22 05:30:00,3.9599999999999995,3.4905723694711925
2018-12-22 05:45:00,4.07,3.483324598930776
2018-12-22 06:00:00,4.07,3.4912415153533223
2018-12-22 06:15:00,4.0,3.506644220650196
2018-12-22 06:30:00,3.38,3.54581451613456
2018-12-22 06:45:00,3.35,3.6131231818720697
2018-12-22 07:00:00,3.35,3.755984704978764
2018-12-22 07:15:00,3.31,4.025349604375661
2018-12-22 07:30:00,3.85,4.333782631009817
2018-12-22 07:45:00,4.03,4.705325882062316
2018-12-22 08:00:00,3.35,4.961165838725864
2018-12-22 08:15:00,3.31,5.467651451006531
2018-12-22 08:30:00,3.24,6.7889456748589865
2018-12-22 08:45:00,3.38,6.114905260056257
2018-12-22 09:00:00,3.8200000000000003,4.052090739645064
2018-12-22 09:15:00,4.28,3.568714237585664
2018-12-22 09:30:00,4.28,3.264676691032946
2018-12-22 09:45:00,4.32,3.036259365528822
2018-12-22 10:00:00,4.21,2.9342763685435056
2018-12-22 10:15:00,3.6,2.908957729637623
2018-12-22 10:30:00,3.6,2.8761650905013085
2018-12-22 10:45:00,3.6,2.9326832175254824
2018-12-22 11:00:00,3.6,3.004634363502264
2018-12-22 11:15:00,3.6,3.0639031741023066
2018-12-22 11:30:00,3.6,3.102681076154113
2018-12-22 11:45:00,3.6,3.1244384218752383
2018-12-22 12:00:00,3.6,3.1335706913471224
2018-12-22 12:15:00,3.71,3.134409369155765
2018-12-22 12:30:00,4.39,3.144656507521868
2018-12-22 12:45:00,4.1,3.22679584864527
2018-12-22 13:00:00,3.71,3.2031079721450806
2018-12-22 13:15:00,4.28,3.147000763565302
2018-12-22 13:30:00,4.25,3.208842305354774
2018-12-22 13:45:00,4.25,3.2253683000057936
2018-12-22 14:00:00,4.21,3.2304205759614706
2018-12-22 14:15:00,3.67,3.2313254947215317
2018-12-22 14:30:00,3.4599999999999995,3.174722040370107
2018-12-22 14:45:00,3.49,3.14467447116971
2018-12-22 15:00:00,3.5299999999999994,3.1515029028058055
2018-12-22 15:15:00,3.56,3.16810580432415
2018-12-22 15:30:00,3.5299999999999994,3.18840472638607
2018-12-22 15:45:00,3.56,3.20982076279819
2018-12-22 16:00:00,3.56,3.2475522823631766
2018-12-22 16:15:00,3.49,3.290684123560786
2018-12-22 16:30:00,3.5299999999999994,3.2950812877342104
2018-12-22 16:45:00,3.56,3.3191626803949474
2018-12-22 17:00:00,4.68,3.3559797380119565
2018-12-22 17:15:00,5.44,3.5147671576589348
2018-12-22 17:30:00,4.46,3.677928164191544
2018-12-22 17:45:00,4.28,3.6791614808887245
2018-12-22 18:00:00,4.07,3.7135803915187715
2018-12-22 18:15:00,3.6,3.76009445078671
2018-12-22 18:30:00,3.67,3.7806504775583742
2018-12-22 18:45:00,3.67,3.8358808355778455
2018-12-22 19:00:00,3.71,3.8967736722156405
2018-12-22 19:15:00,3.74,3.96001076489687
2018-12-22 19:30:00,3.71,4.022336202450097
2018-12-22 19:45:00,3.74,4.033941841684282
2018-12-22 20:00:00,3.67,3.997726004905999
2018-12-22 20:15:00,3.67,3.9606226516515015
2018-12-22 20:30:00,3.67,3.9239751259610056
2018-12-22 20:45:00,3.67,3.8905402864143253
2018-12-22 21:00:00,4.18,3.8608547969907523
2018-12-22 21:15:00,4.61,3.8417600006982684
2018-12-22 21:30:00,5.51,3.8349366213381293
2018-12-22 21:45:00,4.43,3.8396352379769088
2018-12-22 22:00:00,4.1,3.8328112972527744
2018-12-22 22:15:00,3.4599999999999995,3.8083425634354353
2018-12-22 22:30:00,3.38,3.7925744101777674
2018-12-22 22:45:00,3.42,3.784930878020823
2018-12-22 23:00:00,3.38,3.7804332296922802
2018-12-22 23:15:00,3.35,3.7801368295028808
2018-12-22 23:30:00,3.31,3.7797584701702
2018-12-22 23:45:00,3.31,3.777714543864131
2018-12-23 00:00:00,3.78,3.775593149326742
2018-12-23 00:15:00,3.31,3.771826958283782
2018-12-23 00:30:00,3.35,3.7591446229070424
2018-12-23 00:45:00,3.42,3.749574489519
2018-12-23 01:00:00,4.93,3.7538082967698574
2018-12-23 01:15:00,4.93,3.7789343878254296
2018-12-23 01:30:00,4.14,3.809363684542477
2018-12-23 01:45:00,4.07,3.8122395522892476
2018-12-23 02:00:00,3.49,3.804130649380386
2018-12-23 02:15:00,3.4599999999999995,3.788160405084491
2018-12-23 02:30:00,3.49,3.766340747959912
2018-12-23 02:45:00,3.42,3.7526389755681158
2018-12-23 03:00:00,3.42,3.7389125031605364
2018-12-23 03:15:00,3.4599999999999995,3.7253617376834156
2018-12-23 03:30:00,3.42,3.7126373000070454
2018-12-23 03:45:00,3.5299999999999994,3.6977768723294138
2018-12-23 04:00:00,3.4599999999999995,3.681307014077902
2018-12-23 04:15:00,3.42,3.662547913454473
2018-12-23 04:30:00,3.6,3.640128158219159
2018-12-23 04:45:00,4.14,3.6197248224541547
2018-12-23 05:00:00,5.18,3.6095551523193716
2018-12-23 05:15:00,4.64,3.6146506533026694
2018-12-23 05:30:00,4.1,3.6113195193558933
2018-12-23 05:45:00,3.49,3.589891694299877
2018-12-23 06:00:00,3.38,3.565580703765154
2018-12-23 06:15:00,3.35,3.5554054199904206
2018-12-23 06:30:00,3.4599999999999995,3.5863079465553165
2018-12-23 06:45:00,3.38,3.6711395893990995
2018-12-23 07:00:00,3.38,3.829050719849765
2018-12-23 07:15:00,3.38,4.029107374958694
2018-12-23 07:30:00,3.38,4.271781661845743
2018-12-23 07:45:00,3.42,4.5358063055574895
2018-12-23 08:00:00,3.49,4.7400905929133295
2018-12-23 08:15:00,4.07,4.8198166302219025
2018-12-23 08:30:00,4.97,5.590667072795331
2018-12-23 08:45:00,4.82,5.5875419594347475
2018-12-23 09:00:00,4.28,4.354018680304289
2018-12-23 09:15:00,3.92,3.8136042281612754
2018-12-23 09:30:00,3.71,3.4208992385864256
2018-12-23 09:45:00,3.64,3.126324604898691
2018-12-23 10:00:00,3.64,2.9683781085163354
2018-12-23 10:15:00,3.67,2.9215064603835343
2018-12-23 10:30:00,3.71,2.946123394295573
2018-12-23 10:45:00,3.71,3.003310667201877
2018-12-23 11:00:00,3.74,3.0615330953150988
2018-12-23 11:15:00,3.78,3.11519724778831
2018-12-23 11:30:00,3.71,3.156994165405631
2018-12-23 11:45:00,3.74,3.1700638419389726
2018-12-23 12:00:00,3.9599999999999995,3.182603590860963
2018-12-23 12:15:00,4.86,3.215460786856711
2018-12-23 12:30:00,5.54,3.3375855239853265
2018-12-23 12:45:00,4.54,3.4436344803869723
2018-12-23 13:00:00,4.36,3.3332967030629517
2018-12-23 13:15:00,3.67,3.2965638500452044
2018-12-23 13:30:00,3.67,3.2192505551874637
2018-12-23 13:45:00,3.67,3.2126219691336155
2018-12-23 14:00:00,3.67,3.215634248331189
2018-12-23 14:15:00,3.71,3.2155640778318046
2018-12-23 14:30:00,3.67,3.2214640134200456
2018-12-23 14:45:00,3.67,3.2226395096257328
2018-12-23 15:00:00,3.67,3.230774235278368
2018-12-23 15:15:00,3.64,3.244047125577927
2018-12-23 15:30:00,3.67,3.258944603279233
2018-12-23 15:45:00,3.74,3.2571549748629334
2018-12-23 16:00:00,4.36,3.2644847045466303
2018-12-23 16:15:00,4.36,3.3415352810546755
2018-12-23 16:30:00,5.0,3.3729059851914647
2018-12-23 16:45:00,5.33,3.469294989965856
2018-12-23 17:00:00,3.6,3.557954573892057
2018-12-23 17:15:00,3.56,3.436258157491684
2018-12-23 17:30:00,3.6,3.435763595812023
2018-12-23 17:45:00,3.67,3.486256603077054
2018-12-23 18:00:00,3.49,3.5466823848709463
2018-12-23 18:15:00,3.49,3.588708900362253
2018-12-23 18:30:00,3.49,3.6470683012902736
2018-12-23 18:45:00,3.64,3.7134821528196333
2018-12-23 19:00:00,3.64,3.793161035552621
2018-12-23 19:15:00,4.03,3.8607733992114666
2018-12-23 19:30:00,4.25,3.9516885436698796
2018-12-23 19:45:00,4.28,4.0329706819728015
2018-12-23 20:00:00,4.25,4.014025769867003
2018-12-23 20:15:00,4.0,3.9824866565316914
2018-12-23 20:30:00,3.49,3.9442398048192264
2018-12-23 20:45:00,4.21,3.8983786118775607
2018-12-23 21:00:00,4.14,3.86665930069983
2018-12-23 21:15:00,3.49,3.850667163208127
2018-12-23 21:30:00,3.42,3.824099489413202
2018-12-23 21:45:00,3.4599999999999995,3.795645632594824
2018-12-23 22:00:00,3.5299999999999994,3.7789422469213605
2018-12-23 22:15:00,3.2,3.7705083142593505
2018-12-23 22:30:00,3.2,3.769199213422835
2018-12-23 22:45:00,3.2,3.7700451889634135
2018-12-23 23:00:00,3.9599999999999995,3.769109395183623
2018-12-23 23:15:00,4.0,3.7801205499470236
2018-12-23 23:30:00,4.0,3.7977608521282673
2018-12-23 23:45:00,4.0,3.8064709758758544
2018-12-24 00:00:00,3.78,3.810151278227568
2018-12-24 00:15:00,3.35,3.829228672236204
2018-12-24 00:30:00,3.38,3.831721128374338
2018-12-24 00:45:00,3.38,3.8847885509207845
2018-12-24 01:00:00,3.9599999999999995,3.917762510627508
2018-12-24 01:15:00,3.89,3.93281211797148
2018-12-24 01:30:00,3.38,3.9434331247583034
2018-12-24 01:45:00,3.35,3.939231315255165
2018-12-24 02:00:00,3.49,3.929438320361078
2018-12-24 02:15:00,3.38,3.925037226639688
2018-12-24 02:30:00,3.42,3.9193899048492313
2018-12-24 02:45:00,4.0,3.9104513059556485
2018-12-24 03:00:00,4.07,3.9081755363196136
2018-12-24 03:15:00,4.14,3.909090559631586
2018-12-24 03:30:00,4.1,3.899053932763636
2018-12-24 03:45:00,3.9599999999999995,3.8838190753012896
2018-12-24 04:00:00,3.35,3.862694386802614
2018-12-24 04:15:00,3.38,3.8300774545967577
2018-12-24 04:30:00,3.64,3.79143540263176
2018-12-24 04:45:00,4.07,3.763336327858269
2018-12-24 05:00:00,3.42,3.7403602609038353
2018-12-24 05:15:00,3.31,3.7084798382595183
2018-12-24 05:30:00,3.35,3.6646283284202217
2018-12-24 05:45:00,3.35,3.6299197539687156
2018-12-24 06:00:00,3.35,3.598430602028966
2018-12-24 06:15:00,3.38,3.5723726467415693
2018-12-24 06:30:00,3.6,3.5547138195484878
2018-12-24 06:45:00,4.03,3.5594146816432475
2018-12-24 07:00:00,4.0,3.610816537216306
2018-12-24 07:15:00,3.9599999999999995,3.735970955826342
2018-12-24 07:30:00,4.54,4.027439562529326
2018-12-24 07:45:00,5.359999999999999,4.694941770881415
2018-12-24 08:00:00,6.52,5.782385788485407
2018-12-24 08:15:00,21.89,18.33010720193386
2018-12-24 08:30:00,59.62,47.88199648559093
2018-12-24 08:45:00,64.58,76.21690251886845
2018-12-24 09:00:00,67.18,70.33710417985917
2018-12-24 09:15:00,69.44,72.4045314282179
2018-12-24 09:30:00,65.38,71.03822535514831
2018-12-24 09:45:00,67.0,68.57521163582801
2018-12-24 10:00:00,56.27,67.93116995155812
2018-12-24 10:15:00,54.18,59.570600827336314
2018-12-24 10:30:00,58.39,57.29605271935463
2018-12-24 10:45:00,54.86,58.98300092458725
2018-12-24 11:00:00,54.18,56.66350776970386
2018-12-24 11:15:00,55.55,56.78446599245071
2018-12-24 11:30:00,53.21,57.48682665944099
2018-12-24 11:45:00,53.03,56.323500825166704
2018-12-24 12:00:00,40.64000000000001,53.11288499176502
2018-12-24 12:15:00,6.91,26.69759457603097
2018-12-24 12:30:00,6.91,8.07309500452131
2018-12-24 12:45:00,6.48,6.613130962513387
2018-12-24 13:00:00,6.12,7.270844666883349
2018-12-24 13:15:00,34.49,32.64796310558915
2018-12-24 13:30:00,46.98,51.79934713423252
2018-12-24 13:45:00,38.2,50.378826771974566
2018-12-24 14:00:00,37.84000000000001,40.67343609750271
2018-12-24 14:15:00,43.45000000000001,40.175389470160006
2018-12-24 14:30:00,63.9,45.0385755777359
2018-12-24 14:45:00,38.48,57.975222316980364
2018-12-24 15:00:00,38.12,42.50691377818585
2018-12-24 15:15:00,45.25,39.707838380485775
2018-12-24 15:30:00,51.12,46.032917376756664
2018-12-24 15:45:00,45.72,49.99004403263331
2018-12-24 16:00:00,51.7,46.40172004878521
2018-12-24 16:15:00,47.2,49.409324207007884
2018-12-24 16:30:00,69.55,46.47158516615629
2018-12-24 16:45:00,44.82,62.16824310541153
2018-12-24 17:00:00,40.86,47.3401365211606
2018-12-24 17:15:00,33.66,41.34806089222431
2018-12-24 17:30:00,9.86,32.17798018708825
2018-12-24 17:45:00,6.730000000000001,6.355769709423184
2018-12-24 18:00:00,5.290000000000001,4.897951761968433
2018-12-24 18:15:00,5.22,4.664322171770037
2018-12-24 18:30:00,5.18,4.476621138192713
2018-12-24 18:45:00,5.33,4.285454804673791
2018-12-24 19:00:00,5.04,4.242708620540798
2018-12-24 19:15:00,4.14,4.211222836785018
2018-12-24 19:30:00,4.18,4.116098585091532
2018-12-24 19:45:00,4.1,4.09161637853831
2018-12-24 20:00:00,4.18,4.088600731156767
2018-12-24 20:15:00,4.1,4.108205807320774
2018-12-24 20:30:00,4.14,4.109958947077393
2018-12-24 20:45:00,4.21,4.074612663127482
2018-12-24 21:00:00,4.18,4.0522002056241035
2018-12-24 21:15:00,4.18,4.034994960539043
2018-12-24 21:30:00,4.14,4.015956300646066
2018-12-24 21:45:00,4.18,3.9952228828519583
2018-12-24 22:00:00,5.4,3.9796197706088425
2018-12-24 22:15:00,4.5,3.986416204497218
2018-12-24 22:30:00,3.92,4.013741719685495
2018-12-24 22:45:00,3.89,4.021839395314455
2018-12-24 23:00:00,3.85,4.015918127894402
2018-12-24 23:15:00,3.85,4.020979385674
2018-12-24 23:30:00,3.8200000000000003,4.0236374441906815
2018-12-24 23:45:00,3.85,4.018846763856709
2018-12-25 00:00:00,3.13,4.011531629636884
2018-12-25 00:15:00,3.85,3.9898815044388174
2018-12-25 00:30:00,3.92,3.974854913018644
2018-12-25 00:45:00,3.89,3.976938696168363
2018-12-25 01:00:00,3.85,3.9791066839173435
2018-12-25 01:15:00,3.56,3.9821139108389616
2018-12-25 01:30:00,3.2,3.9778127399086953
2018-12-25 01:45:00,3.92,3.964012728817761
2018-12-25 02:00:00,3.64,3.9579803113266827
2018-12-25 02:15:00,3.17,3.9589817846938966
2018-12-25 02:30:00,3.17,3.9419135124236346
2018-12-25 02:45:00,3.2,3.9241598147153853
2018-12-25 03:00:00,3.24,3.9124374117702247
2018-12-25 03:15:00,3.2,3.9002726539969443
2018-12-25 03:30:00,3.2,3.8858411084115505
2018-12-25 03:45:00,3.28,3.869175334125757
2018-12-25 04:00:00,3.9599999999999995,3.8520498027279975
2018-12-25 04:15:00,3.9599999999999995,3.8410049661248924
2018-12-25 04:30:00,3.92,3.8315965055674317
2018-12-25 04:45:00,3.89,3.8062509211897853
2018-12-25 05:00:00,3.35,3.7781226554885508
2018-12-25 05:15:00,3.24,3.7212564827874304
2018-12-25 05:30:00,3.35,3.6507727422937752
2018-12-25 05:45:00,3.9599999999999995,3.6054701065272092
2018-12-25 06:00:00,3.71,3.6213443575799467
2018-12-25 06:15:00,3.17,3.5796574673056605
2018-12-25 06:30:00,3.2,3.5510043262690307
2018-12-25 06:45:00,3.2,3.5906820948049427
2018-12-25 07:00:00,3.17,3.637256781384349
2018-12-25 07:15:00,3.24,3.771222369261086
2018-12-25 07:30:00,3.85,4.106667669974268
2018-12-25 07:45:00,3.92,4.844019838869571
2018-12-25 08:00:00,3.89,5.680856373608112
2018-12-25 08:15:00,3.89,15.885463557988405
2018-12-25 08:30:00,3.49,26.638033856153488
2018-12-25 08:45:00,3.24,24.483056279122827
2018-12-25 09:00:00,3.38,16.485801932513713
2018-12-25 09:15:00,3.49,8.571183734163641
2018-12-25 09:30:00,3.4599999999999995,3.484770111218095
2018-12-25 09:45:00,3.8200000000000003,2.8461781486123803
2018-12-25 10:00:00,3.9599999999999995,2.3172565015405415
2018-12-25 10:15:00,3.42,2.3609991067647935
2018-12-25 10:30:00,3.5299999999999994,2.4993966633826497
2018-12-25 10:45:00,3.4599999999999995,2.7170419751852752
2018-12-25 11:00:00,3.4599999999999995,2.857580574080348
2018-12-25 11:15:00,3.78,2.9334545316547156
2018-12-25 11:30:00,4.18,3.04393208861351
2018-12-25 11:45:00,4.28,3.1663992577791213
2018-12-25 12:00:00,4.18,3.2321748384460807
2018-12-25 12:15:00,4.07,3.2832067551463844
2018-12-25 12:30:00,3.56,3.3444919852167367
2018-12-25 12:45:00,3.5299999999999994,3.3150557414069772
2018-12-25 13:00:00,3.5299999999999994,3.35108127579093
2018-12-25 13:15:00,5.04,3.4063919088616967
2018-12-25 13:30:00,4.07,3.65517552010715
2018-12-25 13:45:00,3.42,3.563714729845524
2018-12-25 14:00:00,3.42,3.4430585209280253
2018-12-25 14:15:00,3.49,3.442346150018275
2018-12-25 14:30:00,3.4599999999999995,3.4513661466911434
2018-12-25 14:45:00,3.5299999999999994,3.4132489700615407
2018-12-25 15:00:00,4.14,3.3709142657369378
2018-12-25 15:15:00,4.14,3.400463343709707
2018-12-25 15:30:00,4.14,3.355454301312566
2018-12-25 15:45:00,4.1,3.2944912941753866
2018-12-25 16:00:00,3.67,3.2383139150962235
2018-12-25 16:15:00,3.4599999999999995,3.1419024557620285
2018-12-25 16:30:00,3.42,3.0740357942134144
2018-12-25 16:45:00,3.4599999999999995,3.0518147618323566
2018-12-25 17:00:00,3.42,3.068733149915934
2018-12-25 17:15:00,3.4599999999999995,3.1109465996176007
2018-12-25 17:30:00,4.0,3.19660962253809
2018-12-25 17:45:00,4.0,3.3513417486846446
2018-12-25 18:00:00,3.38,3.4170320020243525
2018-12-25 18:15:00,3.38,3.4151733258366583
2018-12-25 18:30:00,3.74,3.462576585672796
2018-12-25 18:45:00,4.1,3.5631078953668474
2018-12-25 19:00:00,4.18,3.6642600736394524
2018-12-25 19:15:00,4.1,3.7290268832072617
2018-12-25 19:30:00,4.18,3.766752227768302
2018-12-25 19:45:00,3.64,3.8108108809217813
2018-12-25 20:00:00,3.4599999999999995,3.801988484375179
2018-12-25 20:15:00,3.4599999999999995,3.8045584087446334
2018-12-25 20:30:00,3.38,3.8297288475558164
2018-12-25 20:45:00,3.42,3.8521486027911305
2018-12-25 21:00:00,3.42,3.8818980877101423
2018-12-25 21:15:00,3.42,3.912885380238295
2018-12-25 21:30:00,4.03,3.9439215114340187
2018-12-25 21:45:00,4.14,3.986049633808434
2018-12-25 22:00:00,3.49,3.986437536329031
2018-12-25 22:15:00,3.2,3.9762600070983174
2018-12-25 22:30:00,3.85,3.9658753345534206
2018-12-25 22:45:00,3.89,3.975445467941463
2018-12-25 23:00:00,3.89,3.988465744443238
2018-12-25 23:15:00,3.85,3.994482443742454
2018-12-25 23:30:00,3.64,3.9965078450366853
2018-12-25 23:45:00,3.31,3.9929836018756033
2018-12-26 00:00:00,3.67,3.982870629504323
2018-12-26 00:15:00,3.24,3.9774540283158424
2018-12-26 00:30:00,3.24,3.9903126319870355
2018-12-26 00:45:00,3.2,3.985041985437274
2018-12-26 01:00:00,3.31,3.982324422337115
2018-12-26 01:15:00,3.24,3.9813083535060287
2018-12-26 01:30:00,3.28,3.980048091337085
2018-12-26 01:45:00,3.24,3.9754426611214875
2018-12-26 02:00:00,3.24,3.969718993827701
2018-12-26 02:15:00,3.78,3.9613810544088484
2018-12-26 02:30:00,3.9599999999999995,3.9591726484522223
2018-12-26 02:45:00,4.97,3.961670156866312
2018-12-26 03:00:00,4.36,3.9637022945284843
2018-12-26 03:15:00,3.71,3.960855056345463
2018-12-26 03:30:00,3.28,3.9329917544499042
2018-12-26 03:45:00,3.31,3.8972732861712576
2018-12-26 04:00:00,3.28,3.8644896288588644
2018-12-26 04:15:00,3.28,3.839321996867657
2018-12-26 04:30:00,3.2,3.8112459380179646
2018-12-26 04:45:00,3.24,3.781475682631135
2018-12-26 05:00:00,3.28,3.750849908515811
2018-12-26 05:15:00,3.2,3.7203072162717583
2018-12-26 05:30:00,3.24,3.682457248903811
2018-12-26 05:45:00,3.2,3.627832602635026
2018-12-26 06:00:00,4.79,3.5853671004995706
2018-12-26 06:15:00,4.86,3.6177970984950663
2018-12-26 06:30:00,3.92,3.631491573154926
2018-12-26 06:45:00,3.8200000000000003,3.6306270726025107
2018-12-26 07:00:00,3.35,3.6679313941672445
2018-12-26 07:15:00,3.17,3.7959998532757164
2018-12-26 07:30:00,3.42,4.12776765845716
2018-12-26 07:45:00,4.82,4.850624286271631
2018-12-26 08:00:00,5.0,6.827842024713754
2018-12-26 08:15:00,34.52,19.75960489720106
2018-12-26 08:30:00,48.06,66.50359885752201
2018-12-26 08:45:00,78.23,61.91288985133171
2018-12-26 09:00:00,51.08,82.68069904923439
2018-12-26 09:15:00,70.99,60.137461698651315
2018-12-26 09:30:00,65.74,75.75759000718594
2018-12-26 09:45:00,52.96,65.49061977386475
2018-12-26 10:00:00,55.44,59.658092774152756
2018-12-26 10:15:00,52.06,57.928453959822654
2018-12-26 10:30:00,57.64,54.503693480491634
2018-12-26 10:45:00,62.21,57.8498540186882
2018-12-26 11:00:00,45.58,61.38060900211334
2018-12-26 11:15:00,54.58,51.23601611971855
2018-12-26 11:30:00,55.15,56.27873541474342
2018-12-26 11:45:00,58.64,56.021397177577015
2018-12-26 12:00:00,31.28,57.56882173001766
2018-12-26 12:15:00,6.77,29.620488907396794
2018-12-26 12:30:00,7.09,7.50972525589168
2018-12-26 12:45:00,6.95,6.632074751891195
2018-12-26 13:00:00,6.41,7.273731761910021
2018-12-26 13:15:00,20.66,18.388414957374334
2018-12-26 13:30:00,59.9,35.90392367705703
2018-12-26 13:45:00,55.3,58.48424922406674
2018-12-26 14:00:00,51.41,51.43507130146027
2018-12-26 14:15:00,57.02,51.59242387473583
2018-12-26 14:30:00,43.06,54.66727943956852
2018-12-26 14:45:00,41.4,46.44654384106398
2018-12-26 15:00:00,52.92,45.26282477557659
2018-12-26 15:15:00,53.42,52.99720808148384
2018-12-26 15:30:00,40.68,53.757115294337275
2018-12-26 15:45:00,40.64000000000001,43.66801212012768
2018-12-26 16:00:00,41.46999999999999,42.285727382302284
2018-12-26 16:15:00,56.2,43.066274826526644
2018-12-26 16:30:00,59.04,54.21451467752457
2018-12-26 16:45:00,54.68,56.57695891439915
2018-12-26 17:00:00,57.67,53.48442712008953
2018-12-26 17:15:00,54.79,54.7494900739193
2018-12-26 17:30:00,34.42,51.29482910275459
2018-12-26 17:45:00,9.5,31.64888339444995
2018-12-26 18:00:00,5.22,7.39002785667777
2018-12-26 18:15:00,5.04,5.235319734364747
2018-12-26 18:30:00,5.04,4.730237532071769
2018-12-26 18:45:00,5.080000000000001,4.2444016943499445
2018-12-26 19:00:00,5.080000000000001,3.9846192783489824
2018-12-26 19:15:00,4.68,3.9700007985532286
2018-12-26 19:30:00,3.92,4.000622081756592
2018-12-26 19:45:00,3.89,3.9939115365594624
2018-12-26 20:00:00,3.85,4.0288783384487035
2018-12-26 20:15:00,3.89,4.063653153851629
2018-12-26 20:30:00,3.89,4.094283418878913
2018-12-26 20:45:00,3.9599999999999995,4.117166299410164
2018-12-26 21:00:00,3.89,4.122406632304192
2018-12-26 21:15:00,3.9599999999999995,4.094970528408885
2018-12-26 21:30:00,4.0,4.07149765431881
2018-12-26 21:45:00,3.9599999999999995,4.053011937960982
2018-12-26 22:00:00,4.07,4.037856794185936
2018-12-26 22:15:00,4.0,4.027769083194435
2018-12-26 22:30:00,4.9,4.035449104011059
2018-12-26 22:45:00,4.1,4.05638966511935
2018-12-26 23:00:00,3.71,4.061833211779595
2018-12-26 23:15:00,3.74,4.051991378217935
2018-12-26 23:30:00,3.64,4.044423068836331
2018-12-26 23:45:00,3.67,4.037520537152886
2018-12-27 00:00:00,3.74,4.029819745868444
2018-12-27 00:15:00,3.64,4.032281326986849
2018-12-27 00:30:00,3.74,4.049387210644782
2018-12-27 00:45:00,3.71,4.053745079338551
2018-12-27 01:00:00,3.71,4.044924366883934
2018-12-27 01:15:00,3.67,4.034072078131139
2018-12-27 01:30:00,3.67,4.02411516495049
2018-12-27 01:45:00,3.78,4.013152287490666
2018-12-27 02:00:00,4.18,4.003572049550712
2018-12-27 02:15:00,4.86,3.9976114866510035
2018-12-27 02:30:00,4.21,3.995973987877369
2018-12-27 02:45:00,3.71,3.986271933950484
2018-12-27 03:00:00,3.78,3.9591080915927885
2018-12-27 03:15:00,3.67,3.931400848887861
2018-12-27 03:30:00,3.71,3.9075922791287305
2018-12-27 03:45:00,3.24,3.8824914494529366
2018-12-27 04:00:00,3.02,3.8512689454108475
2018-12-27 04:15:00,2.99,3.8124983410909774
2018-12-27 04:30:00,2.99,3.7757346130535008
2018-12-27 04:45:00,2.95,3.7409165726229547
2018-12-27 05:00:00,2.95,3.7042886946722864
2018-12-27 05:15:00,2.95,3.6666716933622956
2018-12-27 05:30:00,2.95,3.62857079628855
2018-12-27 05:45:00,2.95,3.5903233832120898
2018-12-27 06:00:00,3.42,3.553381141424179
2018-12-27 06:15:00,3.74,3.527225508801639
2018-12-27 06:30:00,4.86,3.5157585264742375
2018-12-27 06:45:00,4.21,3.5307789428904655
2018-12-27 07:00:00,3.6,3.5665821771323682
2018-12-27 07:15:00,2.88,3.645294391065836
2018-12-27 07:30:00,3.2,3.8781217921152713
2018-12-27 07:45:00,4.9,4.527855707295239
2018-12-27 08:00:00,5.65,6.3056051000952715
2018-12-27 08:15:00,32.0,21.79442138835788
2018-12-27 08:30:00,52.63,63.729418830275534
2018-12-27 08:45:00,73.66,67.13511089742184
2018-12-27 09:00:00,63.47,78.49311226427555
2018-12-27 09:15:00,56.77,69.08546007096767
2018-12-27 09:30:00,53.93,64.19694072902203
2018-12-27 09:45:00,59.4,58.253101985454556
2018-12-27 10:00:00,76.03,59.59407033324241
2018-12-27 10:15:00,47.81,68.81793644547463
2018-12-27 10:30:00,45.830000000000005,52.9564395827055
2018-12-27 10:45:00,52.63,50.15367040991783
2018-12-27 11:00:00,68.69,53.97373892366886
2018-12-27 11:15:00,51.16,65.00945448458195
2018-12-27 11:30:00,51.52,56.36891292691231
2018-12-27 11:45:00,54.83,56.30910296142101
2018-12-27 12:00:00,59.62,52.45679868161678
2018-12-27 12:15:00,13.54,44.690255955159664
2018-12-27 12:30:00,6.62,8.899857862368226
2018-12-27 12:45:00,6.59,7.3600672988966105
2018-12-27 13:00:00,17.82,6.925567075796425
2018-12-27 13:15:00,40.57,38.99551687076688
2018-12-27 13:30:00,43.7,57.679657437205314
2018-12-27 13:45:00,46.84,50.09527957260609
2018-12-27 14:00:00,53.32,46.91029786467552
2018-12-27 14:15:00,55.01,51.21301366865635
2018-12-27 14:30:00,61.74,53.87052878499031
2018-12-27 14:45:00,54.14,59.16794566094875
2018-12-27 15:00:00,53.5,56.24366139233112
2018-12-27 15:15:00,44.75,55.78209444284439
2018-12-27 15:30:00,42.95,49.680454034805294
2018-12-27 15:45:00,60.84,46.21432327449322
2018-12-27 16:00:00,63.04,57.77088582277298
2018-12-27 16:15:00,59.580000000000005,59.9284546560049
2018-12-27 16:30:00,63.21999999999999,59.5320059299469
2018-12-27 16:45:00,45.79,61.209873511195184
2018-12-27 17:00:00,41.58,48.6618702930212
2018-12-27 17:15:00,54.58,43.355256029367446
2018-12-27 17:30:00,36.72,51.672398034930225
2018-12-27 17:45:00,29.38,34.41444985255599
2018-12-27 18:00:00,28.48,28.08774963706732
2018-12-27 18:15:00,48.56,26.363270880579947
2018-12-27 18:30:00,53.81999999999999,51.31481366097927
2018-12-27 18:45:00,53.5,49.527215136885644
2018-12-27 19:00:00,53.14,52.92311701595783
2018-12-27 19:15:00,51.00999999999999,53.428919448256494
2018-12-27 19:30:00,47.99,53.26252217829227
2018-12-27 19:45:00,49.18,51.371057842373844
2018-12-27 20:00:00,50.33,51.37910555660724
2018-12-27 20:15:00,50.040000000000006,50.96403750956058
2018-12-27 20:30:00,40.93,49.73222526788712
2018-12-27 20:45:00,14.510000000000002,42.68634367465973
2018-12-27 21:00:00,8.35,14.490970275998116
2018-12-27 21:15:00,5.26,5.522972749993205
2018-12-27 21:30:00,5.26,4.5521257182583215
2018-12-27 21:45:00,5.26,4.295010342597961
2018-12-27 22:00:00,4.5,4.200246486589313
2018-12-27 22:15:00,3.89,4.18727841693908
2018-12-27 22:30:00,3.85,4.292467925064265
2018-12-27 22:45:00,3.8200000000000003,4.27268152832985
2018-12-27 23:00:00,3.8200000000000003,4.241743635833264
2018-12-27 23:15:00,3.8200000000000003,4.210960118435323
2018-12-27 23:30:00,3.78,4.176657971516252
2018-12-27 23:45:00,3.74,4.140519602969289
2018-12-28 00:00:00,4.82,4.108236682340503
2018-12-28 00:15:00,3.74,4.103208545036614
2018-12-28 00:30:00,3.78,4.102272751256824
2018-12-28 00:45:00,3.85,4.080516528263688
2018-12-28 01:00:00,4.14,4.058906259909272
2018-12-28 01:15:00,4.9,4.0404093162715435
2018-12-28 01:30:00,4.14,4.031216419488191
2018-12-28 01:45:00,3.8200000000000003,4.018484684079885
2018-12-28 02:00:00,3.85,3.995615837648511
2018-12-28 02:15:00,3.8200000000000003,3.973929223790765
2018-12-28 02:30:00,3.8200000000000003,3.954324708990753
2018-12-28 02:45:00,3.8200000000000003,3.9340633983165025
2018-12-28 03:00:00,3.8200000000000003,3.9124166413024066
2018-12-28 03:15:00,3.89,3.8884228214249017
2018-12-28 03:30:00,3.89,3.8629812438040974
2018-12-28 03:45:00,3.85,3.8356630263477562
2018-12-28 04:00:00,3.8200000000000003,3.8045168678089976
2018-12-28 04:15:00,4.07,3.769817275181413
2018-12-28 04:30:00,5.04,3.734999796114862
2018-12-28 04:45:00,4.1,3.706954612284899
2018-12-28 05:00:00,3.8200000000000003,3.670033140964806
2018-12-28 05:15:00,3.89,3.6190843061357736
2018-12-28 05:30:00,3.38,3.5708468594029545
2018-12-28 05:45:00,3.17,3.5224595284834503
2018-12-28 06:00:00,3.06,3.471905893906951
2018-12-28 06:15:00,3.06,3.4282901569455864
2018-12-28 06:30:00,3.1,3.3948311787471175
2018-12-28 06:45:00,3.06,3.3761057599633935
2018-12-28 07:00:00,3.1,3.3808520925417542
2018-12-28 07:15:00,3.38,3.4359252686426043
2018-12-28 07:30:00,4.97,3.6295211855322123
2018-12-28 07:45:00,6.7,4.2372499170526865
2018-12-28 08:00:00,6.16,5.581866008080541
2018-12-28 08:15:00,35.75,19.690890576019882
2018-12-28 08:30:00,57.78,66.17807061314583
2018-12-28 08:45:00,57.74,70.40866237103938
2018-12-28 09:00:00,66.46,67.61417443990707
2018-12-28 09:15:00,66.82,68.22219002842903
2018-12-28 09:30:00,59.9,67.22300702631473
2018-12-28 09:45:00,63.32,63.403755858540535
2018-12-28 10:00:00,57.17,63.47352666676044
2018-12-28 10:15:00,55.90999999999999,59.55133481502533
2018-12-28 10:30:00,62.42,57.307765017747876
2018-12-28 10:45:00,59.720000000000006,60.78211414694786
2018-12-28 11:00:00,62.71,60.035607815384864
2018-12-28 11:15:00,57.82,62.71837083876133
2018-12-28 11:30:00,64.94,60.7683629745245
2018-12-28 11:45:00,58.97,65.49065570116043
2018-12-28 12:00:00,47.05,56.642939392924305
2018-12-28 12:15:00,10.01,15.405571442246437
2018-12-28 12:30:00,7.81,8.184051966331898
2018-12-28 12:45:00,7.269999999999999,6.894676337875425
2018-12-28 13:00:00,7.31,7.434399750940501
2018-12-28 13:15:00,42.55,39.56029844984412
2018-12-28 13:30:00,56.12,59.49312361419201
2018-12-28 13:45:00,45.0,57.02526869177818
2018-12-28 14:00:00,45.22,46.572491466999054
2018-12-28 14:15:00,42.62,46.282872554659846
2018-12-28 14:30:00,34.2,44.88915395498276
2018-12-28 14:45:00,42.8,39.415697821080684
2018-12-28 15:00:00,48.02,43.90650199979544
2018-12-28 15:15:00,44.6,47.200662268400194
2018-12-28 15:30:00,35.78,45.08829895496368
2018-12-28 15:45:00,32.62,38.43915350615978
2018-12-28 16:00:00,31.39,33.66596302881837
2018-12-28 16:15:00,30.06,31.752291133254765
2018-12-28 16:30:00,30.13,30.052649365365504
2018-12-28 16:45:00,23.58,29.838846028745174
2018-12-28 17:00:00,8.57,21.450015595555303
2018-12-28 17:15:00,9.58,5.063623749651014
2018-12-28 17:30:00,9.139999999999999,5.100946034863591
2018-12-28 17:45:00,5.47,5.1484885129705065
2018-12-28 18:00:00,5.080000000000001,4.7221718541905275
2018-12-28 18:15:00,5.080000000000001,4.552733114100993
2018-12-28 18:30:00,5.11,4.495369011536241
2018-12-28 18:45:00,5.1499999999999995,4.435978384949267
2018-12-28 19:00:00,5.1499999999999995,4.3790717940405015
2018-12-28 19:15:00,5.1499999999999995,4.349100008979439
2018-12-28 19:30:00,5.18,4.356932720802725
2018-12-28 19:45:00,5.22,4.398888504430651
2018-12-28 20:00:00,5.1499999999999995,4.409388817958534
2018-12-28 20:15:00,5.1499999999999995,4.369409596957267
2018-12-28 20:30:00,5.18,4.348795188330114
2018-12-28 20:45:00,5.26,4.334687549769878
2018-12-28 21:00:00,5.18,4.310020654462278
2018-12-28 21:15:00,5.1499999999999995,4.26679282002151
2018-12-28 21:30:00,5.26,4.219419873841107
2018-12-28 21:45:00,5.26,4.191040117070079
2018-12-28 22:00:00,5.22,4.183081659711897
2018-12-28 22:15:00,4.97,4.180286067016423
2018-12-28 22:30:00,4.97,4.187650601267815
2018-12-28 22:45:00,4.93,4.1921325314044955
2018-12-28 23:00:00,5.04,4.179618043862283
2018-12-28 23:15:00,4.86,4.1699148672074084
2018-12-28 23:30:00,4.86,4.1544251504912975
2018-12-28 23:45:00,4.86,4.131161665171385
2018-12-29 00:00:00,4.28,4.110237944982946
2018-12-29 00:15:00,4.9,4.080468250960112
2018-12-29 00:30:00,4.82,4.023072712011635
2018-12-29 00:45:00,3.85,3.9406672843545674
2018-12-29 01:00:00,3.74,3.887201854735613
2018-12-29 01:15:00,3.8200000000000003,3.852210914194584
2018-12-29 01:30:00,3.78,3.8341843935847284
2018-12-29 01:45:00,3.67,3.821898942552507
2018-12-29 02:00:00,3.74,3.8090021661296487
2018-12-29 02:15:00,3.71,3.7964191921800374
2018-12-29 02:30:00,3.8200000000000003,3.7833669179305436
2018-12-29 02:45:00,3.78,3.7698144683614374
2018-12-29 03:00:00,3.71,3.755006247535348
2018-12-29 03:15:00,3.74,3.7359125739708543
2018-12-29 03:30:00,3.78,3.714401105679572
2018-12-29 03:45:00,3.78,3.692283364273608
2018-12-29 04:00:00,3.74,3.6689536380022765
2018-12-29 04:15:00,3.02,3.6429714668542146
2018-12-29 04:30:00,3.74,3.6056879157572985
2018-12-29 04:45:00,3.6,3.5735666679590943
2018-12-29 05:00:00,3.06,3.556066145412624
2018-12-29 05:15:00,3.02,3.5219947190955283
2018-12-29 05:30:00,3.02,3.4863351940363647
2018-12-29 05:45:00,2.99,3.463778465986252
2018-12-29 06:00:00,3.06,3.450325377844274
2018-12-29 06:15:00,3.06,3.452950315885246
2018-12-29 06:30:00,3.67,3.484116122163832
2018-12-29 06:45:00,3.74,3.580341208651662
2018-12-29 07:00:00,3.71,3.765625570230186
2018-12-29 07:15:00,3.67,4.06366550385952
2018-12-29 07:30:00,3.38,4.431406636573374
2018-12-29 07:45:00,3.02,4.691169404834509
2018-12-29 08:00:00,2.92,4.874625403881073
2018-12-29 08:15:00,2.95,5.487894236668944
2018-12-29 08:30:00,3.13,6.516453978009522
2018-12-29 08:45:00,3.78,5.948585458323359
2018-12-29 09:00:00,3.24,4.101181459650397
2018-12-29 09:15:00,3.17,3.487448378838599
2018-12-29 09:30:00,3.2,3.111830186545849
2018-12-29 09:45:00,3.31,2.884972891584039
2018-12-29 10:00:00,4.03,2.798516099974513
2018-12-29 10:15:00,4.03,2.8795590972155334
2018-12-29 10:30:00,4.03,2.9315324213355782
2018-12-29 10:45:00,4.03,2.989334949180484
2018-12-29 11:00:00,6.19,3.0487238916754724
2018-12-29 11:15:00,26.17,3.379345391578972
2018-12-29 11:30:00,9.36,15.628061325326561
2018-12-29 11:45:00,3.64,4.089850327409804
2018-12-29 12:00:00,4.14,3.1912968736886977
2018-12-29 12:15:00,3.78,3.0370856933295727
2018-12-29 12:30:00,3.4599999999999995,3.118052345067263
2018-12-29 12:45:00,3.42,3.1390787948668004
2018-12-29 13:00:00,3.42,3.136918666213751
2018-12-29 13:15:00,4.1,3.135813901871443
2018-12-29 13:30:00,4.14,3.2185084319859745
2018-12-29 13:45:00,4.07,3.2359410294890405
2018-12-29 14:00:00,4.03,3.2153720913454893
2018-12-29 14:15:00,3.92,3.1966118679940703
2018-12-29 14:30:00,3.31,3.1807746669650077
2018-12-29 14:45:00,3.35,3.1147953111678364
2018-12-29 15:00:00,3.31,3.1199699644744396
2018-12-29 15:15:00,3.31,3.1376461939513685
2018-12-29 15:30:00,3.31,3.1639943744242194
2018-12-29 15:45:00,3.35,3.1994591061770916
2018-12-29 16:00:00,3.49,3.251872539669275
2018-12-29 16:15:00,4.1,3.307884316369891
2018-12-29 16:30:00,3.71,3.3966269821673634
2018-12-29 16:45:00,3.67,3.403676591217518
2018-12-29 17:00:00,4.1,3.4264578648656605
2018-12-29 17:15:00,4.07,3.5063394000008703
2018-12-29 17:30:00,4.07,3.5573067598417403
2018-12-29 17:45:00,4.1,3.603050627708435
2018-12-29 18:00:00,3.56,3.6567686711251737
2018-12-29 18:15:00,3.31,3.666384836360812
2018-12-29 18:30:00,3.24,3.6957750483229757
2018-12-29 18:45:00,3.35,3.7544010971486568
2018-12-29 19:00:00,3.31,3.8380808210745454
2018-12-29 19:15:00,3.35,3.91486699514091
2018-12-29 19:30:00,3.35,3.991257968954742
2018-12-29 19:45:00,3.31,4.00560811676085
2018-12-29 20:00:00,3.71,3.9733431597799065
2018-12-29 20:15:00,4.36,3.9452064736187458
2018-12-29 20:30:00,4.28,3.9294355135411023
2018-12-29 20:45:00,4.14,3.9124441481381655
2018-12-29 21:00:00,4.1,3.885344301275909
2018-12-29 21:15:00,4.07,3.8570425741001966
2018-12-29 21:30:00,3.85,3.832778176777065
2018-12-29 21:45:00,3.4599999999999995,3.8108967696130276
2018-12-29 22:00:00,3.31,3.7883956165984274
2018-12-29 22:15:00,3.13,3.7687035290151836
2018-12-29 22:30:00,3.13,3.7657681566849353
2018-12-29 22:45:00,3.13,3.772251910828054
2018-12-29 23:00:00,3.17,3.773984280116856
2018-12-29 23:15:00,3.06,3.7765412931144238
2018-12-29 23:30:00,2.99,3.7761140951141714
2018-12-29 23:45:00,3.42,3.7714631944149732
2018-12-30 00:00:00,3.1,3.7728598680347205
2018-12-30 00:15:00,3.92,3.7634974393248557
2018-12-30 00:30:00,3.8200000000000003,3.756461303010583
2018-12-30 00:45:00,3.74,3.765936565883458
2018-12-30 01:00:00,3.78,3.773147847764194
2018-12-30 01:15:00,3.42,3.778959087841213
2018-12-30 01:30:00,3.17,3.777797064371407
2018-12-30 01:45:00,3.02,3.7676245874166487
2018-12-30 02:00:00,3.1,3.756170516461134
2018-12-30 02:15:00,3.06,3.7490103187039496
2018-12-30 02:30:00,3.1,3.7432512854784727
2018-12-30 02:45:00,3.13,3.7360703172534704
2018-12-30 03:00:00,3.1,3.729060565046966
2018-12-30 03:15:00,3.13,3.719226029217243
2018-12-30 03:30:00,3.6,3.707118530571461
2018-12-30 03:45:00,4.86,3.6995277666300534
2018-12-30 04:00:00,3.85,3.7057808001711967
2018-12-30 04:15:00,3.8200000000000003,3.698568956926465
2018-12-30 04:30:00,3.8200000000000003,3.6679920214787125
2018-12-30 04:45:00,3.4599999999999995,3.6434929740056394
2018-12-30 05:00:00,3.17,3.6125578883290292
2018-12-30 05:15:00,3.13,3.573803563565016
2018-12-30 05:30:00,3.1,3.5415335543081166
2018-12-30 05:45:00,3.1,3.5202146338671447
2018-12-30 06:00:00,3.1,3.510635518655181
2018-12-30 06:15:00,3.13,3.5201781452074647
2018-12-30 06:30:00,3.13,3.561752762682736
2018-12-30 06:45:00,3.1,3.652688677608967
2018-12-30 07:00:00,3.8200000000000003,3.817799862660468
2018-12-30 07:15:00,4.36,4.11933484852314
2018-12-30 07:30:00,4.97,4.429755103699863
2018-12-30 07:45:00,3.9599999999999995,4.791080407314002
2018-12-30 08:00:00,3.4599999999999995,4.879978009574115
2018-12-30 08:15:00,3.06,4.877378894276917
2018-12-30 08:30:00,3.06,4.700278658382595
2018-12-30 08:45:00,3.17,4.507109378129244
2018-12-30 09:00:00,3.28,4.103148479089141
2018-12-30 09:15:00,3.35,3.6374117178469896
2018-12-30 09:30:00,3.38,3.3086679805070163
2018-12-30 09:45:00,3.35,3.0667380622774365
2018-12-30 10:00:00,3.4599999999999995,2.926280299797654
2018-12-30 10:15:00,3.38,2.8930374467372895
2018-12-30 10:30:00,4.0,2.8942578520625832
2018-12-30 10:45:00,4.1,3.0138553284853695
2018-12-30 11:00:00,4.1,3.0846343464404344
2018-12-30 11:15:00,4.28,3.12997234813869
2018-12-30 11:30:00,4.61,3.190753473341465
2018-12-30 11:45:00,3.56,3.2689015164598825
2018-12-30 12:00:00,3.42,3.162189027816057
2018-12-30 12:15:00,3.4599999999999995,3.138414139896631
2018-12-30 12:30:00,3.4599999999999995,3.1554593962430952
2018-12-30 12:45:00,3.31,3.1663835395872595
2018-12-30 13:00:00,3.28,3.15131428450346
2018-12-30 13:15:00,3.2,3.147106299996376
2018-12-30 13:30:00,3.24,3.140078022778034
2018-12-30 13:45:00,3.24,3.1459835720062257
2018-12-30 14:00:00,4.03,3.1480336733162404
2018-12-30 14:15:00,4.0,3.246522179432213
2018-12-30 14:30:00,4.03,3.264587434157729
2018-12-30 14:45:00,4.82,3.274218756221235
2018-12-30 15:00:00,4.1,3.3834568214789034
2018-12-30 15:15:00,3.31,3.336827682591975
2018-12-30 15:30:00,3.24,3.2359146453812717
2018-12-30 15:45:00,3.24,3.199993524700403
2018-12-30 16:00:00,3.35,3.1940992027521133
2018-12-30 16:15:00,3.31,3.2082096481323243
2018-12-30 16:30:00,3.35,3.218617336601019
2018-12-30 16:45:00,3.24,3.246713043190539
2018-12-30 17:00:00,3.24,3.2733166442811488
2018-12-30 17:15:00,3.42,3.3181791706755757
2018-12-30 17:30:00,4.0,3.3927036092057823
2018-12-30 17:45:00,4.75,3.5188280647993087
2018-12-30 18:00:00,4.68,3.677046822719276
2018-12-30 18:15:00,3.89,3.7654992633312943
2018-12-30 18:30:00,3.5299999999999994,3.7665338571742177
2018-12-30 18:45:00,3.2,3.7794345631450414
2018-12-30 19:00:00,3.28,3.7962867102772
2018-12-30 19:15:00,3.24,3.84177122797817
2018-12-30 19:30:00,3.24,3.884016114063561
2018-12-30 19:45:00,3.2,3.9265849071741106
2018-12-30 20:00:00,3.24,3.9544639272615316
2018-12-30 20:15:00,3.31,3.920349275916815
2018-12-30 20:30:00,3.24,3.890726097896695
2018-12-30 20:45:00,3.78,3.8629228619486096
2018-12-30 21:00:00,4.32,3.8439773884788155
2018-12-30 21:15:00,4.07,3.839099696725607
2018-12-30 21:30:00,4.07,3.8307668095827103
2018-12-30 21:45:00,4.03,3.8148903130739926
2018-12-30 22:00:00,4.0,3.8014731522277
2018-12-30 22:15:00,3.2,3.7906483703106644
2018-12-30 22:30:00,2.99,3.78300596088171
2018-12-30 22:45:00,3.1,3.7747656987980007
2018-12-30 23:00:00,3.02,3.7685390493646262
2018-12-30 23:15:00,2.95,3.769229527078569
2018-12-30 23:30:00,2.99,3.7687248608469965
2018-12-30 23:45:00,2.92,3.7677245102077723
2018-12-31 00:00:00,3.67,3.767132832556963
2018-12-31 00:15:00,3.64,3.800474485680461
2018-12-31 00:30:00,3.31,3.8261838339269163
2018-12-31 00:45:00,3.49,3.886994150057435
2018-12-31 01:00:00,3.71,3.9214371993392705
2018-12-31 01:15:00,3.78,3.9353214150294664
2018-12-31 01:30:00,3.71,3.940811554901302
2018-12-31 01:45:00,3.67,3.9417484714090825
2018-12-31 02:00:00,3.02,3.9394676494970917
2018-12-31 02:15:00,2.99,3.927364080399275
2018-12-31 02:30:00,3.06,3.9086594320833683
2018-12-31 02:45:00,3.02,3.89852456651628
2018-12-31 03:00:00,3.06,3.888648489750922
2018-12-31 03:15:00,3.02,3.8768171821907162
2018-12-31 03:30:00,3.4599999999999995,3.8634280895441773
2018-12-31 03:45:00,3.74,3.851928548105061
2018-12-31 04:00:00,3.06,3.843720283769071
2018-12-31 04:15:00,3.74,3.821032196544111
2018-12-31 04:30:00,3.74,3.7937167859077454
2018-12-31 04:45:00,3.78,3.776870813779533
2018-12-31 05:00:00,3.78,3.7479953726008537
2018-12-31 05:15:00,3.56,3.716910964101553
2018-12-31 05:30:00,2.99,3.6813923414051533
2018-12-31 05:45:00,3.02,3.622020239830017
2018-12-31 06:00:00,2.95,3.572947483472526
2018-12-31 06:15:00,3.02,3.5418821613490583
2018-12-31 06:30:00,2.99,3.537888056524098
2018-12-31 06:45:00,3.02,3.5339203358069065
2018-12-31 07:00:00,3.74,3.5641879596933723
2018-12-31 07:15:00,3.17,3.6910719407722357
2018-12-31 07:30:00,2.95,3.965713661722839
2018-12-31 07:45:00,3.56,4.552423802539706
2018-12-31 08:00:00,3.64,5.578027401082217
2018-12-31 08:15:00,3.6,13.349546619355678
2018-12-31 08:30:00,3.74,26.35046279966831
2018-12-31 08:45:00,3.74,26.3341181255877
2018-12-31 09:00:00,3.06,18.71240394167602
2018-12-31 09:15:00,3.17,9.833439868018031
2018-12-31 09:30:00,3.13,4.19059776224196
2018-12-31 09:45:00,3.17,3.388715679384768
2018-12-31 10:00:00,3.24,2.3933516365289687
2018-12-31 10:15:00,3.2,2.371278804242611
2018-12-31 10:30:00,4.03,2.6269071266800164
2018-12-31 10:45:00,3.67,2.9884524849802254
2018-12-31 11:00:00,3.35,3.026222177296877
2018-12-31 11:15:00,3.35,2.99348567456007
2018-12-31 11:30:00,3.8200000000000003,3.041549659818411
2018-12-31 11:45:00,4.0,3.1961874768137934
2018-12-31 12:00:00,4.07,3.286270679831505
2018-12-31 12:15:00,4.03,3.346709372997284
2018-12-31 12:30:00,4.1,3.4149347461387514
2018-12-31 12:45:00,3.35,3.4453820065036416
2018-12-31 13:00:00,3.35,3.3792196460440755
2018-12-31 13:15:00,3.35,3.3942928306758406
2018-12-31 13:30:00,3.31,3.4355076138302683
2018-12-31 13:45:00,3.31,3.452973893173039
2018-12-31 14:00:00,3.35,3.45667496599257
2018-12-31 14:15:00,3.35,3.4550273626670243
2018-12-31 14:30:00,3.56,3.436258157491684
2018-12-31 14:45:00,4.07,3.4307118812203408
2018-12-31 15:00:00,3.5299999999999994,3.4579352281615137
2018-12-31 15:15:00,3.42,3.345273965261877
2018-12-31 15:30:00,4.07,3.257535579651594
2018-12-31 15:45:00,4.07,3.283255593813956
2018-12-31 16:00:00,4.03,3.249881942942739
2018-12-31 16:15:00,4.07,3.1995893426239492
2018-12-31 16:30:00,3.92,3.179879852756858
2018-12-31 16:45:00,3.31,3.1679957769811153
2018-12-31 17:00:00,3.31,3.125910318270326
2018-12-31 17:15:00,3.35,3.1635351786762476
2018-12-31 17:30:00,3.31,3.259736687876284
2018-12-31 17:45:00,3.4599999999999995,3.332622504904866
2018-12-31 18:00:00,3.42,3.397497657723725
2018-12-31 18:15:00,3.35,3.4617367851361633
2018-12-31 18:30:00,3.8200000000000003,3.522707090005279
2018-12-31 18:45:00,4.14,3.630878002308309
2018-12-31 19:00:00,3.49,3.7354342918470502
2018-12-31 19:15:00,3.9599999999999995,3.741852366402745
2018-12-31 19:30:00,4.14,3.808495254442096
2018-12-31 19:45:00,4.21,3.8775340440124273
2018-12-31 20:00:00,4.14,3.921924463286996
2018-12-31 20:15:00,4.18,3.947630443349481
2018-12-31 20:30:00,3.38,3.9789511860907076
2018-12-31 20:45:00,3.42,3.9538076927512886
2018-12-31 21:00:00,3.42,3.9687225727364424
2018-12-31 21:15:00,3.42,3.9820527221634983
2018-12-31 21:30:00,3.49,3.9660813551396132
2018-12-31 21:45:00,3.42,3.9551948231831195
2018-12-31 22:00:00,3.42,3.9480177845060824
2018-12-31 22:15:00,3.24,3.9427768902480604
2018-12-31 22:30:00,3.67,3.948639775812626
2018-12-31 22:45:00,3.8200000000000003,3.9665377440676095
2018-12-31 23:00:00,3.85,3.9797791979834436
2018-12-31 23:15:00,3.74,3.989928659014404
2018-12-31 23:30:00,3.78,3.9931037337705493
2018-12-31 23:45:00,3.78,3.98706233445555
