date,Usage_kWh,Lagging_Current_Reactive.Power_kVarh,NSM_sin,NSM_cos,Day_of_week_sin,Day_of_week_cos,WeekStatus
2018-12-11 04:00:00,3.85,3.1,0.8660254037844386,0.5000000000000001,0.7818314824680298,0.6234898018587336,0
2018-12-11 04:15:00,4.18,3.89,0.8968727415326884,0.4422886902190012,0.7818314824680298,0.6234898018587336,0
2018-12-11 04:30:00,3.49,2.63,0.9238795325112868,0.3826834323650898,0.7818314824680298,0.6234898018587336,0
2018-12-11 04:45:00,3.56,2.66,0.9469301294951056,0.3214394653031617,0.7818314824680298,0.6234898018587336,0
2018-12-11 05:00:00,3.56,2.63,0.9659258262890684,0.2588190451025207,0.7818314824680298,0.6234898018587336,0
2018-12-11 05:15:00,3.74,2.92,0.9807852804032304,0.1950903220161283,0.7818314824680298,0.6234898018587336,0
2018-12-11 05:30:00,4.18,3.92,0.9914448613738104,0.1305261922200517,0.7818314824680298,0.6234898018587336,0
2018-12-11 05:45:00,4.25,3.85,0.9978589232386036,0.065403129230143,0.7818314824680298,0.6234898018587336,0
2018-12-11 06:00:00,4.28,3.92,1.0,6.123233995736766e-17,0.7818314824680298,0.6234898018587336,0
2018-12-11 06:15:00,3.56,2.7,0.9978589232386036,-0.0654031292301431,0.7818314824680298,0.6234898018587336,0
2018-12-11 06:30:00,3.53,2.66,0.9914448613738104,-0.1305261922200513,0.7818314824680298,0.6234898018587336,0
2018-12-11 06:45:00,3.6,3.1,0.9807852804032304,-0.1950903220161282,0.7818314824680298,0.6234898018587336,0
2018-12-11 07:00:00,3.49,2.95,0.9659258262890684,-0.2588190451025208,0.7818314824680298,0.6234898018587336,0
2018-12-11 07:15:00,4.1,3.6,0.9469301294951056,-0.3214394653031613,0.7818314824680298,0.6234898018587336,0
2018-12-11 07:30:00,4.07,3.78,0.9238795325112868,-0.3826834323650897,0.7818314824680298,0.6234898018587336,0
2018-12-11 07:45:00,4.86,3.46,0.8968727415326884,-0.4422886902190011,0.7818314824680298,0.6234898018587336,0
2018-12-11 08:00:00,14.83,10.55,0.8660254037844387,-0.4999999999999998,0.7818314824680298,0.6234898018587336,0
2018-12-11 08:15:00,44.21,31.14,0.8314696123025453,-0.555570233019602,0.7818314824680298,0.6234898018587336,0
2018-12-11 08:30:00,54.04,36.9,0.7933533402912352,-0.6087614290087207,0.7818314824680298,0.6234898018587336,0
2018-12-11 08:45:00,61.74,40.57,0.7518398074789774,-0.6593458151000688,0.7818314824680298,0.6234898018587336,0
2018-12-11 09:00:00,69.48,32.47,0.7071067811865476,-0.7071067811865475,0.7818314824680298,0.6234898018587336,0
2018-12-11 09:15:00,75.38,37.01,0.659345815100069,-0.7518398074789773,0.7818314824680298,0.6234898018587336,0
2018-12-11 09:30:00,71.82,33.55,0.6087614290087209,-0.793353340291235,0.7818314824680298,0.6234898018587336,0
2018-12-11 09:45:00,71.24,35.32,0.5555702330196022,-0.8314696123025453,0.7818314824680298,0.6234898018587336,0
2018-12-11 10:00:00,54.86,21.02,0.4999999999999999,-0.8660254037844387,0.7818314824680298,0.6234898018587336,0
2018-12-11 10:15:00,66.13,31.68,0.4422886902190013,-0.8968727415326883,0.7818314824680298,0.6234898018587336,0
2018-12-11 10:30:00,73.08,36.83,0.3826834323650899,-0.9238795325112868,0.7818314824680298,0.6234898018587336,0
2018-12-11 10:45:00,77.51,42.34,0.3214394653031617,-0.9469301294951056,0.7818314824680298,0.6234898018587336,0
2018-12-11 11:00:00,72.54,35.82,0.258819045102521,-0.9659258262890682,0.7818314824680298,0.6234898018587336,0
2018-12-11 11:15:00,63.83,29.41,0.1950903220161286,-0.9807852804032304,0.7818314824680298,0.6234898018587336,0
2018-12-11 11:30:00,67.07,33.48,0.1305261922200515,-0.9914448613738104,0.7818314824680298,0.6234898018587336,0
2018-12-11 11:45:00,84.24,45.54,0.0654031292301431,-0.9978589232386036,0.7818314824680298,0.6234898018587336,0
2018-12-11 12:00:00,72.79,39.89,1.2246467991473532e-16,-1.0,0.7818314824680298,0.6234898018587336,0
2018-12-11 12:15:00,7.96,0.32,-0.0654031292301428,-0.9978589232386036,0.7818314824680298,0.6234898018587336,0
2018-12-11 12:30:00,5.8,0.0,-0.1305261922200517,-0.9914448613738104,0.7818314824680298,0.6234898018587336,0
2018-12-11 12:45:00,6.98,0.0,-0.1950903220161283,-0.9807852804032304,0.7818314824680298,0.6234898018587336,0
2018-12-11 13:00:00,6.95,0.0,-0.2588190451025203,-0.9659258262890684,0.7818314824680298,0.6234898018587336,0
2018-12-11 13:15:00,38.45,12.46,-0.3214394653031615,-0.9469301294951056,0.7818314824680298,0.6234898018587336,0
2018-12-11 13:30:00,59.36,29.63,-0.3826834323650896,-0.9238795325112868,0.7818314824680298,0.6234898018587336,0
2018-12-11 13:45:00,66.02,34.56,-0.4422886902190011,-0.8968727415326884,0.7818314824680298,0.6234898018587336,0
2018-12-11 14:00:00,80.28,44.06,-0.5000000000000001,-0.8660254037844386,0.7818314824680298,0.6234898018587336,0
2018-12-11 14:15:00,75.53,39.92,-0.555570233019602,-0.8314696123025455,0.7818314824680298,0.6234898018587336,0
2018-12-11 14:30:00,72.0,34.88,-0.6087614290087203,-0.7933533402912354,0.7818314824680298,0.6234898018587336,0
2018-12-11 14:45:00,72.61,40.0,-0.6593458151000688,-0.7518398074789774,0.7818314824680298,0.6234898018587336,0
2018-12-11 15:00:00,78.55,44.06,-0.7071067811865475,-0.7071067811865477,0.7818314824680298,0.6234898018587336,0
2018-12-11 15:15:00,73.98,39.38,-0.7518398074789773,-0.6593458151000691,0.7818314824680298,0.6234898018587336,0
2018-12-11 15:30:00,76.79,41.11,-0.7933533402912349,-0.6087614290087209,0.7818314824680298,0.6234898018587336,0
2018-12-11 15:45:00,80.46,44.89,-0.8314696123025452,-0.5555702330196022,0.7818314824680298,0.6234898018587336,0
2018-12-11 16:00:00,68.11,33.84,-0.8660254037844385,-0.5000000000000004,0.7818314824680298,0.6234898018587336,0
2018-12-11 16:15:00,71.68,36.79,-0.8968727415326883,-0.4422886902190013,0.7818314824680298,0.6234898018587336,0
2018-12-11 16:30:00,69.8,37.58,-0.9238795325112864,-0.3826834323650903,0.7818314824680298,0.6234898018587336,0
2018-12-11 16:45:00,75.46,41.22,-0.9469301294951056,-0.3214394653031618,0.7818314824680298,0.6234898018587336,0
2018-12-11 17:00:00,70.27,36.25,-0.9659258262890684,-0.2588190451025206,0.7818314824680298,0.6234898018587336,0
2018-12-11 17:15:00,78.48,44.5,-0.9807852804032304,-0.1950903220161286,0.7818314824680298,0.6234898018587336,0
2018-12-11 17:30:00,66.78,32.8,-0.9914448613738104,-0.1305261922200516,0.7818314824680298,0.6234898018587336,0
2018-12-11 17:45:00,32.11,0.0,-0.9978589232386036,-0.0654031292301427,0.7818314824680298,0.6234898018587336,0
2018-12-11 18:00:00,31.25,3.71,-1.0,-1.8369701987210294e-16,0.7818314824680298,0.6234898018587336,0
2018-12-11 18:15:00,36.4,14.94,-0.9978589232386036,0.0654031292301423,0.7818314824680298,0.6234898018587336,0
2018-12-11 18:30:00,39.56,15.98,-0.9914448613738104,0.1305261922200512,0.7818314824680298,0.6234898018587336,0
2018-12-11 18:45:00,51.44,18.29,-0.9807852804032304,0.1950903220161283,0.7818314824680298,0.6234898018587336,0
2018-12-11 19:00:00,51.52,18.04,-0.9659258262890684,0.2588190451025203,0.7818314824680298,0.6234898018587336,0
2018-12-11 19:15:00,53.57,20.88,-0.9469301294951056,0.3214394653031615,0.7818314824680298,0.6234898018587336,0
2018-12-11 19:30:00,52.81,19.91,-0.9238795325112866,0.38268343236509,0.7818314824680298,0.6234898018587336,0
2018-12-11 19:45:00,52.38,18.61,-0.8968727415326884,0.442288690219001,0.7818314824680298,0.6234898018587336,0
2018-12-11 20:00:00,53.21,21.06,-0.8660254037844386,0.5000000000000001,0.7818314824680298,0.6234898018587336,0
2018-12-11 20:15:00,51.91,18.9,-0.8314696123025455,0.5555702330196018,0.7818314824680298,0.6234898018587336,0
2018-12-11 20:30:00,53.46,18.47,-0.7933533402912352,0.6087614290087205,0.7818314824680298,0.6234898018587336,0
2018-12-11 20:45:00,32.36,2.74,-0.7518398074789772,0.6593458151000691,0.7818314824680298,0.6234898018587336,0
2018-12-11 21:00:00,28.37,0.04,-0.7071067811865477,0.7071067811865474,0.7818314824680298,0.6234898018587336,0
2018-12-11 21:15:00,6.77,0.0,-0.6593458151000694,0.7518398074789769,0.7818314824680298,0.6234898018587336,0
2018-12-11 21:30:00,5.69,0.0,-0.608761429008721,0.7933533402912349,0.7818314824680298,0.6234898018587336,0
2018-12-11 21:45:00,5.8,0.0,-0.5555702330196022,0.8314696123025452,0.7818314824680298,0.6234898018587336,0
2018-12-11 22:00:00,5.69,0.0,-0.5000000000000004,0.8660254037844384,0.7818314824680298,0.6234898018587336,0
2018-12-11 22:15:00,5.47,3.96,-0.4422886902190014,0.8968727415326883,0.7818314824680298,0.6234898018587336,0
2018-12-11 22:30:00,5.44,4.1,-0.3826834323650904,0.9238795325112864,0.7818314824680298,0.6234898018587336,0
2018-12-11 22:45:00,4.97,4.18,-0.3214394653031618,0.9469301294951056,0.7818314824680298,0.6234898018587336,0
2018-12-11 23:00:00,4.36,4.21,-0.2588190451025207,0.9659258262890684,0.7818314824680298,0.6234898018587336,0
2018-12-11 23:15:00,4.25,3.64,-0.1950903220161287,0.9807852804032304,0.7818314824680298,0.6234898018587336,0
2018-12-11 23:30:00,4.21,3.35,-0.1305261922200516,0.9914448613738104,0.7818314824680298,0.6234898018587336,0
2018-12-11 23:45:00,4.14,3.42,-0.0654031292301428,0.9978589232386036,0.7818314824680298,0.6234898018587336,0
2018-12-12 00:00:00,4.21,2.84,0.0,1.0,0.9749279121818236,-0.2225209339563143,0
2018-12-12 00:15:00,4.21,3.31,0.065403129230143,0.9978589232386036,0.9749279121818236,-0.2225209339563143,0
2018-12-12 00:30:00,4.14,3.56,0.1305261922200515,0.9914448613738104,0.9749279121818236,-0.2225209339563143,0
2018-12-12 00:45:00,4.14,3.38,0.1950903220161282,0.9807852804032304,0.9749279121818236,-0.2225209339563143,0
2018-12-12 01:00:00,4.14,3.31,0.2588190451025207,0.9659258262890684,0.9749279121818236,-0.2225209339563143,0
2018-12-12 01:15:00,4.21,3.31,0.3214394653031616,0.9469301294951056,0.9749279121818236,-0.2225209339563143,0
2018-12-12 01:30:00,4.18,3.31,0.3826834323650898,0.9238795325112868,0.9749279121818236,-0.2225209339563143,0
2018-12-12 01:45:00,4.75,3.2,0.4422886902190013,0.8968727415326883,0.9749279121818236,-0.2225209339563143,0
2018-12-12 02:00:00,5.33,3.42,0.4999999999999999,0.8660254037844387,0.9749279121818236,-0.2225209339563143,0
2018-12-12 02:15:00,4.25,3.38,0.5555702330196022,0.8314696123025452,0.9749279121818236,-0.2225209339563143,0
2018-12-12 02:30:00,4.25,3.56,0.6087614290087207,0.7933533402912352,0.9749279121818236,-0.2225209339563143,0
2018-12-12 02:45:00,4.18,3.53,0.6593458151000688,0.7518398074789774,0.9749279121818236,-0.2225209339563143,0
2018-12-12 03:00:00,4.21,3.64,0.7071067811865476,0.7071067811865476,0.9749279121818236,-0.2225209339563143,0
2018-12-12 03:15:00,4.18,3.67,0.7518398074789773,0.659345815100069,0.9749279121818236,-0.2225209339563143,0
2018-12-12 03:30:00,4.18,3.67,0.7933533402912352,0.6087614290087207,0.9749279121818236,-0.2225209339563143,0
2018-12-12 03:45:00,4.25,3.71,0.8314696123025452,0.5555702330196023,0.9749279121818236,-0.2225209339563143,0
2018-12-12 04:00:00,4.18,3.64,0.8660254037844386,0.5000000000000001,0.9749279121818236,-0.2225209339563143,0
2018-12-12 04:15:00,4.03,3.49,0.8968727415326884,0.4422886902190012,0.9749279121818236,-0.2225209339563143,0
2018-12-12 04:30:00,3.46,2.56,0.9238795325112868,0.3826834323650898,0.9749279121818236,-0.2225209339563143,0
2018-12-12 04:45:00,3.46,2.48,0.9469301294951056,0.3214394653031617,0.9749279121818236,-0.2225209339563143,0
2018-12-12 05:00:00,3.53,2.48,0.9659258262890684,0.2588190451025207,0.9749279121818236,-0.2225209339563143,0
2018-12-12 05:15:00,3.46,2.52,0.9807852804032304,0.1950903220161283,0.9749279121818236,-0.2225209339563143,0
2018-12-12 05:30:00,3.49,2.59,0.9914448613738104,0.1305261922200517,0.9749279121818236,-0.2225209339563143,0
2018-12-12 05:45:00,4.0,3.64,0.9978589232386036,0.065403129230143,0.9749279121818236,-0.2225209339563143,0
2018-12-12 06:00:00,4.25,3.74,1.0,6.123233995736766e-17,0.9749279121818236,-0.2225209339563143,0
2018-12-12 06:15:00,3.85,2.92,0.9978589232386036,-0.0654031292301431,0.9749279121818236,-0.2225209339563143,0
2018-12-12 06:30:00,3.42,2.48,0.9914448613738104,-0.1305261922200513,0.9749279121818236,-0.2225209339563143,0
2018-12-12 06:45:00,3.42,2.38,0.9807852804032304,-0.1950903220161282,0.9749279121818236,-0.2225209339563143,0
2018-12-12 07:00:00,3.96,3.31,0.9659258262890684,-0.2588190451025208,0.9749279121818236,-0.2225209339563143,0
2018-12-12 07:15:00,4.1,3.31,0.9469301294951056,-0.3214394653031613,0.9749279121818236,-0.2225209339563143,0
2018-12-12 07:30:00,4.32,3.28,0.9238795325112868,-0.3826834323650897,0.9749279121818236,-0.2225209339563143,0
2018-12-12 07:45:00,5.83,3.13,0.8968727415326884,-0.4422886902190011,0.9749279121818236,-0.2225209339563143,0
2018-12-12 08:00:00,5.8,2.92,0.8660254037844387,-0.4999999999999998,0.9749279121818236,-0.2225209339563143,0
2018-12-12 08:15:00,36.86,27.04,0.8314696123025453,-0.555570233019602,0.9749279121818236,-0.2225209339563143,0
2018-12-12 08:30:00,60.37,44.5,0.7933533402912352,-0.6087614290087207,0.9749279121818236,-0.2225209339563143,0
2018-12-12 08:45:00,66.46,44.14,0.7518398074789774,-0.6593458151000688,0.9749279121818236,-0.2225209339563143,0
2018-12-12 09:00:00,69.05,30.1,0.7071067811865476,-0.7071067811865475,0.9749279121818236,-0.2225209339563143,0
2018-12-12 09:15:00,63.86,25.49,0.659345815100069,-0.7518398074789773,0.9749279121818236,-0.2225209339563143,0
2018-12-12 09:30:00,65.59,28.91,0.6087614290087209,-0.793353340291235,0.9749279121818236,-0.2225209339563143,0
2018-12-12 09:45:00,60.98,24.23,0.5555702330196022,-0.8314696123025453,0.9749279121818236,-0.2225209339563143,0
2018-12-12 10:00:00,65.74,29.66,0.4999999999999999,-0.8660254037844387,0.9749279121818236,-0.2225209339563143,0
2018-12-12 10:15:00,57.17,20.02,0.4422886902190013,-0.8968727415326883,0.9749279121818236,-0.2225209339563143,0
2018-12-12 10:30:00,64.55,27.97,0.3826834323650899,-0.9238795325112868,0.9749279121818236,-0.2225209339563143,0
2018-12-12 10:45:00,53.42,18.18,0.3214394653031617,-0.9469301294951056,0.9749279121818236,-0.2225209339563143,0
2018-12-12 11:00:00,65.88,28.4,0.258819045102521,-0.9659258262890682,0.9749279121818236,-0.2225209339563143,0
2018-12-12 11:15:00,57.71,22.54,0.1950903220161286,-0.9807852804032304,0.9749279121818236,-0.2225209339563143,0
2018-12-12 11:30:00,59.76,22.18,0.1305261922200515,-0.9914448613738104,0.9749279121818236,-0.2225209339563143,0
2018-12-12 11:45:00,79.85,38.16,0.0654031292301431,-0.9978589232386036,0.9749279121818236,-0.2225209339563143,0
2018-12-12 12:00:00,49.64,14.9,1.2246467991473532e-16,-1.0,0.9749279121818236,-0.2225209339563143,0
2018-12-12 12:15:00,27.97,0.0,-0.0654031292301428,-0.9978589232386036,0.9749279121818236,-0.2225209339563143,0
2018-12-12 12:30:00,29.74,0.0,-0.1305261922200517,-0.9914448613738104,0.9749279121818236,-0.2225209339563143,0
2018-12-12 12:45:00,29.56,0.07,-0.1950903220161283,-0.9807852804032304,0.9749279121818236,-0.2225209339563143,0
2018-12-12 13:00:00,29.3,0.0,-0.2588190451025203,-0.9659258262890684,0.9749279121818236,-0.2225209339563143,0
2018-12-12 13:15:00,58.86,18.58,-0.3214394653031615,-0.9469301294951056,0.9749279121818236,-0.2225209339563143,0
2018-12-12 13:30:00,61.78,25.78,-0.3826834323650896,-0.9238795325112868,0.9749279121818236,-0.2225209339563143,0
2018-12-12 13:45:00,77.0,35.1,-0.4422886902190011,-0.8968727415326884,0.9749279121818236,-0.2225209339563143,0
2018-12-12 14:00:00,65.56,30.17,-0.5000000000000001,-0.8660254037844386,0.9749279121818236,-0.2225209339563143,0
2018-12-12 14:15:00,86.51,52.31,-0.555570233019602,-0.8314696123025455,0.9749279121818236,-0.2225209339563143,0
2018-12-12 14:30:00,60.44,25.63,-0.6087614290087203,-0.7933533402912354,0.9749279121818236,-0.2225209339563143,0
2018-12-12 14:45:00,64.8,33.3,-0.6593458151000688,-0.7518398074789774,0.9749279121818236,-0.2225209339563143,0
2018-12-12 15:00:00,72.18,32.04,-0.7071067811865475,-0.7071067811865477,0.9749279121818236,-0.2225209339563143,0
2018-12-12 15:15:00,69.08,33.95,-0.7518398074789773,-0.6593458151000691,0.9749279121818236,-0.2225209339563143,0
2018-12-12 15:30:00,66.17,34.2,-0.7933533402912349,-0.6087614290087209,0.9749279121818236,-0.2225209339563143,0
2018-12-12 15:45:00,61.67,27.36,-0.8314696123025452,-0.5555702330196022,0.9749279121818236,-0.2225209339563143,0
2018-12-12 16:00:00,70.6,32.69,-0.8660254037844385,-0.5000000000000004,0.9749279121818236,-0.2225209339563143,0
2018-12-12 16:15:00,68.36,32.51,-0.8968727415326883,-0.4422886902190013,0.9749279121818236,-0.2225209339563143,0
2018-12-12 16:30:00,75.1,38.66,-0.9238795325112864,-0.3826834323650903,0.9749279121818236,-0.2225209339563143,0
2018-12-12 16:45:00,66.13,29.7,-0.9469301294951056,-0.3214394653031618,0.9749279121818236,-0.2225209339563143,0
2018-12-12 17:00:00,70.7,36.22,-0.9659258262890684,-0.2588190451025206,0.9749279121818236,-0.2225209339563143,0
2018-12-12 17:15:00,60.7,27.11,-0.9807852804032304,-0.1950903220161286,0.9749279121818236,-0.2225209339563143,0
2018-12-12 17:30:00,57.92,18.14,-0.9914448613738104,-0.1305261922200516,0.9749279121818236,-0.2225209339563143,0
2018-12-12 17:45:00,32.9,0.04,-0.9978589232386036,-0.0654031292301427,0.9749279121818236,-0.2225209339563143,0
2018-12-12 18:00:00,30.53,2.74,-1.0,-1.8369701987210294e-16,0.9749279121818236,-0.2225209339563143,0
2018-12-12 18:15:00,49.9,24.08,-0.9978589232386036,0.0654031292301423,0.9749279121818236,-0.2225209339563143,0
2018-12-12 18:30:00,67.25,34.92,-0.9914448613738104,0.1305261922200512,0.9749279121818236,-0.2225209339563143,0
2018-12-12 18:45:00,69.37,29.81,-0.9807852804032304,0.1950903220161283,0.9749279121818236,-0.2225209339563143,0
2018-12-12 19:00:00,65.99,25.78,-0.9659258262890684,0.2588190451025203,0.9749279121818236,-0.2225209339563143,0
2018-12-12 19:15:00,66.02,25.27,-0.9469301294951056,0.3214394653031615,0.9749279121818236,-0.2225209339563143,0
2018-12-12 19:30:00,60.19,24.95,-0.9238795325112866,0.38268343236509,0.9749279121818236,-0.2225209339563143,0
2018-12-12 19:45:00,58.54,21.85,-0.8968727415326884,0.442288690219001,0.9749279121818236,-0.2225209339563143,0
2018-12-12 20:00:00,61.85,23.44,-0.8660254037844386,0.5000000000000001,0.9749279121818236,-0.2225209339563143,0
2018-12-12 20:15:00,67.07,27.22,-0.8314696123025455,0.5555702330196018,0.9749279121818236,-0.2225209339563143,0
2018-12-12 20:30:00,58.82,18.94,-0.7933533402912352,0.6087614290087205,0.9749279121818236,-0.2225209339563143,0
2018-12-12 20:45:00,53.35,16.96,-0.7518398074789772,0.6593458151000691,0.9749279121818236,-0.2225209339563143,0
2018-12-12 21:00:00,30.35,0.07,-0.7071067811865477,0.7071067811865474,0.9749279121818236,-0.2225209339563143,0
2018-12-12 21:15:00,12.2,0.0,-0.6593458151000694,0.7518398074789769,0.9749279121818236,-0.2225209339563143,0
2018-12-12 21:30:00,5.8,0.0,-0.608761429008721,0.7933533402912349,0.9749279121818236,-0.2225209339563143,0
2018-12-12 21:45:00,5.76,0.0,-0.5555702330196022,0.8314696123025452,0.9749279121818236,-0.2225209339563143,0
2018-12-12 22:00:00,5.65,0.0,-0.5000000000000004,0.8660254037844384,0.9749279121818236,-0.2225209339563143,0
2018-12-12 22:15:00,5.04,3.2,-0.4422886902190014,0.8968727415326883,0.9749279121818236,-0.2225209339563143,0
2018-12-12 22:30:00,4.25,3.42,-0.3826834323650904,0.9238795325112864,0.9749279121818236,-0.2225209339563143,0
2018-12-12 22:45:00,4.25,3.42,-0.3214394653031618,0.9469301294951056,0.9749279121818236,-0.2225209339563143,0
2018-12-12 23:00:00,4.21,3.31,-0.2588190451025207,0.9659258262890684,0.9749279121818236,-0.2225209339563143,0
2018-12-12 23:15:00,4.14,2.88,-0.1950903220161287,0.9807852804032304,0.9749279121818236,-0.2225209339563143,0
2018-12-12 23:30:00,4.1,2.45,-0.1305261922200516,0.9914448613738104,0.9749279121818236,-0.2225209339563143,0
2018-12-12 23:45:00,4.1,2.66,-0.0654031292301428,0.9978589232386036,0.9749279121818236,-0.2225209339563143,0
2018-12-13 00:00:00,5.26,2.41,0.0,1.0,0.4338837391175582,-0.900968867902419,0
2018-12-13 00:15:00,4.1,2.88,0.065403129230143,0.9978589232386036,0.4338837391175582,-0.900968867902419,0
2018-12-13 00:30:00,4.18,2.92,0.1305261922200515,0.9914448613738104,0.4338837391175582,-0.900968867902419,0
2018-12-13 00:45:00,4.21,2.84,0.1950903220161282,0.9807852804032304,0.4338837391175582,-0.900968867902419,0
2018-12-13 01:00:00,4.14,2.95,0.2588190451025207,0.9659258262890684,0.4338837391175582,-0.900968867902419,0
2018-12-13 01:15:00,4.28,2.92,0.3214394653031616,0.9469301294951056,0.4338837391175582,-0.900968867902419,0
2018-12-13 01:30:00,4.18,3.02,0.3826834323650898,0.9238795325112868,0.4338837391175582,-0.900968867902419,0
2018-12-13 01:45:00,4.25,2.95,0.4422886902190013,0.8968727415326883,0.4338837391175582,-0.900968867902419,0
2018-12-13 02:00:00,5.36,2.74,0.4999999999999999,0.8660254037844387,0.4338837391175582,-0.900968867902419,0
2018-12-13 02:15:00,4.79,2.77,0.5555702330196022,0.8314696123025452,0.4338837391175582,-0.900968867902419,0
2018-12-13 02:30:00,4.25,3.13,0.6087614290087207,0.7933533402912352,0.4338837391175582,-0.900968867902419,0
2018-12-13 02:45:00,4.18,3.2,0.6593458151000688,0.7518398074789774,0.4338837391175582,-0.900968867902419,0
2018-12-13 03:00:00,4.21,3.24,0.7071067811865476,0.7071067811865476,0.4338837391175582,-0.900968867902419,0
2018-12-13 03:15:00,4.18,3.2,0.7518398074789773,0.659345815100069,0.4338837391175582,-0.900968867902419,0
2018-12-13 03:30:00,4.21,3.24,0.7933533402912352,0.6087614290087207,0.4338837391175582,-0.900968867902419,0
2018-12-13 03:45:00,4.21,3.06,0.8314696123025452,0.5555702330196023,0.4338837391175582,-0.900968867902419,0
2018-12-13 04:00:00,4.21,3.2,0.8660254037844386,0.5000000000000001,0.4338837391175582,-0.900968867902419,0
2018-12-13 04:15:00,4.18,3.24,0.8968727415326884,0.4422886902190012,0.4338837391175582,-0.900968867902419,0
2018-12-13 04:30:00,4.21,3.13,0.9238795325112868,0.3826834323650898,0.4338837391175582,-0.900968867902419,0
2018-12-13 04:45:00,4.21,3.1,0.9469301294951056,0.3214394653031617,0.4338837391175582,-0.900968867902419,0
2018-12-13 05:00:00,4.18,3.1,0.9659258262890684,0.2588190451025207,0.4338837391175582,-0.900968867902419,0
2018-12-13 05:15:00,3.67,2.41,0.9807852804032304,0.1950903220161283,0.4338837391175582,-0.900968867902419,0
2018-12-13 05:30:00,3.42,2.2,0.9914448613738104,0.1305261922200517,0.4338837391175582,-0.900968867902419,0
2018-12-13 05:45:00,3.89,2.66,0.9978589232386036,0.065403129230143,0.4338837391175582,-0.900968867902419,0
2018-12-13 06:00:00,4.32,2.95,1.0,6.123233995736766e-17,0.4338837391175582,-0.900968867902419,0
2018-12-13 06:15:00,3.46,2.16,0.9978589232386036,-0.0654031292301431,0.4338837391175582,-0.900968867902419,0
2018-12-13 06:30:00,3.38,2.2,0.9914448613738104,-0.1305261922200513,0.4338837391175582,-0.900968867902419,0
2018-12-13 06:45:00,3.38,2.2,0.9807852804032304,-0.1950903220161282,0.4338837391175582,-0.900968867902419,0
2018-12-13 07:00:00,3.42,2.12,0.9659258262890684,-0.2588190451025208,0.4338837391175582,-0.900968867902419,0
2018-12-13 07:15:00,3.42,2.12,0.9469301294951056,-0.3214394653031613,0.4338837391175582,-0.900968867902419,0
2018-12-13 07:30:00,3.71,2.23,0.9238795325112868,-0.3826834323650897,0.4338837391175582,-0.900968867902419,0
2018-12-13 07:45:00,5.69,2.7,0.8968727415326884,-0.4422886902190011,0.4338837391175582,-0.900968867902419,0
2018-12-13 08:00:00,6.23,2.45,0.8660254037844387,-0.4999999999999998,0.4338837391175582,-0.900968867902419,0
2018-12-13 08:15:00,35.57,23.29,0.8314696123025453,-0.555570233019602,0.4338837391175582,-0.900968867902419,0
2018-12-13 08:30:00,72.86,54.04,0.7933533402912352,-0.6087614290087207,0.4338837391175582,-0.900968867902419,0
2018-12-13 08:45:00,61.74,40.21,0.7518398074789774,-0.6593458151000688,0.4338837391175582,-0.900968867902419,0
2018-12-13 09:00:00,76.36,35.1,0.7071067811865476,-0.7071067811865475,0.4338837391175582,-0.900968867902419,0
2018-12-13 09:15:00,63.11,24.37,0.659345815100069,-0.7518398074789773,0.4338837391175582,-0.900968867902419,0
2018-12-13 09:30:00,65.66,25.96,0.6087614290087209,-0.793353340291235,0.4338837391175582,-0.900968867902419,0
2018-12-13 09:45:00,72.07,30.85,0.5555702330196022,-0.8314696123025453,0.4338837391175582,-0.900968867902419,0
2018-12-13 10:00:00,56.84,17.93,0.4999999999999999,-0.8660254037844387,0.4338837391175582,-0.900968867902419,0
2018-12-13 10:15:00,69.3,27.47,0.4422886902190013,-0.8968727415326883,0.4338837391175582,-0.900968867902419,0
2018-12-13 10:30:00,65.66,28.44,0.3826834323650899,-0.9238795325112868,0.4338837391175582,-0.900968867902419,0
2018-12-13 10:45:00,85.43,42.41,0.3214394653031617,-0.9469301294951056,0.4338837391175582,-0.900968867902419,0
2018-12-13 11:00:00,53.17,16.38,0.258819045102521,-0.9659258262890682,0.4338837391175582,-0.900968867902419,0
2018-12-13 11:15:00,55.4,22.68,0.1950903220161286,-0.9807852804032304,0.4338837391175582,-0.900968867902419,0
2018-12-13 11:30:00,60.08,25.2,0.1305261922200515,-0.9914448613738104,0.4338837391175582,-0.900968867902419,0
2018-12-13 11:45:00,58.0,25.09,0.0654031292301431,-0.9978589232386036,0.4338837391175582,-0.900968867902419,0
2018-12-13 12:00:00,51.3,15.3,1.2246467991473532e-16,-1.0,0.4338837391175582,-0.900968867902419,0
2018-12-13 12:15:00,11.38,0.36,-0.0654031292301428,-0.9978589232386036,0.4338837391175582,-0.900968867902419,0
2018-12-13 12:30:00,10.91,0.0,-0.1305261922200517,-0.9914448613738104,0.4338837391175582,-0.900968867902419,0
2018-12-13 12:45:00,30.1,3.74,-0.1950903220161283,-0.9807852804032304,0.4338837391175582,-0.900968867902419,0
2018-12-13 13:00:00,36.4,4.39,-0.2588190451025203,-0.9659258262890684,0.4338837391175582,-0.900968867902419,0
2018-12-13 13:15:00,41.69,7.7,-0.3214394653031615,-0.9469301294951056,0.4338837391175582,-0.900968867902419,0
2018-12-13 13:30:00,56.92,22.28,-0.3826834323650896,-0.9238795325112868,0.4338837391175582,-0.900968867902419,0
2018-12-13 13:45:00,46.66,12.1,-0.4422886902190011,-0.8968727415326884,0.4338837391175582,-0.900968867902419,0
2018-12-13 14:00:00,52.52,18.25,-0.5000000000000001,-0.8660254037844386,0.4338837391175582,-0.900968867902419,0
2018-12-13 14:15:00,58.25,23.72,-0.555570233019602,-0.8314696123025455,0.4338837391175582,-0.900968867902419,0
2018-12-13 14:30:00,72.61,35.71,-0.6087614290087203,-0.7933533402912354,0.4338837391175582,-0.900968867902419,0
2018-12-13 14:45:00,66.24,33.73,-0.6593458151000688,-0.7518398074789774,0.4338837391175582,-0.900968867902419,0
2018-12-13 15:00:00,73.08,39.46,-0.7071067811865475,-0.7071067811865477,0.4338837391175582,-0.900968867902419,0
2018-12-13 15:15:00,60.52,29.02,-0.7518398074789773,-0.6593458151000691,0.4338837391175582,-0.900968867902419,0
2018-12-13 15:30:00,59.87,28.62,-0.7933533402912349,-0.6087614290087209,0.4338837391175582,-0.900968867902419,0
2018-12-13 15:45:00,63.5,12.24,-0.8314696123025452,-0.5555702330196022,0.4338837391175582,-0.900968867902419,0
2018-12-13 16:00:00,60.52,14.36,-0.8660254037844385,-0.5000000000000004,0.4338837391175582,-0.900968867902419,0
2018-12-13 16:15:00,88.92,20.34,-0.8968727415326883,-0.4422886902190013,0.4338837391175582,-0.900968867902419,0
2018-12-13 16:30:00,105.37,38.2,-0.9238795325112864,-0.3826834323650903,0.4338837391175582,-0.900968867902419,0
2018-12-13 16:45:00,102.89,46.12,-0.9469301294951056,-0.3214394653031618,0.4338837391175582,-0.900968867902419,0
2018-12-13 17:00:00,77.83,30.92,-0.9659258262890684,-0.2588190451025206,0.4338837391175582,-0.900968867902419,0
2018-12-13 17:15:00,67.18,24.95,-0.9807852804032304,-0.1950903220161286,0.4338837391175582,-0.900968867902419,0
2018-12-13 17:30:00,70.13,27.79,-0.9914448613738104,-0.1305261922200516,0.4338837391175582,-0.900968867902419,0
2018-12-13 17:45:00,31.72,0.0,-0.9978589232386036,-0.0654031292301427,0.4338837391175582,-0.900968867902419,0
2018-12-13 18:00:00,31.5,3.13,-1.0,-1.8369701987210294e-16,0.4338837391175582,-0.900968867902419,0
2018-12-13 18:15:00,54.79,24.66,-0.9978589232386036,0.0654031292301423,0.4338837391175582,-0.900968867902419,0
2018-12-13 18:30:00,77.04,40.72,-0.9914448613738104,0.1305261922200512,0.4338837391175582,-0.900968867902419,0
2018-12-13 18:45:00,79.63,29.88,-0.9807852804032304,0.1950903220161283,0.4338837391175582,-0.900968867902419,0
2018-12-13 19:00:00,80.46,31.1,-0.9659258262890684,0.2588190451025203,0.4338837391175582,-0.900968867902419,0
2018-12-13 19:15:00,71.89,25.34,-0.9469301294951056,0.3214394653031615,0.4338837391175582,-0.900968867902419,0
2018-12-13 19:30:00,78.52,28.58,-0.9238795325112866,0.38268343236509,0.4338837391175582,-0.900968867902419,0
2018-12-13 19:45:00,52.31,17.21,-0.8968727415326884,0.442288690219001,0.4338837391175582,-0.900968867902419,0
2018-12-13 20:00:00,61.16,22.75,-0.8660254037844386,0.5000000000000001,0.4338837391175582,-0.900968867902419,0
2018-12-13 20:15:00,61.6,24.01,-0.8314696123025455,0.5555702330196018,0.4338837391175582,-0.900968867902419,0
2018-12-13 20:30:00,49.68,16.81,-0.7933533402912352,0.6087614290087205,0.4338837391175582,-0.900968867902419,0
2018-12-13 20:45:00,41.54,7.06,-0.7518398074789772,0.6593458151000691,0.4338837391175582,-0.900968867902419,0
2018-12-13 21:00:00,20.16,1.01,-0.7071067811865477,0.7071067811865474,0.4338837391175582,-0.900968867902419,0
2018-12-13 21:15:00,6.16,0.0,-0.6593458151000694,0.7518398074789769,0.4338837391175582,-0.900968867902419,0
2018-12-13 21:30:00,5.69,0.0,-0.608761429008721,0.7933533402912349,0.4338837391175582,-0.900968867902419,0
2018-12-13 21:45:00,5.69,0.0,-0.5555702330196022,0.8314696123025452,0.4338837391175582,-0.900968867902419,0
2018-12-13 22:00:00,5.65,0.0,-0.5000000000000004,0.8660254037844384,0.4338837391175582,-0.900968867902419,0
2018-12-13 22:15:00,5.47,3.1,-0.4422886902190014,0.8968727415326883,0.4338837391175582,-0.900968867902419,0
2018-12-13 22:30:00,5.4,3.35,-0.3826834323650904,0.9238795325112864,0.4338837391175582,-0.900968867902419,0
2018-12-13 22:45:00,5.36,3.17,-0.3214394653031618,0.9469301294951056,0.4338837391175582,-0.900968867902419,0
2018-12-13 23:00:00,5.36,3.2,-0.2588190451025207,0.9659258262890684,0.4338837391175582,-0.900968867902419,0
2018-12-13 23:15:00,5.26,2.59,-0.1950903220161287,0.9807852804032304,0.4338837391175582,-0.900968867902419,0
2018-12-13 23:30:00,5.22,2.16,-0.1305261922200516,0.9914448613738104,0.4338837391175582,-0.900968867902419,0
2018-12-13 23:45:00,5.18,2.16,-0.0654031292301428,0.9978589232386036,0.4338837391175582,-0.900968867902419,0
2018-12-14 00:00:00,4.1,3.46,0.0,1.0,-0.433883739117558,-0.9009688679024191,0
2018-12-14 00:15:00,5.33,2.59,0.065403129230143,0.9978589232386036,-0.433883739117558,-0.9009688679024191,0
2018-12-14 00:30:00,5.29,2.63,0.1305261922200515,0.9914448613738104,-0.433883739117558,-0.9009688679024191,0
2018-12-14 00:45:00,5.26,2.74,0.1950903220161282,0.9807852804032304,-0.433883739117558,-0.9009688679024191,0
2018-12-14 01:00:00,5.29,2.88,0.2588190451025207,0.9659258262890684,-0.433883739117558,-0.9009688679024191,0
2018-12-14 01:15:00,5.26,2.84,0.3214394653031616,0.9469301294951056,-0.433883739117558,-0.9009688679024191,0
2018-12-14 01:30:00,5.36,3.1,0.3826834323650898,0.9238795325112868,-0.433883739117558,-0.9009688679024191,0
2018-12-14 01:45:00,5.33,3.02,0.4422886902190013,0.8968727415326883,-0.433883739117558,-0.9009688679024191,0
2018-12-14 02:00:00,4.79,3.24,0.4999999999999999,0.8660254037844387,-0.433883739117558,-0.9009688679024191,0
2018-12-14 02:15:00,4.14,3.38,0.5555702330196022,0.8314696123025452,-0.433883739117558,-0.9009688679024191,0
2018-12-14 02:30:00,4.18,3.31,0.6087614290087207,0.7933533402912352,-0.433883739117558,-0.9009688679024191,0
2018-12-14 02:45:00,4.21,3.46,0.6593458151000688,0.7518398074789774,-0.433883739117558,-0.9009688679024191,0
2018-12-14 03:00:00,4.18,3.42,0.7071067811865476,0.7071067811865476,-0.433883739117558,-0.9009688679024191,0
2018-12-14 03:15:00,4.25,3.6,0.7518398074789773,0.659345815100069,-0.433883739117558,-0.9009688679024191,0
2018-12-14 03:30:00,4.18,3.46,0.7933533402912352,0.6087614290087207,-0.433883739117558,-0.9009688679024191,0
2018-12-14 03:45:00,4.14,3.46,0.8314696123025452,0.5555702330196023,-0.433883739117558,-0.9009688679024191,0
2018-12-14 04:00:00,4.28,3.46,0.8660254037844386,0.5000000000000001,-0.433883739117558,-0.9009688679024191,0
2018-12-14 04:15:00,4.18,3.53,0.8968727415326884,0.4422886902190012,-0.433883739117558,-0.9009688679024191,0
2018-12-14 04:30:00,4.18,3.42,0.9238795325112868,0.3826834323650898,-0.433883739117558,-0.9009688679024191,0
2018-12-14 04:45:00,4.1,3.49,0.9469301294951056,0.3214394653031617,-0.433883739117558,-0.9009688679024191,0
2018-12-14 05:00:00,4.46,3.49,0.9659258262890684,0.2588190451025207,-0.433883739117558,-0.9009688679024191,0
2018-12-14 05:15:00,5.4,3.53,0.9807852804032304,0.1950903220161283,-0.433883739117558,-0.9009688679024191,0
2018-12-14 05:30:00,4.5,3.42,0.9914448613738104,0.1305261922200517,-0.433883739117558,-0.9009688679024191,0
2018-12-14 05:45:00,4.18,3.56,0.9978589232386036,0.065403129230143,-0.433883739117558,-0.9009688679024191,0
2018-12-14 06:00:00,4.14,3.6,1.0,6.123233995736766e-17,-0.433883739117558,-0.9009688679024191,0
2018-12-14 06:15:00,4.14,3.53,0.9978589232386036,-0.0654031292301431,-0.433883739117558,-0.9009688679024191,0
2018-12-14 06:30:00,3.49,2.45,0.9914448613738104,-0.1305261922200513,-0.433883739117558,-0.9009688679024191,0
2018-12-14 06:45:00,3.42,2.38,0.9807852804032304,-0.1950903220161282,-0.433883739117558,-0.9009688679024191,0
2018-12-14 07:00:00,3.35,2.27,0.9659258262890684,-0.2588190451025208,-0.433883739117558,-0.9009688679024191,0
2018-12-14 07:15:00,3.35,2.2,0.9469301294951056,-0.3214394653031613,-0.433883739117558,-0.9009688679024191,0
2018-12-14 07:30:00,4.25,2.7,0.9238795325112868,-0.3826834323650897,-0.433883739117558,-0.9009688679024191,0
2018-12-14 07:45:00,6.52,3.06,0.8968727415326884,-0.4422886902190011,-0.433883739117558,-0.9009688679024191,0
2018-12-14 08:00:00,7.38,2.81,0.8660254037844387,-0.4999999999999998,-0.433883739117558,-0.9009688679024191,0
2018-12-14 08:15:00,36.22,26.46,0.8314696123025453,-0.555570233019602,-0.433883739117558,-0.9009688679024191,0
2018-12-14 08:30:00,94.18,60.84,0.7933533402912352,-0.6087614290087207,-0.433883739117558,-0.9009688679024191,0
2018-12-14 08:45:00,97.88,56.02,0.7518398074789774,-0.6593458151000688,-0.433883739117558,-0.9009688679024191,0
2018-12-14 09:00:00,134.5,63.47,0.7071067811865476,-0.7071067811865475,-0.433883739117558,-0.9009688679024191,0
2018-12-14 09:15:00,93.67,45.68,0.659345815100069,-0.7518398074789773,-0.433883739117558,-0.9009688679024191,0
2018-12-14 09:30:00,109.26,54.83,0.6087614290087209,-0.793353340291235,-0.433883739117558,-0.9009688679024191,0
2018-12-14 09:45:00,128.34,57.17,0.5555702330196022,-0.8314696123025453,-0.433883739117558,-0.9009688679024191,0
2018-12-14 10:00:00,81.47,31.93,0.4999999999999999,-0.8660254037844387,-0.433883739117558,-0.9009688679024191,0
2018-12-14 10:15:00,109.69,44.57,0.4422886902190013,-0.8968727415326883,-0.433883739117558,-0.9009688679024191,0
2018-12-14 10:30:00,120.67,61.85,0.3826834323650899,-0.9238795325112868,-0.433883739117558,-0.9009688679024191,0
2018-12-14 10:45:00,92.81,38.02,0.3214394653031617,-0.9469301294951056,-0.433883739117558,-0.9009688679024191,0
2018-12-14 11:00:00,91.58,39.2,0.258819045102521,-0.9659258262890682,-0.433883739117558,-0.9009688679024191,0
2018-12-14 11:15:00,104.9,49.36,0.1950903220161286,-0.9807852804032304,-0.433883739117558,-0.9009688679024191,0
2018-12-14 11:30:00,124.2,60.37,0.1305261922200515,-0.9914448613738104,-0.433883739117558,-0.9009688679024191,0
2018-12-14 11:45:00,88.85,36.76,0.0654031292301431,-0.9978589232386036,-0.433883739117558,-0.9009688679024191,0
2018-12-14 12:00:00,132.01,62.28,1.2246467991473532e-16,-1.0,-0.433883739117558,-0.9009688679024191,0
2018-12-14 12:15:00,13.61,1.55,-0.0654031292301428,-0.9978589232386036,-0.433883739117558,-0.9009688679024191,0
2018-12-14 12:30:00,9.86,0.0,-0.1305261922200517,-0.9914448613738104,-0.433883739117558,-0.9009688679024191,0
2018-12-14 12:45:00,9.61,0.0,-0.1950903220161283,-0.9807852804032304,-0.433883739117558,-0.9009688679024191,0
2018-12-14 13:00:00,9.43,0.0,-0.2588190451025203,-0.9659258262890684,-0.433883739117558,-0.9009688679024191,0
2018-12-14 13:15:00,86.98,42.37,-0.3214394653031615,-0.9469301294951056,-0.433883739117558,-0.9009688679024191,0
2018-12-14 13:30:00,74.66,35.35,-0.3826834323650896,-0.9238795325112868,-0.433883739117558,-0.9009688679024191,0
2018-12-14 13:45:00,116.42,52.38,-0.4422886902190011,-0.8968727415326884,-0.433883739117558,-0.9009688679024191,0
2018-12-14 14:00:00,107.57,43.63,-0.5000000000000001,-0.8660254037844386,-0.433883739117558,-0.9009688679024191,0
2018-12-14 14:15:00,103.82,55.08,-0.555570233019602,-0.8314696123025455,-0.433883739117558,-0.9009688679024191,0
2018-12-14 14:30:00,114.73,49.1,-0.6087614290087203,-0.7933533402912354,-0.433883739117558,-0.9009688679024191,0
2018-12-14 14:45:00,84.74,35.42,-0.6593458151000688,-0.7518398074789774,-0.433883739117558,-0.9009688679024191,0
2018-12-14 15:00:00,109.4,51.08,-0.7071067811865475,-0.7071067811865477,-0.433883739117558,-0.9009688679024191,0
2018-12-14 15:15:00,125.21,61.81,-0.7518398074789773,-0.6593458151000691,-0.433883739117558,-0.9009688679024191,0
2018-12-14 15:30:00,89.35,39.42,-0.7933533402912349,-0.6087614290087209,-0.433883739117558,-0.9009688679024191,0
2018-12-14 15:45:00,122.26,67.25,-0.8314696123025452,-0.5555702330196022,-0.433883739117558,-0.9009688679024191,0
2018-12-14 16:00:00,114.66,60.7,-0.8660254037844385,-0.5000000000000004,-0.433883739117558,-0.9009688679024191,0
2018-12-14 16:15:00,96.8,42.62,-0.8968727415326883,-0.4422886902190013,-0.433883739117558,-0.9009688679024191,0
2018-12-14 16:30:00,118.12,59.47,-0.9238795325112864,-0.3826834323650903,-0.433883739117558,-0.9009688679024191,0
2018-12-14 16:45:00,133.2,65.84,-0.9469301294951056,-0.3214394653031618,-0.433883739117558,-0.9009688679024191,0
2018-12-14 17:00:00,102.64,47.74,-0.9659258262890684,-0.2588190451025206,-0.433883739117558,-0.9009688679024191,0
2018-12-14 17:15:00,63.94,27.68,-0.9807852804032304,-0.1950903220161286,-0.433883739117558,-0.9009688679024191,0
2018-12-14 17:30:00,62.64,18.72,-0.9914448613738104,-0.1305261922200516,-0.433883739117558,-0.9009688679024191,0
2018-12-14 17:45:00,37.94,3.85,-0.9978589232386036,-0.0654031292301427,-0.433883739117558,-0.9009688679024191,0
2018-12-14 18:00:00,32.62,3.17,-1.0,-1.8369701987210294e-16,-0.433883739117558,-0.9009688679024191,0
2018-12-14 18:15:00,29.63,3.67,-0.9978589232386036,0.0654031292301423,-0.433883739117558,-0.9009688679024191,0
2018-12-14 18:30:00,26.57,1.44,-0.9914448613738104,0.1305261922200512,-0.433883739117558,-0.9009688679024191,0
2018-12-14 18:45:00,26.35,0.0,-0.9807852804032304,0.1950903220161283,-0.433883739117558,-0.9009688679024191,0
2018-12-14 19:00:00,26.32,0.0,-0.9659258262890684,0.2588190451025203,-0.433883739117558,-0.9009688679024191,0
2018-12-14 19:15:00,26.39,0.0,-0.9469301294951056,0.3214394653031615,-0.433883739117558,-0.9009688679024191,0
2018-12-14 19:30:00,26.64,0.0,-0.9238795325112866,0.38268343236509,-0.433883739117558,-0.9009688679024191,0
2018-12-14 19:45:00,28.44,0.04,-0.8968727415326884,0.442288690219001,-0.433883739117558,-0.9009688679024191,0
2018-12-14 20:00:00,30.46,0.07,-0.8660254037844386,0.5000000000000001,-0.433883739117558,-0.9009688679024191,0
2018-12-14 20:15:00,29.88,0.0,-0.8314696123025455,0.5555702330196018,-0.433883739117558,-0.9009688679024191,0
2018-12-14 20:30:00,30.06,0.43,-0.7933533402912352,0.6087614290087205,-0.433883739117558,-0.9009688679024191,0
2018-12-14 20:45:00,31.93,0.36,-0.7518398074789772,0.6593458151000691,-0.433883739117558,-0.9009688679024191,0
2018-12-14 21:00:00,28.66,0.61,-0.7071067811865477,0.7071067811865474,-0.433883739117558,-0.9009688679024191,0
2018-12-14 21:15:00,5.76,0.0,-0.6593458151000694,0.7518398074789769,-0.433883739117558,-0.9009688679024191,0
2018-12-14 21:30:00,5.8,0.0,-0.608761429008721,0.7933533402912349,-0.433883739117558,-0.9009688679024191,0
2018-12-14 21:45:00,5.72,0.0,-0.5555702330196022,0.8314696123025452,-0.433883739117558,-0.9009688679024191,0
2018-12-14 22:00:00,5.69,0.0,-0.5000000000000004,0.8660254037844384,-0.433883739117558,-0.9009688679024191,0
2018-12-14 22:15:00,5.4,3.85,-0.4422886902190014,0.8968727415326883,-0.433883739117558,-0.9009688679024191,0
2018-12-14 22:30:00,5.33,3.92,-0.3826834323650904,0.9238795325112864,-0.433883739117558,-0.9009688679024191,0
2018-12-14 22:45:00,5.33,3.92,-0.3214394653031618,0.9469301294951056,-0.433883739117558,-0.9009688679024191,0
2018-12-14 23:00:00,5.33,3.96,-0.2588190451025207,0.9659258262890684,-0.433883739117558,-0.9009688679024191,0
2018-12-14 23:15:00,4.86,3.28,-0.1950903220161287,0.9807852804032304,-0.433883739117558,-0.9009688679024191,0
2018-12-14 23:30:00,4.03,3.1,-0.1305261922200516,0.9914448613738104,-0.433883739117558,-0.9009688679024191,0
2018-12-14 23:45:00,4.03,3.13,-0.0654031292301428,0.9978589232386036,-0.433883739117558,-0.9009688679024191,0
2018-12-15 00:00:00,3.28,2.05,0.0,1.0,-0.9749279121818236,-0.2225209339563146,1
2018-12-15 00:15:00,4.14,3.46,0.065403129230143,0.9978589232386036,-0.9749279121818236,-0.2225209339563146,1
2018-12-15 00:30:00,4.1,3.89,0.1305261922200515,0.9914448613738104,-0.9749279121818236,-0.2225209339563146,1
2018-12-15 00:45:00,4.07,3.82,0.1950903220161282,0.9807852804032304,-0.9749279121818236,-0.2225209339563146,1
2018-12-15 01:00:00,4.14,3.92,0.2588190451025207,0.9659258262890684,-0.9749279121818236,-0.2225209339563146,1
2018-12-15 01:15:00,4.14,3.96,0.3214394653031616,0.9469301294951056,-0.9749279121818236,-0.2225209339563146,1
2018-12-15 01:30:00,4.14,4.03,0.3826834323650898,0.9238795325112868,-0.9749279121818236,-0.2225209339563146,1
2018-12-15 01:45:00,4.14,4.07,0.4422886902190013,0.8968727415326883,-0.9749279121818236,-0.2225209339563146,1
2018-12-15 02:00:00,4.1,4.1,0.4999999999999999,0.8660254037844387,-0.9749279121818236,-0.2225209339563146,1
2018-12-15 02:15:00,4.1,4.1,0.5555702330196022,0.8314696123025452,-0.9749279121818236,-0.2225209339563146,1
2018-12-15 02:30:00,4.21,4.07,0.6087614290087207,0.7933533402912352,-0.9749279121818236,-0.2225209339563146,1
2018-12-15 02:45:00,4.1,4.03,0.6593458151000688,0.7518398074789774,-0.9749279121818236,-0.2225209339563146,1
2018-12-15 03:00:00,4.18,4.32,0.7071067811865476,0.7071067811865476,-0.9749279121818236,-0.2225209339563146,1
2018-12-15 03:15:00,4.82,4.18,0.7518398074789773,0.659345815100069,-0.9749279121818236,-0.2225209339563146,1
2018-12-15 03:30:00,5.26,4.36,0.7933533402912352,0.6087614290087207,-0.9749279121818236,-0.2225209339563146,1
2018-12-15 03:45:00,4.18,4.32,0.8314696123025452,0.5555702330196023,-0.9749279121818236,-0.2225209339563146,1
2018-12-15 04:00:00,4.14,4.25,0.8660254037844386,0.5000000000000001,-0.9749279121818236,-0.2225209339563146,1
2018-12-15 04:15:00,4.14,4.64,0.8968727415326884,0.4422886902190012,-0.9749279121818236,-0.2225209339563146,1
2018-12-15 04:30:00,3.82,3.67,0.9238795325112868,0.3826834323650898,-0.9749279121818236,-0.2225209339563146,1
2018-12-15 04:45:00,3.46,2.92,0.9469301294951056,0.3214394653031617,-0.9749279121818236,-0.2225209339563146,1
2018-12-15 05:00:00,3.49,2.95,0.9659258262890684,0.2588190451025207,-0.9749279121818236,-0.2225209339563146,1
2018-12-15 05:15:00,3.42,2.74,0.9807852804032304,0.1950903220161283,-0.9749279121818236,-0.2225209339563146,1
2018-12-15 05:30:00,3.42,2.84,0.9914448613738104,0.1305261922200517,-0.9749279121818236,-0.2225209339563146,1
2018-12-15 05:45:00,3.42,2.84,0.9978589232386036,0.065403129230143,-0.9749279121818236,-0.2225209339563146,1
2018-12-15 06:00:00,3.38,2.74,1.0,6.123233995736766e-17,-0.9749279121818236,-0.2225209339563146,1
2018-12-15 06:15:00,3.46,2.81,0.9978589232386036,-0.0654031292301431,-0.9749279121818236,-0.2225209339563146,1
2018-12-15 06:30:00,3.42,2.77,0.9914448613738104,-0.1305261922200513,-0.9749279121818236,-0.2225209339563146,1
2018-12-15 06:45:00,3.49,3.2,0.9807852804032304,-0.1950903220161282,-0.9749279121818236,-0.2225209339563146,1
2018-12-15 07:00:00,4.57,4.39,0.9659258262890684,-0.2588190451025208,-0.9749279121818236,-0.2225209339563146,1
2018-12-15 07:15:00,4.43,4.18,0.9469301294951056,-0.3214394653031613,-0.9749279121818236,-0.2225209339563146,1
2018-12-15 07:30:00,4.1,3.89,0.9238795325112868,-0.3826834323650897,-0.9749279121818236,-0.2225209339563146,1
2018-12-15 07:45:00,4.07,3.85,0.8968727415326884,-0.4422886902190011,-0.9749279121818236,-0.2225209339563146,1
2018-12-15 08:00:00,3.64,3.13,0.8660254037844387,-0.4999999999999998,-0.9749279121818236,-0.2225209339563146,1
2018-12-15 08:15:00,3.35,2.56,0.8314696123025453,-0.555570233019602,-0.9749279121818236,-0.2225209339563146,1
2018-12-15 08:30:00,3.35,2.52,0.7933533402912352,-0.6087614290087207,-0.9749279121818236,-0.2225209339563146,1
2018-12-15 08:45:00,3.38,1.04,0.7518398074789774,-0.6593458151000688,-0.9749279121818236,-0.2225209339563146,1
2018-12-15 09:00:00,3.49,0.0,0.7071067811865476,-0.7071067811865475,-0.9749279121818236,-0.2225209339563146,1
2018-12-15 09:15:00,3.56,0.0,0.659345815100069,-0.7518398074789773,-0.9749279121818236,-0.2225209339563146,1
2018-12-15 09:30:00,3.38,0.0,0.6087614290087209,-0.793353340291235,-0.9749279121818236,-0.2225209339563146,1
2018-12-15 09:45:00,3.42,0.0,0.5555702330196022,-0.8314696123025453,-0.9749279121818236,-0.2225209339563146,1
2018-12-15 10:00:00,3.35,0.0,0.4999999999999999,-0.8660254037844387,-0.9749279121818236,-0.2225209339563146,1
2018-12-15 10:15:00,3.35,0.0,0.4422886902190013,-0.8968727415326883,-0.9749279121818236,-0.2225209339563146,1
2018-12-15 10:30:00,3.35,0.0,0.3826834323650899,-0.9238795325112868,-0.9749279121818236,-0.2225209339563146,1
2018-12-15 10:45:00,4.97,0.0,0.3214394653031617,-0.9469301294951056,-0.9749279121818236,-0.2225209339563146,1
2018-12-15 11:00:00,5.36,0.0,0.258819045102521,-0.9659258262890682,-0.9749279121818236,-0.2225209339563146,1
2018-12-15 11:15:00,4.28,0.0,0.1950903220161286,-0.9807852804032304,-0.9749279121818236,-0.2225209339563146,1
2018-12-15 11:30:00,4.18,0.0,0.1305261922200515,-0.9914448613738104,-0.9749279121818236,-0.2225209339563146,1
2018-12-15 11:45:00,3.35,0.0,0.0654031292301431,-0.9978589232386036,-0.9749279121818236,-0.2225209339563146,1
2018-12-15 12:00:00,3.38,0.0,1.2246467991473532e-16,-1.0,-0.9749279121818236,-0.2225209339563146,1
2018-12-15 12:15:00,3.42,0.0,-0.0654031292301428,-0.9978589232386036,-0.9749279121818236,-0.2225209339563146,1
2018-12-15 12:30:00,3.42,0.0,-0.1305261922200517,-0.9914448613738104,-0.9749279121818236,-0.2225209339563146,1
2018-12-15 12:45:00,3.42,0.0,-0.1950903220161283,-0.9807852804032304,-0.9749279121818236,-0.2225209339563146,1
2018-12-15 13:00:00,3.38,0.0,-0.2588190451025203,-0.9659258262890684,-0.9749279121818236,-0.2225209339563146,1
2018-12-15 13:15:00,3.31,0.0,-0.3214394653031615,-0.9469301294951056,-0.9749279121818236,-0.2225209339563146,1
2018-12-15 13:30:00,3.35,0.0,-0.3826834323650896,-0.9238795325112868,-0.9749279121818236,-0.2225209339563146,1
2018-12-15 13:45:00,3.38,0.0,-0.4422886902190011,-0.8968727415326884,-0.9749279121818236,-0.2225209339563146,1
2018-12-15 14:00:00,3.31,0.0,-0.5000000000000001,-0.8660254037844386,-0.9749279121818236,-0.2225209339563146,1
2018-12-15 14:15:00,3.82,0.0,-0.555570233019602,-0.8314696123025455,-0.9749279121818236,-0.2225209339563146,1
2018-12-15 14:30:00,4.1,0.0,-0.6087614290087203,-0.7933533402912354,-0.9749279121818236,-0.2225209339563146,1
2018-12-15 14:45:00,4.07,0.0,-0.6593458151000688,-0.7518398074789774,-0.9749279121818236,-0.2225209339563146,1
2018-12-15 15:00:00,4.21,0.0,-0.7071067811865475,-0.7071067811865477,-0.9749279121818236,-0.2225209339563146,1
2018-12-15 15:15:00,3.74,0.0,-0.7518398074789773,-0.6593458151000691,-0.9749279121818236,-0.2225209339563146,1
2018-12-15 15:30:00,3.74,0.0,-0.7933533402912349,-0.6087614290087209,-0.9749279121818236,-0.2225209339563146,1
2018-12-15 15:45:00,3.96,0.0,-0.8314696123025452,-0.5555702330196022,-0.9749279121818236,-0.2225209339563146,1
2018-12-15 16:00:00,3.28,0.0,-0.8660254037844385,-0.5000000000000004,-0.9749279121818236,-0.2225209339563146,1
2018-12-15 16:15:00,3.35,0.0,-0.8968727415326883,-0.4422886902190013,-0.9749279121818236,-0.2225209339563146,1
2018-12-15 16:30:00,3.28,0.0,-0.9238795325112864,-0.3826834323650903,-0.9749279121818236,-0.2225209339563146,1
2018-12-15 16:45:00,3.24,0.0,-0.9469301294951056,-0.3214394653031618,-0.9749279121818236,-0.2225209339563146,1
2018-12-15 17:00:00,3.28,0.0,-0.9659258262890684,-0.2588190451025206,-0.9749279121818236,-0.2225209339563146,1
2018-12-15 17:15:00,3.28,0.0,-0.9807852804032304,-0.1950903220161286,-0.9749279121818236,-0.2225209339563146,1
2018-12-15 17:30:00,3.35,0.0,-0.9914448613738104,-0.1305261922200516,-0.9749279121818236,-0.2225209339563146,1
2018-12-15 17:45:00,4.18,0.0,-0.9978589232386036,-0.0654031292301427,-0.9749279121818236,-0.2225209339563146,1
2018-12-15 18:00:00,4.1,0.0,-1.0,-1.8369701987210294e-16,-0.9749279121818236,-0.2225209339563146,1
2018-12-15 18:15:00,4.1,0.0,-0.9978589232386036,0.0654031292301423,-0.9749279121818236,-0.2225209339563146,1
2018-12-15 18:30:00,4.1,0.0,-0.9914448613738104,0.1305261922200512,-0.9749279121818236,-0.2225209339563146,1
2018-12-15 18:45:00,4.03,0.0,-0.9807852804032304,0.1950903220161283,-0.9749279121818236,-0.2225209339563146,1
2018-12-15 19:00:00,4.28,0.0,-0.9659258262890684,0.2588190451025203,-0.9749279121818236,-0.2225209339563146,1
2018-12-15 19:15:00,3.49,0.0,-0.9469301294951056,0.3214394653031615,-0.9749279121818236,-0.2225209339563146,1
2018-12-15 19:30:00,3.38,0.0,-0.9238795325112866,0.38268343236509,-0.9749279121818236,-0.2225209339563146,1
2018-12-15 19:45:00,3.35,0.0,-0.8968727415326884,0.442288690219001,-0.9749279121818236,-0.2225209339563146,1
2018-12-15 20:00:00,3.38,0.0,-0.8660254037844386,0.5000000000000001,-0.9749279121818236,-0.2225209339563146,1
2018-12-15 20:15:00,3.46,0.0,-0.8314696123025455,0.5555702330196018,-0.9749279121818236,-0.2225209339563146,1
2018-12-15 20:30:00,3.42,0.0,-0.7933533402912352,0.6087614290087205,-0.9749279121818236,-0.2225209339563146,1
2018-12-15 20:45:00,3.35,0.0,-0.7518398074789772,0.6593458151000691,-0.9749279121818236,-0.2225209339563146,1
2018-12-15 21:00:00,3.38,0.0,-0.7071067811865477,0.7071067811865474,-0.9749279121818236,-0.2225209339563146,1
2018-12-15 21:15:00,3.96,0.0,-0.6593458151000694,0.7518398074789769,-0.9749279121818236,-0.2225209339563146,1
2018-12-15 21:30:00,4.28,0.0,-0.608761429008721,0.7933533402912349,-0.9749279121818236,-0.2225209339563146,1
2018-12-15 21:45:00,4.25,0.0,-0.5555702330196022,0.8314696123025452,-0.9749279121818236,-0.2225209339563146,1
2018-12-15 22:00:00,4.18,0.0,-0.5000000000000004,0.8660254037844384,-0.9749279121818236,-0.2225209339563146,1
2018-12-15 22:15:00,3.74,2.3,-0.4422886902190014,0.8968727415326883,-0.9749279121818236,-0.2225209339563146,1
2018-12-15 22:30:00,3.31,1.91,-0.3826834323650904,0.9238795325112864,-0.9749279121818236,-0.2225209339563146,1
2018-12-15 22:45:00,4.07,2.45,-0.3214394653031618,0.9469301294951056,-0.9749279121818236,-0.2225209339563146,1
2018-12-15 23:00:00,3.56,2.05,-0.2588190451025207,0.9659258262890684,-0.9749279121818236,-0.2225209339563146,1
2018-12-15 23:15:00,3.17,1.91,-0.1950903220161287,0.9807852804032304,-0.9749279121818236,-0.2225209339563146,1
2018-12-15 23:30:00,3.24,1.91,-0.1305261922200516,0.9914448613738104,-0.9749279121818236,-0.2225209339563146,1
2018-12-15 23:45:00,3.2,1.98,-0.0654031292301428,0.9978589232386036,-0.9749279121818236,-0.2225209339563146,1
2018-12-16 00:00:00,4.21,3.46,0.0,1.0,-0.7818314824680299,0.6234898018587334,1
2018-12-16 00:15:00,3.24,2.05,0.065403129230143,0.9978589232386036,-0.7818314824680299,0.6234898018587334,1
2018-12-16 00:30:00,3.28,2.27,0.1305261922200515,0.9914448613738104,-0.7818314824680299,0.6234898018587334,1
2018-12-16 00:45:00,3.28,2.23,0.1950903220161282,0.9807852804032304,-0.7818314824680299,0.6234898018587334,1
2018-12-16 01:00:00,3.85,3.13,0.2588190451025207,0.9659258262890684,-0.7818314824680299,0.6234898018587334,1
2018-12-16 01:15:00,4.18,3.78,0.3214394653031616,0.9469301294951056,-0.7818314824680299,0.6234898018587334,1
2018-12-16 01:30:00,4.07,3.96,0.3826834323650898,0.9238795325112868,-0.7818314824680299,0.6234898018587334,1
2018-12-16 01:45:00,4.07,3.82,0.4422886902190013,0.8968727415326883,-0.7818314824680299,0.6234898018587334,1
2018-12-16 02:00:00,3.92,3.49,0.4999999999999999,0.8660254037844387,-0.7818314824680299,0.6234898018587334,1
2018-12-16 02:15:00,3.28,2.56,0.5555702330196022,0.8314696123025452,-0.7818314824680299,0.6234898018587334,1
2018-12-16 02:30:00,3.42,2.63,0.6087614290087207,0.7933533402912352,-0.7818314824680299,0.6234898018587334,1
2018-12-16 02:45:00,3.53,2.7,0.6593458151000688,0.7518398074789774,-0.7818314824680299,0.6234898018587334,1
2018-12-16 03:00:00,4.14,3.78,0.7071067811865476,0.7071067811865476,-0.7818314824680299,0.6234898018587334,1
2018-12-16 03:15:00,3.56,3.02,0.7518398074789773,0.659345815100069,-0.7818314824680299,0.6234898018587334,1
2018-12-16 03:30:00,3.35,2.7,0.7933533402912352,0.6087614290087207,-0.7818314824680299,0.6234898018587334,1
2018-12-16 03:45:00,3.38,2.77,0.8314696123025452,0.5555702330196023,-0.7818314824680299,0.6234898018587334,1
2018-12-16 04:00:00,3.42,2.81,0.8660254037844386,0.5000000000000001,-0.7818314824680299,0.6234898018587334,1
2018-12-16 04:15:00,3.42,2.92,0.8968727415326884,0.4422886902190012,-0.7818314824680299,0.6234898018587334,1
2018-12-16 04:30:00,3.42,3.06,0.9238795325112868,0.3826834323650898,-0.7818314824680299,0.6234898018587334,1
2018-12-16 04:45:00,3.38,2.7,0.9469301294951056,0.3214394653031617,-0.7818314824680299,0.6234898018587334,1
2018-12-16 05:00:00,4.07,3.78,0.9659258262890684,0.2588190451025207,-0.7818314824680299,0.6234898018587334,1
2018-12-16 05:15:00,4.14,3.74,0.9807852804032304,0.1950903220161283,-0.7818314824680299,0.6234898018587334,1
2018-12-16 05:30:00,4.07,3.67,0.9914448613738104,0.1305261922200517,-0.7818314824680299,0.6234898018587334,1
2018-12-16 05:45:00,4.07,3.74,0.9978589232386036,0.065403129230143,-0.7818314824680299,0.6234898018587334,1
2018-12-16 06:00:00,3.53,2.84,1.0,6.123233995736766e-17,-0.7818314824680299,0.6234898018587334,1
2018-12-16 06:15:00,3.31,2.41,0.9978589232386036,-0.0654031292301431,-0.7818314824680299,0.6234898018587334,1
2018-12-16 06:30:00,3.35,2.45,0.9914448613738104,-0.1305261922200513,-0.7818314824680299,0.6234898018587334,1
2018-12-16 06:45:00,3.64,3.02,0.9807852804032304,-0.1950903220161282,-0.7818314824680299,0.6234898018587334,1
2018-12-16 07:00:00,4.07,3.78,0.9659258262890684,-0.2588190451025208,-0.7818314824680299,0.6234898018587334,1
2018-12-16 07:15:00,3.38,2.74,0.9469301294951056,-0.3214394653031613,-0.7818314824680299,0.6234898018587334,1
2018-12-16 07:30:00,3.28,2.59,0.9238795325112868,-0.3826834323650897,-0.7818314824680299,0.6234898018587334,1
2018-12-16 07:45:00,3.89,2.77,0.8968727415326884,-0.4422886902190011,-0.7818314824680299,0.6234898018587334,1
2018-12-16 08:00:00,3.96,2.74,0.8660254037844387,-0.4999999999999998,-0.7818314824680299,0.6234898018587334,1
2018-12-16 08:15:00,39.35,30.92,0.8314696123025453,-0.555570233019602,-0.7818314824680299,0.6234898018587334,1
2018-12-16 08:30:00,63.54,49.5,0.7933533402912352,-0.6087614290087207,-0.7818314824680299,0.6234898018587334,1
2018-12-16 08:45:00,65.02,43.63,0.7518398074789774,-0.6593458151000688,-0.7818314824680299,0.6234898018587334,1
2018-12-16 09:00:00,63.79,24.8,0.7071067811865476,-0.7071067811865475,-0.7818314824680299,0.6234898018587334,1
2018-12-16 09:15:00,61.7,24.84,0.659345815100069,-0.7518398074789773,-0.7818314824680299,0.6234898018587334,1
2018-12-16 09:30:00,64.8,25.27,0.6087614290087209,-0.793353340291235,-0.7818314824680299,0.6234898018587334,1
2018-12-16 09:45:00,51.16,16.38,0.5555702330196022,-0.8314696123025453,-0.7818314824680299,0.6234898018587334,1
2018-12-16 10:00:00,55.01,21.42,0.4999999999999999,-0.8660254037844387,-0.7818314824680299,0.6234898018587334,1
2018-12-16 10:15:00,61.81,26.86,0.4422886902190013,-0.8968727415326883,-0.7818314824680299,0.6234898018587334,1
2018-12-16 10:30:00,72.18,36.18,0.3826834323650899,-0.9238795325112868,-0.7818314824680299,0.6234898018587334,1
2018-12-16 10:45:00,54.86,20.41,0.3214394653031617,-0.9469301294951056,-0.7818314824680299,0.6234898018587334,1
2018-12-16 11:00:00,66.78,29.02,0.258819045102521,-0.9659258262890682,-0.7818314824680299,0.6234898018587334,1
2018-12-16 11:15:00,69.95,35.64,0.1950903220161286,-0.9807852804032304,-0.7818314824680299,0.6234898018587334,1
2018-12-16 11:30:00,53.35,18.83,0.1305261922200515,-0.9914448613738104,-0.7818314824680299,0.6234898018587334,1
2018-12-16 11:45:00,55.51,22.18,0.0654031292301431,-0.9978589232386036,-0.7818314824680299,0.6234898018587334,1
2018-12-16 12:00:00,11.81,0.65,1.2246467991473532e-16,-1.0,-0.7818314824680299,0.6234898018587334,1
2018-12-16 12:15:00,5.65,0.0,-0.0654031292301428,-0.9978589232386036,-0.7818314824680299,0.6234898018587334,1
2018-12-16 12:30:00,5.54,0.0,-0.1305261922200517,-0.9914448613738104,-0.7818314824680299,0.6234898018587334,1
2018-12-16 12:45:00,5.44,0.0,-0.1950903220161283,-0.9807852804032304,-0.7818314824680299,0.6234898018587334,1
2018-12-16 13:00:00,5.33,0.0,-0.2588190451025203,-0.9659258262890684,-0.7818314824680299,0.6234898018587334,1
2018-12-16 13:15:00,36.47,14.76,-0.3214394653031615,-0.9469301294951056,-0.7818314824680299,0.6234898018587334,1
2018-12-16 13:30:00,63.72,29.77,-0.3826834323650896,-0.9238795325112868,-0.7818314824680299,0.6234898018587334,1
2018-12-16 13:45:00,64.8,32.18,-0.4422886902190011,-0.8968727415326884,-0.7818314824680299,0.6234898018587334,1
2018-12-16 14:00:00,61.85,26.53,-0.5000000000000001,-0.8660254037844386,-0.7818314824680299,0.6234898018587334,1
2018-12-16 14:15:00,57.89,22.25,-0.555570233019602,-0.8314696123025455,-0.7818314824680299,0.6234898018587334,1
2018-12-16 14:30:00,54.36,19.91,-0.6087614290087203,-0.7933533402912354,-0.7818314824680299,0.6234898018587334,1
2018-12-16 14:45:00,47.38,14.98,-0.6593458151000688,-0.7518398074789774,-0.7818314824680299,0.6234898018587334,1
2018-12-16 15:00:00,43.49,9.54,-0.7071067811865475,-0.7071067811865477,-0.7818314824680299,0.6234898018587334,1
2018-12-16 15:15:00,45.4,13.36,-0.7518398074789773,-0.6593458151000691,-0.7818314824680299,0.6234898018587334,1
2018-12-16 15:30:00,60.55,29.38,-0.7933533402912349,-0.6087614290087209,-0.7818314824680299,0.6234898018587334,1
2018-12-16 15:45:00,48.42,16.27,-0.8314696123025452,-0.5555702330196022,-0.7818314824680299,0.6234898018587334,1
2018-12-16 16:00:00,63.22,29.99,-0.8660254037844385,-0.5000000000000004,-0.7818314824680299,0.6234898018587334,1
2018-12-16 16:15:00,62.64,27.07,-0.8968727415326883,-0.4422886902190013,-0.7818314824680299,0.6234898018587334,1
2018-12-16 16:30:00,66.02,30.6,-0.9238795325112864,-0.3826834323650903,-0.7818314824680299,0.6234898018587334,1
2018-12-16 16:45:00,35.42,9.61,-0.9469301294951056,-0.3214394653031618,-0.7818314824680299,0.6234898018587334,1
2018-12-16 17:00:00,9.11,0.0,-0.9659258262890684,-0.2588190451025206,-0.7818314824680299,0.6234898018587334,1
2018-12-16 17:15:00,8.06,0.0,-0.9807852804032304,-0.1950903220161286,-0.7818314824680299,0.6234898018587334,1
2018-12-16 17:30:00,7.74,0.0,-0.9914448613738104,-0.1305261922200516,-0.7818314824680299,0.6234898018587334,1
2018-12-16 17:45:00,7.85,0.0,-0.9978589232386036,-0.0654031292301427,-0.7818314824680299,0.6234898018587334,1
2018-12-16 18:00:00,6.73,0.0,-1.0,-1.8369701987210294e-16,-0.7818314824680299,0.6234898018587334,1
2018-12-16 18:15:00,5.22,0.0,-0.9978589232386036,0.0654031292301423,-0.7818314824680299,0.6234898018587334,1
2018-12-16 18:30:00,5.69,0.0,-0.9914448613738104,0.1305261922200512,-0.7818314824680299,0.6234898018587334,1
2018-12-16 18:45:00,5.72,0.0,-0.9807852804032304,0.1950903220161283,-0.7818314824680299,0.6234898018587334,1
2018-12-16 19:00:00,5.69,0.0,-0.9659258262890684,0.2588190451025203,-0.7818314824680299,0.6234898018587334,1
2018-12-16 19:15:00,5.72,0.0,-0.9469301294951056,0.3214394653031615,-0.7818314824680299,0.6234898018587334,1
2018-12-16 19:30:00,5.44,0.0,-0.9238795325112866,0.38268343236509,-0.7818314824680299,0.6234898018587334,1
2018-12-16 19:45:00,4.46,0.0,-0.8968727415326884,0.442288690219001,-0.7818314824680299,0.6234898018587334,1
2018-12-16 20:00:00,4.5,0.0,-0.8660254037844386,0.5000000000000001,-0.7818314824680299,0.6234898018587334,1
2018-12-16 20:15:00,4.46,0.0,-0.8314696123025455,0.5555702330196018,-0.7818314824680299,0.6234898018587334,1
2018-12-16 20:30:00,4.5,0.0,-0.7933533402912352,0.6087614290087205,-0.7818314824680299,0.6234898018587334,1
2018-12-16 20:45:00,4.54,0.0,-0.7518398074789772,0.6593458151000691,-0.7818314824680299,0.6234898018587334,1
2018-12-16 21:00:00,4.46,0.0,-0.7071067811865477,0.7071067811865474,-0.7818314824680299,0.6234898018587334,1
2018-12-16 21:15:00,4.5,0.0,-0.6593458151000694,0.7518398074789769,-0.7818314824680299,0.6234898018587334,1
2018-12-16 21:30:00,4.5,0.0,-0.608761429008721,0.7933533402912349,-0.7818314824680299,0.6234898018587334,1
2018-12-16 21:45:00,4.57,0.0,-0.5555702330196022,0.8314696123025452,-0.7818314824680299,0.6234898018587334,1
2018-12-16 22:00:00,4.57,0.0,-0.5000000000000004,0.8660254037844384,-0.7818314824680299,0.6234898018587334,1
2018-12-16 22:15:00,4.25,3.6,-0.4422886902190014,0.8968727415326883,-0.7818314824680299,0.6234898018587334,1
2018-12-16 22:30:00,4.25,3.85,-0.3826834323650904,0.9238795325112864,-0.7818314824680299,0.6234898018587334,1
2018-12-16 22:45:00,4.18,3.74,-0.3214394653031618,0.9469301294951056,-0.7818314824680299,0.6234898018587334,1
2018-12-16 23:00:00,5.44,3.6,-0.2588190451025207,0.9659258262890684,-0.7818314824680299,0.6234898018587334,1
2018-12-16 23:15:00,4.82,3.2,-0.1950903220161287,0.9807852804032304,-0.7818314824680299,0.6234898018587334,1
2018-12-16 23:30:00,4.14,3.2,-0.1305261922200516,0.9914448613738104,-0.7818314824680299,0.6234898018587334,1
2018-12-16 23:45:00,4.18,3.24,-0.0654031292301428,0.9978589232386036,-0.7818314824680299,0.6234898018587334,1
2018-12-17 00:00:00,4.57,3.06,0.0,1.0,0.0,1.0,0
2018-12-17 00:15:00,4.25,3.46,0.065403129230143,0.9978589232386036,0.0,1.0,0
2018-12-17 00:30:00,4.18,3.46,0.1305261922200515,0.9914448613738104,0.0,1.0,0
2018-12-17 00:45:00,4.21,3.49,0.1950903220161282,0.9807852804032304,0.0,1.0,0
2018-12-17 01:00:00,4.21,3.49,0.2588190451025207,0.9659258262890684,0.0,1.0,0
2018-12-17 01:15:00,4.21,3.71,0.3214394653031616,0.9469301294951056,0.0,1.0,0
2018-12-17 01:30:00,4.36,3.85,0.3826834323650898,0.9238795325112868,0.0,1.0,0
2018-12-17 01:45:00,4.28,4.03,0.4422886902190013,0.8968727415326883,0.0,1.0,0
2018-12-17 02:00:00,4.28,3.92,0.4999999999999999,0.8660254037844387,0.0,1.0,0
2018-12-17 02:15:00,4.28,3.92,0.5555702330196022,0.8314696123025452,0.0,1.0,0
2018-12-17 02:30:00,3.71,3.06,0.6087614290087207,0.7933533402912352,0.0,1.0,0
2018-12-17 02:45:00,4.32,4.07,0.6593458151000688,0.7518398074789774,0.0,1.0,0
2018-12-17 03:00:00,3.82,3.28,0.7071067811865476,0.7071067811865476,0.0,1.0,0
2018-12-17 03:15:00,3.53,2.88,0.7518398074789773,0.659345815100069,0.0,1.0,0
2018-12-17 03:30:00,3.53,2.84,0.7933533402912352,0.6087614290087207,0.0,1.0,0
2018-12-17 03:45:00,3.53,2.77,0.8314696123025452,0.5555702330196023,0.0,1.0,0
2018-12-17 04:00:00,3.6,2.77,0.8660254037844386,0.5000000000000001,0.0,1.0,0
2018-12-17 04:15:00,3.53,2.74,0.8968727415326884,0.4422886902190012,0.0,1.0,0
2018-12-17 04:30:00,3.53,2.81,0.9238795325112868,0.3826834323650898,0.0,1.0,0
2018-12-17 04:45:00,4.1,3.64,0.9469301294951056,0.3214394653031617,0.0,1.0,0
2018-12-17 05:00:00,4.25,3.96,0.9659258262890684,0.2588190451025207,0.0,1.0,0
2018-12-17 05:15:00,4.28,3.85,0.9807852804032304,0.1950903220161283,0.0,1.0,0
2018-12-17 05:30:00,4.25,3.82,0.9914448613738104,0.1305261922200517,0.0,1.0,0
2018-12-17 05:45:00,3.64,2.77,0.9978589232386036,0.065403129230143,0.0,1.0,0
2018-12-17 06:00:00,3.49,2.34,1.0,6.123233995736766e-17,0.0,1.0,0
2018-12-17 06:15:00,3.46,2.3,0.9978589232386036,-0.0654031292301431,0.0,1.0,0
2018-12-17 06:30:00,4.32,3.06,0.9914448613738104,-0.1305261922200513,0.0,1.0,0
2018-12-17 06:45:00,3.6,2.41,0.9807852804032304,-0.1950903220161282,0.0,1.0,0
2018-12-17 07:00:00,3.42,2.56,0.9659258262890684,-0.2588190451025208,0.0,1.0,0
2018-12-17 07:15:00,3.49,2.92,0.9469301294951056,-0.3214394653031613,0.0,1.0,0
2018-12-17 07:30:00,4.36,3.74,0.9238795325112868,-0.3826834323650897,0.0,1.0,0
2018-12-17 07:45:00,6.19,4.14,0.8968727415326884,-0.4422886902190011,0.0,1.0,0
2018-12-17 08:00:00,6.3,3.53,0.8660254037844387,-0.4999999999999998,0.0,1.0,0
2018-12-17 08:15:00,6.48,3.64,0.8314696123025453,-0.555570233019602,0.0,1.0,0
2018-12-17 08:30:00,53.35,41.15,0.7933533402912352,-0.6087614290087207,0.0,1.0,0
2018-12-17 08:45:00,46.94,27.36,0.7518398074789774,-0.6593458151000688,0.0,1.0,0
2018-12-17 09:00:00,52.06,15.77,0.7071067811865476,-0.7071067811865475,0.0,1.0,0
2018-12-17 09:15:00,54.83,17.96,0.659345815100069,-0.7518398074789773,0.0,1.0,0
2018-12-17 09:30:00,56.12,19.62,0.6087614290087209,-0.793353340291235,0.0,1.0,0
2018-12-17 09:45:00,58.0,21.53,0.5555702330196022,-0.8314696123025453,0.0,1.0,0
2018-12-17 10:00:00,50.08,15.3,0.4999999999999999,-0.8660254037844387,0.0,1.0,0
2018-12-17 10:15:00,46.04,11.66,0.4422886902190013,-0.8968727415326883,0.0,1.0,0
2018-12-17 10:30:00,49.54,15.16,0.3826834323650899,-0.9238795325112868,0.0,1.0,0
2018-12-17 10:45:00,54.14,17.93,0.3214394653031617,-0.9469301294951056,0.0,1.0,0
2018-12-17 11:00:00,53.78,18.07,0.258819045102521,-0.9659258262890682,0.0,1.0,0
2018-12-17 11:15:00,52.67,16.99,0.1950903220161286,-0.9807852804032304,0.0,1.0,0
2018-12-17 11:30:00,55.84,20.52,0.1305261922200515,-0.9914448613738104,0.0,1.0,0
2018-12-17 11:45:00,49.64,14.76,0.0654031292301431,-0.9978589232386036,0.0,1.0,0
2018-12-17 12:00:00,54.5,22.61,1.2246467991473532e-16,-1.0,0.0,1.0,0
2018-12-17 12:15:00,11.12,0.86,-0.0654031292301428,-0.9978589232386036,0.0,1.0,0
2018-12-17 12:30:00,7.06,0.0,-0.1305261922200517,-0.9914448613738104,0.0,1.0,0
2018-12-17 12:45:00,7.13,0.0,-0.1950903220161283,-0.9807852804032304,0.0,1.0,0
2018-12-17 13:00:00,8.21,0.0,-0.2588190451025203,-0.9659258262890684,0.0,1.0,0
2018-12-17 13:15:00,33.26,7.74,-0.3214394653031615,-0.9469301294951056,0.0,1.0,0
2018-12-17 13:30:00,56.99,23.0,-0.3826834323650896,-0.9238795325112868,0.0,1.0,0
2018-12-17 13:45:00,56.59,22.21,-0.4422886902190011,-0.8968727415326884,0.0,1.0,0
2018-12-17 14:00:00,55.08,19.62,-0.5000000000000001,-0.8660254037844386,0.0,1.0,0
2018-12-17 14:15:00,51.05,17.64,-0.555570233019602,-0.8314696123025455,0.0,1.0,0
2018-12-17 14:30:00,47.95,13.64,-0.6087614290087203,-0.7933533402912354,0.0,1.0,0
2018-12-17 14:45:00,57.82,23.15,-0.6593458151000688,-0.7518398074789774,0.0,1.0,0
2018-12-17 15:00:00,59.11,24.95,-0.7071067811865475,-0.7071067811865477,0.0,1.0,0
2018-12-17 15:15:00,60.62,28.91,-0.7518398074789773,-0.6593458151000691,0.0,1.0,0
2018-12-17 15:30:00,53.6,18.94,-0.7933533402912349,-0.6087614290087209,0.0,1.0,0
2018-12-17 15:45:00,60.44,24.01,-0.8314696123025452,-0.5555702330196022,0.0,1.0,0
2018-12-17 16:00:00,67.5,32.58,-0.8660254037844385,-0.5000000000000004,0.0,1.0,0
2018-12-17 16:15:00,85.86,50.08,-0.8968727415326883,-0.4422886902190013,0.0,1.0,0
2018-12-17 16:30:00,82.33,48.85,-0.9238795325112864,-0.3826834323650903,0.0,1.0,0
2018-12-17 16:45:00,59.8,23.94,-0.9469301294951056,-0.3214394653031618,0.0,1.0,0
2018-12-17 17:00:00,60.37,25.13,-0.9659258262890684,-0.2588190451025206,0.0,1.0,0
2018-12-17 17:15:00,56.38,22.9,-0.9807852804032304,-0.1950903220161286,0.0,1.0,0
2018-12-17 17:30:00,52.99,18.25,-0.9914448613738104,-0.1305261922200516,0.0,1.0,0
2018-12-17 17:45:00,35.35,0.32,-0.9978589232386036,-0.0654031292301427,0.0,1.0,0
2018-12-17 18:00:00,31.32,2.3,-1.0,-1.8369701987210294e-16,0.0,1.0,0
2018-12-17 18:15:00,16.09,1.55,-0.9978589232386036,0.0654031292301423,0.0,1.0,0
2018-12-17 18:30:00,6.37,0.0,-0.9914448613738104,0.1305261922200512,0.0,1.0,0
2018-12-17 18:45:00,5.8,0.0,-0.9807852804032304,0.1950903220161283,0.0,1.0,0
2018-12-17 19:00:00,5.54,0.0,-0.9659258262890684,0.2588190451025203,0.0,1.0,0
2018-12-17 19:15:00,5.54,0.0,-0.9469301294951056,0.3214394653031615,0.0,1.0,0
2018-12-17 19:30:00,5.62,0.0,-0.9238795325112866,0.38268343236509,0.0,1.0,0
2018-12-17 19:45:00,5.54,0.0,-0.8968727415326884,0.442288690219001,0.0,1.0,0
2018-12-17 20:00:00,5.62,0.0,-0.8660254037844386,0.5000000000000001,0.0,1.0,0
2018-12-17 20:15:00,5.54,0.0,-0.8314696123025455,0.5555702330196018,0.0,1.0,0
2018-12-17 20:30:00,4.75,0.0,-0.7933533402912352,0.6087614290087205,0.0,1.0,0
2018-12-17 20:45:00,4.46,0.0,-0.7518398074789772,0.6593458151000691,0.0,1.0,0
2018-12-17 21:00:00,4.46,0.0,-0.7071067811865477,0.7071067811865474,0.0,1.0,0
2018-12-17 21:15:00,4.43,0.0,-0.6593458151000694,0.7518398074789769,0.0,1.0,0
2018-12-17 21:30:00,4.43,0.0,-0.608761429008721,0.7933533402912349,0.0,1.0,0
2018-12-17 21:45:00,4.46,0.0,-0.5555702330196022,0.8314696123025452,0.0,1.0,0
2018-12-17 22:00:00,4.46,0.0,-0.5000000000000004,0.8660254037844384,0.0,1.0,0
2018-12-17 22:15:00,4.14,3.64,-0.4422886902190014,0.8968727415326883,0.0,1.0,0
2018-12-17 22:30:00,4.18,3.82,-0.3826834323650904,0.9238795325112864,0.0,1.0,0
2018-12-17 22:45:00,4.21,3.85,-0.3214394653031618,0.9469301294951056,0.0,1.0,0
2018-12-17 23:00:00,4.18,3.71,-0.2588190451025207,0.9659258262890684,0.0,1.0,0
2018-12-17 23:15:00,4.14,3.42,-0.1950903220161287,0.9807852804032304,0.0,1.0,0
2018-12-17 23:30:00,4.07,3.06,-0.1305261922200516,0.9914448613738104,0.0,1.0,0
2018-12-17 23:45:00,4.07,3.02,-0.0654031292301428,0.9978589232386036,0.0,1.0,0
2018-12-18 00:00:00,4.14,3.2,0.0,1.0,0.7818314824680298,0.6234898018587336,0
2018-12-18 00:15:00,5.22,2.81,0.065403129230143,0.9978589232386036,0.7818314824680298,0.6234898018587336,0
2018-12-18 00:30:00,4.68,3.24,0.1305261922200515,0.9914448613738104,0.7818314824680298,0.6234898018587336,0
2018-12-18 00:45:00,4.14,3.74,0.1950903220161282,0.9807852804032304,0.7818314824680298,0.6234898018587336,0
2018-12-18 01:00:00,4.1,3.49,0.2588190451025207,0.9659258262890684,0.7818314824680298,0.6234898018587336,0
2018-12-18 01:15:00,4.18,3.42,0.3214394653031616,0.9469301294951056,0.7818314824680298,0.6234898018587336,0
2018-12-18 01:30:00,4.07,3.35,0.3826834323650898,0.9238795325112868,0.7818314824680298,0.6234898018587336,0
2018-12-18 01:45:00,4.18,3.42,0.4422886902190013,0.8968727415326883,0.7818314824680298,0.6234898018587336,0
2018-12-18 02:00:00,4.1,3.71,0.4999999999999999,0.8660254037844387,0.7818314824680298,0.6234898018587336,0
2018-12-18 02:15:00,4.18,3.56,0.5555702330196022,0.8314696123025452,0.7818314824680298,0.6234898018587336,0
2018-12-18 02:30:00,4.14,3.6,0.6087614290087207,0.7933533402912352,0.7818314824680298,0.6234898018587336,0
2018-12-18 02:45:00,4.21,3.71,0.6593458151000688,0.7518398074789774,0.7818314824680298,0.6234898018587336,0
2018-12-18 03:00:00,4.18,3.49,0.7071067811865476,0.7071067811865476,0.7818314824680298,0.6234898018587336,0
2018-12-18 03:15:00,3.6,2.84,0.7518398074789773,0.659345815100069,0.7818314824680298,0.6234898018587336,0
2018-12-18 03:30:00,3.42,2.34,0.7933533402912352,0.6087614290087207,0.7818314824680298,0.6234898018587336,0
2018-12-18 03:45:00,3.42,2.38,0.8314696123025452,0.5555702330196023,0.7818314824680298,0.6234898018587336,0
2018-12-18 04:00:00,3.38,2.3,0.8660254037844386,0.5000000000000001,0.7818314824680298,0.6234898018587336,0
2018-12-18 04:15:00,3.42,2.23,0.8968727415326884,0.4422886902190012,0.7818314824680298,0.6234898018587336,0
2018-12-18 04:30:00,3.71,2.56,0.9238795325112868,0.3826834323650898,0.7818314824680298,0.6234898018587336,0
2018-12-18 04:45:00,4.18,3.13,0.9469301294951056,0.3214394653031617,0.7818314824680298,0.6234898018587336,0
2018-12-18 05:00:00,3.53,2.48,0.9659258262890684,0.2588190451025207,0.7818314824680298,0.6234898018587336,0
2018-12-18 05:15:00,3.46,2.34,0.9807852804032304,0.1950903220161283,0.7818314824680298,0.6234898018587336,0
2018-12-18 05:30:00,3.38,2.3,0.9914448613738104,0.1305261922200517,0.7818314824680298,0.6234898018587336,0
2018-12-18 05:45:00,4.03,3.2,0.9978589232386036,0.065403129230143,0.7818314824680298,0.6234898018587336,0
2018-12-18 06:00:00,4.14,3.31,1.0,6.123233995736766e-17,0.7818314824680298,0.6234898018587336,0
2018-12-18 06:15:00,3.6,2.45,0.9978589232386036,-0.0654031292301431,0.7818314824680298,0.6234898018587336,0
2018-12-18 06:30:00,3.38,2.2,0.9914448613738104,-0.1305261922200513,0.7818314824680298,0.6234898018587336,0
2018-12-18 06:45:00,3.35,2.2,0.9807852804032304,-0.1950903220161282,0.7818314824680298,0.6234898018587336,0
2018-12-18 07:00:00,3.31,2.12,0.9659258262890684,-0.2588190451025208,0.7818314824680298,0.6234898018587336,0
2018-12-18 07:15:00,3.28,2.12,0.9469301294951056,-0.3214394653031613,0.7818314824680298,0.6234898018587336,0
2018-12-18 07:30:00,3.42,2.23,0.9238795325112868,-0.3826834323650897,0.7818314824680298,0.6234898018587336,0
2018-12-18 07:45:00,5.58,2.84,0.8968727415326884,-0.4422886902190011,0.7818314824680298,0.6234898018587336,0
2018-12-18 08:00:00,7.27,2.3,0.8660254037844387,-0.4999999999999998,0.7818314824680298,0.6234898018587336,0
2018-12-18 08:15:00,38.38,28.44,0.8314696123025453,-0.555570233019602,0.7818314824680298,0.6234898018587336,0
2018-12-18 08:30:00,72.86,56.81,0.7933533402912352,-0.6087614290087207,0.7818314824680298,0.6234898018587336,0
2018-12-18 08:45:00,66.42,47.45,0.7518398074789774,-0.6593458151000688,0.7818314824680298,0.6234898018587336,0
2018-12-18 09:00:00,81.4,43.38,0.7071067811865476,-0.7071067811865475,0.7818314824680298,0.6234898018587336,0
2018-12-18 09:15:00,66.28,30.28,0.659345815100069,-0.7518398074789773,0.7818314824680298,0.6234898018587336,0
2018-12-18 09:30:00,78.3,43.06,0.6087614290087209,-0.793353340291235,0.7818314824680298,0.6234898018587336,0
2018-12-18 09:45:00,77.72,40.14,0.5555702330196022,-0.8314696123025453,0.7818314824680298,0.6234898018587336,0
2018-12-18 10:00:00,74.59,37.98,0.4999999999999999,-0.8660254037844387,0.7818314824680298,0.6234898018587336,0
2018-12-18 10:15:00,63.04,28.3,0.4422886902190013,-0.8968727415326883,0.7818314824680298,0.6234898018587336,0
2018-12-18 10:30:00,58.68,21.67,0.3826834323650899,-0.9238795325112868,0.7818314824680298,0.6234898018587336,0
2018-12-18 10:45:00,62.96,27.9,0.3214394653031617,-0.9469301294951056,0.7818314824680298,0.6234898018587336,0
2018-12-18 11:00:00,68.36,28.69,0.258819045102521,-0.9659258262890682,0.7818314824680298,0.6234898018587336,0
2018-12-18 11:15:00,60.05,25.24,0.1950903220161286,-0.9807852804032304,0.7818314824680298,0.6234898018587336,0
2018-12-18 11:30:00,58.82,22.97,0.1305261922200515,-0.9914448613738104,0.7818314824680298,0.6234898018587336,0
2018-12-18 11:45:00,64.73,28.91,0.0654031292301431,-0.9978589232386036,0.7818314824680298,0.6234898018587336,0
2018-12-18 12:00:00,67.54,30.82,1.2246467991473532e-16,-1.0,0.7818314824680298,0.6234898018587336,0
2018-12-18 12:15:00,8.14,0.0,-0.0654031292301428,-0.9978589232386036,0.7818314824680298,0.6234898018587336,0
2018-12-18 12:30:00,8.64,0.0,-0.1305261922200517,-0.9914448613738104,0.7818314824680298,0.6234898018587336,0
2018-12-18 12:45:00,8.78,0.0,-0.1950903220161283,-0.9807852804032304,0.7818314824680298,0.6234898018587336,0
2018-12-18 13:00:00,9.4,0.0,-0.2588190451025203,-0.9659258262890684,0.7818314824680298,0.6234898018587336,0
2018-12-18 13:15:00,52.45,23.04,-0.3214394653031615,-0.9469301294951056,0.7818314824680298,0.6234898018587336,0
2018-12-18 13:30:00,67.46,35.03,-0.3826834323650896,-0.9238795325112868,0.7818314824680298,0.6234898018587336,0
2018-12-18 13:45:00,62.53,29.23,-0.4422886902190011,-0.8968727415326884,0.7818314824680298,0.6234898018587336,0
2018-12-18 14:00:00,62.46,30.67,-0.5000000000000001,-0.8660254037844386,0.7818314824680298,0.6234898018587336,0
2018-12-18 14:15:00,67.18,25.63,-0.555570233019602,-0.8314696123025455,0.7818314824680298,0.6234898018587336,0
2018-12-18 14:30:00,113.51,44.86,-0.6087614290087203,-0.7933533402912354,0.7818314824680298,0.6234898018587336,0
2018-12-18 14:45:00,99.5,36.43,-0.6593458151000688,-0.7518398074789774,0.7818314824680298,0.6234898018587336,0
2018-12-18 15:00:00,68.0,23.11,-0.7071067811865475,-0.7071067811865477,0.7818314824680298,0.6234898018587336,0
2018-12-18 15:15:00,120.82,51.19,-0.7518398074789773,-0.6593458151000691,0.7818314824680298,0.6234898018587336,0
2018-12-18 15:30:00,79.45,32.51,-0.7933533402912349,-0.6087614290087209,0.7818314824680298,0.6234898018587336,0
2018-12-18 15:45:00,117.68,55.62,-0.8314696123025452,-0.5555702330196022,0.7818314824680298,0.6234898018587336,0
2018-12-18 16:00:00,114.08,49.86,-0.8660254037844385,-0.5000000000000004,0.7818314824680298,0.6234898018587336,0
2018-12-18 16:15:00,106.27,44.1,-0.8968727415326883,-0.4422886902190013,0.7818314824680298,0.6234898018587336,0
2018-12-18 16:30:00,93.28,45.29,-0.9238795325112864,-0.3826834323650903,0.7818314824680298,0.6234898018587336,0
2018-12-18 16:45:00,127.58,56.34,-0.9469301294951056,-0.3214394653031618,0.7818314824680298,0.6234898018587336,0
2018-12-18 17:00:00,94.61,41.83,-0.9659258262890684,-0.2588190451025206,0.7818314824680298,0.6234898018587336,0
2018-12-18 17:15:00,101.02,43.06,-0.9807852804032304,-0.1950903220161286,0.7818314824680298,0.6234898018587336,0
2018-12-18 17:30:00,112.14,43.74,-0.9914448613738104,-0.1305261922200516,0.7818314824680298,0.6234898018587336,0
2018-12-18 17:45:00,68.08,17.53,-0.9978589232386036,-0.0654031292301427,0.7818314824680298,0.6234898018587336,0
2018-12-18 18:00:00,15.95,0.0,-1.0,-1.8369701987210294e-16,0.7818314824680298,0.6234898018587336,0
2018-12-18 18:15:00,7.16,0.0,-0.9978589232386036,0.0654031292301423,0.7818314824680298,0.6234898018587336,0
2018-12-18 18:30:00,5.58,0.0,-0.9914448613738104,0.1305261922200512,0.7818314824680298,0.6234898018587336,0
2018-12-18 18:45:00,5.65,0.0,-0.9807852804032304,0.1950903220161283,0.7818314824680298,0.6234898018587336,0
2018-12-18 19:00:00,5.0,0.0,-0.9659258262890684,0.2588190451025203,0.7818314824680298,0.6234898018587336,0
2018-12-18 19:15:00,4.5,0.0,-0.9469301294951056,0.3214394653031615,0.7818314824680298,0.6234898018587336,0
2018-12-18 19:30:00,4.39,0.0,-0.9238795325112866,0.38268343236509,0.7818314824680298,0.6234898018587336,0
2018-12-18 19:45:00,4.43,0.0,-0.8968727415326884,0.442288690219001,0.7818314824680298,0.6234898018587336,0
2018-12-18 20:00:00,4.39,0.0,-0.8660254037844386,0.5000000000000001,0.7818314824680298,0.6234898018587336,0
2018-12-18 20:15:00,4.43,0.0,-0.8314696123025455,0.5555702330196018,0.7818314824680298,0.6234898018587336,0
2018-12-18 20:30:00,4.36,0.0,-0.7933533402912352,0.6087614290087205,0.7818314824680298,0.6234898018587336,0
2018-12-18 20:45:00,4.39,0.0,-0.7518398074789772,0.6593458151000691,0.7818314824680298,0.6234898018587336,0
2018-12-18 21:00:00,4.43,0.0,-0.7071067811865477,0.7071067811865474,0.7818314824680298,0.6234898018587336,0
2018-12-18 21:15:00,4.39,0.0,-0.6593458151000694,0.7518398074789769,0.7818314824680298,0.6234898018587336,0
2018-12-18 21:30:00,4.46,0.0,-0.608761429008721,0.7933533402912349,0.7818314824680298,0.6234898018587336,0
2018-12-18 21:45:00,4.39,0.0,-0.5555702330196022,0.8314696123025452,0.7818314824680298,0.6234898018587336,0
2018-12-18 22:00:00,4.39,0.0,-0.5000000000000004,0.8660254037844384,0.7818314824680298,0.6234898018587336,0
2018-12-18 22:15:00,4.25,3.46,-0.4422886902190014,0.8968727415326883,0.7818314824680298,0.6234898018587336,0
2018-12-18 22:30:00,5.18,3.74,-0.3826834323650904,0.9238795325112864,0.7818314824680298,0.6234898018587336,0
2018-12-18 22:45:00,5.15,3.67,-0.3214394653031618,0.9469301294951056,0.7818314824680298,0.6234898018587336,0
2018-12-18 23:00:00,4.14,3.64,-0.2588190451025207,0.9659258262890684,0.7818314824680298,0.6234898018587336,0
2018-12-18 23:15:00,4.14,3.38,-0.1950903220161287,0.9807852804032304,0.7818314824680298,0.6234898018587336,0
2018-12-18 23:30:00,4.14,3.06,-0.1305261922200516,0.9914448613738104,0.7818314824680298,0.6234898018587336,0
2018-12-18 23:45:00,4.1,3.17,-0.0654031292301428,0.9978589232386036,0.7818314824680298,0.6234898018587336,0
2018-12-19 00:00:00,3.92,2.45,0.0,1.0,0.9749279121818236,-0.2225209339563143,0
2018-12-19 00:15:00,4.14,3.35,0.065403129230143,0.9978589232386036,0.9749279121818236,-0.2225209339563143,0
2018-12-19 00:30:00,4.14,3.42,0.1305261922200515,0.9914448613738104,0.9749279121818236,-0.2225209339563143,0
2018-12-19 00:45:00,4.14,3.46,0.1950903220161282,0.9807852804032304,0.9749279121818236,-0.2225209339563143,0
2018-12-19 01:00:00,4.21,3.49,0.2588190451025207,0.9659258262890684,0.9749279121818236,-0.2225209339563143,0
2018-12-19 01:15:00,4.14,3.56,0.3214394653031616,0.9469301294951056,0.9749279121818236,-0.2225209339563143,0
2018-12-19 01:30:00,4.14,3.46,0.3826834323650898,0.9238795325112868,0.9749279121818236,-0.2225209339563143,0
2018-12-19 01:45:00,4.18,3.46,0.4422886902190013,0.8968727415326883,0.9749279121818236,-0.2225209339563143,0
2018-12-19 02:00:00,4.18,3.38,0.4999999999999999,0.8660254037844387,0.9749279121818236,-0.2225209339563143,0
2018-12-19 02:15:00,4.93,3.35,0.5555702330196022,0.8314696123025452,0.9749279121818236,-0.2225209339563143,0
2018-12-19 02:30:00,5.26,3.42,0.6087614290087207,0.7933533402912352,0.9749279121818236,-0.2225209339563143,0
2018-12-19 02:45:00,4.14,3.35,0.6593458151000688,0.7518398074789774,0.9749279121818236,-0.2225209339563143,0
2018-12-19 03:00:00,4.14,3.42,0.7071067811865476,0.7071067811865476,0.9749279121818236,-0.2225209339563143,0
2018-12-19 03:15:00,4.1,3.46,0.7518398074789773,0.659345815100069,0.9749279121818236,-0.2225209339563143,0
2018-12-19 03:30:00,4.25,3.6,0.7933533402912352,0.6087614290087207,0.9749279121818236,-0.2225209339563143,0
2018-12-19 03:45:00,3.82,3.02,0.8314696123025452,0.5555702330196023,0.9749279121818236,-0.2225209339563143,0
2018-12-19 04:00:00,3.49,2.41,0.8660254037844386,0.5000000000000001,0.9749279121818236,-0.2225209339563143,0
2018-12-19 04:15:00,3.42,2.41,0.8968727415326884,0.4422886902190012,0.9749279121818236,-0.2225209339563143,0
2018-12-19 04:30:00,3.42,2.48,0.9238795325112868,0.3826834323650898,0.9749279121818236,-0.2225209339563143,0
2018-12-19 04:45:00,3.49,2.38,0.9469301294951056,0.3214394653031617,0.9749279121818236,-0.2225209339563143,0
2018-12-19 05:00:00,3.38,2.3,0.9659258262890684,0.2588190451025207,0.9749279121818236,-0.2225209339563143,0
2018-12-19 05:15:00,3.42,2.38,0.9807852804032304,0.1950903220161283,0.9749279121818236,-0.2225209339563143,0
2018-12-19 05:30:00,3.38,2.3,0.9914448613738104,0.1305261922200517,0.9749279121818236,-0.2225209339563143,0
2018-12-19 05:45:00,3.42,2.23,0.9978589232386036,0.065403129230143,0.9749279121818236,-0.2225209339563143,0
2018-12-19 06:00:00,3.42,2.2,1.0,6.123233995736766e-17,0.9749279121818236,-0.2225209339563143,0
2018-12-19 06:15:00,4.07,2.77,0.9978589232386036,-0.0654031292301431,0.9749279121818236,-0.2225209339563143,0
2018-12-19 06:30:00,4.18,2.92,0.9914448613738104,-0.1305261922200513,0.9749279121818236,-0.2225209339563143,0
2018-12-19 06:45:00,3.96,2.95,0.9807852804032304,-0.1950903220161282,0.9749279121818236,-0.2225209339563143,0
2018-12-19 07:00:00,4.1,3.13,0.9659258262890684,-0.2588190451025208,0.9749279121818236,-0.2225209339563143,0
2018-12-19 07:15:00,4.1,2.81,0.9469301294951056,-0.3214394653031613,0.9749279121818236,-0.2225209339563143,0
2018-12-19 07:30:00,4.07,2.84,0.9238795325112868,-0.3826834323650897,0.9749279121818236,-0.2225209339563143,0
2018-12-19 07:45:00,5.76,2.92,0.8968727415326884,-0.4422886902190011,0.9749279121818236,-0.2225209339563143,0
2018-12-19 08:00:00,6.23,2.66,0.8660254037844387,-0.4999999999999998,0.9749279121818236,-0.2225209339563143,0
2018-12-19 08:15:00,36.14,25.45,0.8314696123025453,-0.555570233019602,0.9749279121818236,-0.2225209339563143,0
2018-12-19 08:30:00,70.81,51.95,0.7933533402912352,-0.6087614290087207,0.9749279121818236,-0.2225209339563143,0
2018-12-19 08:45:00,59.54,36.25,0.7518398074789774,-0.6593458151000688,0.9749279121818236,-0.2225209339563143,0
2018-12-19 09:00:00,63.86,23.51,0.7071067811865476,-0.7071067811865475,0.9749279121818236,-0.2225209339563143,0
2018-12-19 09:15:00,77.4,42.88,0.659345815100069,-0.7518398074789773,0.9749279121818236,-0.2225209339563143,0
2018-12-19 09:30:00,65.23,32.65,0.6087614290087209,-0.793353340291235,0.9749279121818236,-0.2225209339563143,0
2018-12-19 09:45:00,69.3,37.66,0.5555702330196022,-0.8314696123025453,0.9749279121818236,-0.2225209339563143,0
2018-12-19 10:00:00,61.13,26.89,0.4999999999999999,-0.8660254037844387,0.9749279121818236,-0.2225209339563143,0
2018-12-19 10:15:00,61.16,25.74,0.4422886902190013,-0.8968727415326883,0.9749279121818236,-0.2225209339563143,0
2018-12-19 10:30:00,70.42,31.46,0.3826834323650899,-0.9238795325112868,0.9749279121818236,-0.2225209339563143,0
2018-12-19 10:45:00,63.68,27.65,0.3214394653031617,-0.9469301294951056,0.9749279121818236,-0.2225209339563143,0
2018-12-19 11:00:00,83.09,43.96,0.258819045102521,-0.9659258262890682,0.9749279121818236,-0.2225209339563143,0
2018-12-19 11:15:00,140.8,69.77,0.1950903220161286,-0.9807852804032304,0.9749279121818236,-0.2225209339563143,0
2018-12-19 11:30:00,110.88,47.02,0.1305261922200515,-0.9914448613738104,0.9749279121818236,-0.2225209339563143,0
2018-12-19 11:45:00,115.13,52.09,0.0654031292301431,-0.9978589232386036,0.9749279121818236,-0.2225209339563143,0
2018-12-19 12:00:00,101.99,48.56,1.2246467991473532e-16,-1.0,0.9749279121818236,-0.2225209339563143,0
2018-12-19 12:15:00,12.13,1.3,-0.0654031292301428,-0.9978589232386036,0.9749279121818236,-0.2225209339563143,0
2018-12-19 12:30:00,6.66,0.0,-0.1305261922200517,-0.9914448613738104,0.9749279121818236,-0.2225209339563143,0
2018-12-19 12:45:00,6.8,0.0,-0.1950903220161283,-0.9807852804032304,0.9749279121818236,-0.2225209339563143,0
2018-12-19 13:00:00,6.98,0.0,-0.2588190451025203,-0.9659258262890684,0.9749279121818236,-0.2225209339563143,0
2018-12-19 13:15:00,62.42,21.71,-0.3214394653031615,-0.9469301294951056,0.9749279121818236,-0.2225209339563143,0
2018-12-19 13:30:00,116.46,53.03,-0.3826834323650896,-0.9238795325112868,0.9749279121818236,-0.2225209339563143,0
2018-12-19 13:45:00,89.86,36.76,-0.4422886902190011,-0.8968727415326884,0.9749279121818236,-0.2225209339563143,0
2018-12-19 14:00:00,98.03,51.37,-0.5000000000000001,-0.8660254037844386,0.9749279121818236,-0.2225209339563143,0
2018-12-19 14:15:00,149.18,74.56,-0.555570233019602,-0.8314696123025455,0.9749279121818236,-0.2225209339563143,0
2018-12-19 14:30:00,116.64,48.85,-0.6087614290087203,-0.7933533402912354,0.9749279121818236,-0.2225209339563143,0
2018-12-19 14:45:00,105.48,45.58,-0.6593458151000688,-0.7518398074789774,0.9749279121818236,-0.2225209339563143,0
2018-12-19 15:00:00,145.22,70.67,-0.7071067811865475,-0.7071067811865477,0.9749279121818236,-0.2225209339563143,0
2018-12-19 15:15:00,101.38,39.92,-0.7518398074789773,-0.6593458151000691,0.9749279121818236,-0.2225209339563143,0
2018-12-19 15:30:00,130.46,60.23,-0.7933533402912349,-0.6087614290087209,0.9749279121818236,-0.2225209339563143,0
2018-12-19 15:45:00,115.24,50.98,-0.8314696123025452,-0.5555702330196022,0.9749279121818236,-0.2225209339563143,0
2018-12-19 16:00:00,125.21,58.43,-0.8660254037844385,-0.5000000000000004,0.9749279121818236,-0.2225209339563143,0
2018-12-19 16:15:00,133.56,64.4,-0.8968727415326883,-0.4422886902190013,0.9749279121818236,-0.2225209339563143,0
2018-12-19 16:30:00,81.65,40.18,-0.9238795325112864,-0.3826834323650903,0.9749279121818236,-0.2225209339563143,0
2018-12-19 16:45:00,62.68,31.07,-0.9469301294951056,-0.3214394653031618,0.9749279121818236,-0.2225209339563143,0
2018-12-19 17:00:00,125.5,50.69,-0.9659258262890684,-0.2588190451025206,0.9749279121818236,-0.2225209339563143,0
2018-12-19 17:15:00,68.0,16.88,-0.9807852804032304,-0.1950903220161286,0.9749279121818236,-0.2225209339563143,0
2018-12-19 17:30:00,40.5,4.21,-0.9914448613738104,-0.1305261922200516,0.9749279121818236,-0.2225209339563143,0
2018-12-19 17:45:00,31.68,0.04,-0.9978589232386036,-0.0654031292301427,0.9749279121818236,-0.2225209339563143,0
2018-12-19 18:00:00,26.82,1.73,-1.0,-1.8369701987210294e-16,0.9749279121818236,-0.2225209339563143,0
2018-12-19 18:15:00,5.98,0.0,-0.9978589232386036,0.0654031292301423,0.9749279121818236,-0.2225209339563143,0
2018-12-19 18:30:00,5.47,0.0,-0.9914448613738104,0.1305261922200512,0.9749279121818236,-0.2225209339563143,0
2018-12-19 18:45:00,5.54,0.0,-0.9807852804032304,0.1950903220161283,0.9749279121818236,-0.2225209339563143,0
2018-12-19 19:00:00,5.44,0.0,-0.9659258262890684,0.2588190451025203,0.9749279121818236,-0.2225209339563143,0
2018-12-19 19:15:00,5.47,0.0,-0.9469301294951056,0.3214394653031615,0.9749279121818236,-0.2225209339563143,0
2018-12-19 19:30:00,5.47,0.0,-0.9238795325112866,0.38268343236509,0.9749279121818236,-0.2225209339563143,0
2018-12-19 19:45:00,5.4,0.0,-0.8968727415326884,0.442288690219001,0.9749279121818236,-0.2225209339563143,0
2018-12-19 20:00:00,5.33,0.0,-0.8660254037844386,0.5000000000000001,0.9749279121818236,-0.2225209339563143,0
2018-12-19 20:15:00,5.36,0.0,-0.8314696123025455,0.5555702330196018,0.9749279121818236,-0.2225209339563143,0
2018-12-19 20:30:00,5.33,0.0,-0.7933533402912352,0.6087614290087205,0.9749279121818236,-0.2225209339563143,0
2018-12-19 20:45:00,5.44,0.0,-0.7518398074789772,0.6593458151000691,0.9749279121818236,-0.2225209339563143,0
2018-12-19 21:00:00,5.4,0.0,-0.7071067811865477,0.7071067811865474,0.9749279121818236,-0.2225209339563143,0
2018-12-19 21:15:00,5.4,0.0,-0.6593458151000694,0.7518398074789769,0.9749279121818236,-0.2225209339563143,0
2018-12-19 21:30:00,5.04,0.0,-0.608761429008721,0.7933533402912349,0.9749279121818236,-0.2225209339563143,0
2018-12-19 21:45:00,4.25,0.0,-0.5555702330196022,0.8314696123025452,0.9749279121818236,-0.2225209339563143,0
2018-12-19 22:00:00,4.39,0.0,-0.5000000000000004,0.8660254037844384,0.9749279121818236,-0.2225209339563143,0
2018-12-19 22:15:00,4.03,2.99,-0.4422886902190014,0.8968727415326883,0.9749279121818236,-0.2225209339563143,0
2018-12-19 22:30:00,4.03,2.99,-0.3826834323650904,0.9238795325112864,0.9749279121818236,-0.2225209339563143,0
2018-12-19 22:45:00,3.96,2.95,-0.3214394653031618,0.9469301294951056,0.9749279121818236,-0.2225209339563143,0
2018-12-19 23:00:00,4.07,2.84,-0.2588190451025207,0.9659258262890684,0.9749279121818236,-0.2225209339563143,0
2018-12-19 23:15:00,4.03,2.56,-0.1950903220161287,0.9807852804032304,0.9749279121818236,-0.2225209339563143,0
2018-12-19 23:30:00,3.92,2.3,-0.1305261922200516,0.9914448613738104,0.9749279121818236,-0.2225209339563143,0
2018-12-19 23:45:00,3.96,2.34,-0.0654031292301428,0.9978589232386036,0.9749279121818236,-0.2225209339563143,0
2018-12-20 00:00:00,3.89,2.74,0.0,1.0,0.4338837391175582,-0.900968867902419,0
2018-12-20 00:15:00,4.03,2.66,0.065403129230143,0.9978589232386036,0.4338837391175582,-0.900968867902419,0
2018-12-20 00:30:00,4.03,2.77,0.1305261922200515,0.9914448613738104,0.4338837391175582,-0.900968867902419,0
2018-12-20 00:45:00,4.0,2.74,0.1950903220161282,0.9807852804032304,0.4338837391175582,-0.900968867902419,0
2018-12-20 01:00:00,4.0,2.77,0.2588190451025207,0.9659258262890684,0.4338837391175582,-0.900968867902419,0
2018-12-20 01:15:00,4.0,2.84,0.3214394653031616,0.9469301294951056,0.4338837391175582,-0.900968867902419,0
2018-12-20 01:30:00,4.1,3.02,0.3826834323650898,0.9238795325112868,0.4338837391175582,-0.900968867902419,0
2018-12-20 01:45:00,4.0,2.84,0.4422886902190013,0.8968727415326883,0.4338837391175582,-0.900968867902419,0
2018-12-20 02:00:00,4.07,2.92,0.4999999999999999,0.8660254037844387,0.4338837391175582,-0.900968867902419,0
2018-12-20 02:15:00,4.43,2.84,0.5555702330196022,0.8314696123025452,0.4338837391175582,-0.900968867902419,0
2018-12-20 02:30:00,5.18,2.74,0.6087614290087207,0.7933533402912352,0.4338837391175582,-0.900968867902419,0
2018-12-20 02:45:00,4.1,3.02,0.6593458151000688,0.7518398074789774,0.4338837391175582,-0.900968867902419,0
2018-12-20 03:00:00,4.0,3.13,0.7071067811865476,0.7071067811865476,0.4338837391175582,-0.900968867902419,0
2018-12-20 03:15:00,4.1,3.2,0.7518398074789773,0.659345815100069,0.4338837391175582,-0.900968867902419,0
2018-12-20 03:30:00,4.03,3.17,0.7933533402912352,0.6087614290087207,0.4338837391175582,-0.900968867902419,0
2018-12-20 03:45:00,4.1,3.13,0.8314696123025452,0.5555702330196023,0.4338837391175582,-0.900968867902419,0
2018-12-20 04:00:00,3.31,2.27,0.8660254037844386,0.5000000000000001,0.4338837391175582,-0.900968867902419,0
2018-12-20 04:15:00,3.35,2.23,0.8968727415326884,0.4422886902190012,0.4338837391175582,-0.900968867902419,0
2018-12-20 04:30:00,3.46,2.23,0.9238795325112868,0.3826834323650898,0.4338837391175582,-0.900968867902419,0
2018-12-20 04:45:00,3.38,2.3,0.9469301294951056,0.3214394653031617,0.4338837391175582,-0.900968867902419,0
2018-12-20 05:00:00,3.35,2.27,0.9659258262890684,0.2588190451025207,0.4338837391175582,-0.900968867902419,0
2018-12-20 05:15:00,3.35,2.3,0.9807852804032304,0.1950903220161283,0.4338837391175582,-0.900968867902419,0
2018-12-20 05:30:00,3.38,2.34,0.9914448613738104,0.1305261922200517,0.4338837391175582,-0.900968867902419,0
2018-12-20 05:45:00,3.38,2.23,0.9978589232386036,0.065403129230143,0.4338837391175582,-0.900968867902419,0
2018-12-20 06:00:00,3.92,2.59,1.0,6.123233995736766e-17,0.4338837391175582,-0.900968867902419,0
2018-12-20 06:15:00,3.67,2.34,0.9978589232386036,-0.0654031292301431,0.4338837391175582,-0.900968867902419,0
2018-12-20 06:30:00,3.35,2.09,0.9914448613738104,-0.1305261922200513,0.4338837391175582,-0.900968867902419,0
2018-12-20 06:45:00,4.0,2.84,0.9807852804032304,-0.1950903220161282,0.4338837391175582,-0.900968867902419,0
2018-12-20 07:00:00,4.03,2.84,0.9659258262890684,-0.2588190451025208,0.4338837391175582,-0.900968867902419,0
2018-12-20 07:15:00,3.96,2.7,0.9469301294951056,-0.3214394653031613,0.4338837391175582,-0.900968867902419,0
2018-12-20 07:30:00,4.18,2.59,0.9238795325112868,-0.3826834323650897,0.4338837391175582,-0.900968867902419,0
2018-12-20 07:45:00,4.79,2.45,0.8968727415326884,-0.4422886902190011,0.4338837391175582,-0.900968867902419,0
2018-12-20 08:00:00,5.87,2.41,0.8660254037844387,-0.4999999999999998,0.4338837391175582,-0.900968867902419,0
2018-12-20 08:15:00,39.49,26.78,0.8314696123025453,-0.555570233019602,0.4338837391175582,-0.900968867902419,0
2018-12-20 08:30:00,79.85,60.98,0.7933533402912352,-0.6087614290087207,0.4338837391175582,-0.900968867902419,0
2018-12-20 08:45:00,66.96,47.16,0.7518398074789774,-0.6593458151000688,0.4338837391175582,-0.900968867902419,0
2018-12-20 09:00:00,63.14,25.81,0.7071067811865476,-0.7071067811865475,0.4338837391175582,-0.900968867902419,0
2018-12-20 09:15:00,64.12,28.98,0.659345815100069,-0.7518398074789773,0.4338837391175582,-0.900968867902419,0
2018-12-20 09:30:00,64.37,28.91,0.6087614290087209,-0.793353340291235,0.4338837391175582,-0.900968867902419,0
2018-12-20 09:45:00,83.16,44.57,0.5555702330196022,-0.8314696123025453,0.4338837391175582,-0.900968867902419,0
2018-12-20 10:00:00,71.14,37.12,0.4999999999999999,-0.8660254037844387,0.4338837391175582,-0.900968867902419,0
2018-12-20 10:15:00,58.72,23.54,0.4422886902190013,-0.8968727415326883,0.4338837391175582,-0.900968867902419,0
2018-12-20 10:30:00,68.72,32.33,0.3826834323650899,-0.9238795325112868,0.4338837391175582,-0.900968867902419,0
2018-12-20 10:45:00,75.53,36.22,0.3214394653031617,-0.9469301294951056,0.4338837391175582,-0.900968867902419,0
2018-12-20 11:00:00,77.51,43.7,0.258819045102521,-0.9659258262890682,0.4338837391175582,-0.900968867902419,0
2018-12-20 11:15:00,64.4,29.63,0.1950903220161286,-0.9807852804032304,0.4338837391175582,-0.900968867902419,0
2018-12-20 11:30:00,63.0,26.32,0.1305261922200515,-0.9914448613738104,0.4338837391175582,-0.900968867902419,0
2018-12-20 11:45:00,71.46,35.5,0.0654031292301431,-0.9978589232386036,0.4338837391175582,-0.900968867902419,0
2018-12-20 12:00:00,71.06,35.03,1.2246467991473532e-16,-1.0,0.4338837391175582,-0.900968867902419,0
2018-12-20 12:15:00,16.96,0.25,-0.0654031292301428,-0.9978589232386036,0.4338837391175582,-0.900968867902419,0
2018-12-20 12:30:00,7.67,0.0,-0.1305261922200517,-0.9914448613738104,0.4338837391175582,-0.900968867902419,0
2018-12-20 12:45:00,7.49,0.0,-0.1950903220161283,-0.9807852804032304,0.4338837391175582,-0.900968867902419,0
2018-12-20 13:00:00,6.66,0.0,-0.2588190451025203,-0.9659258262890684,0.4338837391175582,-0.900968867902419,0
2018-12-20 13:15:00,42.7,15.8,-0.3214394653031615,-0.9469301294951056,0.4338837391175582,-0.900968867902419,0
2018-12-20 13:30:00,63.07,27.43,-0.3826834323650896,-0.9238795325112868,0.4338837391175582,-0.900968867902419,0
2018-12-20 13:45:00,71.5,31.25,-0.4422886902190011,-0.8968727415326884,0.4338837391175582,-0.900968867902419,0
2018-12-20 14:00:00,76.9,37.15,-0.5000000000000001,-0.8660254037844386,0.4338837391175582,-0.900968867902419,0
2018-12-20 14:15:00,63.5,29.52,-0.555570233019602,-0.8314696123025455,0.4338837391175582,-0.900968867902419,0
2018-12-20 14:30:00,78.41,41.76,-0.6087614290087203,-0.7933533402912354,0.4338837391175582,-0.900968867902419,0
2018-12-20 14:45:00,73.4,35.28,-0.6593458151000688,-0.7518398074789774,0.4338837391175582,-0.900968867902419,0
2018-12-20 15:00:00,64.44,30.56,-0.7071067811865475,-0.7071067811865477,0.4338837391175582,-0.900968867902419,0
2018-12-20 15:15:00,60.26,26.46,-0.7518398074789773,-0.6593458151000691,0.4338837391175582,-0.900968867902419,0
2018-12-20 15:30:00,58.9,26.68,-0.7933533402912349,-0.6087614290087209,0.4338837391175582,-0.900968867902419,0
2018-12-20 15:45:00,60.59,25.6,-0.8314696123025452,-0.5555702330196022,0.4338837391175582,-0.900968867902419,0
2018-12-20 16:00:00,56.92,23.58,-0.8660254037844385,-0.5000000000000004,0.4338837391175582,-0.900968867902419,0
2018-12-20 16:15:00,60.08,26.57,-0.8968727415326883,-0.4422886902190013,0.4338837391175582,-0.900968867902419,0
2018-12-20 16:30:00,58.68,27.11,-0.9238795325112864,-0.3826834323650903,0.4338837391175582,-0.900968867902419,0
2018-12-20 16:45:00,57.56,25.09,-0.9469301294951056,-0.3214394653031618,0.4338837391175582,-0.900968867902419,0
2018-12-20 17:00:00,46.51,15.48,-0.9659258262890684,-0.2588190451025206,0.4338837391175582,-0.900968867902419,0
2018-12-20 17:15:00,58.07,21.89,-0.9807852804032304,-0.1950903220161286,0.4338837391175582,-0.900968867902419,0
2018-12-20 17:30:00,41.22,5.65,-0.9914448613738104,-0.1305261922200516,0.4338837391175582,-0.900968867902419,0
2018-12-20 17:45:00,41.51,5.08,-0.9978589232386036,-0.0654031292301427,0.4338837391175582,-0.900968867902419,0
2018-12-20 18:00:00,24.8,2.84,-1.0,-1.8369701987210294e-16,0.4338837391175582,-0.900968867902419,0
2018-12-20 18:15:00,5.44,0.0,-0.9978589232386036,0.0654031292301423,0.4338837391175582,-0.900968867902419,0
2018-12-20 18:30:00,5.18,0.0,-0.9914448613738104,0.1305261922200512,0.4338837391175582,-0.900968867902419,0
2018-12-20 18:45:00,5.29,0.0,-0.9807852804032304,0.1950903220161283,0.4338837391175582,-0.900968867902419,0
2018-12-20 19:00:00,5.29,0.0,-0.9659258262890684,0.2588190451025203,0.4338837391175582,-0.900968867902419,0
2018-12-20 19:15:00,5.29,0.0,-0.9469301294951056,0.3214394653031615,0.4338837391175582,-0.900968867902419,0
2018-12-20 19:30:00,4.18,0.0,-0.9238795325112866,0.38268343236509,0.4338837391175582,-0.900968867902419,0
2018-12-20 19:45:00,4.07,0.0,-0.8968727415326884,0.442288690219001,0.4338837391175582,-0.900968867902419,0
2018-12-20 20:00:00,4.1,0.0,-0.8660254037844386,0.5000000000000001,0.4338837391175582,-0.900968867902419,0
2018-12-20 20:15:00,4.07,0.0,-0.8314696123025455,0.5555702330196018,0.4338837391175582,-0.900968867902419,0
2018-12-20 20:30:00,4.18,0.0,-0.7933533402912352,0.6087614290087205,0.4338837391175582,-0.900968867902419,0
2018-12-20 20:45:00,4.1,0.0,-0.7518398074789772,0.6593458151000691,0.4338837391175582,-0.900968867902419,0
2018-12-20 21:00:00,4.1,0.0,-0.7071067811865477,0.7071067811865474,0.4338837391175582,-0.900968867902419,0
2018-12-20 21:15:00,4.14,0.0,-0.6593458151000694,0.7518398074789769,0.4338837391175582,-0.900968867902419,0
2018-12-20 21:30:00,4.14,0.0,-0.608761429008721,0.7933533402912349,0.4338837391175582,-0.900968867902419,0
2018-12-20 21:45:00,4.21,0.0,-0.5555702330196022,0.8314696123025452,0.4338837391175582,-0.900968867902419,0
2018-12-20 22:00:00,4.18,0.0,-0.5000000000000004,0.8660254037844384,0.4338837391175582,-0.900968867902419,0
2018-12-20 22:15:00,3.85,2.88,-0.4422886902190014,0.8968727415326883,0.4338837391175582,-0.900968867902419,0
2018-12-20 22:30:00,3.85,3.02,-0.3826834323650904,0.9238795325112864,0.4338837391175582,-0.900968867902419,0
2018-12-20 22:45:00,4.64,2.95,-0.3214394653031618,0.9469301294951056,0.4338837391175582,-0.900968867902419,0
2018-12-20 23:00:00,5.04,2.63,-0.2588190451025207,0.9659258262890684,0.4338837391175582,-0.900968867902419,0
2018-12-20 23:15:00,4.07,2.63,-0.1950903220161287,0.9807852804032304,0.4338837391175582,-0.900968867902419,0
2018-12-20 23:30:00,3.82,2.48,-0.1305261922200516,0.9914448613738104,0.4338837391175582,-0.900968867902419,0
2018-12-20 23:45:00,3.85,2.59,-0.0654031292301428,0.9978589232386036,0.4338837391175582,-0.900968867902419,0
2018-12-21 00:00:00,3.92,2.74,0.0,1.0,-0.433883739117558,-0.9009688679024191,0
2018-12-21 00:15:00,3.89,2.92,0.065403129230143,0.9978589232386036,-0.433883739117558,-0.9009688679024191,0
2018-12-21 00:30:00,3.85,3.06,0.1305261922200515,0.9914448613738104,-0.433883739117558,-0.9009688679024191,0
2018-12-21 00:45:00,3.89,2.99,0.1950903220161282,0.9807852804032304,-0.433883739117558,-0.9009688679024191,0
2018-12-21 01:00:00,3.89,3.06,0.2588190451025207,0.9659258262890684,-0.433883739117558,-0.9009688679024191,0
2018-12-21 01:15:00,3.96,3.13,0.3214394653031616,0.9469301294951056,-0.433883739117558,-0.9009688679024191,0
2018-12-21 01:30:00,3.89,3.1,0.3826834323650898,0.9238795325112868,-0.433883739117558,-0.9009688679024191,0
2018-12-21 01:45:00,3.89,3.24,0.4422886902190013,0.8968727415326883,-0.433883739117558,-0.9009688679024191,0
2018-12-21 02:00:00,3.89,3.17,0.4999999999999999,0.8660254037844387,-0.433883739117558,-0.9009688679024191,0
2018-12-21 02:15:00,3.92,3.17,0.5555702330196022,0.8314696123025452,-0.433883739117558,-0.9009688679024191,0
2018-12-21 02:30:00,3.92,3.24,0.6087614290087207,0.7933533402912352,-0.433883739117558,-0.9009688679024191,0
2018-12-21 02:45:00,3.92,3.31,0.6593458151000688,0.7518398074789774,-0.433883739117558,-0.9009688679024191,0
2018-12-21 03:00:00,3.96,3.49,0.7071067811865476,0.7071067811865476,-0.433883739117558,-0.9009688679024191,0
2018-12-21 03:15:00,4.79,3.42,0.7518398074789773,0.659345815100069,-0.433883739117558,-0.9009688679024191,0
2018-12-21 03:30:00,4.5,3.46,0.7933533402912352,0.6087614290087207,-0.433883739117558,-0.9009688679024191,0
2018-12-21 03:45:00,3.24,2.34,0.8314696123025452,0.5555702330196023,-0.433883739117558,-0.9009688679024191,0
2018-12-21 04:00:00,3.28,2.41,0.8660254037844386,0.5000000000000001,-0.433883739117558,-0.9009688679024191,0
2018-12-21 04:15:00,3.24,2.45,0.8968727415326884,0.4422886902190012,-0.433883739117558,-0.9009688679024191,0
2018-12-21 04:30:00,3.24,2.45,0.9238795325112868,0.3826834323650898,-0.433883739117558,-0.9009688679024191,0
2018-12-21 04:45:00,3.28,2.41,0.9469301294951056,0.3214394653031617,-0.433883739117558,-0.9009688679024191,0
2018-12-21 05:00:00,3.28,2.41,0.9659258262890684,0.2588190451025207,-0.433883739117558,-0.9009688679024191,0
2018-12-21 05:15:00,3.28,2.34,0.9807852804032304,0.1950903220161283,-0.433883739117558,-0.9009688679024191,0
2018-12-21 05:30:00,3.2,2.3,0.9914448613738104,0.1305261922200517,-0.433883739117558,-0.9009688679024191,0
2018-12-21 05:45:00,3.24,2.34,0.9978589232386036,0.065403129230143,-0.433883739117558,-0.9009688679024191,0
2018-12-21 06:00:00,3.2,2.27,1.0,6.123233995736766e-17,-0.433883739117558,-0.9009688679024191,0
2018-12-21 06:15:00,3.67,2.92,0.9978589232386036,-0.0654031292301431,-0.433883739117558,-0.9009688679024191,0
2018-12-21 06:30:00,3.96,3.35,0.9914448613738104,-0.1305261922200513,-0.433883739117558,-0.9009688679024191,0
2018-12-21 06:45:00,3.92,3.46,0.9807852804032304,-0.1950903220161282,-0.433883739117558,-0.9009688679024191,0
2018-12-21 07:00:00,3.89,3.49,0.9659258262890684,-0.2588190451025208,-0.433883739117558,-0.9009688679024191,0
2018-12-21 07:15:00,3.67,2.88,0.9469301294951056,-0.3214394653031613,-0.433883739117558,-0.9009688679024191,0
2018-12-21 07:30:00,3.17,2.12,0.9238795325112868,-0.3826834323650897,-0.433883739117558,-0.9009688679024191,0
2018-12-21 07:45:00,5.44,2.52,0.8968727415326884,-0.4422886902190011,-0.433883739117558,-0.9009688679024191,0
2018-12-21 08:00:00,6.77,2.48,0.8660254037844387,-0.4999999999999998,-0.433883739117558,-0.9009688679024191,0
2018-12-21 08:15:00,28.8,18.68,0.8314696123025453,-0.555570233019602,-0.433883739117558,-0.9009688679024191,0
2018-12-21 08:30:00,54.22,39.56,0.7933533402912352,-0.6087614290087207,-0.433883739117558,-0.9009688679024191,0
2018-12-21 08:45:00,56.41,33.26,0.7518398074789774,-0.6593458151000688,-0.433883739117558,-0.9009688679024191,0
2018-12-21 09:00:00,56.74,20.77,0.7071067811865476,-0.7071067811865475,-0.433883739117558,-0.9009688679024191,0
2018-12-21 09:15:00,43.78,4.03,0.659345815100069,-0.7518398074789773,-0.433883739117558,-0.9009688679024191,0
2018-12-21 09:30:00,47.52,9.76,0.6087614290087209,-0.793353340291235,-0.433883739117558,-0.9009688679024191,0
2018-12-21 09:45:00,56.2,21.96,0.5555702330196022,-0.8314696123025453,-0.433883739117558,-0.9009688679024191,0
2018-12-21 10:00:00,51.59,13.64,0.4999999999999999,-0.8660254037844387,-0.433883739117558,-0.9009688679024191,0
2018-12-21 10:15:00,66.64,28.3,0.4422886902190013,-0.8968727415326883,-0.433883739117558,-0.9009688679024191,0
2018-12-21 10:30:00,53.14,17.17,0.3826834323650899,-0.9238795325112868,-0.433883739117558,-0.9009688679024191,0
2018-12-21 10:45:00,58.54,22.82,0.3214394653031617,-0.9469301294951056,-0.433883739117558,-0.9009688679024191,0
2018-12-21 11:00:00,73.12,37.01,0.258819045102521,-0.9659258262890682,-0.433883739117558,-0.9009688679024191,0
2018-12-21 11:15:00,67.79,32.72,0.1950903220161286,-0.9807852804032304,-0.433883739117558,-0.9009688679024191,0
2018-12-21 11:30:00,65.59,30.49,0.1305261922200515,-0.9914448613738104,-0.433883739117558,-0.9009688679024191,0
2018-12-21 11:45:00,57.85,23.98,0.0654031292301431,-0.9978589232386036,-0.433883739117558,-0.9009688679024191,0
2018-12-21 12:00:00,58.9,27.86,1.2246467991473532e-16,-1.0,-0.433883739117558,-0.9009688679024191,0
2018-12-21 12:15:00,7.42,0.0,-0.0654031292301428,-0.9978589232386036,-0.433883739117558,-0.9009688679024191,0
2018-12-21 12:30:00,8.35,0.0,-0.1305261922200517,-0.9914448613738104,-0.433883739117558,-0.9009688679024191,0
2018-12-21 12:45:00,7.67,0.0,-0.1950903220161283,-0.9807852804032304,-0.433883739117558,-0.9009688679024191,0
2018-12-21 13:00:00,7.2,0.0,-0.2588190451025203,-0.9659258262890684,-0.433883739117558,-0.9009688679024191,0
2018-12-21 13:15:00,39.74,13.36,-0.3214394653031615,-0.9469301294951056,-0.433883739117558,-0.9009688679024191,0
2018-12-21 13:30:00,58.03,26.28,-0.3826834323650896,-0.9238795325112868,-0.433883739117558,-0.9009688679024191,0
2018-12-21 13:45:00,63.97,32.33,-0.4422886902190011,-0.8968727415326884,-0.433883739117558,-0.9009688679024191,0
2018-12-21 14:00:00,56.34,25.16,-0.5000000000000001,-0.8660254037844386,-0.433883739117558,-0.9009688679024191,0
2018-12-21 14:15:00,69.62,31.9,-0.555570233019602,-0.8314696123025455,-0.433883739117558,-0.9009688679024191,0
2018-12-21 14:30:00,60.34,26.5,-0.6087614290087203,-0.7933533402912354,-0.433883739117558,-0.9009688679024191,0
2018-12-21 14:45:00,57.74,25.31,-0.6593458151000688,-0.7518398074789774,-0.433883739117558,-0.9009688679024191,0
2018-12-21 15:00:00,68.04,34.45,-0.7071067811865475,-0.7071067811865477,-0.433883739117558,-0.9009688679024191,0
2018-12-21 15:15:00,67.68,33.34,-0.7518398074789773,-0.6593458151000691,-0.433883739117558,-0.9009688679024191,0
2018-12-21 15:30:00,58.32,23.65,-0.7933533402912349,-0.6087614290087209,-0.433883739117558,-0.9009688679024191,0
2018-12-21 15:45:00,65.48,31.43,-0.8314696123025452,-0.5555702330196022,-0.433883739117558,-0.9009688679024191,0
2018-12-21 16:00:00,63.0,31.64,-0.8660254037844385,-0.5000000000000004,-0.433883739117558,-0.9009688679024191,0
2018-12-21 16:15:00,69.73,34.34,-0.8968727415326883,-0.4422886902190013,-0.433883739117558,-0.9009688679024191,0
2018-12-21 16:30:00,59.69,21.2,-0.9238795325112864,-0.3826834323650903,-0.433883739117558,-0.9009688679024191,0
2018-12-21 16:45:00,63.32,24.12,-0.9469301294951056,-0.3214394653031618,-0.433883739117558,-0.9009688679024191,0
2018-12-21 17:00:00,62.32,24.55,-0.9659258262890684,-0.2588190451025206,-0.433883739117558,-0.9009688679024191,0
2018-12-21 17:15:00,52.78,18.86,-0.9807852804032304,-0.1950903220161286,-0.433883739117558,-0.9009688679024191,0
2018-12-21 17:30:00,45.86,10.55,-0.9914448613738104,-0.1305261922200516,-0.433883739117558,-0.9009688679024191,0
2018-12-21 17:45:00,30.78,2.63,-0.9978589232386036,-0.0654031292301427,-0.433883739117558,-0.9009688679024191,0
2018-12-21 18:00:00,8.21,0.0,-1.0,-1.8369701987210294e-16,-0.433883739117558,-0.9009688679024191,0
2018-12-21 18:15:00,5.51,0.0,-0.9978589232386036,0.0654031292301423,-0.433883739117558,-0.9009688679024191,0
2018-12-21 18:30:00,5.4,0.0,-0.9914448613738104,0.1305261922200512,-0.433883739117558,-0.9009688679024191,0
2018-12-21 18:45:00,5.62,0.0,-0.9807852804032304,0.1950903220161283,-0.433883739117558,-0.9009688679024191,0
2018-12-21 19:00:00,5.54,0.0,-0.9659258262890684,0.2588190451025203,-0.433883739117558,-0.9009688679024191,0
2018-12-21 19:15:00,5.54,0.0,-0.9469301294951056,0.3214394653031615,-0.433883739117558,-0.9009688679024191,0
2018-12-21 19:30:00,5.51,0.0,-0.9238795325112866,0.38268343236509,-0.433883739117558,-0.9009688679024191,0
2018-12-21 19:45:00,5.47,0.0,-0.8968727415326884,0.442288690219001,-0.433883739117558,-0.9009688679024191,0
2018-12-21 20:00:00,5.54,0.0,-0.8660254037844386,0.5000000000000001,-0.433883739117558,-0.9009688679024191,0
2018-12-21 20:15:00,5.47,0.0,-0.8314696123025455,0.5555702330196018,-0.433883739117558,-0.9009688679024191,0
2018-12-21 20:30:00,5.44,0.0,-0.7933533402912352,0.6087614290087205,-0.433883739117558,-0.9009688679024191,0
2018-12-21 20:45:00,5.47,0.0,-0.7518398074789772,0.6593458151000691,-0.433883739117558,-0.9009688679024191,0
2018-12-21 21:00:00,5.44,0.0,-0.7071067811865477,0.7071067811865474,-0.433883739117558,-0.9009688679024191,0
2018-12-21 21:15:00,5.54,0.0,-0.6593458151000694,0.7518398074789769,-0.433883739117558,-0.9009688679024191,0
2018-12-21 21:30:00,5.4,0.0,-0.608761429008721,0.7933533402912349,-0.433883739117558,-0.9009688679024191,0
2018-12-21 21:45:00,5.44,0.0,-0.5555702330196022,0.8314696123025452,-0.433883739117558,-0.9009688679024191,0
2018-12-21 22:00:00,5.44,0.0,-0.5000000000000004,0.8660254037844384,-0.433883739117558,-0.9009688679024191,0
2018-12-21 22:15:00,5.18,3.2,-0.4422886902190014,0.8968727415326883,-0.433883739117558,-0.9009688679024191,0
2018-12-21 22:30:00,5.26,3.31,-0.3826834323650904,0.9238795325112864,-0.433883739117558,-0.9009688679024191,0
2018-12-21 22:45:00,5.15,3.06,-0.3214394653031618,0.9469301294951056,-0.433883739117558,-0.9009688679024191,0
2018-12-21 23:00:00,5.15,3.02,-0.2588190451025207,0.9659258262890684,-0.433883739117558,-0.9009688679024191,0
2018-12-21 23:15:00,5.11,2.52,-0.1950903220161287,0.9807852804032304,-0.433883739117558,-0.9009688679024191,0
2018-12-21 23:30:00,4.57,2.38,-0.1305261922200516,0.9914448613738104,-0.433883739117558,-0.9009688679024191,0
2018-12-21 23:45:00,4.0,2.63,-0.0654031292301428,0.9978589232386036,-0.433883739117558,-0.9009688679024191,0
2018-12-22 00:00:00,3.31,2.16,0.0,1.0,-0.9749279121818236,-0.2225209339563146,1
2018-12-22 00:15:00,4.0,2.88,0.065403129230143,0.9978589232386036,-0.9749279121818236,-0.2225209339563146,1
2018-12-22 00:30:00,4.0,3.13,0.1305261922200515,0.9914448613738104,-0.9749279121818236,-0.2225209339563146,1
2018-12-22 00:45:00,4.0,3.13,0.1950903220161282,0.9807852804032304,-0.9749279121818236,-0.2225209339563146,1
2018-12-22 01:00:00,4.1,3.2,0.2588190451025207,0.9659258262890684,-0.9749279121818236,-0.2225209339563146,1
2018-12-22 01:15:00,3.96,3.06,0.3214394653031616,0.9469301294951056,-0.9749279121818236,-0.2225209339563146,1
2018-12-22 01:30:00,4.03,3.2,0.3826834323650898,0.9238795325112868,-0.9749279121818236,-0.2225209339563146,1
2018-12-22 01:45:00,4.03,3.17,0.4422886902190013,0.8968727415326883,-0.9749279121818236,-0.2225209339563146,1
2018-12-22 02:00:00,3.96,3.17,0.4999999999999999,0.8660254037844387,-0.9749279121818236,-0.2225209339563146,1
2018-12-22 02:15:00,4.07,3.13,0.5555702330196022,0.8314696123025452,-0.9749279121818236,-0.2225209339563146,1
2018-12-22 02:30:00,4.07,3.24,0.6087614290087207,0.7933533402912352,-0.9749279121818236,-0.2225209339563146,1
2018-12-22 02:45:00,3.67,2.84,0.6593458151000688,0.7518398074789774,-0.9749279121818236,-0.2225209339563146,1
2018-12-22 03:00:00,3.31,2.27,0.7071067811865476,0.7071067811865476,-0.9749279121818236,-0.2225209339563146,1
2018-12-22 03:15:00,3.82,2.84,0.7518398074789773,0.659345815100069,-0.9749279121818236,-0.2225209339563146,1
2018-12-22 03:30:00,4.07,3.24,0.7933533402912352,0.6087614290087207,-0.9749279121818236,-0.2225209339563146,1
2018-12-22 03:45:00,3.42,2.41,0.8314696123025452,0.5555702330196023,-0.9749279121818236,-0.2225209339563146,1
2018-12-22 04:00:00,3.38,2.41,0.8660254037844386,0.5000000000000001,-0.9749279121818236,-0.2225209339563146,1
2018-12-22 04:15:00,3.31,2.34,0.8968727415326884,0.4422886902190012,-0.9749279121818236,-0.2225209339563146,1
2018-12-22 04:30:00,3.38,2.3,0.9238795325112868,0.3826834323650898,-0.9749279121818236,-0.2225209339563146,1
2018-12-22 04:45:00,3.35,2.34,0.9469301294951056,0.3214394653031617,-0.9749279121818236,-0.2225209339563146,1
2018-12-22 05:00:00,3.38,2.41,0.9659258262890684,0.2588190451025207,-0.9749279121818236,-0.2225209339563146,1
2018-12-22 05:15:00,3.42,2.41,0.9807852804032304,0.1950903220161283,-0.9749279121818236,-0.2225209339563146,1
2018-12-22 05:30:00,3.96,3.31,0.9914448613738104,0.1305261922200517,-0.9749279121818236,-0.2225209339563146,1
2018-12-22 05:45:00,4.07,3.38,0.9978589232386036,0.065403129230143,-0.9749279121818236,-0.2225209339563146,1
2018-12-22 06:00:00,4.07,3.49,1.0,6.123233995736766e-17,-0.9749279121818236,-0.2225209339563146,1
2018-12-22 06:15:00,4.0,3.24,0.9978589232386036,-0.0654031292301431,-0.9749279121818236,-0.2225209339563146,1
2018-12-22 06:30:00,3.38,2.52,0.9914448613738104,-0.1305261922200513,-0.9749279121818236,-0.2225209339563146,1
2018-12-22 06:45:00,3.35,2.52,0.9807852804032304,-0.1950903220161282,-0.9749279121818236,-0.2225209339563146,1
2018-12-22 07:00:00,3.35,2.63,0.9659258262890684,-0.2588190451025208,-0.9749279121818236,-0.2225209339563146,1
2018-12-22 07:15:00,3.31,2.45,0.9469301294951056,-0.3214394653031613,-0.9749279121818236,-0.2225209339563146,1
2018-12-22 07:30:00,3.85,3.31,0.9238795325112868,-0.3826834323650897,-0.9749279121818236,-0.2225209339563146,1
2018-12-22 07:45:00,4.03,3.53,0.8968727415326884,-0.4422886902190011,-0.9749279121818236,-0.2225209339563146,1
2018-12-22 08:00:00,3.35,2.34,0.8660254037844387,-0.4999999999999998,-0.9749279121818236,-0.2225209339563146,1
2018-12-22 08:15:00,3.31,2.16,0.8314696123025453,-0.555570233019602,-0.9749279121818236,-0.2225209339563146,1
2018-12-22 08:30:00,3.24,2.16,0.7933533402912352,-0.6087614290087207,-0.9749279121818236,-0.2225209339563146,1
2018-12-22 08:45:00,3.38,0.9,0.7518398074789774,-0.6593458151000688,-0.9749279121818236,-0.2225209339563146,1
2018-12-22 09:00:00,3.82,0.0,0.7071067811865476,-0.7071067811865475,-0.9749279121818236,-0.2225209339563146,1
2018-12-22 09:15:00,4.28,0.0,0.659345815100069,-0.7518398074789773,-0.9749279121818236,-0.2225209339563146,1
2018-12-22 09:30:00,4.28,0.0,0.6087614290087209,-0.793353340291235,-0.9749279121818236,-0.2225209339563146,1
2018-12-22 09:45:00,4.32,0.0,0.5555702330196022,-0.8314696123025453,-0.9749279121818236,-0.2225209339563146,1
2018-12-22 10:00:00,4.21,0.0,0.4999999999999999,-0.8660254037844387,-0.9749279121818236,-0.2225209339563146,1
2018-12-22 10:15:00,3.6,0.0,0.4422886902190013,-0.8968727415326883,-0.9749279121818236,-0.2225209339563146,1
2018-12-22 10:30:00,3.6,0.0,0.3826834323650899,-0.9238795325112868,-0.9749279121818236,-0.2225209339563146,1
2018-12-22 10:45:00,3.6,0.0,0.3214394653031617,-0.9469301294951056,-0.9749279121818236,-0.2225209339563146,1
2018-12-22 11:00:00,3.6,0.0,0.258819045102521,-0.9659258262890682,-0.9749279121818236,-0.2225209339563146,1
2018-12-22 11:15:00,3.6,0.0,0.1950903220161286,-0.9807852804032304,-0.9749279121818236,-0.2225209339563146,1
2018-12-22 11:30:00,3.6,0.0,0.1305261922200515,-0.9914448613738104,-0.9749279121818236,-0.2225209339563146,1
2018-12-22 11:45:00,3.6,0.0,0.0654031292301431,-0.9978589232386036,-0.9749279121818236,-0.2225209339563146,1
2018-12-22 12:00:00,3.6,0.0,1.2246467991473532e-16,-1.0,-0.9749279121818236,-0.2225209339563146,1
2018-12-22 12:15:00,3.71,0.0,-0.0654031292301428,-0.9978589232386036,-0.9749279121818236,-0.2225209339563146,1
2018-12-22 12:30:00,4.39,0.0,-0.1305261922200517,-0.9914448613738104,-0.9749279121818236,-0.2225209339563146,1
2018-12-22 12:45:00,4.1,0.0,-0.1950903220161283,-0.9807852804032304,-0.9749279121818236,-0.2225209339563146,1
2018-12-22 13:00:00,3.71,0.0,-0.2588190451025203,-0.9659258262890684,-0.9749279121818236,-0.2225209339563146,1
2018-12-22 13:15:00,4.28,0.0,-0.3214394653031615,-0.9469301294951056,-0.9749279121818236,-0.2225209339563146,1
2018-12-22 13:30:00,4.25,0.0,-0.3826834323650896,-0.9238795325112868,-0.9749279121818236,-0.2225209339563146,1
2018-12-22 13:45:00,4.25,0.0,-0.4422886902190011,-0.8968727415326884,-0.9749279121818236,-0.2225209339563146,1
2018-12-22 14:00:00,4.21,0.0,-0.5000000000000001,-0.8660254037844386,-0.9749279121818236,-0.2225209339563146,1
2018-12-22 14:15:00,3.67,0.0,-0.555570233019602,-0.8314696123025455,-0.9749279121818236,-0.2225209339563146,1
2018-12-22 14:30:00,3.46,0.0,-0.6087614290087203,-0.7933533402912354,-0.9749279121818236,-0.2225209339563146,1
2018-12-22 14:45:00,3.49,0.0,-0.6593458151000688,-0.7518398074789774,-0.9749279121818236,-0.2225209339563146,1
2018-12-22 15:00:00,3.53,0.0,-0.7071067811865475,-0.7071067811865477,-0.9749279121818236,-0.2225209339563146,1
2018-12-22 15:15:00,3.56,0.0,-0.7518398074789773,-0.6593458151000691,-0.9749279121818236,-0.2225209339563146,1
2018-12-22 15:30:00,3.53,0.0,-0.7933533402912349,-0.6087614290087209,-0.9749279121818236,-0.2225209339563146,1
2018-12-22 15:45:00,3.56,0.0,-0.8314696123025452,-0.5555702330196022,-0.9749279121818236,-0.2225209339563146,1
2018-12-22 16:00:00,3.56,0.0,-0.8660254037844385,-0.5000000000000004,-0.9749279121818236,-0.2225209339563146,1
2018-12-22 16:15:00,3.49,0.0,-0.8968727415326883,-0.4422886902190013,-0.9749279121818236,-0.2225209339563146,1
2018-12-22 16:30:00,3.53,0.0,-0.9238795325112864,-0.3826834323650903,-0.9749279121818236,-0.2225209339563146,1
2018-12-22 16:45:00,3.56,0.0,-0.9469301294951056,-0.3214394653031618,-0.9749279121818236,-0.2225209339563146,1
2018-12-22 17:00:00,4.68,0.0,-0.9659258262890684,-0.2588190451025206,-0.9749279121818236,-0.2225209339563146,1
2018-12-22 17:15:00,5.44,0.0,-0.9807852804032304,-0.1950903220161286,-0.9749279121818236,-0.2225209339563146,1
2018-12-22 17:30:00,4.46,0.0,-0.9914448613738104,-0.1305261922200516,-0.9749279121818236,-0.2225209339563146,1
2018-12-22 17:45:00,4.28,0.0,-0.9978589232386036,-0.0654031292301427,-0.9749279121818236,-0.2225209339563146,1
2018-12-22 18:00:00,4.07,0.0,-1.0,-1.8369701987210294e-16,-0.9749279121818236,-0.2225209339563146,1
2018-12-22 18:15:00,3.6,0.0,-0.9978589232386036,0.0654031292301423,-0.9749279121818236,-0.2225209339563146,1
2018-12-22 18:30:00,3.67,0.0,-0.9914448613738104,0.1305261922200512,-0.9749279121818236,-0.2225209339563146,1
2018-12-22 18:45:00,3.67,0.0,-0.9807852804032304,0.1950903220161283,-0.9749279121818236,-0.2225209339563146,1
2018-12-22 19:00:00,3.71,0.0,-0.9659258262890684,0.2588190451025203,-0.9749279121818236,-0.2225209339563146,1
2018-12-22 19:15:00,3.74,0.0,-0.9469301294951056,0.3214394653031615,-0.9749279121818236,-0.2225209339563146,1
2018-12-22 19:30:00,3.71,0.0,-0.9238795325112866,0.38268343236509,-0.9749279121818236,-0.2225209339563146,1
2018-12-22 19:45:00,3.74,0.0,-0.8968727415326884,0.442288690219001,-0.9749279121818236,-0.2225209339563146,1
2018-12-22 20:00:00,3.67,0.0,-0.8660254037844386,0.5000000000000001,-0.9749279121818236,-0.2225209339563146,1
2018-12-22 20:15:00,3.67,0.0,-0.8314696123025455,0.5555702330196018,-0.9749279121818236,-0.2225209339563146,1
2018-12-22 20:30:00,3.67,0.0,-0.7933533402912352,0.6087614290087205,-0.9749279121818236,-0.2225209339563146,1
2018-12-22 20:45:00,3.67,0.0,-0.7518398074789772,0.6593458151000691,-0.9749279121818236,-0.2225209339563146,1
2018-12-22 21:00:00,4.18,0.0,-0.7071067811865477,0.7071067811865474,-0.9749279121818236,-0.2225209339563146,1
2018-12-22 21:15:00,4.61,0.0,-0.6593458151000694,0.7518398074789769,-0.9749279121818236,-0.2225209339563146,1
2018-12-22 21:30:00,5.51,0.0,-0.608761429008721,0.7933533402912349,-0.9749279121818236,-0.2225209339563146,1
2018-12-22 21:45:00,4.43,0.0,-0.5555702330196022,0.8314696123025452,-0.9749279121818236,-0.2225209339563146,1
2018-12-22 22:00:00,4.1,0.0,-0.5000000000000004,0.8660254037844384,-0.9749279121818236,-0.2225209339563146,1
2018-12-22 22:15:00,3.46,2.3,-0.4422886902190014,0.8968727415326883,-0.9749279121818236,-0.2225209339563146,1
2018-12-22 22:30:00,3.38,2.52,-0.3826834323650904,0.9238795325112864,-0.9749279121818236,-0.2225209339563146,1
2018-12-22 22:45:00,3.42,2.52,-0.3214394653031618,0.9469301294951056,-0.9749279121818236,-0.2225209339563146,1
2018-12-22 23:00:00,3.38,2.52,-0.2588190451025207,0.9659258262890684,-0.9749279121818236,-0.2225209339563146,1
2018-12-22 23:15:00,3.35,2.3,-0.1950903220161287,0.9807852804032304,-0.9749279121818236,-0.2225209339563146,1
2018-12-22 23:30:00,3.31,2.12,-0.1305261922200516,0.9914448613738104,-0.9749279121818236,-0.2225209339563146,1
2018-12-22 23:45:00,3.31,2.12,-0.0654031292301428,0.9978589232386036,-0.9749279121818236,-0.2225209339563146,1
2018-12-23 00:00:00,3.78,2.77,0.0,1.0,-0.7818314824680299,0.6234898018587334,1
2018-12-23 00:15:00,3.31,2.23,0.065403129230143,0.9978589232386036,-0.7818314824680299,0.6234898018587334,1
2018-12-23 00:30:00,3.35,2.38,0.1305261922200515,0.9914448613738104,-0.7818314824680299,0.6234898018587334,1
2018-12-23 00:45:00,3.42,2.56,0.1950903220161282,0.9807852804032304,-0.7818314824680299,0.6234898018587334,1
2018-12-23 01:00:00,4.93,3.71,0.2588190451025207,0.9659258262890684,-0.7818314824680299,0.6234898018587334,1
2018-12-23 01:15:00,4.93,3.85,0.3214394653031616,0.9469301294951056,-0.7818314824680299,0.6234898018587334,1
2018-12-23 01:30:00,4.14,4.0,0.3826834323650898,0.9238795325112868,-0.7818314824680299,0.6234898018587334,1
2018-12-23 01:45:00,4.07,4.1,0.4422886902190013,0.8968727415326883,-0.7818314824680299,0.6234898018587334,1
2018-12-23 02:00:00,3.49,2.95,0.4999999999999999,0.8660254037844387,-0.7818314824680299,0.6234898018587334,1
2018-12-23 02:15:00,3.46,2.74,0.5555702330196022,0.8314696123025452,-0.7818314824680299,0.6234898018587334,1
2018-12-23 02:30:00,3.49,2.74,0.6087614290087207,0.7933533402912352,-0.7818314824680299,0.6234898018587334,1
2018-12-23 02:45:00,3.42,2.77,0.6593458151000688,0.7518398074789774,-0.7818314824680299,0.6234898018587334,1
2018-12-23 03:00:00,3.42,2.99,0.7071067811865476,0.7071067811865476,-0.7818314824680299,0.6234898018587334,1
2018-12-23 03:15:00,3.46,2.99,0.7518398074789773,0.659345815100069,-0.7818314824680299,0.6234898018587334,1
2018-12-23 03:30:00,3.42,2.95,0.7933533402912352,0.6087614290087207,-0.7818314824680299,0.6234898018587334,1
2018-12-23 03:45:00,3.53,2.88,0.8314696123025452,0.5555702330196023,-0.7818314824680299,0.6234898018587334,1
2018-12-23 04:00:00,3.46,2.84,0.8660254037844386,0.5000000000000001,-0.7818314824680299,0.6234898018587334,1
2018-12-23 04:15:00,3.42,2.92,0.8968727415326884,0.4422886902190012,-0.7818314824680299,0.6234898018587334,1
2018-12-23 04:30:00,3.6,3.2,0.9238795325112868,0.3826834323650898,-0.7818314824680299,0.6234898018587334,1
2018-12-23 04:45:00,4.14,4.03,0.9469301294951056,0.3214394653031617,-0.7818314824680299,0.6234898018587334,1
2018-12-23 05:00:00,5.18,4.0,0.9659258262890684,0.2588190451025207,-0.7818314824680299,0.6234898018587334,1
2018-12-23 05:15:00,4.64,3.82,0.9807852804032304,0.1950903220161283,-0.7818314824680299,0.6234898018587334,1
2018-12-23 05:30:00,4.1,3.78,0.9914448613738104,0.1305261922200517,-0.7818314824680299,0.6234898018587334,1
2018-12-23 05:45:00,3.49,2.81,0.9978589232386036,0.065403129230143,-0.7818314824680299,0.6234898018587334,1
2018-12-23 06:00:00,3.38,2.48,1.0,6.123233995736766e-17,-0.7818314824680299,0.6234898018587334,1
2018-12-23 06:15:00,3.35,2.52,0.9978589232386036,-0.0654031292301431,-0.7818314824680299,0.6234898018587334,1
2018-12-23 06:30:00,3.46,2.56,0.9914448613738104,-0.1305261922200513,-0.7818314824680299,0.6234898018587334,1
2018-12-23 06:45:00,3.38,2.63,0.9807852804032304,-0.1950903220161282,-0.7818314824680299,0.6234898018587334,1
2018-12-23 07:00:00,3.38,2.84,0.9659258262890684,-0.2588190451025208,-0.7818314824680299,0.6234898018587334,1
2018-12-23 07:15:00,3.38,2.7,0.9469301294951056,-0.3214394653031613,-0.7818314824680299,0.6234898018587334,1
2018-12-23 07:30:00,3.38,2.84,0.9238795325112868,-0.3826834323650897,-0.7818314824680299,0.6234898018587334,1
2018-12-23 07:45:00,3.42,3.1,0.8968727415326884,-0.4422886902190011,-0.7818314824680299,0.6234898018587334,1
2018-12-23 08:00:00,3.49,2.99,0.8660254037844387,-0.4999999999999998,-0.7818314824680299,0.6234898018587334,1
2018-12-23 08:15:00,4.07,4.36,0.8314696123025453,-0.555570233019602,-0.7818314824680299,0.6234898018587334,1
2018-12-23 08:30:00,4.97,4.25,0.7933533402912352,-0.6087614290087207,-0.7818314824680299,0.6234898018587334,1
2018-12-23 08:45:00,4.82,1.73,0.7518398074789774,-0.6593458151000688,-0.7818314824680299,0.6234898018587334,1
2018-12-23 09:00:00,4.28,0.0,0.7071067811865476,-0.7071067811865475,-0.7818314824680299,0.6234898018587334,1
2018-12-23 09:15:00,3.92,0.0,0.659345815100069,-0.7518398074789773,-0.7818314824680299,0.6234898018587334,1
2018-12-23 09:30:00,3.71,0.0,0.6087614290087209,-0.793353340291235,-0.7818314824680299,0.6234898018587334,1
2018-12-23 09:45:00,3.64,0.0,0.5555702330196022,-0.8314696123025453,-0.7818314824680299,0.6234898018587334,1
2018-12-23 10:00:00,3.64,0.0,0.4999999999999999,-0.8660254037844387,-0.7818314824680299,0.6234898018587334,1
2018-12-23 10:15:00,3.67,0.0,0.4422886902190013,-0.8968727415326883,-0.7818314824680299,0.6234898018587334,1
2018-12-23 10:30:00,3.71,0.0,0.3826834323650899,-0.9238795325112868,-0.7818314824680299,0.6234898018587334,1
2018-12-23 10:45:00,3.71,0.0,0.3214394653031617,-0.9469301294951056,-0.7818314824680299,0.6234898018587334,1
2018-12-23 11:00:00,3.74,0.0,0.258819045102521,-0.9659258262890682,-0.7818314824680299,0.6234898018587334,1
2018-12-23 11:15:00,3.78,0.0,0.1950903220161286,-0.9807852804032304,-0.7818314824680299,0.6234898018587334,1
2018-12-23 11:30:00,3.71,0.0,0.1305261922200515,-0.9914448613738104,-0.7818314824680299,0.6234898018587334,1
2018-12-23 11:45:00,3.74,0.0,0.0654031292301431,-0.9978589232386036,-0.7818314824680299,0.6234898018587334,1
2018-12-23 12:00:00,3.96,0.0,1.2246467991473532e-16,-1.0,-0.7818314824680299,0.6234898018587334,1
2018-12-23 12:15:00,4.86,0.0,-0.0654031292301428,-0.9978589232386036,-0.7818314824680299,0.6234898018587334,1
2018-12-23 12:30:00,5.54,0.0,-0.1305261922200517,-0.9914448613738104,-0.7818314824680299,0.6234898018587334,1
2018-12-23 12:45:00,4.54,0.0,-0.1950903220161283,-0.9807852804032304,-0.7818314824680299,0.6234898018587334,1
2018-12-23 13:00:00,4.36,0.0,-0.2588190451025203,-0.9659258262890684,-0.7818314824680299,0.6234898018587334,1
2018-12-23 13:15:00,3.67,0.0,-0.3214394653031615,-0.9469301294951056,-0.7818314824680299,0.6234898018587334,1
2018-12-23 13:30:00,3.67,0.0,-0.3826834323650896,-0.9238795325112868,-0.7818314824680299,0.6234898018587334,1
2018-12-23 13:45:00,3.67,0.0,-0.4422886902190011,-0.8968727415326884,-0.7818314824680299,0.6234898018587334,1
2018-12-23 14:00:00,3.67,0.0,-0.5000000000000001,-0.8660254037844386,-0.7818314824680299,0.6234898018587334,1
2018-12-23 14:15:00,3.71,0.0,-0.555570233019602,-0.8314696123025455,-0.7818314824680299,0.6234898018587334,1
2018-12-23 14:30:00,3.67,0.0,-0.6087614290087203,-0.7933533402912354,-0.7818314824680299,0.6234898018587334,1
2018-12-23 14:45:00,3.67,0.0,-0.6593458151000688,-0.7518398074789774,-0.7818314824680299,0.6234898018587334,1
2018-12-23 15:00:00,3.67,0.0,-0.7071067811865475,-0.7071067811865477,-0.7818314824680299,0.6234898018587334,1
2018-12-23 15:15:00,3.64,0.0,-0.7518398074789773,-0.6593458151000691,-0.7818314824680299,0.6234898018587334,1
2018-12-23 15:30:00,3.67,0.0,-0.7933533402912349,-0.6087614290087209,-0.7818314824680299,0.6234898018587334,1
2018-12-23 15:45:00,3.74,0.0,-0.8314696123025452,-0.5555702330196022,-0.7818314824680299,0.6234898018587334,1
2018-12-23 16:00:00,4.36,0.0,-0.8660254037844385,-0.5000000000000004,-0.7818314824680299,0.6234898018587334,1
2018-12-23 16:15:00,4.36,0.0,-0.8968727415326883,-0.4422886902190013,-0.7818314824680299,0.6234898018587334,1
2018-12-23 16:30:00,5.0,0.0,-0.9238795325112864,-0.3826834323650903,-0.7818314824680299,0.6234898018587334,1
2018-12-23 16:45:00,5.33,0.0,-0.9469301294951056,-0.3214394653031618,-0.7818314824680299,0.6234898018587334,1
2018-12-23 17:00:00,3.6,0.0,-0.9659258262890684,-0.2588190451025206,-0.7818314824680299,0.6234898018587334,1
2018-12-23 17:15:00,3.56,0.0,-0.9807852804032304,-0.1950903220161286,-0.7818314824680299,0.6234898018587334,1
2018-12-23 17:30:00,3.6,0.0,-0.9914448613738104,-0.1305261922200516,-0.7818314824680299,0.6234898018587334,1
2018-12-23 17:45:00,3.67,0.0,-0.9978589232386036,-0.0654031292301427,-0.7818314824680299,0.6234898018587334,1
2018-12-23 18:00:00,3.49,0.0,-1.0,-1.8369701987210294e-16,-0.7818314824680299,0.6234898018587334,1
2018-12-23 18:15:00,3.49,0.0,-0.9978589232386036,0.0654031292301423,-0.7818314824680299,0.6234898018587334,1
2018-12-23 18:30:00,3.49,0.0,-0.9914448613738104,0.1305261922200512,-0.7818314824680299,0.6234898018587334,1
2018-12-23 18:45:00,3.64,0.0,-0.9807852804032304,0.1950903220161283,-0.7818314824680299,0.6234898018587334,1
2018-12-23 19:00:00,3.64,0.0,-0.9659258262890684,0.2588190451025203,-0.7818314824680299,0.6234898018587334,1
2018-12-23 19:15:00,4.03,0.0,-0.9469301294951056,0.3214394653031615,-0.7818314824680299,0.6234898018587334,1
2018-12-23 19:30:00,4.25,0.0,-0.9238795325112866,0.38268343236509,-0.7818314824680299,0.6234898018587334,1
2018-12-23 19:45:00,4.28,0.0,-0.8968727415326884,0.442288690219001,-0.7818314824680299,0.6234898018587334,1
2018-12-23 20:00:00,4.25,0.0,-0.8660254037844386,0.5000000000000001,-0.7818314824680299,0.6234898018587334,1
2018-12-23 20:15:00,4.0,0.0,-0.8314696123025455,0.5555702330196018,-0.7818314824680299,0.6234898018587334,1
2018-12-23 20:30:00,3.49,0.0,-0.7933533402912352,0.6087614290087205,-0.7818314824680299,0.6234898018587334,1
2018-12-23 20:45:00,4.21,0.0,-0.7518398074789772,0.6593458151000691,-0.7818314824680299,0.6234898018587334,1
2018-12-23 21:00:00,4.14,0.0,-0.7071067811865477,0.7071067811865474,-0.7818314824680299,0.6234898018587334,1
2018-12-23 21:15:00,3.49,0.0,-0.6593458151000694,0.7518398074789769,-0.7818314824680299,0.6234898018587334,1
2018-12-23 21:30:00,3.42,0.0,-0.608761429008721,0.7933533402912349,-0.7818314824680299,0.6234898018587334,1
2018-12-23 21:45:00,3.46,0.0,-0.5555702330196022,0.8314696123025452,-0.7818314824680299,0.6234898018587334,1
2018-12-23 22:00:00,3.53,0.0,-0.5000000000000004,0.8660254037844384,-0.7818314824680299,0.6234898018587334,1
2018-12-23 22:15:00,3.2,1.73,-0.4422886902190014,0.8968727415326883,-0.7818314824680299,0.6234898018587334,1
2018-12-23 22:30:00,3.2,1.73,-0.3826834323650904,0.9238795325112864,-0.7818314824680299,0.6234898018587334,1
2018-12-23 22:45:00,3.2,1.73,-0.3214394653031618,0.9469301294951056,-0.7818314824680299,0.6234898018587334,1
2018-12-23 23:00:00,3.96,2.16,-0.2588190451025207,0.9659258262890684,-0.7818314824680299,0.6234898018587334,1
2018-12-23 23:15:00,4.0,2.7,-0.1950903220161287,0.9807852804032304,-0.7818314824680299,0.6234898018587334,1
2018-12-23 23:30:00,4.0,2.74,-0.1305261922200516,0.9914448613738104,-0.7818314824680299,0.6234898018587334,1
2018-12-23 23:45:00,4.0,2.95,-0.0654031292301428,0.9978589232386036,-0.7818314824680299,0.6234898018587334,1
2018-12-24 00:00:00,3.78,2.59,0.0,1.0,0.0,1.0,0
2018-12-24 00:15:00,3.35,2.27,0.065403129230143,0.9978589232386036,0.0,1.0,0
2018-12-24 00:30:00,3.38,2.23,0.1305261922200515,0.9914448613738104,0.0,1.0,0
2018-12-24 00:45:00,3.38,2.34,0.1950903220161282,0.9807852804032304,0.0,1.0,0
2018-12-24 01:00:00,3.96,3.1,0.2588190451025207,0.9659258262890684,0.0,1.0,0
2018-12-24 01:15:00,3.89,3.02,0.3214394653031616,0.9469301294951056,0.0,1.0,0
2018-12-24 01:30:00,3.38,2.45,0.3826834323650898,0.9238795325112868,0.0,1.0,0
2018-12-24 01:45:00,3.35,2.45,0.4422886902190013,0.8968727415326883,0.0,1.0,0
2018-12-24 02:00:00,3.49,2.52,0.4999999999999999,0.8660254037844387,0.0,1.0,0
2018-12-24 02:15:00,3.38,2.52,0.5555702330196022,0.8314696123025452,0.0,1.0,0
2018-12-24 02:30:00,3.42,2.52,0.6087614290087207,0.7933533402912352,0.0,1.0,0
2018-12-24 02:45:00,4.0,3.49,0.6593458151000688,0.7518398074789774,0.0,1.0,0
2018-12-24 03:00:00,4.07,3.67,0.7071067811865476,0.7071067811865476,0.0,1.0,0
2018-12-24 03:15:00,4.14,3.56,0.7518398074789773,0.659345815100069,0.0,1.0,0
2018-12-24 03:30:00,4.1,3.46,0.7933533402912352,0.6087614290087207,0.0,1.0,0
2018-12-24 03:45:00,3.96,3.38,0.8314696123025452,0.5555702330196023,0.0,1.0,0
2018-12-24 04:00:00,3.35,2.38,0.8660254037844386,0.5000000000000001,0.0,1.0,0
2018-12-24 04:15:00,3.38,2.38,0.8968727415326884,0.4422886902190012,0.0,1.0,0
2018-12-24 04:30:00,3.64,2.63,0.9238795325112868,0.3826834323650898,0.0,1.0,0
2018-12-24 04:45:00,4.07,3.06,0.9469301294951056,0.3214394653031617,0.0,1.0,0
2018-12-24 05:00:00,3.42,2.3,0.9659258262890684,0.2588190451025207,0.0,1.0,0
2018-12-24 05:15:00,3.31,2.23,0.9807852804032304,0.1950903220161283,0.0,1.0,0
2018-12-24 05:30:00,3.35,2.23,0.9914448613738104,0.1305261922200517,0.0,1.0,0
2018-12-24 05:45:00,3.35,2.3,0.9978589232386036,0.065403129230143,0.0,1.0,0
2018-12-24 06:00:00,3.35,2.27,1.0,6.123233995736766e-17,0.0,1.0,0
2018-12-24 06:15:00,3.38,2.12,0.9978589232386036,-0.0654031292301431,0.0,1.0,0
2018-12-24 06:30:00,3.6,2.48,0.9914448613738104,-0.1305261922200513,0.0,1.0,0
2018-12-24 06:45:00,4.03,3.02,0.9807852804032304,-0.1950903220161282,0.0,1.0,0
2018-12-24 07:00:00,4.0,2.99,0.9659258262890684,-0.2588190451025208,0.0,1.0,0
2018-12-24 07:15:00,3.96,2.81,0.9469301294951056,-0.3214394653031613,0.0,1.0,0
2018-12-24 07:30:00,4.54,2.92,0.9238795325112868,-0.3826834323650897,0.0,1.0,0
2018-12-24 07:45:00,5.36,2.92,0.8968727415326884,-0.4422886902190011,0.0,1.0,0
2018-12-24 08:00:00,6.52,2.34,0.8660254037844387,-0.4999999999999998,0.0,1.0,0
2018-12-24 08:15:00,21.89,13.18,0.8314696123025453,-0.555570233019602,0.0,1.0,0
2018-12-24 08:30:00,59.62,40.03,0.7933533402912352,-0.6087614290087207,0.0,1.0,0
2018-12-24 08:45:00,64.58,38.7,0.7518398074789774,-0.6593458151000688,0.0,1.0,0
2018-12-24 09:00:00,67.18,22.86,0.7071067811865476,-0.7071067811865475,0.0,1.0,0
2018-12-24 09:15:00,69.44,26.17,0.659345815100069,-0.7518398074789773,0.0,1.0,0
2018-12-24 09:30:00,65.38,25.31,0.6087614290087209,-0.793353340291235,0.0,1.0,0
2018-12-24 09:45:00,67.0,31.14,0.5555702330196022,-0.8314696123025453,0.0,1.0,0
2018-12-24 10:00:00,56.27,19.51,0.4999999999999999,-0.8660254037844387,0.0,1.0,0
2018-12-24 10:15:00,54.18,19.8,0.4422886902190013,-0.8968727415326883,0.0,1.0,0
2018-12-24 10:30:00,58.39,26.35,0.3826834323650899,-0.9238795325112868,0.0,1.0,0
2018-12-24 10:45:00,54.86,20.3,0.3214394653031617,-0.9469301294951056,0.0,1.0,0
2018-12-24 11:00:00,54.18,22.61,0.258819045102521,-0.9659258262890682,0.0,1.0,0
2018-12-24 11:15:00,55.55,22.57,0.1950903220161286,-0.9807852804032304,0.0,1.0,0
2018-12-24 11:30:00,53.21,15.34,0.1305261922200515,-0.9914448613738104,0.0,1.0,0
2018-12-24 11:45:00,53.03,14.98,0.0654031292301431,-0.9978589232386036,0.0,1.0,0
2018-12-24 12:00:00,40.64,8.75,1.2246467991473532e-16,-1.0,0.0,1.0,0
2018-12-24 12:15:00,6.91,0.0,-0.0654031292301428,-0.9978589232386036,0.0,1.0,0
2018-12-24 12:30:00,6.91,0.0,-0.1305261922200517,-0.9914448613738104,0.0,1.0,0
2018-12-24 12:45:00,6.48,0.0,-0.1950903220161283,-0.9807852804032304,0.0,1.0,0
2018-12-24 13:00:00,6.12,0.0,-0.2588190451025203,-0.9659258262890684,0.0,1.0,0
2018-12-24 13:15:00,34.49,9.47,-0.3214394653031615,-0.9469301294951056,0.0,1.0,0
2018-12-24 13:30:00,46.98,11.23,-0.3826834323650896,-0.9238795325112868,0.0,1.0,0
2018-12-24 13:45:00,38.2,4.0,-0.4422886902190011,-0.8968727415326884,0.0,1.0,0
2018-12-24 14:00:00,37.84,3.49,-0.5000000000000001,-0.8660254037844386,0.0,1.0,0
2018-12-24 14:15:00,43.45,9.04,-0.555570233019602,-0.8314696123025455,0.0,1.0,0
2018-12-24 14:30:00,63.9,26.57,-0.6087614290087203,-0.7933533402912354,0.0,1.0,0
2018-12-24 14:45:00,38.48,4.25,-0.6593458151000688,-0.7518398074789774,0.0,1.0,0
2018-12-24 15:00:00,38.12,4.54,-0.7071067811865475,-0.7071067811865477,0.0,1.0,0
2018-12-24 15:15:00,45.25,9.43,-0.7518398074789773,-0.6593458151000691,0.0,1.0,0
2018-12-24 15:30:00,51.12,13.79,-0.7933533402912349,-0.6087614290087209,0.0,1.0,0
2018-12-24 15:45:00,45.72,10.98,-0.8314696123025452,-0.5555702330196022,0.0,1.0,0
2018-12-24 16:00:00,51.7,17.21,-0.8660254037844385,-0.5000000000000004,0.0,1.0,0
2018-12-24 16:15:00,47.2,9.14,-0.8968727415326883,-0.4422886902190013,0.0,1.0,0
2018-12-24 16:30:00,69.55,29.77,-0.9238795325112864,-0.3826834323650903,0.0,1.0,0
2018-12-24 16:45:00,44.82,9.72,-0.9469301294951056,-0.3214394653031618,0.0,1.0,0
2018-12-24 17:00:00,40.86,3.96,-0.9659258262890684,-0.2588190451025206,0.0,1.0,0
2018-12-24 17:15:00,33.66,1.87,-0.9807852804032304,-0.1950903220161286,0.0,1.0,0
2018-12-24 17:30:00,9.86,0.0,-0.9914448613738104,-0.1305261922200516,0.0,1.0,0
2018-12-24 17:45:00,6.73,0.0,-0.9978589232386036,-0.0654031292301427,0.0,1.0,0
2018-12-24 18:00:00,5.29,0.0,-1.0,-1.8369701987210294e-16,0.0,1.0,0
2018-12-24 18:15:00,5.22,0.0,-0.9978589232386036,0.0654031292301423,0.0,1.0,0
2018-12-24 18:30:00,5.18,0.0,-0.9914448613738104,0.1305261922200512,0.0,1.0,0
2018-12-24 18:45:00,5.33,0.0,-0.9807852804032304,0.1950903220161283,0.0,1.0,0
2018-12-24 19:00:00,5.04,0.0,-0.9659258262890684,0.2588190451025203,0.0,1.0,0
2018-12-24 19:15:00,4.14,0.0,-0.9469301294951056,0.3214394653031615,0.0,1.0,0
2018-12-24 19:30:00,4.18,0.0,-0.9238795325112866,0.38268343236509,0.0,1.0,0
2018-12-24 19:45:00,4.1,0.0,-0.8968727415326884,0.442288690219001,0.0,1.0,0
2018-12-24 20:00:00,4.18,0.0,-0.8660254037844386,0.5000000000000001,0.0,1.0,0
2018-12-24 20:15:00,4.1,0.0,-0.8314696123025455,0.5555702330196018,0.0,1.0,0
2018-12-24 20:30:00,4.14,0.0,-0.7933533402912352,0.6087614290087205,0.0,1.0,0
2018-12-24 20:45:00,4.21,0.0,-0.7518398074789772,0.6593458151000691,0.0,1.0,0
2018-12-24 21:00:00,4.18,0.0,-0.7071067811865477,0.7071067811865474,0.0,1.0,0
2018-12-24 21:15:00,4.18,0.0,-0.6593458151000694,0.7518398074789769,0.0,1.0,0
2018-12-24 21:30:00,4.14,0.0,-0.608761429008721,0.7933533402912349,0.0,1.0,0
2018-12-24 21:45:00,4.18,0.0,-0.5555702330196022,0.8314696123025452,0.0,1.0,0
2018-12-24 22:00:00,5.4,0.0,-0.5000000000000004,0.8660254037844384,0.0,1.0,0
2018-12-24 22:15:00,4.5,3.17,-0.4422886902190014,0.8968727415326883,0.0,1.0,0
2018-12-24 22:30:00,3.92,3.28,-0.3826834323650904,0.9238795325112864,0.0,1.0,0
2018-12-24 22:45:00,3.89,3.17,-0.3214394653031618,0.9469301294951056,0.0,1.0,0
2018-12-24 23:00:00,3.85,3.13,-0.2588190451025207,0.9659258262890684,0.0,1.0,0
2018-12-24 23:15:00,3.85,2.81,-0.1950903220161287,0.9807852804032304,0.0,1.0,0
2018-12-24 23:30:00,3.82,2.59,-0.1305261922200516,0.9914448613738104,0.0,1.0,0
2018-12-24 23:45:00,3.85,2.52,-0.0654031292301428,0.9978589232386036,0.0,1.0,0
2018-12-25 00:00:00,3.13,2.23,0.0,1.0,0.7818314824680298,0.6234898018587336,0
2018-12-25 00:15:00,3.85,2.74,0.065403129230143,0.9978589232386036,0.7818314824680298,0.6234898018587336,0
2018-12-25 00:30:00,3.92,2.84,0.1305261922200515,0.9914448613738104,0.7818314824680298,0.6234898018587336,0
2018-12-25 00:45:00,3.89,2.99,0.1950903220161282,0.9807852804032304,0.7818314824680298,0.6234898018587336,0
2018-12-25 01:00:00,3.85,3.1,0.2588190451025207,0.9659258262890684,0.7818314824680298,0.6234898018587336,0
2018-12-25 01:15:00,3.56,2.63,0.3214394653031616,0.9469301294951056,0.7818314824680298,0.6234898018587336,0
2018-12-25 01:30:00,3.2,2.23,0.3826834323650898,0.9238795325112868,0.7818314824680298,0.6234898018587336,0
2018-12-25 01:45:00,3.92,2.95,0.4422886902190013,0.8968727415326883,0.7818314824680298,0.6234898018587336,0
2018-12-25 02:00:00,3.64,2.74,0.4999999999999999,0.8660254037844387,0.7818314824680298,0.6234898018587336,0
2018-12-25 02:15:00,3.17,2.23,0.5555702330196022,0.8314696123025452,0.7818314824680298,0.6234898018587336,0
2018-12-25 02:30:00,3.17,2.12,0.6087614290087207,0.7933533402912352,0.7818314824680298,0.6234898018587336,0
2018-12-25 02:45:00,3.2,2.2,0.6593458151000688,0.7518398074789774,0.7818314824680298,0.6234898018587336,0
2018-12-25 03:00:00,3.24,2.27,0.7071067811865476,0.7071067811865476,0.7818314824680298,0.6234898018587336,0
2018-12-25 03:15:00,3.2,2.23,0.7518398074789773,0.659345815100069,0.7818314824680298,0.6234898018587336,0
2018-12-25 03:30:00,3.2,2.3,0.7933533402912352,0.6087614290087207,0.7818314824680298,0.6234898018587336,0
2018-12-25 03:45:00,3.28,2.41,0.8314696123025452,0.5555702330196023,0.7818314824680298,0.6234898018587336,0
2018-12-25 04:00:00,3.96,3.6,0.8660254037844386,0.5000000000000001,0.7818314824680298,0.6234898018587336,0
2018-12-25 04:15:00,3.96,3.56,0.8968727415326884,0.4422886902190012,0.7818314824680298,0.6234898018587336,0
2018-12-25 04:30:00,3.92,3.31,0.9238795325112868,0.3826834323650898,0.7818314824680298,0.6234898018587336,0
2018-12-25 04:45:00,3.89,3.31,0.9469301294951056,0.3214394653031617,0.7818314824680298,0.6234898018587336,0
2018-12-25 05:00:00,3.35,2.59,0.9659258262890684,0.2588190451025207,0.7818314824680298,0.6234898018587336,0
2018-12-25 05:15:00,3.24,2.41,0.9807852804032304,0.1950903220161283,0.7818314824680298,0.6234898018587336,0
2018-12-25 05:30:00,3.35,2.52,0.9914448613738104,0.1305261922200517,0.7818314824680298,0.6234898018587336,0
2018-12-25 05:45:00,3.96,3.53,0.9978589232386036,0.065403129230143,0.7818314824680298,0.6234898018587336,0
2018-12-25 06:00:00,3.71,2.95,1.0,6.123233995736766e-17,0.7818314824680298,0.6234898018587336,0
2018-12-25 06:15:00,3.17,2.23,0.9978589232386036,-0.0654031292301431,0.7818314824680298,0.6234898018587336,0
2018-12-25 06:30:00,3.2,2.2,0.9914448613738104,-0.1305261922200513,0.7818314824680298,0.6234898018587336,0
2018-12-25 06:45:00,3.2,2.3,0.9807852804032304,-0.1950903220161282,0.7818314824680298,0.6234898018587336,0
2018-12-25 07:00:00,3.17,2.27,0.9659258262890684,-0.2588190451025208,0.7818314824680298,0.6234898018587336,0
2018-12-25 07:15:00,3.24,2.45,0.9469301294951056,-0.3214394653031613,0.7818314824680298,0.6234898018587336,0
2018-12-25 07:30:00,3.85,3.38,0.9238795325112868,-0.3826834323650897,0.7818314824680298,0.6234898018587336,0
2018-12-25 07:45:00,3.92,3.53,0.8968727415326884,-0.4422886902190011,0.7818314824680298,0.6234898018587336,0
2018-12-25 08:00:00,3.89,3.49,0.8660254037844387,-0.4999999999999998,0.7818314824680298,0.6234898018587336,0
2018-12-25 08:15:00,3.89,3.49,0.8314696123025453,-0.555570233019602,0.7818314824680298,0.6234898018587336,0
2018-12-25 08:30:00,3.49,2.84,0.7933533402912352,-0.6087614290087207,0.7818314824680298,0.6234898018587336,0
2018-12-25 08:45:00,3.24,1.04,0.7518398074789774,-0.6593458151000688,0.7818314824680298,0.6234898018587336,0
2018-12-25 09:00:00,3.38,0.0,0.7071067811865476,-0.7071067811865475,0.7818314824680298,0.6234898018587336,0
2018-12-25 09:15:00,3.49,0.0,0.659345815100069,-0.7518398074789773,0.7818314824680298,0.6234898018587336,0
2018-12-25 09:30:00,3.46,0.0,0.6087614290087209,-0.793353340291235,0.7818314824680298,0.6234898018587336,0
2018-12-25 09:45:00,3.82,0.0,0.5555702330196022,-0.8314696123025453,0.7818314824680298,0.6234898018587336,0
2018-12-25 10:00:00,3.96,0.0,0.4999999999999999,-0.8660254037844387,0.7818314824680298,0.6234898018587336,0
2018-12-25 10:15:00,3.42,0.0,0.4422886902190013,-0.8968727415326883,0.7818314824680298,0.6234898018587336,0
2018-12-25 10:30:00,3.53,0.0,0.3826834323650899,-0.9238795325112868,0.7818314824680298,0.6234898018587336,0
2018-12-25 10:45:00,3.46,0.0,0.3214394653031617,-0.9469301294951056,0.7818314824680298,0.6234898018587336,0
2018-12-25 11:00:00,3.46,0.0,0.258819045102521,-0.9659258262890682,0.7818314824680298,0.6234898018587336,0
2018-12-25 11:15:00,3.78,0.0,0.1950903220161286,-0.9807852804032304,0.7818314824680298,0.6234898018587336,0
2018-12-25 11:30:00,4.18,0.0,0.1305261922200515,-0.9914448613738104,0.7818314824680298,0.6234898018587336,0
2018-12-25 11:45:00,4.28,0.0,0.0654031292301431,-0.9978589232386036,0.7818314824680298,0.6234898018587336,0
2018-12-25 12:00:00,4.18,0.0,1.2246467991473532e-16,-1.0,0.7818314824680298,0.6234898018587336,0
2018-12-25 12:15:00,4.07,0.0,-0.0654031292301428,-0.9978589232386036,0.7818314824680298,0.6234898018587336,0
2018-12-25 12:30:00,3.56,0.0,-0.1305261922200517,-0.9914448613738104,0.7818314824680298,0.6234898018587336,0
2018-12-25 12:45:00,3.53,0.0,-0.1950903220161283,-0.9807852804032304,0.7818314824680298,0.6234898018587336,0
2018-12-25 13:00:00,3.53,0.0,-0.2588190451025203,-0.9659258262890684,0.7818314824680298,0.6234898018587336,0
2018-12-25 13:15:00,5.04,0.0,-0.3214394653031615,-0.9469301294951056,0.7818314824680298,0.6234898018587336,0
2018-12-25 13:30:00,4.07,0.0,-0.3826834323650896,-0.9238795325112868,0.7818314824680298,0.6234898018587336,0
2018-12-25 13:45:00,3.42,0.0,-0.4422886902190011,-0.8968727415326884,0.7818314824680298,0.6234898018587336,0
2018-12-25 14:00:00,3.42,0.0,-0.5000000000000001,-0.8660254037844386,0.7818314824680298,0.6234898018587336,0
2018-12-25 14:15:00,3.49,0.0,-0.555570233019602,-0.8314696123025455,0.7818314824680298,0.6234898018587336,0
2018-12-25 14:30:00,3.46,0.0,-0.6087614290087203,-0.7933533402912354,0.7818314824680298,0.6234898018587336,0
2018-12-25 14:45:00,3.53,0.0,-0.6593458151000688,-0.7518398074789774,0.7818314824680298,0.6234898018587336,0
2018-12-25 15:00:00,4.14,0.0,-0.7071067811865475,-0.7071067811865477,0.7818314824680298,0.6234898018587336,0
2018-12-25 15:15:00,4.14,0.0,-0.7518398074789773,-0.6593458151000691,0.7818314824680298,0.6234898018587336,0
2018-12-25 15:30:00,4.14,0.0,-0.7933533402912349,-0.6087614290087209,0.7818314824680298,0.6234898018587336,0
2018-12-25 15:45:00,4.1,0.0,-0.8314696123025452,-0.5555702330196022,0.7818314824680298,0.6234898018587336,0
2018-12-25 16:00:00,3.67,0.0,-0.8660254037844385,-0.5000000000000004,0.7818314824680298,0.6234898018587336,0
2018-12-25 16:15:00,3.46,0.0,-0.8968727415326883,-0.4422886902190013,0.7818314824680298,0.6234898018587336,0
2018-12-25 16:30:00,3.42,0.0,-0.9238795325112864,-0.3826834323650903,0.7818314824680298,0.6234898018587336,0
2018-12-25 16:45:00,3.46,0.0,-0.9469301294951056,-0.3214394653031618,0.7818314824680298,0.6234898018587336,0
2018-12-25 17:00:00,3.42,0.0,-0.9659258262890684,-0.2588190451025206,0.7818314824680298,0.6234898018587336,0
2018-12-25 17:15:00,3.46,0.0,-0.9807852804032304,-0.1950903220161286,0.7818314824680298,0.6234898018587336,0
2018-12-25 17:30:00,4.0,0.0,-0.9914448613738104,-0.1305261922200516,0.7818314824680298,0.6234898018587336,0
2018-12-25 17:45:00,4.0,0.0,-0.9978589232386036,-0.0654031292301427,0.7818314824680298,0.6234898018587336,0
2018-12-25 18:00:00,3.38,0.0,-1.0,-1.8369701987210294e-16,0.7818314824680298,0.6234898018587336,0
2018-12-25 18:15:00,3.38,0.0,-0.9978589232386036,0.0654031292301423,0.7818314824680298,0.6234898018587336,0
2018-12-25 18:30:00,3.74,0.0,-0.9914448613738104,0.1305261922200512,0.7818314824680298,0.6234898018587336,0
2018-12-25 18:45:00,4.1,0.0,-0.9807852804032304,0.1950903220161283,0.7818314824680298,0.6234898018587336,0
2018-12-25 19:00:00,4.18,0.0,-0.9659258262890684,0.2588190451025203,0.7818314824680298,0.6234898018587336,0
2018-12-25 19:15:00,4.1,0.0,-0.9469301294951056,0.3214394653031615,0.7818314824680298,0.6234898018587336,0
2018-12-25 19:30:00,4.18,0.0,-0.9238795325112866,0.38268343236509,0.7818314824680298,0.6234898018587336,0
2018-12-25 19:45:00,3.64,0.0,-0.8968727415326884,0.442288690219001,0.7818314824680298,0.6234898018587336,0
2018-12-25 20:00:00,3.46,0.0,-0.8660254037844386,0.5000000000000001,0.7818314824680298,0.6234898018587336,0
2018-12-25 20:15:00,3.46,0.0,-0.8314696123025455,0.5555702330196018,0.7818314824680298,0.6234898018587336,0
2018-12-25 20:30:00,3.38,0.0,-0.7933533402912352,0.6087614290087205,0.7818314824680298,0.6234898018587336,0
2018-12-25 20:45:00,3.42,0.0,-0.7518398074789772,0.6593458151000691,0.7818314824680298,0.6234898018587336,0
2018-12-25 21:00:00,3.42,0.0,-0.7071067811865477,0.7071067811865474,0.7818314824680298,0.6234898018587336,0
2018-12-25 21:15:00,3.42,0.0,-0.6593458151000694,0.7518398074789769,0.7818314824680298,0.6234898018587336,0
2018-12-25 21:30:00,4.03,0.0,-0.608761429008721,0.7933533402912349,0.7818314824680298,0.6234898018587336,0
2018-12-25 21:45:00,4.14,0.0,-0.5555702330196022,0.8314696123025452,0.7818314824680298,0.6234898018587336,0
2018-12-25 22:00:00,3.49,0.0,-0.5000000000000004,0.8660254037844384,0.7818314824680298,0.6234898018587336,0
2018-12-25 22:15:00,3.2,2.3,-0.4422886902190014,0.8968727415326883,0.7818314824680298,0.6234898018587336,0
2018-12-25 22:30:00,3.85,3.31,-0.3826834323650904,0.9238795325112864,0.7818314824680298,0.6234898018587336,0
2018-12-25 22:45:00,3.89,3.56,-0.3214394653031618,0.9469301294951056,0.7818314824680298,0.6234898018587336,0
2018-12-25 23:00:00,3.89,3.49,-0.2588190451025207,0.9659258262890684,0.7818314824680298,0.6234898018587336,0
2018-12-25 23:15:00,3.85,3.17,-0.1950903220161287,0.9807852804032304,0.7818314824680298,0.6234898018587336,0
2018-12-25 23:30:00,3.64,2.88,-0.1305261922200516,0.9914448613738104,0.7818314824680298,0.6234898018587336,0
2018-12-25 23:45:00,3.31,2.27,-0.0654031292301428,0.9978589232386036,0.7818314824680298,0.6234898018587336,0
2018-12-26 00:00:00,3.67,2.66,0.0,1.0,0.9749279121818236,-0.2225209339563143,0
2018-12-26 00:15:00,3.24,2.3,0.065403129230143,0.9978589232386036,0.9749279121818236,-0.2225209339563143,0
2018-12-26 00:30:00,3.24,2.48,0.1305261922200515,0.9914448613738104,0.9749279121818236,-0.2225209339563143,0
2018-12-26 00:45:00,3.2,2.48,0.1950903220161282,0.9807852804032304,0.9749279121818236,-0.2225209339563143,0
2018-12-26 01:00:00,3.31,2.56,0.2588190451025207,0.9659258262890684,0.9749279121818236,-0.2225209339563143,0
2018-12-26 01:15:00,3.24,2.56,0.3214394653031616,0.9469301294951056,0.9749279121818236,-0.2225209339563143,0
2018-12-26 01:30:00,3.28,2.7,0.3826834323650898,0.9238795325112868,0.9749279121818236,-0.2225209339563143,0
2018-12-26 01:45:00,3.24,2.63,0.4422886902190013,0.8968727415326883,0.9749279121818236,-0.2225209339563143,0
2018-12-26 02:00:00,3.24,2.63,0.4999999999999999,0.8660254037844387,0.9749279121818236,-0.2225209339563143,0
2018-12-26 02:15:00,3.78,3.53,0.5555702330196022,0.8314696123025452,0.9749279121818236,-0.2225209339563143,0
2018-12-26 02:30:00,3.96,3.85,0.6087614290087207,0.7933533402912352,0.9749279121818236,-0.2225209339563143,0
2018-12-26 02:45:00,4.97,4.18,0.6593458151000688,0.7518398074789774,0.9749279121818236,-0.2225209339563143,0
2018-12-26 03:00:00,4.36,4.14,0.7071067811865476,0.7071067811865476,0.9749279121818236,-0.2225209339563143,0
2018-12-26 03:15:00,3.71,3.74,0.7518398074789773,0.659345815100069,0.9749279121818236,-0.2225209339563143,0
2018-12-26 03:30:00,3.28,2.7,0.7933533402912352,0.6087614290087207,0.9749279121818236,-0.2225209339563143,0
2018-12-26 03:45:00,3.31,2.74,0.8314696123025452,0.5555702330196023,0.9749279121818236,-0.2225209339563143,0
2018-12-26 04:00:00,3.28,2.81,0.8660254037844386,0.5000000000000001,0.9749279121818236,-0.2225209339563143,0
2018-12-26 04:15:00,3.28,2.66,0.8968727415326884,0.4422886902190012,0.9749279121818236,-0.2225209339563143,0
2018-12-26 04:30:00,3.2,2.52,0.9238795325112868,0.3826834323650898,0.9749279121818236,-0.2225209339563143,0
2018-12-26 04:45:00,3.24,2.48,0.9469301294951056,0.3214394653031617,0.9749279121818236,-0.2225209339563143,0
2018-12-26 05:00:00,3.28,2.52,0.9659258262890684,0.2588190451025207,0.9749279121818236,-0.2225209339563143,0
2018-12-26 05:15:00,3.2,2.52,0.9807852804032304,0.1950903220161283,0.9749279121818236,-0.2225209339563143,0
2018-12-26 05:30:00,3.24,2.38,0.9914448613738104,0.1305261922200517,0.9749279121818236,-0.2225209339563143,0
2018-12-26 05:45:00,3.2,2.41,0.9978589232386036,0.065403129230143,0.9749279121818236,-0.2225209339563143,0
2018-12-26 06:00:00,4.79,3.42,1.0,6.123233995736766e-17,0.9749279121818236,-0.2225209339563143,0
2018-12-26 06:15:00,4.86,3.31,0.9978589232386036,-0.0654031292301431,0.9749279121818236,-0.2225209339563143,0
2018-12-26 06:30:00,3.92,3.56,0.9914448613738104,-0.1305261922200513,0.9749279121818236,-0.2225209339563143,0
2018-12-26 06:45:00,3.82,3.35,0.9807852804032304,-0.1950903220161282,0.9749279121818236,-0.2225209339563143,0
2018-12-26 07:00:00,3.35,2.63,0.9659258262890684,-0.2588190451025208,0.9749279121818236,-0.2225209339563143,0
2018-12-26 07:15:00,3.17,2.3,0.9469301294951056,-0.3214394653031613,0.9749279121818236,-0.2225209339563143,0
2018-12-26 07:30:00,3.42,2.41,0.9238795325112868,-0.3826834323650897,0.9749279121818236,-0.2225209339563143,0
2018-12-26 07:45:00,4.82,3.06,0.8968727415326884,-0.4422886902190011,0.9749279121818236,-0.2225209339563143,0
2018-12-26 08:00:00,5.0,2.41,0.8660254037844387,-0.4999999999999998,0.9749279121818236,-0.2225209339563143,0
2018-12-26 08:15:00,34.52,21.92,0.8314696123025453,-0.555570233019602,0.9749279121818236,-0.2225209339563143,0
2018-12-26 08:30:00,48.06,30.53,0.7933533402912352,-0.6087614290087207,0.9749279121818236,-0.2225209339563143,0
2018-12-26 08:45:00,78.23,53.53,0.7518398074789774,-0.6593458151000688,0.9749279121818236,-0.2225209339563143,0
2018-12-26 09:00:00,51.08,12.78,0.7071067811865476,-0.7071067811865475,0.9749279121818236,-0.2225209339563143,0
2018-12-26 09:15:00,70.99,34.49,0.659345815100069,-0.7518398074789773,0.9749279121818236,-0.2225209339563143,0
2018-12-26 09:30:00,65.74,36.9,0.6087614290087209,-0.793353340291235,0.9749279121818236,-0.2225209339563143,0
2018-12-26 09:45:00,52.96,20.63,0.5555702330196022,-0.8314696123025453,0.9749279121818236,-0.2225209339563143,0
2018-12-26 10:00:00,55.44,22.82,0.4999999999999999,-0.8660254037844387,0.9749279121818236,-0.2225209339563143,0
2018-12-26 10:15:00,52.06,19.22,0.4422886902190013,-0.8968727415326883,0.9749279121818236,-0.2225209339563143,0
2018-12-26 10:30:00,57.64,23.65,0.3826834323650899,-0.9238795325112868,0.9749279121818236,-0.2225209339563143,0
2018-12-26 10:45:00,62.21,28.98,0.3214394653031617,-0.9469301294951056,0.9749279121818236,-0.2225209339563143,0
2018-12-26 11:00:00,45.58,11.16,0.258819045102521,-0.9659258262890682,0.9749279121818236,-0.2225209339563143,0
2018-12-26 11:15:00,54.58,18.36,0.1950903220161286,-0.9807852804032304,0.9749279121818236,-0.2225209339563143,0
2018-12-26 11:30:00,55.15,24.08,0.1305261922200515,-0.9914448613738104,0.9749279121818236,-0.2225209339563143,0
2018-12-26 11:45:00,58.64,20.38,0.0654031292301431,-0.9978589232386036,0.9749279121818236,-0.2225209339563143,0
2018-12-26 12:00:00,31.28,4.32,1.2246467991473532e-16,-1.0,0.9749279121818236,-0.2225209339563143,0
2018-12-26 12:15:00,6.77,0.0,-0.0654031292301428,-0.9978589232386036,0.9749279121818236,-0.2225209339563143,0
2018-12-26 12:30:00,7.09,0.0,-0.1305261922200517,-0.9914448613738104,0.9749279121818236,-0.2225209339563143,0
2018-12-26 12:45:00,6.95,0.0,-0.1950903220161283,-0.9807852804032304,0.9749279121818236,-0.2225209339563143,0
2018-12-26 13:00:00,6.41,0.0,-0.2588190451025203,-0.9659258262890684,0.9749279121818236,-0.2225209339563143,0
2018-12-26 13:15:00,20.66,1.94,-0.3214394653031615,-0.9469301294951056,0.9749279121818236,-0.2225209339563143,0
2018-12-26 13:30:00,59.9,23.9,-0.3826834323650896,-0.9238795325112868,0.9749279121818236,-0.2225209339563143,0
2018-12-26 13:45:00,55.3,15.77,-0.4422886902190011,-0.8968727415326884,0.9749279121818236,-0.2225209339563143,0
2018-12-26 14:00:00,51.41,14.54,-0.5000000000000001,-0.8660254037844386,0.9749279121818236,-0.2225209339563143,0
2018-12-26 14:15:00,57.02,20.52,-0.555570233019602,-0.8314696123025455,0.9749279121818236,-0.2225209339563143,0
2018-12-26 14:30:00,43.06,8.06,-0.6087614290087203,-0.7933533402912354,0.9749279121818236,-0.2225209339563143,0
2018-12-26 14:45:00,41.4,8.75,-0.6593458151000688,-0.7518398074789774,0.9749279121818236,-0.2225209339563143,0
2018-12-26 15:00:00,52.92,17.89,-0.7071067811865475,-0.7071067811865477,0.9749279121818236,-0.2225209339563143,0
2018-12-26 15:15:00,53.42,21.82,-0.7518398074789773,-0.6593458151000691,0.9749279121818236,-0.2225209339563143,0
2018-12-26 15:30:00,40.68,9.25,-0.7933533402912349,-0.6087614290087209,0.9749279121818236,-0.2225209339563143,0
2018-12-26 15:45:00,40.64,6.44,-0.8314696123025452,-0.5555702330196022,0.9749279121818236,-0.2225209339563143,0
2018-12-26 16:00:00,41.47,7.6,-0.8660254037844385,-0.5000000000000004,0.9749279121818236,-0.2225209339563143,0
2018-12-26 16:15:00,56.2,19.73,-0.8968727415326883,-0.4422886902190013,0.9749279121818236,-0.2225209339563143,0
2018-12-26 16:30:00,59.04,27.36,-0.9238795325112864,-0.3826834323650903,0.9749279121818236,-0.2225209339563143,0
2018-12-26 16:45:00,54.68,22.18,-0.9469301294951056,-0.3214394653031618,0.9749279121818236,-0.2225209339563143,0
2018-12-26 17:00:00,57.67,24.12,-0.9659258262890684,-0.2588190451025206,0.9749279121818236,-0.2225209339563143,0
2018-12-26 17:15:00,54.79,21.1,-0.9807852804032304,-0.1950903220161286,0.9749279121818236,-0.2225209339563143,0
2018-12-26 17:30:00,34.42,2.63,-0.9914448613738104,-0.1305261922200516,0.9749279121818236,-0.2225209339563143,0
2018-12-26 17:45:00,9.5,0.0,-0.9978589232386036,-0.0654031292301427,0.9749279121818236,-0.2225209339563143,0
2018-12-26 18:00:00,5.22,0.0,-1.0,-1.8369701987210294e-16,0.9749279121818236,-0.2225209339563143,0
2018-12-26 18:15:00,5.04,0.0,-0.9978589232386036,0.0654031292301423,0.9749279121818236,-0.2225209339563143,0
2018-12-26 18:30:00,5.04,0.0,-0.9914448613738104,0.1305261922200512,0.9749279121818236,-0.2225209339563143,0
2018-12-26 18:45:00,5.08,0.0,-0.9807852804032304,0.1950903220161283,0.9749279121818236,-0.2225209339563143,0
2018-12-26 19:00:00,5.08,0.0,-0.9659258262890684,0.2588190451025203,0.9749279121818236,-0.2225209339563143,0
2018-12-26 19:15:00,4.68,0.0,-0.9469301294951056,0.3214394653031615,0.9749279121818236,-0.2225209339563143,0
2018-12-26 19:30:00,3.92,0.0,-0.9238795325112866,0.38268343236509,0.9749279121818236,-0.2225209339563143,0
2018-12-26 19:45:00,3.89,0.0,-0.8968727415326884,0.442288690219001,0.9749279121818236,-0.2225209339563143,0
2018-12-26 20:00:00,3.85,0.0,-0.8660254037844386,0.5000000000000001,0.9749279121818236,-0.2225209339563143,0
2018-12-26 20:15:00,3.89,0.0,-0.8314696123025455,0.5555702330196018,0.9749279121818236,-0.2225209339563143,0
2018-12-26 20:30:00,3.89,0.0,-0.7933533402912352,0.6087614290087205,0.9749279121818236,-0.2225209339563143,0
2018-12-26 20:45:00,3.96,0.0,-0.7518398074789772,0.6593458151000691,0.9749279121818236,-0.2225209339563143,0
2018-12-26 21:00:00,3.89,0.0,-0.7071067811865477,0.7071067811865474,0.9749279121818236,-0.2225209339563143,0
2018-12-26 21:15:00,3.96,0.0,-0.6593458151000694,0.7518398074789769,0.9749279121818236,-0.2225209339563143,0
2018-12-26 21:30:00,4.0,0.0,-0.608761429008721,0.7933533402912349,0.9749279121818236,-0.2225209339563143,0
2018-12-26 21:45:00,3.96,0.0,-0.5555702330196022,0.8314696123025452,0.9749279121818236,-0.2225209339563143,0
2018-12-26 22:00:00,4.07,0.0,-0.5000000000000004,0.8660254037844384,0.9749279121818236,-0.2225209339563143,0
2018-12-26 22:15:00,4.0,3.1,-0.4422886902190014,0.8968727415326883,0.9749279121818236,-0.2225209339563143,0
2018-12-26 22:30:00,4.9,3.17,-0.3826834323650904,0.9238795325112864,0.9749279121818236,-0.2225209339563143,0
2018-12-26 22:45:00,4.1,3.13,-0.3214394653031618,0.9469301294951056,0.9749279121818236,-0.2225209339563143,0
2018-12-26 23:00:00,3.71,3.06,-0.2588190451025207,0.9659258262890684,0.9749279121818236,-0.2225209339563143,0
2018-12-26 23:15:00,3.74,2.77,-0.1950903220161287,0.9807852804032304,0.9749279121818236,-0.2225209339563143,0
2018-12-26 23:30:00,3.64,2.52,-0.1305261922200516,0.9914448613738104,0.9749279121818236,-0.2225209339563143,0
2018-12-26 23:45:00,3.67,2.56,-0.0654031292301428,0.9978589232386036,0.9749279121818236,-0.2225209339563143,0
2018-12-27 00:00:00,3.74,2.05,0.0,1.0,0.4338837391175582,-0.900968867902419,0
2018-12-27 00:15:00,3.64,2.81,0.065403129230143,0.9978589232386036,0.4338837391175582,-0.900968867902419,0
2018-12-27 00:30:00,3.74,2.99,0.1305261922200515,0.9914448613738104,0.4338837391175582,-0.900968867902419,0
2018-12-27 00:45:00,3.71,3.02,0.1950903220161282,0.9807852804032304,0.4338837391175582,-0.900968867902419,0
2018-12-27 01:00:00,3.71,3.1,0.2588190451025207,0.9659258262890684,0.4338837391175582,-0.900968867902419,0
2018-12-27 01:15:00,3.67,3.13,0.3214394653031616,0.9469301294951056,0.4338837391175582,-0.900968867902419,0
2018-12-27 01:30:00,3.67,3.02,0.3826834323650898,0.9238795325112868,0.4338837391175582,-0.900968867902419,0
2018-12-27 01:45:00,3.78,3.42,0.4422886902190013,0.8968727415326883,0.4338837391175582,-0.900968867902419,0
2018-12-27 02:00:00,4.18,3.42,0.4999999999999999,0.8660254037844387,0.4338837391175582,-0.900968867902419,0
2018-12-27 02:15:00,4.86,3.53,0.5555702330196022,0.8314696123025452,0.4338837391175582,-0.900968867902419,0
2018-12-27 02:30:00,4.21,3.67,0.6087614290087207,0.7933533402912352,0.4338837391175582,-0.900968867902419,0
2018-12-27 02:45:00,3.71,3.38,0.6593458151000688,0.7518398074789774,0.4338837391175582,-0.900968867902419,0
2018-12-27 03:00:00,3.78,3.31,0.7071067811865476,0.7071067811865476,0.4338837391175582,-0.900968867902419,0
2018-12-27 03:15:00,3.67,3.28,0.7518398074789773,0.659345815100069,0.4338837391175582,-0.900968867902419,0
2018-12-27 03:30:00,3.71,3.17,0.7933533402912352,0.6087614290087207,0.4338837391175582,-0.900968867902419,0
2018-12-27 03:45:00,3.24,2.63,0.8314696123025452,0.5555702330196023,0.4338837391175582,-0.900968867902419,0
2018-12-27 04:00:00,3.02,2.12,0.8660254037844386,0.5000000000000001,0.4338837391175582,-0.900968867902419,0
2018-12-27 04:15:00,2.99,2.2,0.8968727415326884,0.4422886902190012,0.4338837391175582,-0.900968867902419,0
2018-12-27 04:30:00,2.99,2.12,0.9238795325112868,0.3826834323650898,0.4338837391175582,-0.900968867902419,0
2018-12-27 04:45:00,2.95,2.09,0.9469301294951056,0.3214394653031617,0.4338837391175582,-0.900968867902419,0
2018-12-27 05:00:00,2.95,2.05,0.9659258262890684,0.2588190451025207,0.4338837391175582,-0.900968867902419,0
2018-12-27 05:15:00,2.95,2.02,0.9807852804032304,0.1950903220161283,0.4338837391175582,-0.900968867902419,0
2018-12-27 05:30:00,2.95,1.98,0.9914448613738104,0.1305261922200517,0.4338837391175582,-0.900968867902419,0
2018-12-27 05:45:00,2.95,2.05,0.9978589232386036,0.065403129230143,0.4338837391175582,-0.900968867902419,0
2018-12-27 06:00:00,3.42,2.66,1.0,6.123233995736766e-17,0.4338837391175582,-0.900968867902419,0
2018-12-27 06:15:00,3.74,2.84,0.9978589232386036,-0.0654031292301431,0.4338837391175582,-0.900968867902419,0
2018-12-27 06:30:00,4.86,2.88,0.9914448613738104,-0.1305261922200513,0.4338837391175582,-0.900968867902419,0
2018-12-27 06:45:00,4.21,2.92,0.9807852804032304,-0.1950903220161282,0.4338837391175582,-0.900968867902419,0
2018-12-27 07:00:00,3.6,2.56,0.9659258262890684,-0.2588190451025208,0.4338837391175582,-0.900968867902419,0
2018-12-27 07:15:00,2.88,1.73,0.9469301294951056,-0.3214394653031613,0.4338837391175582,-0.900968867902419,0
2018-12-27 07:30:00,3.2,1.87,0.9238795325112868,-0.3826834323650897,0.4338837391175582,-0.900968867902419,0
2018-12-27 07:45:00,4.9,2.3,0.8968727415326884,-0.4422886902190011,0.4338837391175582,-0.900968867902419,0
2018-12-27 08:00:00,5.65,2.81,0.8660254037844387,-0.4999999999999998,0.4338837391175582,-0.900968867902419,0
2018-12-27 08:15:00,32.0,23.26,0.8314696123025453,-0.555570233019602,0.4338837391175582,-0.900968867902419,0
2018-12-27 08:30:00,52.63,40.18,0.7933533402912352,-0.6087614290087207,0.4338837391175582,-0.900968867902419,0
2018-12-27 08:45:00,73.66,51.77,0.7518398074789774,-0.6593458151000688,0.4338837391175582,-0.900968867902419,0
2018-12-27 09:00:00,63.47,29.23,0.7071067811865476,-0.7071067811865475,0.4338837391175582,-0.900968867902419,0
2018-12-27 09:15:00,56.77,19.8,0.659345815100069,-0.7518398074789773,0.4338837391175582,-0.900968867902419,0
2018-12-27 09:30:00,53.93,19.26,0.6087614290087209,-0.793353340291235,0.4338837391175582,-0.900968867902419,0
2018-12-27 09:45:00,59.4,23.87,0.5555702330196022,-0.8314696123025453,0.4338837391175582,-0.900968867902419,0
2018-12-27 10:00:00,76.03,38.45,0.4999999999999999,-0.8660254037844387,0.4338837391175582,-0.900968867902419,0
2018-12-27 10:15:00,47.81,13.32,0.4422886902190013,-0.8968727415326883,0.4338837391175582,-0.900968867902419,0
2018-12-27 10:30:00,45.83,12.28,0.3826834323650899,-0.9238795325112868,0.4338837391175582,-0.900968867902419,0
2018-12-27 10:45:00,52.63,19.48,0.3214394653031617,-0.9469301294951056,0.4338837391175582,-0.900968867902419,0
2018-12-27 11:00:00,68.69,33.88,0.258819045102521,-0.9659258262890682,0.4338837391175582,-0.900968867902419,0
2018-12-27 11:15:00,51.16,14.94,0.1950903220161286,-0.9807852804032304,0.4338837391175582,-0.900968867902419,0
2018-12-27 11:30:00,51.52,14.65,0.1305261922200515,-0.9914448613738104,0.4338837391175582,-0.900968867902419,0
2018-12-27 11:45:00,54.83,15.19,0.0654031292301431,-0.9978589232386036,0.4338837391175582,-0.900968867902419,0
2018-12-27 12:00:00,59.62,24.44,1.2246467991473532e-16,-1.0,0.4338837391175582,-0.900968867902419,0
2018-12-27 12:15:00,13.54,1.04,-0.0654031292301428,-0.9978589232386036,0.4338837391175582,-0.900968867902419,0
2018-12-27 12:30:00,6.62,0.0,-0.1305261922200517,-0.9914448613738104,0.4338837391175582,-0.900968867902419,0
2018-12-27 12:45:00,6.59,0.0,-0.1950903220161283,-0.9807852804032304,0.4338837391175582,-0.900968867902419,0
2018-12-27 13:00:00,17.82,1.19,-0.2588190451025203,-0.9659258262890684,0.4338837391175582,-0.900968867902419,0
2018-12-27 13:15:00,40.57,3.31,-0.3214394653031615,-0.9469301294951056,0.4338837391175582,-0.900968867902419,0
2018-12-27 13:30:00,43.7,6.98,-0.3826834323650896,-0.9238795325112868,0.4338837391175582,-0.900968867902419,0
2018-12-27 13:45:00,46.84,12.85,-0.4422886902190011,-0.8968727415326884,0.4338837391175582,-0.900968867902419,0
2018-12-27 14:00:00,53.32,17.39,-0.5000000000000001,-0.8660254037844386,0.4338837391175582,-0.900968867902419,0
2018-12-27 14:15:00,55.01,18.83,-0.555570233019602,-0.8314696123025455,0.4338837391175582,-0.900968867902419,0
2018-12-27 14:30:00,61.74,23.15,-0.6087614290087203,-0.7933533402912354,0.4338837391175582,-0.900968867902419,0
2018-12-27 14:45:00,54.14,18.18,-0.6593458151000688,-0.7518398074789774,0.4338837391175582,-0.900968867902419,0
2018-12-27 15:00:00,53.5,16.34,-0.7071067811865475,-0.7071067811865477,0.4338837391175582,-0.900968867902419,0
2018-12-27 15:15:00,44.75,13.57,-0.7518398074789773,-0.6593458151000691,0.4338837391175582,-0.900968867902419,0
2018-12-27 15:30:00,42.95,8.53,-0.7933533402912349,-0.6087614290087209,0.4338837391175582,-0.900968867902419,0
2018-12-27 15:45:00,60.84,27.0,-0.8314696123025452,-0.5555702330196022,0.4338837391175582,-0.900968867902419,0
2018-12-27 16:00:00,63.04,26.32,-0.8660254037844385,-0.5000000000000004,0.4338837391175582,-0.900968867902419,0
2018-12-27 16:15:00,59.58,25.78,-0.8968727415326883,-0.4422886902190013,0.4338837391175582,-0.900968867902419,0
2018-12-27 16:30:00,63.22,29.63,-0.9238795325112864,-0.3826834323650903,0.4338837391175582,-0.900968867902419,0
2018-12-27 16:45:00,45.79,8.93,-0.9469301294951056,-0.3214394653031618,0.4338837391175582,-0.900968867902419,0
2018-12-27 17:00:00,41.58,2.56,-0.9659258262890684,-0.2588190451025206,0.4338837391175582,-0.900968867902419,0
2018-12-27 17:15:00,54.58,12.06,-0.9807852804032304,-0.1950903220161286,0.4338837391175582,-0.900968867902419,0
2018-12-27 17:30:00,36.72,1.3,-0.9914448613738104,-0.1305261922200516,0.4338837391175582,-0.900968867902419,0
2018-12-27 17:45:00,29.38,0.0,-0.9978589232386036,-0.0654031292301427,0.4338837391175582,-0.900968867902419,0
2018-12-27 18:00:00,28.48,0.83,-1.0,-1.8369701987210294e-16,0.4338837391175582,-0.900968867902419,0
2018-12-27 18:15:00,48.56,18.72,-0.9978589232386036,0.0654031292301423,0.4338837391175582,-0.900968867902419,0
2018-12-27 18:30:00,53.82,19.37,-0.9914448613738104,0.1305261922200512,0.4338837391175582,-0.900968867902419,0
2018-12-27 18:45:00,53.5,11.77,-0.9807852804032304,0.1950903220161283,0.4338837391175582,-0.900968867902419,0
2018-12-27 19:00:00,53.14,12.89,-0.9659258262890684,0.2588190451025203,0.4338837391175582,-0.900968867902419,0
2018-12-27 19:15:00,51.01,10.15,-0.9469301294951056,0.3214394653031615,0.4338837391175582,-0.900968867902419,0
2018-12-27 19:30:00,47.99,7.42,-0.9238795325112866,0.38268343236509,0.4338837391175582,-0.900968867902419,0
2018-12-27 19:45:00,49.18,10.22,-0.8968727415326884,0.442288690219001,0.4338837391175582,-0.900968867902419,0
2018-12-27 20:00:00,50.33,11.81,-0.8660254037844386,0.5000000000000001,0.4338837391175582,-0.900968867902419,0
2018-12-27 20:15:00,50.04,10.4,-0.8314696123025455,0.5555702330196018,0.4338837391175582,-0.900968867902419,0
2018-12-27 20:30:00,40.93,3.46,-0.7933533402912352,0.6087614290087205,0.4338837391175582,-0.900968867902419,0
2018-12-27 20:45:00,14.51,0.5,-0.7518398074789772,0.6593458151000691,0.4338837391175582,-0.900968867902419,0
2018-12-27 21:00:00,8.35,0.0,-0.7071067811865477,0.7071067811865474,0.4338837391175582,-0.900968867902419,0
2018-12-27 21:15:00,5.26,0.0,-0.6593458151000694,0.7518398074789769,0.4338837391175582,-0.900968867902419,0
2018-12-27 21:30:00,5.26,0.0,-0.608761429008721,0.7933533402912349,0.4338837391175582,-0.900968867902419,0
2018-12-27 21:45:00,5.26,0.0,-0.5555702330196022,0.8314696123025452,0.4338837391175582,-0.900968867902419,0
2018-12-27 22:00:00,4.5,0.0,-0.5000000000000004,0.8660254037844384,0.4338837391175582,-0.900968867902419,0
2018-12-27 22:15:00,3.89,2.52,-0.4422886902190014,0.8968727415326883,0.4338837391175582,-0.900968867902419,0
2018-12-27 22:30:00,3.85,2.7,-0.3826834323650904,0.9238795325112864,0.4338837391175582,-0.900968867902419,0
2018-12-27 22:45:00,3.82,2.56,-0.3214394653031618,0.9469301294951056,0.4338837391175582,-0.900968867902419,0
2018-12-27 23:00:00,3.82,2.52,-0.2588190451025207,0.9659258262890684,0.4338837391175582,-0.900968867902419,0
2018-12-27 23:15:00,3.82,2.23,-0.1950903220161287,0.9807852804032304,0.4338837391175582,-0.900968867902419,0
2018-12-27 23:30:00,3.78,1.91,-0.1305261922200516,0.9914448613738104,0.4338837391175582,-0.900968867902419,0
2018-12-27 23:45:00,3.74,1.91,-0.0654031292301428,0.9978589232386036,0.4338837391175582,-0.900968867902419,0
2018-12-28 00:00:00,4.82,2.81,0.0,1.0,-0.433883739117558,-0.9009688679024191,0
2018-12-28 00:15:00,3.74,2.23,0.065403129230143,0.9978589232386036,-0.433883739117558,-0.9009688679024191,0
2018-12-28 00:30:00,3.78,2.34,0.1305261922200515,0.9914448613738104,-0.433883739117558,-0.9009688679024191,0
2018-12-28 00:45:00,3.85,2.41,0.1950903220161282,0.9807852804032304,-0.433883739117558,-0.9009688679024191,0
2018-12-28 01:00:00,4.14,2.27,0.2588190451025207,0.9659258262890684,-0.433883739117558,-0.9009688679024191,0
2018-12-28 01:15:00,4.9,2.05,0.3214394653031616,0.9469301294951056,-0.433883739117558,-0.9009688679024191,0
2018-12-28 01:30:00,4.14,2.3,0.3826834323650898,0.9238795325112868,-0.433883739117558,-0.9009688679024191,0
2018-12-28 01:45:00,3.82,2.38,0.4422886902190013,0.8968727415326883,-0.433883739117558,-0.9009688679024191,0
2018-12-28 02:00:00,3.85,2.63,0.4999999999999999,0.8660254037844387,-0.433883739117558,-0.9009688679024191,0
2018-12-28 02:15:00,3.82,2.56,0.5555702330196022,0.8314696123025452,-0.433883739117558,-0.9009688679024191,0
2018-12-28 02:30:00,3.82,2.63,0.6087614290087207,0.7933533402912352,-0.433883739117558,-0.9009688679024191,0
2018-12-28 02:45:00,3.82,2.59,0.6593458151000688,0.7518398074789774,-0.433883739117558,-0.9009688679024191,0
2018-12-28 03:00:00,3.82,2.56,0.7071067811865476,0.7071067811865476,-0.433883739117558,-0.9009688679024191,0
2018-12-28 03:15:00,3.89,2.66,0.7518398074789773,0.659345815100069,-0.433883739117558,-0.9009688679024191,0
2018-12-28 03:30:00,3.89,2.77,0.7933533402912352,0.6087614290087207,-0.433883739117558,-0.9009688679024191,0
2018-12-28 03:45:00,3.85,2.66,0.8314696123025452,0.5555702330196023,-0.433883739117558,-0.9009688679024191,0
2018-12-28 04:00:00,3.82,2.66,0.8660254037844386,0.5000000000000001,-0.433883739117558,-0.9009688679024191,0
2018-12-28 04:15:00,4.07,2.63,0.8968727415326884,0.4422886902190012,-0.433883739117558,-0.9009688679024191,0
2018-12-28 04:30:00,5.04,2.41,0.9238795325112868,0.3826834323650898,-0.433883739117558,-0.9009688679024191,0
2018-12-28 04:45:00,4.1,2.7,0.9469301294951056,0.3214394653031617,-0.433883739117558,-0.9009688679024191,0
2018-12-28 05:00:00,3.82,2.66,0.9659258262890684,0.2588190451025207,-0.433883739117558,-0.9009688679024191,0
2018-12-28 05:15:00,3.89,2.7,0.9807852804032304,0.1950903220161283,-0.433883739117558,-0.9009688679024191,0
2018-12-28 05:30:00,3.38,2.2,0.9914448613738104,0.1305261922200517,-0.433883739117558,-0.9009688679024191,0
2018-12-28 05:45:00,3.17,1.91,0.9978589232386036,0.065403129230143,-0.433883739117558,-0.9009688679024191,0
2018-12-28 06:00:00,3.06,1.84,1.0,6.123233995736766e-17,-0.433883739117558,-0.9009688679024191,0
2018-12-28 06:15:00,3.06,1.8,0.9978589232386036,-0.0654031292301431,-0.433883739117558,-0.9009688679024191,0
2018-12-28 06:30:00,3.1,1.87,0.9914448613738104,-0.1305261922200513,-0.433883739117558,-0.9009688679024191,0
2018-12-28 06:45:00,3.06,1.91,0.9807852804032304,-0.1950903220161282,-0.433883739117558,-0.9009688679024191,0
2018-12-28 07:00:00,3.1,1.94,0.9659258262890684,-0.2588190451025208,-0.433883739117558,-0.9009688679024191,0
2018-12-28 07:15:00,3.38,2.16,0.9469301294951056,-0.3214394653031613,-0.433883739117558,-0.9009688679024191,0
2018-12-28 07:30:00,4.97,2.27,0.9238795325112868,-0.3826834323650897,-0.433883739117558,-0.9009688679024191,0
2018-12-28 07:45:00,6.7,2.3,0.8968727415326884,-0.4422886902190011,-0.433883739117558,-0.9009688679024191,0
2018-12-28 08:00:00,6.16,2.23,0.8660254037844387,-0.4999999999999998,-0.433883739117558,-0.9009688679024191,0
2018-12-28 08:15:00,35.75,25.56,0.8314696123025453,-0.555570233019602,-0.433883739117558,-0.9009688679024191,0
2018-12-28 08:30:00,57.78,40.86,0.7933533402912352,-0.6087614290087207,-0.433883739117558,-0.9009688679024191,0
2018-12-28 08:45:00,57.74,36.9,0.7518398074789774,-0.6593458151000688,-0.433883739117558,-0.9009688679024191,0
2018-12-28 09:00:00,66.46,28.15,0.7071067811865476,-0.7071067811865475,-0.433883739117558,-0.9009688679024191,0
2018-12-28 09:15:00,66.82,28.8,0.659345815100069,-0.7518398074789773,-0.433883739117558,-0.9009688679024191,0
2018-12-28 09:30:00,59.9,23.87,0.6087614290087209,-0.793353340291235,-0.433883739117558,-0.9009688679024191,0
2018-12-28 09:45:00,63.32,23.4,0.5555702330196022,-0.8314696123025453,-0.433883739117558,-0.9009688679024191,0
2018-12-28 10:00:00,57.17,22.21,0.4999999999999999,-0.8660254037844387,-0.433883739117558,-0.9009688679024191,0
2018-12-28 10:15:00,55.91,21.64,0.4422886902190013,-0.8968727415326883,-0.433883739117558,-0.9009688679024191,0
2018-12-28 10:30:00,62.42,25.78,0.3826834323650899,-0.9238795325112868,-0.433883739117558,-0.9009688679024191,0
2018-12-28 10:45:00,59.72,24.91,0.3214394653031617,-0.9469301294951056,-0.433883739117558,-0.9009688679024191,0
2018-12-28 11:00:00,62.71,27.4,0.258819045102521,-0.9659258262890682,-0.433883739117558,-0.9009688679024191,0
2018-12-28 11:15:00,57.82,23.08,0.1950903220161286,-0.9807852804032304,-0.433883739117558,-0.9009688679024191,0
2018-12-28 11:30:00,64.94,29.56,0.1305261922200515,-0.9914448613738104,-0.433883739117558,-0.9009688679024191,0
2018-12-28 11:45:00,58.97,23.51,0.0654031292301431,-0.9978589232386036,-0.433883739117558,-0.9009688679024191,0
2018-12-28 12:00:00,47.05,12.31,1.2246467991473532e-16,-1.0,-0.433883739117558,-0.9009688679024191,0
2018-12-28 12:15:00,10.01,0.0,-0.0654031292301428,-0.9978589232386036,-0.433883739117558,-0.9009688679024191,0
2018-12-28 12:30:00,7.81,0.0,-0.1305261922200517,-0.9914448613738104,-0.433883739117558,-0.9009688679024191,0
2018-12-28 12:45:00,7.27,0.0,-0.1950903220161283,-0.9807852804032304,-0.433883739117558,-0.9009688679024191,0
2018-12-28 13:00:00,7.31,0.0,-0.2588190451025203,-0.9659258262890684,-0.433883739117558,-0.9009688679024191,0
2018-12-28 13:15:00,42.55,10.84,-0.3214394653031615,-0.9469301294951056,-0.433883739117558,-0.9009688679024191,0
2018-12-28 13:30:00,56.12,15.01,-0.3826834323650896,-0.9238795325112868,-0.433883739117558,-0.9009688679024191,0
2018-12-28 13:45:00,45.0,6.66,-0.4422886902190011,-0.8968727415326884,-0.433883739117558,-0.9009688679024191,0
2018-12-28 14:00:00,45.22,7.99,-0.5000000000000001,-0.8660254037844386,-0.433883739117558,-0.9009688679024191,0
2018-12-28 14:15:00,42.62,6.55,-0.555570233019602,-0.8314696123025455,-0.433883739117558,-0.9009688679024191,0
2018-12-28 14:30:00,34.2,0.32,-0.6087614290087203,-0.7933533402912354,-0.433883739117558,-0.9009688679024191,0
2018-12-28 14:45:00,42.8,7.06,-0.6593458151000688,-0.7518398074789774,-0.433883739117558,-0.9009688679024191,0
2018-12-28 15:00:00,48.02,13.21,-0.7071067811865475,-0.7071067811865477,-0.433883739117558,-0.9009688679024191,0
2018-12-28 15:15:00,44.6,9.83,-0.7518398074789773,-0.6593458151000691,-0.433883739117558,-0.9009688679024191,0
2018-12-28 15:30:00,35.78,1.04,-0.7933533402912349,-0.6087614290087209,-0.433883739117558,-0.9009688679024191,0
2018-12-28 15:45:00,32.62,0.07,-0.8314696123025452,-0.5555702330196022,-0.433883739117558,-0.9009688679024191,0
2018-12-28 16:00:00,31.39,0.29,-0.8660254037844385,-0.5000000000000004,-0.433883739117558,-0.9009688679024191,0
2018-12-28 16:15:00,30.06,0.04,-0.8968727415326883,-0.4422886902190013,-0.433883739117558,-0.9009688679024191,0
2018-12-28 16:30:00,30.13,0.0,-0.9238795325112864,-0.3826834323650903,-0.433883739117558,-0.9009688679024191,0
2018-12-28 16:45:00,23.58,0.0,-0.9469301294951056,-0.3214394653031618,-0.433883739117558,-0.9009688679024191,0
2018-12-28 17:00:00,8.57,0.0,-0.9659258262890684,-0.2588190451025206,-0.433883739117558,-0.9009688679024191,0
2018-12-28 17:15:00,9.58,0.0,-0.9807852804032304,-0.1950903220161286,-0.433883739117558,-0.9009688679024191,0
2018-12-28 17:30:00,9.14,0.0,-0.9914448613738104,-0.1305261922200516,-0.433883739117558,-0.9009688679024191,0
2018-12-28 17:45:00,5.47,0.0,-0.9978589232386036,-0.0654031292301427,-0.433883739117558,-0.9009688679024191,0
2018-12-28 18:00:00,5.08,0.0,-1.0,-1.8369701987210294e-16,-0.433883739117558,-0.9009688679024191,0
2018-12-28 18:15:00,5.08,0.0,-0.9978589232386036,0.0654031292301423,-0.433883739117558,-0.9009688679024191,0
2018-12-28 18:30:00,5.11,0.0,-0.9914448613738104,0.1305261922200512,-0.433883739117558,-0.9009688679024191,0
2018-12-28 18:45:00,5.15,0.0,-0.9807852804032304,0.1950903220161283,-0.433883739117558,-0.9009688679024191,0
2018-12-28 19:00:00,5.15,0.0,-0.9659258262890684,0.2588190451025203,-0.433883739117558,-0.9009688679024191,0
2018-12-28 19:15:00,5.15,0.0,-0.9469301294951056,0.3214394653031615,-0.433883739117558,-0.9009688679024191,0
2018-12-28 19:30:00,5.18,0.0,-0.9238795325112866,0.38268343236509,-0.433883739117558,-0.9009688679024191,0
2018-12-28 19:45:00,5.22,0.0,-0.8968727415326884,0.442288690219001,-0.433883739117558,-0.9009688679024191,0
2018-12-28 20:00:00,5.15,0.0,-0.8660254037844386,0.5000000000000001,-0.433883739117558,-0.9009688679024191,0
2018-12-28 20:15:00,5.15,0.0,-0.8314696123025455,0.5555702330196018,-0.433883739117558,-0.9009688679024191,0
2018-12-28 20:30:00,5.18,0.0,-0.7933533402912352,0.6087614290087205,-0.433883739117558,-0.9009688679024191,0
2018-12-28 20:45:00,5.26,0.0,-0.7518398074789772,0.6593458151000691,-0.433883739117558,-0.9009688679024191,0
2018-12-28 21:00:00,5.18,0.0,-0.7071067811865477,0.7071067811865474,-0.433883739117558,-0.9009688679024191,0
2018-12-28 21:15:00,5.15,0.0,-0.6593458151000694,0.7518398074789769,-0.433883739117558,-0.9009688679024191,0
2018-12-28 21:30:00,5.26,0.0,-0.608761429008721,0.7933533402912349,-0.433883739117558,-0.9009688679024191,0
2018-12-28 21:45:00,5.26,0.0,-0.5555702330196022,0.8314696123025452,-0.433883739117558,-0.9009688679024191,0
2018-12-28 22:00:00,5.22,0.0,-0.5000000000000004,0.8660254037844384,-0.433883739117558,-0.9009688679024191,0
2018-12-28 22:15:00,4.97,3.78,-0.4422886902190014,0.8968727415326883,-0.433883739117558,-0.9009688679024191,0
2018-12-28 22:30:00,4.97,3.92,-0.3826834323650904,0.9238795325112864,-0.433883739117558,-0.9009688679024191,0
2018-12-28 22:45:00,4.93,3.92,-0.3214394653031618,0.9469301294951056,-0.433883739117558,-0.9009688679024191,0
2018-12-28 23:00:00,5.04,4.0,-0.2588190451025207,0.9659258262890684,-0.433883739117558,-0.9009688679024191,0
2018-12-28 23:15:00,4.86,3.31,-0.1950903220161287,0.9807852804032304,-0.433883739117558,-0.9009688679024191,0
2018-12-28 23:30:00,4.86,2.81,-0.1305261922200516,0.9914448613738104,-0.433883739117558,-0.9009688679024191,0
2018-12-28 23:45:00,4.86,2.88,-0.0654031292301428,0.9978589232386036,-0.433883739117558,-0.9009688679024191,0
2018-12-29 00:00:00,4.28,2.92,0.0,1.0,-0.9749279121818236,-0.2225209339563146,1
2018-12-29 00:15:00,4.9,2.88,0.065403129230143,0.9978589232386036,-0.9749279121818236,-0.2225209339563146,1
2018-12-29 00:30:00,4.82,2.77,0.1305261922200515,0.9914448613738104,-0.9749279121818236,-0.2225209339563146,1
2018-12-29 00:45:00,3.85,2.95,0.1950903220161282,0.9807852804032304,-0.9749279121818236,-0.2225209339563146,1
2018-12-29 01:00:00,3.74,3.1,0.2588190451025207,0.9659258262890684,-0.9749279121818236,-0.2225209339563146,1
2018-12-29 01:15:00,3.82,3.24,0.3214394653031616,0.9469301294951056,-0.9749279121818236,-0.2225209339563146,1
2018-12-29 01:30:00,3.78,3.2,0.3826834323650898,0.9238795325112868,-0.9749279121818236,-0.2225209339563146,1
2018-12-29 01:45:00,3.67,3.17,0.4422886902190013,0.8968727415326883,-0.9749279121818236,-0.2225209339563146,1
2018-12-29 02:00:00,3.74,3.24,0.4999999999999999,0.8660254037844387,-0.9749279121818236,-0.2225209339563146,1
2018-12-29 02:15:00,3.71,3.2,0.5555702330196022,0.8314696123025452,-0.9749279121818236,-0.2225209339563146,1
2018-12-29 02:30:00,3.82,3.38,0.6087614290087207,0.7933533402912352,-0.9749279121818236,-0.2225209339563146,1
2018-12-29 02:45:00,3.78,3.42,0.6593458151000688,0.7518398074789774,-0.9749279121818236,-0.2225209339563146,1
2018-12-29 03:00:00,3.71,3.35,0.7071067811865476,0.7071067811865476,-0.9749279121818236,-0.2225209339563146,1
2018-12-29 03:15:00,3.74,3.24,0.7518398074789773,0.659345815100069,-0.9749279121818236,-0.2225209339563146,1
2018-12-29 03:30:00,3.78,3.31,0.7933533402912352,0.6087614290087207,-0.9749279121818236,-0.2225209339563146,1
2018-12-29 03:45:00,3.78,3.31,0.8314696123025452,0.5555702330196023,-0.9749279121818236,-0.2225209339563146,1
2018-12-29 04:00:00,3.74,3.2,0.8660254037844386,0.5000000000000001,-0.9749279121818236,-0.2225209339563146,1
2018-12-29 04:15:00,3.02,2.27,0.8968727415326884,0.4422886902190012,-0.9749279121818236,-0.2225209339563146,1
2018-12-29 04:30:00,3.74,3.2,0.9238795325112868,0.3826834323650898,-0.9749279121818236,-0.2225209339563146,1
2018-12-29 04:45:00,3.6,3.24,0.9469301294951056,0.3214394653031617,-0.9749279121818236,-0.2225209339563146,1
2018-12-29 05:00:00,3.06,2.27,0.9659258262890684,0.2588190451025207,-0.9749279121818236,-0.2225209339563146,1
2018-12-29 05:15:00,3.02,2.2,0.9807852804032304,0.1950903220161283,-0.9749279121818236,-0.2225209339563146,1
2018-12-29 05:30:00,3.02,2.23,0.9914448613738104,0.1305261922200517,-0.9749279121818236,-0.2225209339563146,1
2018-12-29 05:45:00,2.99,2.27,0.9978589232386036,0.065403129230143,-0.9749279121818236,-0.2225209339563146,1
2018-12-29 06:00:00,3.06,2.23,1.0,6.123233995736766e-17,-0.9749279121818236,-0.2225209339563146,1
2018-12-29 06:15:00,3.06,2.48,0.9978589232386036,-0.0654031292301431,-0.9749279121818236,-0.2225209339563146,1
2018-12-29 06:30:00,3.67,3.24,0.9914448613738104,-0.1305261922200513,-0.9749279121818236,-0.2225209339563146,1
2018-12-29 06:45:00,3.74,3.42,0.9807852804032304,-0.1950903220161282,-0.9749279121818236,-0.2225209339563146,1
2018-12-29 07:00:00,3.71,3.38,0.9659258262890684,-0.2588190451025208,-0.9749279121818236,-0.2225209339563146,1
2018-12-29 07:15:00,3.67,3.53,0.9469301294951056,-0.3214394653031613,-0.9749279121818236,-0.2225209339563146,1
2018-12-29 07:30:00,3.38,2.88,0.9238795325112868,-0.3826834323650897,-0.9749279121818236,-0.2225209339563146,1
2018-12-29 07:45:00,3.02,2.3,0.8968727415326884,-0.4422886902190011,-0.9749279121818236,-0.2225209339563146,1
2018-12-29 08:00:00,2.92,2.05,0.8660254037844387,-0.4999999999999998,-0.9749279121818236,-0.2225209339563146,1
2018-12-29 08:15:00,2.95,1.94,0.8314696123025453,-0.555570233019602,-0.9749279121818236,-0.2225209339563146,1
2018-12-29 08:30:00,3.13,2.12,0.7933533402912352,-0.6087614290087207,-0.9749279121818236,-0.2225209339563146,1
2018-12-29 08:45:00,3.78,1.04,0.7518398074789774,-0.6593458151000688,-0.9749279121818236,-0.2225209339563146,1
2018-12-29 09:00:00,3.24,0.0,0.7071067811865476,-0.7071067811865475,-0.9749279121818236,-0.2225209339563146,1
2018-12-29 09:15:00,3.17,0.0,0.659345815100069,-0.7518398074789773,-0.9749279121818236,-0.2225209339563146,1
2018-12-29 09:30:00,3.2,0.0,0.6087614290087209,-0.793353340291235,-0.9749279121818236,-0.2225209339563146,1
2018-12-29 09:45:00,3.31,0.0,0.5555702330196022,-0.8314696123025453,-0.9749279121818236,-0.2225209339563146,1
2018-12-29 10:00:00,4.03,0.0,0.4999999999999999,-0.8660254037844387,-0.9749279121818236,-0.2225209339563146,1
2018-12-29 10:15:00,4.03,0.0,0.4422886902190013,-0.8968727415326883,-0.9749279121818236,-0.2225209339563146,1
2018-12-29 10:30:00,4.03,0.0,0.3826834323650899,-0.9238795325112868,-0.9749279121818236,-0.2225209339563146,1
2018-12-29 10:45:00,4.03,0.0,0.3214394653031617,-0.9469301294951056,-0.9749279121818236,-0.2225209339563146,1
2018-12-29 11:00:00,6.19,0.07,0.258819045102521,-0.9659258262890682,-0.9749279121818236,-0.2225209339563146,1
2018-12-29 11:15:00,26.17,0.0,0.1950903220161286,-0.9807852804032304,-0.9749279121818236,-0.2225209339563146,1
2018-12-29 11:30:00,9.36,0.0,0.1305261922200515,-0.9914448613738104,-0.9749279121818236,-0.2225209339563146,1
2018-12-29 11:45:00,3.64,0.0,0.0654031292301431,-0.9978589232386036,-0.9749279121818236,-0.2225209339563146,1
2018-12-29 12:00:00,4.14,0.0,1.2246467991473532e-16,-1.0,-0.9749279121818236,-0.2225209339563146,1
2018-12-29 12:15:00,3.78,0.0,-0.0654031292301428,-0.9978589232386036,-0.9749279121818236,-0.2225209339563146,1
2018-12-29 12:30:00,3.46,0.0,-0.1305261922200517,-0.9914448613738104,-0.9749279121818236,-0.2225209339563146,1
2018-12-29 12:45:00,3.42,0.0,-0.1950903220161283,-0.9807852804032304,-0.9749279121818236,-0.2225209339563146,1
2018-12-29 13:00:00,3.42,0.0,-0.2588190451025203,-0.9659258262890684,-0.9749279121818236,-0.2225209339563146,1
2018-12-29 13:15:00,4.1,0.0,-0.3214394653031615,-0.9469301294951056,-0.9749279121818236,-0.2225209339563146,1
2018-12-29 13:30:00,4.14,0.0,-0.3826834323650896,-0.9238795325112868,-0.9749279121818236,-0.2225209339563146,1
2018-12-29 13:45:00,4.07,0.0,-0.4422886902190011,-0.8968727415326884,-0.9749279121818236,-0.2225209339563146,1
2018-12-29 14:00:00,4.03,0.0,-0.5000000000000001,-0.8660254037844386,-0.9749279121818236,-0.2225209339563146,1
2018-12-29 14:15:00,3.92,0.0,-0.555570233019602,-0.8314696123025455,-0.9749279121818236,-0.2225209339563146,1
2018-12-29 14:30:00,3.31,0.0,-0.6087614290087203,-0.7933533402912354,-0.9749279121818236,-0.2225209339563146,1
2018-12-29 14:45:00,3.35,0.0,-0.6593458151000688,-0.7518398074789774,-0.9749279121818236,-0.2225209339563146,1
2018-12-29 15:00:00,3.31,0.0,-0.7071067811865475,-0.7071067811865477,-0.9749279121818236,-0.2225209339563146,1
2018-12-29 15:15:00,3.31,0.0,-0.7518398074789773,-0.6593458151000691,-0.9749279121818236,-0.2225209339563146,1
2018-12-29 15:30:00,3.31,0.0,-0.7933533402912349,-0.6087614290087209,-0.9749279121818236,-0.2225209339563146,1
2018-12-29 15:45:00,3.35,0.0,-0.8314696123025452,-0.5555702330196022,-0.9749279121818236,-0.2225209339563146,1
2018-12-29 16:00:00,3.49,0.0,-0.8660254037844385,-0.5000000000000004,-0.9749279121818236,-0.2225209339563146,1
2018-12-29 16:15:00,4.1,0.0,-0.8968727415326883,-0.4422886902190013,-0.9749279121818236,-0.2225209339563146,1
2018-12-29 16:30:00,3.71,0.0,-0.9238795325112864,-0.3826834323650903,-0.9749279121818236,-0.2225209339563146,1
2018-12-29 16:45:00,3.67,0.0,-0.9469301294951056,-0.3214394653031618,-0.9749279121818236,-0.2225209339563146,1
2018-12-29 17:00:00,4.1,0.0,-0.9659258262890684,-0.2588190451025206,-0.9749279121818236,-0.2225209339563146,1
2018-12-29 17:15:00,4.07,0.0,-0.9807852804032304,-0.1950903220161286,-0.9749279121818236,-0.2225209339563146,1
2018-12-29 17:30:00,4.07,0.0,-0.9914448613738104,-0.1305261922200516,-0.9749279121818236,-0.2225209339563146,1
2018-12-29 17:45:00,4.1,0.0,-0.9978589232386036,-0.0654031292301427,-0.9749279121818236,-0.2225209339563146,1
2018-12-29 18:00:00,3.56,0.0,-1.0,-1.8369701987210294e-16,-0.9749279121818236,-0.2225209339563146,1
2018-12-29 18:15:00,3.31,0.0,-0.9978589232386036,0.0654031292301423,-0.9749279121818236,-0.2225209339563146,1
2018-12-29 18:30:00,3.24,0.0,-0.9914448613738104,0.1305261922200512,-0.9749279121818236,-0.2225209339563146,1
2018-12-29 18:45:00,3.35,0.0,-0.9807852804032304,0.1950903220161283,-0.9749279121818236,-0.2225209339563146,1
2018-12-29 19:00:00,3.31,0.0,-0.9659258262890684,0.2588190451025203,-0.9749279121818236,-0.2225209339563146,1
2018-12-29 19:15:00,3.35,0.0,-0.9469301294951056,0.3214394653031615,-0.9749279121818236,-0.2225209339563146,1
2018-12-29 19:30:00,3.35,0.0,-0.9238795325112866,0.38268343236509,-0.9749279121818236,-0.2225209339563146,1
2018-12-29 19:45:00,3.31,0.0,-0.8968727415326884,0.442288690219001,-0.9749279121818236,-0.2225209339563146,1
2018-12-29 20:00:00,3.71,0.0,-0.8660254037844386,0.5000000000000001,-0.9749279121818236,-0.2225209339563146,1
2018-12-29 20:15:00,4.36,0.0,-0.8314696123025455,0.5555702330196018,-0.9749279121818236,-0.2225209339563146,1
2018-12-29 20:30:00,4.28,0.0,-0.7933533402912352,0.6087614290087205,-0.9749279121818236,-0.2225209339563146,1
2018-12-29 20:45:00,4.14,0.0,-0.7518398074789772,0.6593458151000691,-0.9749279121818236,-0.2225209339563146,1
2018-12-29 21:00:00,4.1,0.0,-0.7071067811865477,0.7071067811865474,-0.9749279121818236,-0.2225209339563146,1
2018-12-29 21:15:00,4.07,0.0,-0.6593458151000694,0.7518398074789769,-0.9749279121818236,-0.2225209339563146,1
2018-12-29 21:30:00,3.85,0.0,-0.608761429008721,0.7933533402912349,-0.9749279121818236,-0.2225209339563146,1
2018-12-29 21:45:00,3.46,0.0,-0.5555702330196022,0.8314696123025452,-0.9749279121818236,-0.2225209339563146,1
2018-12-29 22:00:00,3.31,0.0,-0.5000000000000004,0.8660254037844384,-0.9749279121818236,-0.2225209339563146,1
2018-12-29 22:15:00,3.13,2.74,-0.4422886902190014,0.8968727415326883,-0.9749279121818236,-0.2225209339563146,1
2018-12-29 22:30:00,3.13,2.92,-0.3826834323650904,0.9238795325112864,-0.9749279121818236,-0.2225209339563146,1
2018-12-29 22:45:00,3.13,2.77,-0.3214394653031618,0.9469301294951056,-0.9749279121818236,-0.2225209339563146,1
2018-12-29 23:00:00,3.17,2.74,-0.2588190451025207,0.9659258262890684,-0.9749279121818236,-0.2225209339563146,1
2018-12-29 23:15:00,3.06,2.23,-0.1950903220161287,0.9807852804032304,-0.9749279121818236,-0.2225209339563146,1
2018-12-29 23:30:00,2.99,2.02,-0.1305261922200516,0.9914448613738104,-0.9749279121818236,-0.2225209339563146,1
2018-12-29 23:45:00,3.42,2.38,-0.0654031292301428,0.9978589232386036,-0.9749279121818236,-0.2225209339563146,1
2018-12-30 00:00:00,3.1,1.91,0.0,1.0,-0.7818314824680299,0.6234898018587334,1
2018-12-30 00:15:00,3.92,3.06,0.065403129230143,0.9978589232386036,-0.7818314824680299,0.6234898018587334,1
2018-12-30 00:30:00,3.82,3.2,0.1305261922200515,0.9914448613738104,-0.7818314824680299,0.6234898018587334,1
2018-12-30 00:45:00,3.74,3.31,0.1950903220161282,0.9807852804032304,-0.7818314824680299,0.6234898018587334,1
2018-12-30 01:00:00,3.78,3.28,0.2588190451025207,0.9659258262890684,-0.7818314824680299,0.6234898018587334,1
2018-12-30 01:15:00,3.42,2.95,0.3214394653031616,0.9469301294951056,-0.7818314824680299,0.6234898018587334,1
2018-12-30 01:30:00,3.17,2.38,0.3826834323650898,0.9238795325112868,-0.7818314824680299,0.6234898018587334,1
2018-12-30 01:45:00,3.02,2.34,0.4422886902190013,0.8968727415326883,-0.7818314824680299,0.6234898018587334,1
2018-12-30 02:00:00,3.1,2.56,0.4999999999999999,0.8660254037844387,-0.7818314824680299,0.6234898018587334,1
2018-12-30 02:15:00,3.06,2.48,0.5555702330196022,0.8314696123025452,-0.7818314824680299,0.6234898018587334,1
2018-12-30 02:30:00,3.1,2.56,0.6087614290087207,0.7933533402912352,-0.7818314824680299,0.6234898018587334,1
2018-12-30 02:45:00,3.13,2.59,0.6593458151000688,0.7518398074789774,-0.7818314824680299,0.6234898018587334,1
2018-12-30 03:00:00,3.1,2.63,0.7071067811865476,0.7071067811865476,-0.7818314824680299,0.6234898018587334,1
2018-12-30 03:15:00,3.13,2.81,0.7518398074789773,0.659345815100069,-0.7818314824680299,0.6234898018587334,1
2018-12-30 03:30:00,3.6,3.56,0.7933533402912352,0.6087614290087207,-0.7818314824680299,0.6234898018587334,1
2018-12-30 03:45:00,4.86,3.89,0.8314696123025452,0.5555702330196023,-0.7818314824680299,0.6234898018587334,1
2018-12-30 04:00:00,3.85,3.85,0.8660254037844386,0.5000000000000001,-0.7818314824680299,0.6234898018587334,1
2018-12-30 04:15:00,3.82,3.85,0.8968727415326884,0.4422886902190012,-0.7818314824680299,0.6234898018587334,1
2018-12-30 04:30:00,3.82,3.96,0.9238795325112868,0.3826834323650898,-0.7818314824680299,0.6234898018587334,1
2018-12-30 04:45:00,3.46,3.17,0.9469301294951056,0.3214394653031617,-0.7818314824680299,0.6234898018587334,1
2018-12-30 05:00:00,3.17,2.59,0.9659258262890684,0.2588190451025207,-0.7818314824680299,0.6234898018587334,1
2018-12-30 05:15:00,3.13,2.52,0.9807852804032304,0.1950903220161283,-0.7818314824680299,0.6234898018587334,1
2018-12-30 05:30:00,3.1,2.56,0.9914448613738104,0.1305261922200517,-0.7818314824680299,0.6234898018587334,1
2018-12-30 05:45:00,3.1,2.48,0.9978589232386036,0.065403129230143,-0.7818314824680299,0.6234898018587334,1
2018-12-30 06:00:00,3.1,2.48,1.0,6.123233995736766e-17,-0.7818314824680299,0.6234898018587334,1
2018-12-30 06:15:00,3.13,2.59,0.9978589232386036,-0.0654031292301431,-0.7818314824680299,0.6234898018587334,1
2018-12-30 06:30:00,3.13,2.66,0.9914448613738104,-0.1305261922200513,-0.7818314824680299,0.6234898018587334,1
2018-12-30 06:45:00,3.1,2.88,0.9807852804032304,-0.1950903220161282,-0.7818314824680299,0.6234898018587334,1
2018-12-30 07:00:00,3.82,4.03,0.9659258262890684,-0.2588190451025208,-0.7818314824680299,0.6234898018587334,1
2018-12-30 07:15:00,4.36,3.85,0.9469301294951056,-0.3214394653031613,-0.7818314824680299,0.6234898018587334,1
2018-12-30 07:30:00,4.97,3.67,0.9238795325112868,-0.3826834323650897,-0.7818314824680299,0.6234898018587334,1
2018-12-30 07:45:00,3.96,3.56,0.8968727415326884,-0.4422886902190011,-0.7818314824680299,0.6234898018587334,1
2018-12-30 08:00:00,3.46,3.42,0.8660254037844387,-0.4999999999999998,-0.7818314824680299,0.6234898018587334,1
2018-12-30 08:15:00,3.06,2.59,0.8314696123025453,-0.555570233019602,-0.7818314824680299,0.6234898018587334,1
2018-12-30 08:30:00,3.06,2.84,0.7933533402912352,-0.6087614290087207,-0.7818314824680299,0.6234898018587334,1
2018-12-30 08:45:00,3.17,1.26,0.7518398074789774,-0.6593458151000688,-0.7818314824680299,0.6234898018587334,1
2018-12-30 09:00:00,3.28,0.0,0.7071067811865476,-0.7071067811865475,-0.7818314824680299,0.6234898018587334,1
2018-12-30 09:15:00,3.35,0.0,0.659345815100069,-0.7518398074789773,-0.7818314824680299,0.6234898018587334,1
2018-12-30 09:30:00,3.38,0.0,0.6087614290087209,-0.793353340291235,-0.7818314824680299,0.6234898018587334,1
2018-12-30 09:45:00,3.35,0.0,0.5555702330196022,-0.8314696123025453,-0.7818314824680299,0.6234898018587334,1
2018-12-30 10:00:00,3.46,0.0,0.4999999999999999,-0.8660254037844387,-0.7818314824680299,0.6234898018587334,1
2018-12-30 10:15:00,3.38,0.0,0.4422886902190013,-0.8968727415326883,-0.7818314824680299,0.6234898018587334,1
2018-12-30 10:30:00,4.0,0.0,0.3826834323650899,-0.9238795325112868,-0.7818314824680299,0.6234898018587334,1
2018-12-30 10:45:00,4.1,0.0,0.3214394653031617,-0.9469301294951056,-0.7818314824680299,0.6234898018587334,1
2018-12-30 11:00:00,4.1,0.0,0.258819045102521,-0.9659258262890682,-0.7818314824680299,0.6234898018587334,1
2018-12-30 11:15:00,4.28,0.0,0.1950903220161286,-0.9807852804032304,-0.7818314824680299,0.6234898018587334,1
2018-12-30 11:30:00,4.61,0.0,0.1305261922200515,-0.9914448613738104,-0.7818314824680299,0.6234898018587334,1
2018-12-30 11:45:00,3.56,0.0,0.0654031292301431,-0.9978589232386036,-0.7818314824680299,0.6234898018587334,1
2018-12-30 12:00:00,3.42,0.0,1.2246467991473532e-16,-1.0,-0.7818314824680299,0.6234898018587334,1
2018-12-30 12:15:00,3.46,0.0,-0.0654031292301428,-0.9978589232386036,-0.7818314824680299,0.6234898018587334,1
2018-12-30 12:30:00,3.46,0.0,-0.1305261922200517,-0.9914448613738104,-0.7818314824680299,0.6234898018587334,1
2018-12-30 12:45:00,3.31,0.0,-0.1950903220161283,-0.9807852804032304,-0.7818314824680299,0.6234898018587334,1
2018-12-30 13:00:00,3.28,0.0,-0.2588190451025203,-0.9659258262890684,-0.7818314824680299,0.6234898018587334,1
2018-12-30 13:15:00,3.2,0.0,-0.3214394653031615,-0.9469301294951056,-0.7818314824680299,0.6234898018587334,1
2018-12-30 13:30:00,3.24,0.0,-0.3826834323650896,-0.9238795325112868,-0.7818314824680299,0.6234898018587334,1
2018-12-30 13:45:00,3.24,0.0,-0.4422886902190011,-0.8968727415326884,-0.7818314824680299,0.6234898018587334,1
2018-12-30 14:00:00,4.03,0.0,-0.5000000000000001,-0.8660254037844386,-0.7818314824680299,0.6234898018587334,1
2018-12-30 14:15:00,4.0,0.0,-0.555570233019602,-0.8314696123025455,-0.7818314824680299,0.6234898018587334,1
2018-12-30 14:30:00,4.03,0.0,-0.6087614290087203,-0.7933533402912354,-0.7818314824680299,0.6234898018587334,1
2018-12-30 14:45:00,4.82,0.0,-0.6593458151000688,-0.7518398074789774,-0.7818314824680299,0.6234898018587334,1
2018-12-30 15:00:00,4.1,0.0,-0.7071067811865475,-0.7071067811865477,-0.7818314824680299,0.6234898018587334,1
2018-12-30 15:15:00,3.31,0.0,-0.7518398074789773,-0.6593458151000691,-0.7818314824680299,0.6234898018587334,1
2018-12-30 15:30:00,3.24,0.0,-0.7933533402912349,-0.6087614290087209,-0.7818314824680299,0.6234898018587334,1
2018-12-30 15:45:00,3.24,0.0,-0.8314696123025452,-0.5555702330196022,-0.7818314824680299,0.6234898018587334,1
2018-12-30 16:00:00,3.35,0.0,-0.8660254037844385,-0.5000000000000004,-0.7818314824680299,0.6234898018587334,1
2018-12-30 16:15:00,3.31,0.0,-0.8968727415326883,-0.4422886902190013,-0.7818314824680299,0.6234898018587334,1
2018-12-30 16:30:00,3.35,0.0,-0.9238795325112864,-0.3826834323650903,-0.7818314824680299,0.6234898018587334,1
2018-12-30 16:45:00,3.24,0.0,-0.9469301294951056,-0.3214394653031618,-0.7818314824680299,0.6234898018587334,1
2018-12-30 17:00:00,3.24,0.0,-0.9659258262890684,-0.2588190451025206,-0.7818314824680299,0.6234898018587334,1
2018-12-30 17:15:00,3.42,0.0,-0.9807852804032304,-0.1950903220161286,-0.7818314824680299,0.6234898018587334,1
2018-12-30 17:30:00,4.0,0.0,-0.9914448613738104,-0.1305261922200516,-0.7818314824680299,0.6234898018587334,1
2018-12-30 17:45:00,4.75,0.0,-0.9978589232386036,-0.0654031292301427,-0.7818314824680299,0.6234898018587334,1
2018-12-30 18:00:00,4.68,0.0,-1.0,-1.8369701987210294e-16,-0.7818314824680299,0.6234898018587334,1
2018-12-30 18:15:00,3.89,0.0,-0.9978589232386036,0.0654031292301423,-0.7818314824680299,0.6234898018587334,1
2018-12-30 18:30:00,3.53,0.0,-0.9914448613738104,0.1305261922200512,-0.7818314824680299,0.6234898018587334,1
2018-12-30 18:45:00,3.2,0.0,-0.9807852804032304,0.1950903220161283,-0.7818314824680299,0.6234898018587334,1
2018-12-30 19:00:00,3.28,0.0,-0.9659258262890684,0.2588190451025203,-0.7818314824680299,0.6234898018587334,1
2018-12-30 19:15:00,3.24,0.0,-0.9469301294951056,0.3214394653031615,-0.7818314824680299,0.6234898018587334,1
2018-12-30 19:30:00,3.24,0.0,-0.9238795325112866,0.38268343236509,-0.7818314824680299,0.6234898018587334,1
2018-12-30 19:45:00,3.2,0.0,-0.8968727415326884,0.442288690219001,-0.7818314824680299,0.6234898018587334,1
2018-12-30 20:00:00,3.24,0.0,-0.8660254037844386,0.5000000000000001,-0.7818314824680299,0.6234898018587334,1
2018-12-30 20:15:00,3.31,0.0,-0.8314696123025455,0.5555702330196018,-0.7818314824680299,0.6234898018587334,1
2018-12-30 20:30:00,3.24,0.0,-0.7933533402912352,0.6087614290087205,-0.7818314824680299,0.6234898018587334,1
2018-12-30 20:45:00,3.78,0.0,-0.7518398074789772,0.6593458151000691,-0.7818314824680299,0.6234898018587334,1
2018-12-30 21:00:00,4.32,0.0,-0.7071067811865477,0.7071067811865474,-0.7818314824680299,0.6234898018587334,1
2018-12-30 21:15:00,4.07,0.0,-0.6593458151000694,0.7518398074789769,-0.7818314824680299,0.6234898018587334,1
2018-12-30 21:30:00,4.07,0.0,-0.608761429008721,0.7933533402912349,-0.7818314824680299,0.6234898018587334,1
2018-12-30 21:45:00,4.03,0.0,-0.5555702330196022,0.8314696123025452,-0.7818314824680299,0.6234898018587334,1
2018-12-30 22:00:00,4.0,0.0,-0.5000000000000004,0.8660254037844384,-0.7818314824680299,0.6234898018587334,1
2018-12-30 22:15:00,3.2,2.23,-0.4422886902190014,0.8968727415326883,-0.7818314824680299,0.6234898018587334,1
2018-12-30 22:30:00,2.99,2.23,-0.3826834323650904,0.9238795325112864,-0.7818314824680299,0.6234898018587334,1
2018-12-30 22:45:00,3.1,2.2,-0.3214394653031618,0.9469301294951056,-0.7818314824680299,0.6234898018587334,1
2018-12-30 23:00:00,3.02,2.12,-0.2588190451025207,0.9659258262890684,-0.7818314824680299,0.6234898018587334,1
2018-12-30 23:15:00,2.95,1.91,-0.1950903220161287,0.9807852804032304,-0.7818314824680299,0.6234898018587334,1
2018-12-30 23:30:00,2.99,1.84,-0.1305261922200516,0.9914448613738104,-0.7818314824680299,0.6234898018587334,1
2018-12-30 23:45:00,2.92,1.87,-0.0654031292301428,0.9978589232386036,-0.7818314824680299,0.6234898018587334,1
2018-12-31 00:00:00,3.67,3.02,0.0,1.0,0.0,1.0,0
2018-12-31 00:15:00,3.64,2.34,0.065403129230143,0.9978589232386036,0.0,1.0,0
2018-12-31 00:30:00,3.31,2.2,0.1305261922200515,0.9914448613738104,0.0,1.0,0
2018-12-31 00:45:00,3.49,2.48,0.1950903220161282,0.9807852804032304,0.0,1.0,0
2018-12-31 01:00:00,3.71,2.84,0.2588190451025207,0.9659258262890684,0.0,1.0,0
2018-12-31 01:15:00,3.78,2.84,0.3214394653031616,0.9469301294951056,0.0,1.0,0
2018-12-31 01:30:00,3.71,2.92,0.3826834323650898,0.9238795325112868,0.0,1.0,0
2018-12-31 01:45:00,3.67,2.92,0.4422886902190013,0.8968727415326883,0.0,1.0,0
2018-12-31 02:00:00,3.02,2.02,0.4999999999999999,0.8660254037844387,0.0,1.0,0
2018-12-31 02:15:00,2.99,1.98,0.5555702330196022,0.8314696123025452,0.0,1.0,0
2018-12-31 02:30:00,3.06,2.05,0.6087614290087207,0.7933533402912352,0.0,1.0,0
2018-12-31 02:45:00,3.02,2.12,0.6593458151000688,0.7518398074789774,0.0,1.0,0
2018-12-31 03:00:00,3.06,2.09,0.7071067811865476,0.7071067811865476,0.0,1.0,0
2018-12-31 03:15:00,3.02,2.09,0.7518398074789773,0.659345815100069,0.0,1.0,0
2018-12-31 03:30:00,3.46,2.63,0.7933533402912352,0.6087614290087207,0.0,1.0,0
2018-12-31 03:45:00,3.74,2.92,0.8314696123025452,0.5555702330196023,0.0,1.0,0
2018-12-31 04:00:00,3.06,2.2,0.8660254037844386,0.5000000000000001,0.0,1.0,0
2018-12-31 04:15:00,3.74,3.1,0.8968727415326884,0.4422886902190012,0.0,1.0,0
2018-12-31 04:30:00,3.74,3.06,0.9238795325112868,0.3826834323650898,0.0,1.0,0
2018-12-31 04:45:00,3.78,3.02,0.9469301294951056,0.3214394653031617,0.0,1.0,0
2018-12-31 05:00:00,3.78,2.99,0.9659258262890684,0.2588190451025207,0.0,1.0,0
2018-12-31 05:15:00,3.56,2.74,0.9807852804032304,0.1950903220161283,0.0,1.0,0
2018-12-31 05:30:00,2.99,2.05,0.9914448613738104,0.1305261922200517,0.0,1.0,0
2018-12-31 05:45:00,3.02,2.02,0.9978589232386036,0.065403129230143,0.0,1.0,0
2018-12-31 06:00:00,2.95,1.91,1.0,6.123233995736766e-17,0.0,1.0,0
2018-12-31 06:15:00,3.02,1.91,0.9978589232386036,-0.0654031292301431,0.0,1.0,0
2018-12-31 06:30:00,2.99,1.98,0.9914448613738104,-0.1305261922200513,0.0,1.0,0
2018-12-31 06:45:00,3.02,2.12,0.9807852804032304,-0.1950903220161282,0.0,1.0,0
2018-12-31 07:00:00,3.74,3.02,0.9659258262890684,-0.2588190451025208,0.0,1.0,0
2018-12-31 07:15:00,3.17,2.27,0.9469301294951056,-0.3214394653031613,0.0,1.0,0
2018-12-31 07:30:00,2.95,1.84,0.9238795325112868,-0.3826834323650897,0.0,1.0,0
2018-12-31 07:45:00,3.56,2.38,0.8968727415326884,-0.4422886902190011,0.0,1.0,0
2018-12-31 08:00:00,3.64,2.41,0.8660254037844387,-0.4999999999999998,0.0,1.0,0
2018-12-31 08:15:00,3.6,2.48,0.8314696123025453,-0.555570233019602,0.0,1.0,0
2018-12-31 08:30:00,3.74,3.02,0.7933533402912352,-0.6087614290087207,0.0,1.0,0
2018-12-31 08:45:00,3.74,1.26,0.7518398074789774,-0.6593458151000688,0.0,1.0,0
2018-12-31 09:00:00,3.06,0.0,0.7071067811865476,-0.7071067811865475,0.0,1.0,0
2018-12-31 09:15:00,3.17,0.0,0.659345815100069,-0.7518398074789773,0.0,1.0,0
2018-12-31 09:30:00,3.13,0.0,0.6087614290087209,-0.793353340291235,0.0,1.0,0
2018-12-31 09:45:00,3.17,0.0,0.5555702330196022,-0.8314696123025453,0.0,1.0,0
2018-12-31 10:00:00,3.24,0.0,0.4999999999999999,-0.8660254037844387,0.0,1.0,0
2018-12-31 10:15:00,3.2,0.0,0.4422886902190013,-0.8968727415326883,0.0,1.0,0
2018-12-31 10:30:00,4.03,0.0,0.3826834323650899,-0.9238795325112868,0.0,1.0,0
2018-12-31 10:45:00,3.67,0.0,0.3214394653031617,-0.9469301294951056,0.0,1.0,0
2018-12-31 11:00:00,3.35,0.0,0.258819045102521,-0.9659258262890682,0.0,1.0,0
2018-12-31 11:15:00,3.35,0.0,0.1950903220161286,-0.9807852804032304,0.0,1.0,0
2018-12-31 11:30:00,3.82,0.0,0.1305261922200515,-0.9914448613738104,0.0,1.0,0
2018-12-31 11:45:00,4.0,0.0,0.0654031292301431,-0.9978589232386036,0.0,1.0,0
2018-12-31 12:00:00,4.07,0.0,1.2246467991473532e-16,-1.0,0.0,1.0,0
2018-12-31 12:15:00,4.03,0.0,-0.0654031292301428,-0.9978589232386036,0.0,1.0,0
2018-12-31 12:30:00,4.1,0.0,-0.1305261922200517,-0.9914448613738104,0.0,1.0,0
2018-12-31 12:45:00,3.35,0.0,-0.1950903220161283,-0.9807852804032304,0.0,1.0,0
2018-12-31 13:00:00,3.35,0.0,-0.2588190451025203,-0.9659258262890684,0.0,1.0,0
2018-12-31 13:15:00,3.35,0.0,-0.3214394653031615,-0.9469301294951056,0.0,1.0,0
2018-12-31 13:30:00,3.31,0.0,-0.3826834323650896,-0.9238795325112868,0.0,1.0,0
2018-12-31 13:45:00,3.31,0.0,-0.4422886902190011,-0.8968727415326884,0.0,1.0,0
2018-12-31 14:00:00,3.35,0.0,-0.5000000000000001,-0.8660254037844386,0.0,1.0,0
2018-12-31 14:15:00,3.35,0.0,-0.555570233019602,-0.8314696123025455,0.0,1.0,0
2018-12-31 14:30:00,3.56,0.0,-0.6087614290087203,-0.7933533402912354,0.0,1.0,0
2018-12-31 14:45:00,4.07,0.0,-0.6593458151000688,-0.7518398074789774,0.0,1.0,0
2018-12-31 15:00:00,3.53,0.0,-0.7071067811865475,-0.7071067811865477,0.0,1.0,0
2018-12-31 15:15:00,3.42,0.0,-0.7518398074789773,-0.6593458151000691,0.0,1.0,0
2018-12-31 15:30:00,4.07,0.0,-0.7933533402912349,-0.6087614290087209,0.0,1.0,0
2018-12-31 15:45:00,4.07,0.0,-0.8314696123025452,-0.5555702330196022,0.0,1.0,0
2018-12-31 16:00:00,4.03,0.0,-0.8660254037844385,-0.5000000000000004,0.0,1.0,0
2018-12-31 16:15:00,4.07,0.0,-0.8968727415326883,-0.4422886902190013,0.0,1.0,0
2018-12-31 16:30:00,3.92,0.0,-0.9238795325112864,-0.3826834323650903,0.0,1.0,0
2018-12-31 16:45:00,3.31,0.0,-0.9469301294951056,-0.3214394653031618,0.0,1.0,0
2018-12-31 17:00:00,3.31,0.0,-0.9659258262890684,-0.2588190451025206,0.0,1.0,0
2018-12-31 17:15:00,3.35,0.0,-0.9807852804032304,-0.1950903220161286,0.0,1.0,0
2018-12-31 17:30:00,3.31,0.0,-0.9914448613738104,-0.1305261922200516,0.0,1.0,0
2018-12-31 17:45:00,3.46,0.0,-0.9978589232386036,-0.0654031292301427,0.0,1.0,0
2018-12-31 18:00:00,3.42,0.0,-1.0,-1.8369701987210294e-16,0.0,1.0,0
2018-12-31 18:15:00,3.35,0.0,-0.9978589232386036,0.0654031292301423,0.0,1.0,0
2018-12-31 18:30:00,3.82,0.0,-0.9914448613738104,0.1305261922200512,0.0,1.0,0
2018-12-31 18:45:00,4.14,0.0,-0.9807852804032304,0.1950903220161283,0.0,1.0,0
2018-12-31 19:00:00,3.49,0.0,-0.9659258262890684,0.2588190451025203,0.0,1.0,0
2018-12-31 19:15:00,3.96,0.0,-0.9469301294951056,0.3214394653031615,0.0,1.0,0
2018-12-31 19:30:00,4.14,0.0,-0.9238795325112866,0.38268343236509,0.0,1.0,0
2018-12-31 19:45:00,4.21,0.0,-0.8968727415326884,0.442288690219001,0.0,1.0,0
2018-12-31 20:00:00,4.14,0.0,-0.8660254037844386,0.5000000000000001,0.0,1.0,0
2018-12-31 20:15:00,4.18,0.0,-0.8314696123025455,0.5555702330196018,0.0,1.0,0
2018-12-31 20:30:00,3.38,0.0,-0.7933533402912352,0.6087614290087205,0.0,1.0,0
2018-12-31 20:45:00,3.42,0.0,-0.7518398074789772,0.6593458151000691,0.0,1.0,0
2018-12-31 21:00:00,3.42,0.0,-0.7071067811865477,0.7071067811865474,0.0,1.0,0
2018-12-31 21:15:00,3.42,0.0,-0.6593458151000694,0.7518398074789769,0.0,1.0,0
2018-12-31 21:30:00,3.49,0.0,-0.608761429008721,0.7933533402912349,0.0,1.0,0
2018-12-31 21:45:00,3.42,0.0,-0.5555702330196022,0.8314696123025452,0.0,1.0,0
2018-12-31 22:00:00,3.42,0.0,-0.5000000000000004,0.8660254037844384,0.0,1.0,0
2018-12-31 22:15:00,3.24,3.38,-0.4422886902190014,0.8968727415326883,0.0,1.0,0
2018-12-31 22:30:00,3.67,4.43,-0.3826834323650904,0.9238795325112864,0.0,1.0,0
2018-12-31 22:45:00,3.82,4.54,-0.3214394653031618,0.9469301294951056,0.0,1.0,0
2018-12-31 23:00:00,3.85,4.86,-0.2588190451025207,0.9659258262890684,0.0,1.0,0
2018-12-31 23:15:00,3.74,3.74,-0.1950903220161287,0.9807852804032304,0.0,1.0,0
2018-12-31 23:30:00,3.78,3.17,-0.1305261922200516,0.9914448613738104,0.0,1.0,0
2018-12-31 23:45:00,3.78,3.06,-0.0654031292301428,0.9978589232386036,0.0,1.0,0
